id,label,language,code_snippet,source_id,cwe,severity,description,fix_hint
SAFE-0279,safe,python,import secrets; token = secrets.token_hex(32),NVD-SAFE-4278,N/A,NONE,Secure coding practice: parameterised query / env-based secret / proper TLS,N/A
API-0266,insecure_api,java,new ObjectInputStream(socket.getInputStream()).readObject();,NVD-CVE-2021-3265,CWE-502,MEDIUM,"Insecure API usage: disabled TLS validation, unsafe deserialization, or command injection","Enable TLS verification, validate inputs, avoid eval/exec on user data"
SQL-0102,sql_injection,java,"String sql = ""SELECT * FROM orders WHERE uid='"" + uid + ""'"";",OWASP-BENCHMARK-011101,CWE-89,CRITICAL,Unsanitised user input concatenated directly into SQL query,Use parameterised queries / prepared statements
SEC-0140,hardcoded_secret,nodejs,"process.env.JWT_SECRET = ""hardcoded_jwt_secret_value"";",OWASP-BENCHMARK-102139,CWE-321,CRITICAL,Credential or secret key hardcoded in source code,Store secrets in environment variables or a secrets manager
SQL-0059,sql_injection,python,"cursor.execute(""SELECT role FROM staff WHERE username='"" + uname + ""'"")",NVD-CVE-2022-1058,CWE-89,CRITICAL,Unsanitised user input concatenated directly into SQL query,Use parameterised queries / prepared statements
SAFE-0221,safe,python,"cursor.execute('SELECT * FROM users WHERE id = %s', (user_id,))",OWASP-BENCHMARK-204220,N/A,NONE,Secure coding practice: parameterised query / env-based secret / proper TLS,N/A
SEC-0024,hardcoded_secret,python,"SECRET_KEY = ""django-insecure-xyz987abc654def321""",OWASP-BENCHMARK-072023,CWE-321,HIGH,Credential or secret key hardcoded in source code,Store secrets in environment variables or a secrets manager
SAFE-0075,safe,python,"requests.get(url, verify=True, cert=('/path/cert.pem','/path/key.pem'))",OWASP-BENCHMARK-224074,N/A,NONE,Secure coding practice: parameterised query / env-based secret / proper TLS,N/A
SEC-0112,hardcoded_secret,java,"private static final String DB_PASS = ""P@ssw0rd123"";",OWASP-BENCHMARK-062111,CWE-798,HIGH,Credential or secret key hardcoded in source code,Store secrets in environment variables or a secrets manager
API-0256,insecure_api,java,new ObjectInputStream(socket.getInputStream()).readObject();,NVD-CVE-2021-3255,CWE-502,CRITICAL,"Insecure API usage: disabled TLS validation, unsafe deserialization, or command injection","Enable TLS verification, validate inputs, avoid eval/exec on user data"
API-0221,insecure_api,python,"requests.get(url, verify=False)",OWASP-BENCHMARK-113220,CWE-295,CRITICAL,"Insecure API usage: disabled TLS validation, unsafe deserialization, or command injection","Enable TLS verification, validate inputs, avoid eval/exec on user data"
SQL-0045,sql_injection,java,"stmt.execute(""UPDATE users SET pass='"" + newPass + ""' WHERE user='"" + user + ""'"")",NVD-CVE-2020-1044,CWE-89,HIGH,Unsanitised user input concatenated directly into SQL query,Use parameterised queries / prepared statements
SQL-0050,sql_injection,java,"rs = stmt.executeQuery(""SELECT * FROM items WHERE category="" + cat)",OWASP-BENCHMARK-051049,CWE-89,HIGH,Unsanitised user input concatenated directly into SQL query,Use parameterised queries / prepared statements
API-0250,insecure_api,java,Runtime.getRuntime().exec(userInput);,NVD-CVE-2023-3249,CWE-78,HIGH,"Insecure API usage: disabled TLS validation, unsafe deserialization, or command injection","Enable TLS verification, validate inputs, avoid eval/exec on user data"
SQL-0241,sql_injection,python,"query = ""SELECT * FROM users WHERE id = "" + user_input",OWASP-BENCHMARK-001240,CWE-89,HIGH,Unsanitised user input concatenated directly into SQL query,Use parameterised queries / prepared statements
SQL-0171,sql_injection,python,"query = ""SELECT * FROM users WHERE id = "" + user_input",OWASP-BENCHMARK-001170,CWE-89,HIGH,Unsanitised user input concatenated directly into SQL query,Use parameterised queries / prepared statements
SEC-0224,hardcoded_secret,python,"SECRET_KEY = ""django-insecure-xyz987abc654def321""",OWASP-BENCHMARK-072223,CWE-321,HIGH,Credential or secret key hardcoded in source code,Store secrets in environment variables or a secrets manager
API-0166,insecure_api,java,new ObjectInputStream(socket.getInputStream()).readObject();,NVD-CVE-2021-3165,CWE-502,CRITICAL,"Insecure API usage: disabled TLS validation, unsafe deserialization, or command injection","Enable TLS verification, validate inputs, avoid eval/exec on user data"
API-0239,insecure_api,python,"subprocess.call(request.form['cmd'], shell=True)",OWASP-BENCHMARK-153238,CWE-78,HIGH,"Insecure API usage: disabled TLS validation, unsafe deserialization, or command injection","Enable TLS verification, validate inputs, avoid eval/exec on user data"
SEC-0124,hardcoded_secret,python,"SECRET_KEY = ""django-insecure-xyz987abc654def321""",OWASP-BENCHMARK-072123,CWE-321,HIGH,Credential or secret key hardcoded in source code,Store secrets in environment variables or a secrets manager
SEC-0081,hardcoded_secret,python,"AWS_SECRET = ""wJalrXUtnFEMI/K7MDENG/bPxRfiCYEXAMPLEKEY""",NVD-CVE-2018-2080,CWE-798,CRITICAL,Credential or secret key hardcoded in source code,Store secrets in environment variables or a secrets manager
API-0010,insecure_api,java,Runtime.getRuntime().exec(userInput);,NVD-CVE-2023-3009,CWE-78,HIGH,"Insecure API usage: disabled TLS validation, unsafe deserialization, or command injection","Enable TLS verification, validate inputs, avoid eval/exec on user data"
API-0077,insecure_api,python,eval(request.args.get('expr')),OWASP-BENCHMARK-143076,CWE-95,MEDIUM,"Insecure API usage: disabled TLS validation, unsafe deserialization, or command injection","Enable TLS verification, validate inputs, avoid eval/exec on user data"
SEC-0045,hardcoded_secret,yaml,"password: ""admin123""  # TODO: change before prod",NVD-CVE-2020-2044,CWE-259,CRITICAL,Credential or secret key hardcoded in source code,Store secrets in environment variables or a secrets manager
SQL-0110,sql_injection,java,"rs = stmt.executeQuery(""SELECT * FROM items WHERE category="" + cat)",OWASP-BENCHMARK-051109,CWE-89,CRITICAL,Unsanitised user input concatenated directly into SQL query,Use parameterised queries / prepared statements
SQL-0278,sql_injection,nodejs,db.query(`SELECT * FROM sessions WHERE token='${req.body.token}'`),OWASP-BENCHMARK-041277,CWE-89,HIGH,Unsanitised user input concatenated directly into SQL query,Use parameterised queries / prepared statements
API-0078,insecure_api,nodejs,"res.setHeader('Access-Control-Allow-Origin', req.headers.origin);",NVD-CVE-2022-3077,CWE-942,MEDIUM,"Insecure API usage: disabled TLS validation, unsafe deserialization, or command injection","Enable TLS verification, validate inputs, avoid eval/exec on user data"
SEC-0271,hardcoded_secret,python,"AWS_SECRET = ""wJalrXUtnFEMI/K7MDENG/bPxRfiCYEXAMPLEKEY""",NVD-CVE-2018-2270,CWE-798,HIGH,Credential or secret key hardcoded in source code,Store secrets in environment variables or a secrets manager
SEC-0059,hardcoded_secret,python,"GITHUB_TOKEN = ""ghp_FakeTokenABCDEFGHIJKLMNOPQRSTUV""",NVD-CVE-2022-2058,CWE-798,CRITICAL,Credential or secret key hardcoded in source code,Store secrets in environment variables or a secrets manager
SEC-0299,hardcoded_secret,python,"GITHUB_TOKEN = ""ghp_FakeTokenABCDEFGHIJKLMNOPQRSTUV""",NVD-CVE-2022-2298,CWE-798,CRITICAL,Credential or secret key hardcoded in source code,Store secrets in environment variables or a secrets manager
SEC-0091,hardcoded_secret,python,"AWS_SECRET = ""wJalrXUtnFEMI/K7MDENG/bPxRfiCYEXAMPLEKEY""",NVD-CVE-2018-2090,CWE-798,CRITICAL,Credential or secret key hardcoded in source code,Store secrets in environment variables or a secrets manager
API-0294,insecure_api,nodejs,app.use(cors({ origin: '*' }));,NVD-CVE-2020-3293,CWE-942,HIGH,"Insecure API usage: disabled TLS validation, unsafe deserialization, or command injection","Enable TLS verification, validate inputs, avoid eval/exec on user data"
API-0093,insecure_api,python,"flask.run(debug=True, host='0.0.0.0')",OWASP-BENCHMARK-123092,CWE-94,CRITICAL,"Insecure API usage: disabled TLS validation, unsafe deserialization, or command injection","Enable TLS verification, validate inputs, avoid eval/exec on user data"
API-0128,insecure_api,nodejs,"res.setHeader('Access-Control-Allow-Origin', req.headers.origin);",NVD-CVE-2022-3127,CWE-942,CRITICAL,"Insecure API usage: disabled TLS validation, unsafe deserialization, or command injection","Enable TLS verification, validate inputs, avoid eval/exec on user data"
SEC-0063,hardcoded_secret,javascript,"const API_KEY = ""sk-live-abcd1234efgh5678ijkl9012"";",NVD-CVE-2019-2062,CWE-798,CRITICAL,Credential or secret key hardcoded in source code,Store secrets in environment variables or a secrets manager
SEC-0297,hardcoded_secret,java,"String jwtSecret = ""my_ultra_secret_jwt_key_hardcoded"";",NVD-CVE-2021-2296,CWE-321,CRITICAL,Credential or secret key hardcoded in source code,Store secrets in environment variables or a secrets manager
SEC-0128,hardcoded_secret,php,"$db_password = ""root_pass_2023!"";",OWASP-BENCHMARK-092127,CWE-259,CRITICAL,Credential or secret key hardcoded in source code,Store secrets in environment variables or a secrets manager
SQL-0071,sql_injection,python,"query = ""SELECT * FROM users WHERE id = "" + user_input",OWASP-BENCHMARK-001070,CWE-89,HIGH,Unsanitised user input concatenated directly into SQL query,Use parameterised queries / prepared statements
SEC-0022,hardcoded_secret,java,"private static final String DB_PASS = ""P@ssw0rd123"";",OWASP-BENCHMARK-062021,CWE-798,CRITICAL,Credential or secret key hardcoded in source code,Store secrets in environment variables or a secrets manager
API-0053,insecure_api,python,"flask.run(debug=True, host='0.0.0.0')",OWASP-BENCHMARK-123052,CWE-94,CRITICAL,"Insecure API usage: disabled TLS validation, unsafe deserialization, or command injection","Enable TLS verification, validate inputs, avoid eval/exec on user data"
SAFE-0166,safe,java,"SSLContext ctx = SSLContext.getInstance(""TLSv1.3""); ctx.init(...);",OWASP-BENCHMARK-234165,N/A,NONE,Secure coding practice: parameterised query / env-based secret / proper TLS,N/A
SQL-0108,sql_injection,nodejs,db.query(`SELECT * FROM sessions WHERE token='${req.body.token}'`),OWASP-BENCHMARK-041107,CWE-89,HIGH,Unsanitised user input concatenated directly into SQL query,Use parameterised queries / prepared statements
SAFE-0209,safe,python,import secrets; token = secrets.token_hex(32),NVD-SAFE-4208,N/A,NONE,Secure coding practice: parameterised query / env-based secret / proper TLS,N/A
SEC-0056,hardcoded_secret,python,"STRIPE_SECRET = ""sk_live_51HqzGmKLN3yY6Xr2FAKEKEY9012""",OWASP-BENCHMARK-082055,CWE-798,HIGH,Credential or secret key hardcoded in source code,Store secrets in environment variables or a secrets manager
SAFE-0051,safe,python,"cursor.execute('SELECT * FROM users WHERE id = %s', (user_id,))",OWASP-BENCHMARK-204050,N/A,NONE,Secure coding practice: parameterised query / env-based secret / proper TLS,N/A
SEC-0043,hardcoded_secret,javascript,"const API_KEY = ""sk-live-abcd1234efgh5678ijkl9012"";",NVD-CVE-2019-2042,CWE-798,CRITICAL,Credential or secret key hardcoded in source code,Store secrets in environment variables or a secrets manager
SEC-0055,hardcoded_secret,yaml,"password: ""admin123""  # TODO: change before prod",NVD-CVE-2020-2054,CWE-259,CRITICAL,Credential or secret key hardcoded in source code,Store secrets in environment variables or a secrets manager
SQL-0024,sql_injection,python,"cursor.execute(""DELETE FROM logs WHERE id="" + str(log_id))",OWASP-BENCHMARK-021023,CWE-89,CRITICAL,Unsanitised user input concatenated directly into SQL query,Use parameterised queries / prepared statements
SQL-0044,sql_injection,python,"cursor.execute(""DELETE FROM logs WHERE id="" + str(log_id))",OWASP-BENCHMARK-021043,CWE-89,HIGH,Unsanitised user input concatenated directly into SQL query,Use parameterised queries / prepared statements
SQL-0244,sql_injection,python,"cursor.execute(""DELETE FROM logs WHERE id="" + str(log_id))",OWASP-BENCHMARK-021243,CWE-89,CRITICAL,Unsanitised user input concatenated directly into SQL query,Use parameterised queries / prepared statements
API-0138,insecure_api,nodejs,"res.setHeader('Access-Control-Allow-Origin', req.headers.origin);",NVD-CVE-2022-3137,CWE-942,HIGH,"Insecure API usage: disabled TLS validation, unsafe deserialization, or command injection","Enable TLS verification, validate inputs, avoid eval/exec on user data"
SAFE-0236,safe,java,"SSLContext ctx = SSLContext.getInstance(""TLSv1.3""); ctx.init(...);",OWASP-BENCHMARK-234235,N/A,NONE,Secure coding practice: parameterised query / env-based secret / proper TLS,N/A
SEC-0068,hardcoded_secret,php,"$db_password = ""root_pass_2023!"";",OWASP-BENCHMARK-092067,CWE-259,HIGH,Credential or secret key hardcoded in source code,Store secrets in environment variables or a secrets manager
SQL-0164,sql_injection,python,"cursor.execute(""DELETE FROM logs WHERE id="" + str(log_id))",OWASP-BENCHMARK-021163,CWE-89,HIGH,Unsanitised user input concatenated directly into SQL query,Use parameterised queries / prepared statements
SAFE-0216,safe,java,"SSLContext ctx = SSLContext.getInstance(""TLSv1.3""); ctx.init(...);",OWASP-BENCHMARK-234215,N/A,NONE,Secure coding practice: parameterised query / env-based secret / proper TLS,N/A
SEC-0033,hardcoded_secret,javascript,"const API_KEY = ""sk-live-abcd1234efgh5678ijkl9012"";",NVD-CVE-2019-2032,CWE-798,CRITICAL,Credential or secret key hardcoded in source code,Store secrets in environment variables or a secrets manager
SAFE-0089,safe,python,import secrets; token = secrets.token_hex(32),NVD-SAFE-4088,N/A,NONE,Secure coding practice: parameterised query / env-based secret / proper TLS,N/A
SAFE-0273,safe,python,password = os.environ['DB_PASSWORD'],NVD-SAFE-4272,N/A,NONE,Secure coding practice: parameterised query / env-based secret / proper TLS,N/A
SAFE-0102,safe,java,"PreparedStatement ps = conn.prepareStatement(""SELECT * FROM u WHERE id=?""); ps.setInt(1,uid);",OWASP-BENCHMARK-214101,N/A,NONE,Secure coding practice: parameterised query / env-based secret / proper TLS,N/A
SEC-0078,hardcoded_secret,php,"$db_password = ""root_pass_2023!"";",OWASP-BENCHMARK-092077,CWE-259,CRITICAL,Credential or secret key hardcoded in source code,Store secrets in environment variables or a secrets manager
SEC-0010,hardcoded_secret,nodejs,"process.env.JWT_SECRET = ""hardcoded_jwt_secret_value"";",OWASP-BENCHMARK-102009,CWE-321,CRITICAL,Credential or secret key hardcoded in source code,Store secrets in environment variables or a secrets manager
SQL-0156,sql_injection,python,"db.execute(f""INSERT INTO audit (msg) VALUES ('{msg}')"")",OWASP-BENCHMARK-031155,CWE-89,HIGH,Unsanitised user input concatenated directly into SQL query,Use parameterised queries / prepared statements
SQL-0211,sql_injection,python,"query = ""SELECT * FROM users WHERE id = "" + user_input",OWASP-BENCHMARK-001210,CWE-89,HIGH,Unsanitised user input concatenated directly into SQL query,Use parameterised queries / prepared statements
SQL-0087,sql_injection,ruby,"User.where(""name = '#{params[:name]}'"")",NVD-CVE-2021-1086,CWE-89,CRITICAL,Unsanitised user input concatenated directly into SQL query,Use parameterised queries / prepared statements
SQL-0169,sql_injection,python,"cursor.execute(""SELECT role FROM staff WHERE username='"" + uname + ""'"")",NVD-CVE-2022-1168,CWE-89,HIGH,Unsanitised user input concatenated directly into SQL query,Use parameterised queries / prepared statements
SAFE-0095,safe,python,"requests.get(url, verify=True, cert=('/path/cert.pem','/path/key.pem'))",OWASP-BENCHMARK-224094,N/A,NONE,Secure coding practice: parameterised query / env-based secret / proper TLS,N/A
SQL-0052,sql_injection,java,"String sql = ""SELECT * FROM orders WHERE uid='"" + uid + ""'"";",OWASP-BENCHMARK-011051,CWE-89,CRITICAL,Unsanitised user input concatenated directly into SQL query,Use parameterised queries / prepared statements
SEC-0139,hardcoded_secret,python,"GITHUB_TOKEN = ""ghp_FakeTokenABCDEFGHIJKLMNOPQRSTUV""",NVD-CVE-2022-2138,CWE-798,HIGH,Credential or secret key hardcoded in source code,Store secrets in environment variables or a secrets manager
SEC-0250,hardcoded_secret,nodejs,"process.env.JWT_SECRET = ""hardcoded_jwt_secret_value"";",OWASP-BENCHMARK-102249,CWE-321,CRITICAL,Credential or secret key hardcoded in source code,Store secrets in environment variables or a secrets manager
SEC-0191,hardcoded_secret,python,"AWS_SECRET = ""wJalrXUtnFEMI/K7MDENG/bPxRfiCYEXAMPLEKEY""",NVD-CVE-2018-2190,CWE-798,CRITICAL,Credential or secret key hardcoded in source code,Store secrets in environment variables or a secrets manager
SEC-0126,hardcoded_secret,python,"STRIPE_SECRET = ""sk_live_51HqzGmKLN3yY6Xr2FAKEKEY9012""",OWASP-BENCHMARK-082125,CWE-798,HIGH,Credential or secret key hardcoded in source code,Store secrets in environment variables or a secrets manager
SQL-0136,sql_injection,python,"db.execute(f""INSERT INTO audit (msg) VALUES ('{msg}')"")",OWASP-BENCHMARK-031135,CWE-89,HIGH,Unsanitised user input concatenated directly into SQL query,Use parameterised queries / prepared statements
SAFE-0292,safe,java,"PreparedStatement ps = conn.prepareStatement(""SELECT * FROM u WHERE id=?""); ps.setInt(1,uid);",OWASP-BENCHMARK-214291,N/A,NONE,Secure coding practice: parameterised query / env-based secret / proper TLS,N/A
SQL-0055,sql_injection,java,"stmt.execute(""UPDATE users SET pass='"" + newPass + ""' WHERE user='"" + user + ""'"")",NVD-CVE-2020-1054,CWE-89,HIGH,Unsanitised user input concatenated directly into SQL query,Use parameterised queries / prepared statements
SQL-0079,sql_injection,python,"cursor.execute(""SELECT role FROM staff WHERE username='"" + uname + ""'"")",NVD-CVE-2022-1078,CWE-89,CRITICAL,Unsanitised user input concatenated directly into SQL query,Use parameterised queries / prepared statements
SEC-0131,hardcoded_secret,python,"AWS_SECRET = ""wJalrXUtnFEMI/K7MDENG/bPxRfiCYEXAMPLEKEY""",NVD-CVE-2018-2130,CWE-798,HIGH,Credential or secret key hardcoded in source code,Store secrets in environment variables or a secrets manager
SQL-0185,sql_injection,java,"stmt.execute(""UPDATE users SET pass='"" + newPass + ""' WHERE user='"" + user + ""'"")",NVD-CVE-2020-1184,CWE-89,CRITICAL,Unsanitised user input concatenated directly into SQL query,Use parameterised queries / prepared statements
SQL-0057,sql_injection,ruby,"User.where(""name = '#{params[:name]}'"")",NVD-CVE-2021-1056,CWE-89,CRITICAL,Unsanitised user input concatenated directly into SQL query,Use parameterised queries / prepared statements
SAFE-0043,safe,python,password = os.environ['DB_PASSWORD'],NVD-SAFE-4042,N/A,NONE,Secure coding practice: parameterised query / env-based secret / proper TLS,N/A
API-0251,insecure_api,python,"requests.get(url, verify=False)",OWASP-BENCHMARK-113250,CWE-295,CRITICAL,"Insecure API usage: disabled TLS validation, unsafe deserialization, or command injection","Enable TLS verification, validate inputs, avoid eval/exec on user data"
SAFE-0264,safe,nodejs,const secret = process.env.JWT_SECRET;,NVD-SAFE-4263,N/A,NONE,Secure coding practice: parameterised query / env-based secret / proper TLS,N/A
SQL-0219,sql_injection,python,"cursor.execute(""SELECT role FROM staff WHERE username='"" + uname + ""'"")",NVD-CVE-2022-1218,CWE-89,CRITICAL,Unsanitised user input concatenated directly into SQL query,Use parameterised queries / prepared statements
API-0245,insecure_api,python,pickle.loads(user_supplied_bytes),OWASP-BENCHMARK-133244,CWE-502,MEDIUM,"Insecure API usage: disabled TLS validation, unsafe deserialization, or command injection","Enable TLS verification, validate inputs, avoid eval/exec on user data"
SQL-0114,sql_injection,python,"cursor.execute(""DELETE FROM logs WHERE id="" + str(log_id))",OWASP-BENCHMARK-021113,CWE-89,CRITICAL,Unsanitised user input concatenated directly into SQL query,Use parameterised queries / prepared statements
SEC-0249,hardcoded_secret,python,"GITHUB_TOKEN = ""ghp_FakeTokenABCDEFGHIJKLMNOPQRSTUV""",NVD-CVE-2022-2248,CWE-798,HIGH,Credential or secret key hardcoded in source code,Store secrets in environment variables or a secrets manager
SAFE-0119,safe,python,import secrets; token = secrets.token_hex(32),NVD-SAFE-4118,N/A,NONE,Secure coding practice: parameterised query / env-based secret / proper TLS,N/A
SAFE-0173,safe,python,password = os.environ['DB_PASSWORD'],NVD-SAFE-4172,N/A,NONE,Secure coding practice: parameterised query / env-based secret / proper TLS,N/A
SQL-0175,sql_injection,java,"stmt.execute(""UPDATE users SET pass='"" + newPass + ""' WHERE user='"" + user + ""'"")",NVD-CVE-2020-1174,CWE-89,HIGH,Unsanitised user input concatenated directly into SQL query,Use parameterised queries / prepared statements
SAFE-0123,safe,python,password = os.environ['DB_PASSWORD'],NVD-SAFE-4122,N/A,NONE,Secure coding practice: parameterised query / env-based secret / proper TLS,N/A
API-0016,insecure_api,java,new ObjectInputStream(socket.getInputStream()).readObject();,NVD-CVE-2021-3015,CWE-502,CRITICAL,"Insecure API usage: disabled TLS validation, unsafe deserialization, or command injection","Enable TLS verification, validate inputs, avoid eval/exec on user data"
SEC-0214,hardcoded_secret,python,"SECRET_KEY = ""django-insecure-xyz987abc654def321""",OWASP-BENCHMARK-072213,CWE-321,CRITICAL,Credential or secret key hardcoded in source code,Store secrets in environment variables or a secrets manager
SEC-0162,hardcoded_secret,java,"private static final String DB_PASS = ""P@ssw0rd123"";",OWASP-BENCHMARK-062161,CWE-798,HIGH,Credential or secret key hardcoded in source code,Store secrets in environment variables or a secrets manager
SQL-0287,sql_injection,ruby,"User.where(""name = '#{params[:name]}'"")",NVD-CVE-2021-1286,CWE-89,HIGH,Unsanitised user input concatenated directly into SQL query,Use parameterised queries / prepared statements
SEC-0082,hardcoded_secret,java,"private static final String DB_PASS = ""P@ssw0rd123"";",OWASP-BENCHMARK-062081,CWE-798,HIGH,Credential or secret key hardcoded in source code,Store secrets in environment variables or a secrets manager
SAFE-0108,safe,nodejs,"const bcrypt = require('bcrypt'); bcrypt.hash(pwd, 12)",OWASP-BENCHMARK-244107,N/A,NONE,Secure coding practice: parameterised query / env-based secret / proper TLS,N/A
API-0071,insecure_api,python,"requests.get(url, verify=False)",OWASP-BENCHMARK-113070,CWE-295,HIGH,"Insecure API usage: disabled TLS validation, unsafe deserialization, or command injection","Enable TLS verification, validate inputs, avoid eval/exec on user data"
SEC-0235,hardcoded_secret,yaml,"password: ""admin123""  # TODO: change before prod",NVD-CVE-2020-2234,CWE-259,HIGH,Credential or secret key hardcoded in source code,Store secrets in environment variables or a secrets manager
SAFE-0010,safe,java,"String q = ""SELECT * FROM t WHERE id=?""; stmt = con.prepareStatement(q); stmt.setString(1,id);",OWASP-BENCHMARK-254009,N/A,NONE,Secure coding practice: parameterised query / env-based secret / proper TLS,N/A
SQL-0293,sql_injection,php,"mysql_query(""SELECT * FROM products WHERE name='"" . $name . ""'"")",NVD-CVE-2019-1292,CWE-89,CRITICAL,Unsanitised user input concatenated directly into SQL query,Use parameterised queries / prepared statements
SQL-0124,sql_injection,python,"cursor.execute(""DELETE FROM logs WHERE id="" + str(log_id))",OWASP-BENCHMARK-021123,CWE-89,CRITICAL,Unsanitised user input concatenated directly into SQL query,Use parameterised queries / prepared statements
SEC-0283,hardcoded_secret,javascript,"const API_KEY = ""sk-live-abcd1234efgh5678ijkl9012"";",NVD-CVE-2019-2282,CWE-798,CRITICAL,Credential or secret key hardcoded in source code,Store secrets in environment variables or a secrets manager
SQL-0141,sql_injection,python,"query = ""SELECT * FROM users WHERE id = "" + user_input",OWASP-BENCHMARK-001140,CWE-89,CRITICAL,Unsanitised user input concatenated directly into SQL query,Use parameterised queries / prepared statements
API-0136,insecure_api,java,new ObjectInputStream(socket.getInputStream()).readObject();,NVD-CVE-2021-3135,CWE-502,HIGH,"Insecure API usage: disabled TLS validation, unsafe deserialization, or command injection","Enable TLS verification, validate inputs, avoid eval/exec on user data"
SQL-0082,sql_injection,java,"String sql = ""SELECT * FROM orders WHERE uid='"" + uid + ""'"";",OWASP-BENCHMARK-011081,CWE-89,HIGH,Unsanitised user input concatenated directly into SQL query,Use parameterised queries / prepared statements
API-0282,insecure_api,java,"conn.setHostnameVerifier((h,s) -> true);",NVD-CVE-2019-3281,CWE-297,HIGH,"Insecure API usage: disabled TLS validation, unsafe deserialization, or command injection","Enable TLS verification, validate inputs, avoid eval/exec on user data"
API-0140,insecure_api,java,Runtime.getRuntime().exec(userInput);,NVD-CVE-2023-3139,CWE-78,CRITICAL,"Insecure API usage: disabled TLS validation, unsafe deserialization, or command injection","Enable TLS verification, validate inputs, avoid eval/exec on user data"
SAFE-0202,safe,java,"PreparedStatement ps = conn.prepareStatement(""SELECT * FROM u WHERE id=?""); ps.setInt(1,uid);",OWASP-BENCHMARK-214201,N/A,NONE,Secure coding practice: parameterised query / env-based secret / proper TLS,N/A
SAFE-0009,safe,python,import secrets; token = secrets.token_hex(32),NVD-SAFE-4008,N/A,NONE,Secure coding practice: parameterised query / env-based secret / proper TLS,N/A
SAFE-0267,safe,python,import html; safe = html.escape(user_input),NVD-SAFE-4266,N/A,NONE,Secure coding practice: parameterised query / env-based secret / proper TLS,N/A
SAFE-0037,safe,python,import html; safe = html.escape(user_input),NVD-SAFE-4036,N/A,NONE,Secure coding practice: parameterised query / env-based secret / proper TLS,N/A
SEC-0072,hardcoded_secret,java,"private static final String DB_PASS = ""P@ssw0rd123"";",OWASP-BENCHMARK-062071,CWE-798,HIGH,Credential or secret key hardcoded in source code,Store secrets in environment variables or a secrets manager
API-0290,insecure_api,java,Runtime.getRuntime().exec(userInput);,NVD-CVE-2023-3289,CWE-78,MEDIUM,"Insecure API usage: disabled TLS validation, unsafe deserialization, or command injection","Enable TLS verification, validate inputs, avoid eval/exec on user data"
SQL-0157,sql_injection,ruby,"User.where(""name = '#{params[:name]}'"")",NVD-CVE-2021-1156,CWE-89,HIGH,Unsanitised user input concatenated directly into SQL query,Use parameterised queries / prepared statements
SAFE-0092,safe,java,"PreparedStatement ps = conn.prepareStatement(""SELECT * FROM u WHERE id=?""); ps.setInt(1,uid);",OWASP-BENCHMARK-214091,N/A,NONE,Secure coding practice: parameterised query / env-based secret / proper TLS,N/A
API-0022,insecure_api,java,"conn.setHostnameVerifier((h,s) -> true);",NVD-CVE-2019-3021,CWE-297,HIGH,"Insecure API usage: disabled TLS validation, unsafe deserialization, or command injection","Enable TLS verification, validate inputs, avoid eval/exec on user data"
SAFE-0138,safe,nodejs,"const bcrypt = require('bcrypt'); bcrypt.hash(pwd, 12)",OWASP-BENCHMARK-244137,N/A,NONE,Secure coding practice: parameterised query / env-based secret / proper TLS,N/A
SQL-0245,sql_injection,java,"stmt.execute(""UPDATE users SET pass='"" + newPass + ""' WHERE user='"" + user + ""'"")",NVD-CVE-2020-1244,CWE-89,CRITICAL,Unsanitised user input concatenated directly into SQL query,Use parameterised queries / prepared statements
SQL-0159,sql_injection,python,"cursor.execute(""SELECT role FROM staff WHERE username='"" + uname + ""'"")",NVD-CVE-2022-1158,CWE-89,HIGH,Unsanitised user input concatenated directly into SQL query,Use parameterised queries / prepared statements
API-0146,insecure_api,java,new ObjectInputStream(socket.getInputStream()).readObject();,NVD-CVE-2021-3145,CWE-502,MEDIUM,"Insecure API usage: disabled TLS validation, unsafe deserialization, or command injection","Enable TLS verification, validate inputs, avoid eval/exec on user data"
SQL-0193,sql_injection,php,"mysql_query(""SELECT * FROM products WHERE name='"" . $name . ""'"")",NVD-CVE-2019-1192,CWE-89,CRITICAL,Unsanitised user input concatenated directly into SQL query,Use parameterised queries / prepared statements
SEC-0234,hardcoded_secret,python,"SECRET_KEY = ""django-insecure-xyz987abc654def321""",OWASP-BENCHMARK-072233,CWE-321,HIGH,Credential or secret key hardcoded in source code,Store secrets in environment variables or a secrets manager
SAFE-0004,safe,nodejs,const secret = process.env.JWT_SECRET;,NVD-SAFE-4003,N/A,NONE,Secure coding practice: parameterised query / env-based secret / proper TLS,N/A
SAFE-0104,safe,nodejs,const secret = process.env.JWT_SECRET;,NVD-SAFE-4103,N/A,NONE,Secure coding practice: parameterised query / env-based secret / proper TLS,N/A
SAFE-0170,safe,java,"String q = ""SELECT * FROM t WHERE id=?""; stmt = con.prepareStatement(q); stmt.setString(1,id);",OWASP-BENCHMARK-254169,N/A,NONE,Secure coding practice: parameterised query / env-based secret / proper TLS,N/A
SEC-0114,hardcoded_secret,python,"SECRET_KEY = ""django-insecure-xyz987abc654def321""",OWASP-BENCHMARK-072113,CWE-321,HIGH,Credential or secret key hardcoded in source code,Store secrets in environment variables or a secrets manager
SAFE-0287,safe,python,import html; safe = html.escape(user_input),NVD-SAFE-4286,N/A,NONE,Secure coding practice: parameterised query / env-based secret / proper TLS,N/A
SEC-0028,hardcoded_secret,php,"$db_password = ""root_pass_2023!"";",OWASP-BENCHMARK-092027,CWE-259,CRITICAL,Credential or secret key hardcoded in source code,Store secrets in environment variables or a secrets manager
SQL-0129,sql_injection,python,"cursor.execute(""SELECT role FROM staff WHERE username='"" + uname + ""'"")",NVD-CVE-2022-1128,CWE-89,HIGH,Unsanitised user input concatenated directly into SQL query,Use parameterised queries / prepared statements
API-0095,insecure_api,python,pickle.loads(user_supplied_bytes),OWASP-BENCHMARK-133094,CWE-502,CRITICAL,"Insecure API usage: disabled TLS validation, unsafe deserialization, or command injection","Enable TLS verification, validate inputs, avoid eval/exec on user data"
API-0031,insecure_api,python,"requests.get(url, verify=False)",OWASP-BENCHMARK-113030,CWE-295,CRITICAL,"Insecure API usage: disabled TLS validation, unsafe deserialization, or command injection","Enable TLS verification, validate inputs, avoid eval/exec on user data"
SQL-0275,sql_injection,java,"stmt.execute(""UPDATE users SET pass='"" + newPass + ""' WHERE user='"" + user + ""'"")",NVD-CVE-2020-1274,CWE-89,CRITICAL,Unsanitised user input concatenated directly into SQL query,Use parameterised queries / prepared statements
SAFE-0248,safe,nodejs,"const bcrypt = require('bcrypt'); bcrypt.hash(pwd, 12)",OWASP-BENCHMARK-244247,N/A,NONE,Secure coding practice: parameterised query / env-based secret / proper TLS,N/A
SEC-0009,hardcoded_secret,python,"GITHUB_TOKEN = ""ghp_FakeTokenABCDEFGHIJKLMNOPQRSTUV""",NVD-CVE-2022-2008,CWE-798,CRITICAL,Credential or secret key hardcoded in source code,Store secrets in environment variables or a secrets manager
SQL-0234,sql_injection,python,"cursor.execute(""DELETE FROM logs WHERE id="" + str(log_id))",OWASP-BENCHMARK-021233,CWE-89,HIGH,Unsanitised user input concatenated directly into SQL query,Use parameterised queries / prepared statements
SAFE-0148,safe,nodejs,"const bcrypt = require('bcrypt'); bcrypt.hash(pwd, 12)",OWASP-BENCHMARK-244147,N/A,NONE,Secure coding practice: parameterised query / env-based secret / proper TLS,N/A
API-0023,insecure_api,python,"flask.run(debug=True, host='0.0.0.0')",OWASP-BENCHMARK-123022,CWE-94,HIGH,"Insecure API usage: disabled TLS validation, unsafe deserialization, or command injection","Enable TLS verification, validate inputs, avoid eval/exec on user data"
API-0044,insecure_api,nodejs,app.use(cors({ origin: '*' }));,NVD-CVE-2020-3043,CWE-942,HIGH,"Insecure API usage: disabled TLS validation, unsafe deserialization, or command injection","Enable TLS verification, validate inputs, avoid eval/exec on user data"
SEC-0179,hardcoded_secret,python,"GITHUB_TOKEN = ""ghp_FakeTokenABCDEFGHIJKLMNOPQRSTUV""",NVD-CVE-2022-2178,CWE-798,CRITICAL,Credential or secret key hardcoded in source code,Store secrets in environment variables or a secrets manager
SEC-0172,hardcoded_secret,java,"private static final String DB_PASS = ""P@ssw0rd123"";",OWASP-BENCHMARK-062171,CWE-798,HIGH,Credential or secret key hardcoded in source code,Store secrets in environment variables or a secrets manager
SAFE-0026,safe,java,"SSLContext ctx = SSLContext.getInstance(""TLSv1.3""); ctx.init(...);",OWASP-BENCHMARK-234025,N/A,NONE,Secure coding practice: parameterised query / env-based secret / proper TLS,N/A
SAFE-0198,safe,nodejs,"const bcrypt = require('bcrypt'); bcrypt.hash(pwd, 12)",OWASP-BENCHMARK-244197,N/A,NONE,Secure coding practice: parameterised query / env-based secret / proper TLS,N/A
API-0027,insecure_api,python,eval(request.args.get('expr')),OWASP-BENCHMARK-143026,CWE-95,CRITICAL,"Insecure API usage: disabled TLS validation, unsafe deserialization, or command injection","Enable TLS verification, validate inputs, avoid eval/exec on user data"
SEC-0095,hardcoded_secret,yaml,"password: ""admin123""  # TODO: change before prod",NVD-CVE-2020-2094,CWE-259,CRITICAL,Credential or secret key hardcoded in source code,Store secrets in environment variables or a secrets manager
API-0037,insecure_api,python,eval(request.args.get('expr')),OWASP-BENCHMARK-143036,CWE-95,CRITICAL,"Insecure API usage: disabled TLS validation, unsafe deserialization, or command injection","Enable TLS verification, validate inputs, avoid eval/exec on user data"
API-0168,insecure_api,nodejs,"res.setHeader('Access-Control-Allow-Origin', req.headers.origin);",NVD-CVE-2022-3167,CWE-942,CRITICAL,"Insecure API usage: disabled TLS validation, unsafe deserialization, or command injection","Enable TLS verification, validate inputs, avoid eval/exec on user data"
SEC-0233,hardcoded_secret,javascript,"const API_KEY = ""sk-live-abcd1234efgh5678ijkl9012"";",NVD-CVE-2019-2232,CWE-798,CRITICAL,Credential or secret key hardcoded in source code,Store secrets in environment variables or a secrets manager
API-0118,insecure_api,nodejs,"res.setHeader('Access-Control-Allow-Origin', req.headers.origin);",NVD-CVE-2022-3117,CWE-942,MEDIUM,"Insecure API usage: disabled TLS validation, unsafe deserialization, or command injection","Enable TLS verification, validate inputs, avoid eval/exec on user data"
API-0067,insecure_api,python,eval(request.args.get('expr')),OWASP-BENCHMARK-143066,CWE-95,CRITICAL,"Insecure API usage: disabled TLS validation, unsafe deserialization, or command injection","Enable TLS verification, validate inputs, avoid eval/exec on user data"
SEC-0298,hardcoded_secret,php,"$db_password = ""root_pass_2023!"";",OWASP-BENCHMARK-092297,CWE-259,CRITICAL,Credential or secret key hardcoded in source code,Store secrets in environment variables or a secrets manager
SEC-0182,hardcoded_secret,java,"private static final String DB_PASS = ""P@ssw0rd123"";",OWASP-BENCHMARK-062181,CWE-798,HIGH,Credential or secret key hardcoded in source code,Store secrets in environment variables or a secrets manager
SAFE-0203,safe,python,password = os.environ['DB_PASSWORD'],NVD-SAFE-4202,N/A,NONE,Secure coding practice: parameterised query / env-based secret / proper TLS,N/A
SEC-0015,hardcoded_secret,yaml,"password: ""admin123""  # TODO: change before prod",NVD-CVE-2020-2014,CWE-259,HIGH,Credential or secret key hardcoded in source code,Store secrets in environment variables or a secrets manager
API-0129,insecure_api,python,"subprocess.call(request.form['cmd'], shell=True)",OWASP-BENCHMARK-153128,CWE-78,CRITICAL,"Insecure API usage: disabled TLS validation, unsafe deserialization, or command injection","Enable TLS verification, validate inputs, avoid eval/exec on user data"
SQL-0210,sql_injection,java,"rs = stmt.executeQuery(""SELECT * FROM items WHERE category="" + cat)",OWASP-BENCHMARK-051209,CWE-89,CRITICAL,Unsanitised user input concatenated directly into SQL query,Use parameterised queries / prepared statements
SAFE-0034,safe,nodejs,const secret = process.env.JWT_SECRET;,NVD-SAFE-4033,N/A,NONE,Secure coding practice: parameterised query / env-based secret / proper TLS,N/A
SEC-0134,hardcoded_secret,python,"SECRET_KEY = ""django-insecure-xyz987abc654def321""",OWASP-BENCHMARK-072133,CWE-321,CRITICAL,Credential or secret key hardcoded in source code,Store secrets in environment variables or a secrets manager
SEC-0029,hardcoded_secret,python,"GITHUB_TOKEN = ""ghp_FakeTokenABCDEFGHIJKLMNOPQRSTUV""",NVD-CVE-2022-2028,CWE-798,HIGH,Credential or secret key hardcoded in source code,Store secrets in environment variables or a secrets manager
SQL-0261,sql_injection,python,"query = ""SELECT * FROM users WHERE id = "" + user_input",OWASP-BENCHMARK-001260,CWE-89,CRITICAL,Unsanitised user input concatenated directly into SQL query,Use parameterised queries / prepared statements
SAFE-0217,safe,python,import html; safe = html.escape(user_input),NVD-SAFE-4216,N/A,NONE,Secure coding practice: parameterised query / env-based secret / proper TLS,N/A
SEC-0007,hardcoded_secret,java,"String jwtSecret = ""my_ultra_secret_jwt_key_hardcoded"";",NVD-CVE-2021-2006,CWE-321,HIGH,Credential or secret key hardcoded in source code,Store secrets in environment variables or a secrets manager
SAFE-0167,safe,python,import html; safe = html.escape(user_input),NVD-SAFE-4166,N/A,NONE,Secure coding practice: parameterised query / env-based secret / proper TLS,N/A
SAFE-0028,safe,nodejs,"const bcrypt = require('bcrypt'); bcrypt.hash(pwd, 12)",OWASP-BENCHMARK-244027,N/A,NONE,Secure coding practice: parameterised query / env-based secret / proper TLS,N/A
SAFE-0125,safe,python,"requests.get(url, verify=True, cert=('/path/cert.pem','/path/key.pem'))",OWASP-BENCHMARK-224124,N/A,NONE,Secure coding practice: parameterised query / env-based secret / proper TLS,N/A
SQL-0271,sql_injection,python,"query = ""SELECT * FROM users WHERE id = "" + user_input",OWASP-BENCHMARK-001270,CWE-89,HIGH,Unsanitised user input concatenated directly into SQL query,Use parameterised queries / prepared statements
SQL-0291,sql_injection,python,"query = ""SELECT * FROM users WHERE id = "" + user_input",OWASP-BENCHMARK-001290,CWE-89,HIGH,Unsanitised user input concatenated directly into SQL query,Use parameterised queries / prepared statements
API-0213,insecure_api,python,"flask.run(debug=True, host='0.0.0.0')",OWASP-BENCHMARK-123212,CWE-94,MEDIUM,"Insecure API usage: disabled TLS validation, unsafe deserialization, or command injection","Enable TLS verification, validate inputs, avoid eval/exec on user data"
SQL-0097,sql_injection,ruby,"User.where(""name = '#{params[:name]}'"")",NVD-CVE-2021-1096,CWE-89,HIGH,Unsanitised user input concatenated directly into SQL query,Use parameterised queries / prepared statements
API-0288,insecure_api,nodejs,"res.setHeader('Access-Control-Allow-Origin', req.headers.origin);",NVD-CVE-2022-3287,CWE-942,CRITICAL,"Insecure API usage: disabled TLS validation, unsafe deserialization, or command injection","Enable TLS verification, validate inputs, avoid eval/exec on user data"
API-0219,insecure_api,python,"subprocess.call(request.form['cmd'], shell=True)",OWASP-BENCHMARK-153218,CWE-78,CRITICAL,"Insecure API usage: disabled TLS validation, unsafe deserialization, or command injection","Enable TLS verification, validate inputs, avoid eval/exec on user data"
SQL-0032,sql_injection,java,"String sql = ""SELECT * FROM orders WHERE uid='"" + uid + ""'"";",OWASP-BENCHMARK-011031,CWE-89,HIGH,Unsanitised user input concatenated directly into SQL query,Use parameterised queries / prepared statements
API-0163,insecure_api,python,"flask.run(debug=True, host='0.0.0.0')",OWASP-BENCHMARK-123162,CWE-94,HIGH,"Insecure API usage: disabled TLS validation, unsafe deserialization, or command injection","Enable TLS verification, validate inputs, avoid eval/exec on user data"
SAFE-0054,safe,nodejs,const secret = process.env.JWT_SECRET;,NVD-SAFE-4053,N/A,NONE,Secure coding practice: parameterised query / env-based secret / proper TLS,N/A
SEC-0020,hardcoded_secret,nodejs,"process.env.JWT_SECRET = ""hardcoded_jwt_secret_value"";",OWASP-BENCHMARK-102019,CWE-321,HIGH,Credential or secret key hardcoded in source code,Store secrets in environment variables or a secrets manager
SQL-0299,sql_injection,python,"cursor.execute(""SELECT role FROM staff WHERE username='"" + uname + ""'"")",NVD-CVE-2022-1298,CWE-89,HIGH,Unsanitised user input concatenated directly into SQL query,Use parameterised queries / prepared statements
SQL-0200,sql_injection,java,"rs = stmt.executeQuery(""SELECT * FROM items WHERE category="" + cat)",OWASP-BENCHMARK-051199,CWE-89,HIGH,Unsanitised user input concatenated directly into SQL query,Use parameterised queries / prepared statements
SEC-0261,hardcoded_secret,python,"AWS_SECRET = ""wJalrXUtnFEMI/K7MDENG/bPxRfiCYEXAMPLEKEY""",NVD-CVE-2018-2260,CWE-798,CRITICAL,Credential or secret key hardcoded in source code,Store secrets in environment variables or a secrets manager
SQL-0179,sql_injection,python,"cursor.execute(""SELECT role FROM staff WHERE username='"" + uname + ""'"")",NVD-CVE-2022-1178,CWE-89,CRITICAL,Unsanitised user input concatenated directly into SQL query,Use parameterised queries / prepared statements
SAFE-0232,safe,java,"PreparedStatement ps = conn.prepareStatement(""SELECT * FROM u WHERE id=?""); ps.setInt(1,uid);",OWASP-BENCHMARK-214231,N/A,NONE,Secure coding practice: parameterised query / env-based secret / proper TLS,N/A
SQL-0089,sql_injection,python,"cursor.execute(""SELECT role FROM staff WHERE username='"" + uname + ""'"")",NVD-CVE-2022-1088,CWE-89,CRITICAL,Unsanitised user input concatenated directly into SQL query,Use parameterised queries / prepared statements
API-0188,insecure_api,nodejs,"res.setHeader('Access-Control-Allow-Origin', req.headers.origin);",NVD-CVE-2022-3187,CWE-942,CRITICAL,"Insecure API usage: disabled TLS validation, unsafe deserialization, or command injection","Enable TLS verification, validate inputs, avoid eval/exec on user data"
API-0125,insecure_api,python,pickle.loads(user_supplied_bytes),OWASP-BENCHMARK-133124,CWE-502,MEDIUM,"Insecure API usage: disabled TLS validation, unsafe deserialization, or command injection","Enable TLS verification, validate inputs, avoid eval/exec on user data"
API-0227,insecure_api,python,eval(request.args.get('expr')),OWASP-BENCHMARK-143226,CWE-95,HIGH,"Insecure API usage: disabled TLS validation, unsafe deserialization, or command injection","Enable TLS verification, validate inputs, avoid eval/exec on user data"
SQL-0209,sql_injection,python,"cursor.execute(""SELECT role FROM staff WHERE username='"" + uname + ""'"")",NVD-CVE-2022-1208,CWE-89,HIGH,Unsanitised user input concatenated directly into SQL query,Use parameterised queries / prepared statements
SAFE-0140,safe,java,"String q = ""SELECT * FROM t WHERE id=?""; stmt = con.prepareStatement(q); stmt.setString(1,id);",OWASP-BENCHMARK-254139,N/A,NONE,Secure coding practice: parameterised query / env-based secret / proper TLS,N/A
SQL-0297,sql_injection,ruby,"User.where(""name = '#{params[:name]}'"")",NVD-CVE-2021-1296,CWE-89,CRITICAL,Unsanitised user input concatenated directly into SQL query,Use parameterised queries / prepared statements
SAFE-0098,safe,nodejs,"const bcrypt = require('bcrypt'); bcrypt.hash(pwd, 12)",OWASP-BENCHMARK-244097,N/A,NONE,Secure coding practice: parameterised query / env-based secret / proper TLS,N/A
SEC-0198,hardcoded_secret,php,"$db_password = ""root_pass_2023!"";",OWASP-BENCHMARK-092197,CWE-259,HIGH,Credential or secret key hardcoded in source code,Store secrets in environment variables or a secrets manager
API-0235,insecure_api,python,pickle.loads(user_supplied_bytes),OWASP-BENCHMARK-133234,CWE-502,HIGH,"Insecure API usage: disabled TLS validation, unsafe deserialization, or command injection","Enable TLS verification, validate inputs, avoid eval/exec on user data"
SEC-0130,hardcoded_secret,nodejs,"process.env.JWT_SECRET = ""hardcoded_jwt_secret_value"";",OWASP-BENCHMARK-102129,CWE-321,HIGH,Credential or secret key hardcoded in source code,Store secrets in environment variables or a secrets manager
SEC-0207,hardcoded_secret,java,"String jwtSecret = ""my_ultra_secret_jwt_key_hardcoded"";",NVD-CVE-2021-2206,CWE-321,CRITICAL,Credential or secret key hardcoded in source code,Store secrets in environment variables or a secrets manager
API-0231,insecure_api,python,"requests.get(url, verify=False)",OWASP-BENCHMARK-113230,CWE-295,MEDIUM,"Insecure API usage: disabled TLS validation, unsafe deserialization, or command injection","Enable TLS verification, validate inputs, avoid eval/exec on user data"
API-0094,insecure_api,nodejs,app.use(cors({ origin: '*' }));,NVD-CVE-2020-3093,CWE-942,HIGH,"Insecure API usage: disabled TLS validation, unsafe deserialization, or command injection","Enable TLS verification, validate inputs, avoid eval/exec on user data"
SQL-0011,sql_injection,python,"query = ""SELECT * FROM users WHERE id = "" + user_input",OWASP-BENCHMARK-001010,CWE-89,HIGH,Unsanitised user input concatenated directly into SQL query,Use parameterised queries / prepared statements
API-0248,insecure_api,nodejs,"res.setHeader('Access-Control-Allow-Origin', req.headers.origin);",NVD-CVE-2022-3247,CWE-942,MEDIUM,"Insecure API usage: disabled TLS validation, unsafe deserialization, or command injection","Enable TLS verification, validate inputs, avoid eval/exec on user data"
SEC-0163,hardcoded_secret,javascript,"const API_KEY = ""sk-live-abcd1234efgh5678ijkl9012"";",NVD-CVE-2019-2162,CWE-798,CRITICAL,Credential or secret key hardcoded in source code,Store secrets in environment variables or a secrets manager
SQL-0199,sql_injection,python,"cursor.execute(""SELECT role FROM staff WHERE username='"" + uname + ""'"")",NVD-CVE-2022-1198,CWE-89,CRITICAL,Unsanitised user input concatenated directly into SQL query,Use parameterised queries / prepared statements
SQL-0060,sql_injection,java,"rs = stmt.executeQuery(""SELECT * FROM items WHERE category="" + cat)",OWASP-BENCHMARK-051059,CWE-89,HIGH,Unsanitised user input concatenated directly into SQL query,Use parameterised queries / prepared statements
SAFE-0007,safe,python,import html; safe = html.escape(user_input),NVD-SAFE-4006,N/A,NONE,Secure coding practice: parameterised query / env-based secret / proper TLS,N/A
SAFE-0097,safe,python,import html; safe = html.escape(user_input),NVD-SAFE-4096,N/A,NONE,Secure coding practice: parameterised query / env-based secret / proper TLS,N/A
SQL-0276,sql_injection,python,"db.execute(f""INSERT INTO audit (msg) VALUES ('{msg}')"")",OWASP-BENCHMARK-031275,CWE-89,HIGH,Unsanitised user input concatenated directly into SQL query,Use parameterised queries / prepared statements
API-0209,insecure_api,python,"subprocess.call(request.form['cmd'], shell=True)",OWASP-BENCHMARK-153208,CWE-78,HIGH,"Insecure API usage: disabled TLS validation, unsafe deserialization, or command injection","Enable TLS verification, validate inputs, avoid eval/exec on user data"
SAFE-0008,safe,nodejs,"const bcrypt = require('bcrypt'); bcrypt.hash(pwd, 12)",OWASP-BENCHMARK-244007,N/A,NONE,Secure coding practice: parameterised query / env-based secret / proper TLS,N/A
API-0058,insecure_api,nodejs,"res.setHeader('Access-Control-Allow-Origin', req.headers.origin);",NVD-CVE-2022-3057,CWE-942,MEDIUM,"Insecure API usage: disabled TLS validation, unsafe deserialization, or command injection","Enable TLS verification, validate inputs, avoid eval/exec on user data"
SAFE-0057,safe,python,import html; safe = html.escape(user_input),NVD-SAFE-4056,N/A,NONE,Secure coding practice: parameterised query / env-based secret / proper TLS,N/A
API-0286,insecure_api,java,new ObjectInputStream(socket.getInputStream()).readObject();,NVD-CVE-2021-3285,CWE-502,MEDIUM,"Insecure API usage: disabled TLS validation, unsafe deserialization, or command injection","Enable TLS verification, validate inputs, avoid eval/exec on user data"
SQL-0221,sql_injection,python,"query = ""SELECT * FROM users WHERE id = "" + user_input",OWASP-BENCHMARK-001220,CWE-89,HIGH,Unsanitised user input concatenated directly into SQL query,Use parameterised queries / prepared statements
API-0189,insecure_api,python,"subprocess.call(request.form['cmd'], shell=True)",OWASP-BENCHMARK-153188,CWE-78,MEDIUM,"Insecure API usage: disabled TLS validation, unsafe deserialization, or command injection","Enable TLS verification, validate inputs, avoid eval/exec on user data"
API-0112,insecure_api,java,"conn.setHostnameVerifier((h,s) -> true);",NVD-CVE-2019-3111,CWE-297,MEDIUM,"Insecure API usage: disabled TLS validation, unsafe deserialization, or command injection","Enable TLS verification, validate inputs, avoid eval/exec on user data"
API-0114,insecure_api,nodejs,app.use(cors({ origin: '*' }));,NVD-CVE-2020-3113,CWE-942,CRITICAL,"Insecure API usage: disabled TLS validation, unsafe deserialization, or command injection","Enable TLS verification, validate inputs, avoid eval/exec on user data"
SAFE-0213,safe,python,password = os.environ['DB_PASSWORD'],NVD-SAFE-4212,N/A,NONE,Secure coding practice: parameterised query / env-based secret / proper TLS,N/A
SAFE-0291,safe,python,"cursor.execute('SELECT * FROM users WHERE id = %s', (user_id,))",OWASP-BENCHMARK-204290,N/A,NONE,Secure coding practice: parameterised query / env-based secret / proper TLS,N/A
API-0190,insecure_api,java,Runtime.getRuntime().exec(userInput);,NVD-CVE-2023-3189,CWE-78,CRITICAL,"Insecure API usage: disabled TLS validation, unsafe deserialization, or command injection","Enable TLS verification, validate inputs, avoid eval/exec on user data"
SEC-0116,hardcoded_secret,python,"STRIPE_SECRET = ""sk_live_51HqzGmKLN3yY6Xr2FAKEKEY9012""",OWASP-BENCHMARK-082115,CWE-798,CRITICAL,Credential or secret key hardcoded in source code,Store secrets in environment variables or a secrets manager
API-0299,insecure_api,python,"subprocess.call(request.form['cmd'], shell=True)",OWASP-BENCHMARK-153298,CWE-78,CRITICAL,"Insecure API usage: disabled TLS validation, unsafe deserialization, or command injection","Enable TLS verification, validate inputs, avoid eval/exec on user data"
SAFE-0035,safe,python,"requests.get(url, verify=True, cert=('/path/cert.pem','/path/key.pem'))",OWASP-BENCHMARK-224034,N/A,NONE,Secure coding practice: parameterised query / env-based secret / proper TLS,N/A
SQL-0266,sql_injection,python,"db.execute(f""INSERT INTO audit (msg) VALUES ('{msg}')"")",OWASP-BENCHMARK-031265,CWE-89,CRITICAL,Unsanitised user input concatenated directly into SQL query,Use parameterised queries / prepared statements
API-0032,insecure_api,java,"conn.setHostnameVerifier((h,s) -> true);",NVD-CVE-2019-3031,CWE-297,CRITICAL,"Insecure API usage: disabled TLS validation, unsafe deserialization, or command injection","Enable TLS verification, validate inputs, avoid eval/exec on user data"
SQL-0248,sql_injection,nodejs,db.query(`SELECT * FROM sessions WHERE token='${req.body.token}'`),OWASP-BENCHMARK-041247,CWE-89,HIGH,Unsanitised user input concatenated directly into SQL query,Use parameterised queries / prepared statements
API-0083,insecure_api,python,"flask.run(debug=True, host='0.0.0.0')",OWASP-BENCHMARK-123082,CWE-94,CRITICAL,"Insecure API usage: disabled TLS validation, unsafe deserialization, or command injection","Enable TLS verification, validate inputs, avoid eval/exec on user data"
SEC-0259,hardcoded_secret,python,"GITHUB_TOKEN = ""ghp_FakeTokenABCDEFGHIJKLMNOPQRSTUV""",NVD-CVE-2022-2258,CWE-798,CRITICAL,Credential or secret key hardcoded in source code,Store secrets in environment variables or a secrets manager
SAFE-0237,safe,python,import html; safe = html.escape(user_input),NVD-SAFE-4236,N/A,NONE,Secure coding practice: parameterised query / env-based secret / proper TLS,N/A
SAFE-0068,safe,nodejs,"const bcrypt = require('bcrypt'); bcrypt.hash(pwd, 12)",OWASP-BENCHMARK-244067,N/A,NONE,Secure coding practice: parameterised query / env-based secret / proper TLS,N/A
SAFE-0105,safe,python,"requests.get(url, verify=True, cert=('/path/cert.pem','/path/key.pem'))",OWASP-BENCHMARK-224104,N/A,NONE,Secure coding practice: parameterised query / env-based secret / proper TLS,N/A
SAFE-0085,safe,python,"requests.get(url, verify=True, cert=('/path/cert.pem','/path/key.pem'))",OWASP-BENCHMARK-224084,N/A,NONE,Secure coding practice: parameterised query / env-based secret / proper TLS,N/A
SQL-0295,sql_injection,java,"stmt.execute(""UPDATE users SET pass='"" + newPass + ""' WHERE user='"" + user + ""'"")",NVD-CVE-2020-1294,CWE-89,CRITICAL,Unsanitised user input concatenated directly into SQL query,Use parameterised queries / prepared statements
SEC-0220,hardcoded_secret,nodejs,"process.env.JWT_SECRET = ""hardcoded_jwt_secret_value"";",OWASP-BENCHMARK-102219,CWE-321,HIGH,Credential or secret key hardcoded in source code,Store secrets in environment variables or a secrets manager
API-0171,insecure_api,python,"requests.get(url, verify=False)",OWASP-BENCHMARK-113170,CWE-295,CRITICAL,"Insecure API usage: disabled TLS validation, unsafe deserialization, or command injection","Enable TLS verification, validate inputs, avoid eval/exec on user data"
SQL-0084,sql_injection,python,"cursor.execute(""DELETE FROM logs WHERE id="" + str(log_id))",OWASP-BENCHMARK-021083,CWE-89,HIGH,Unsanitised user input concatenated directly into SQL query,Use parameterised queries / prepared statements
SQL-0232,sql_injection,java,"String sql = ""SELECT * FROM orders WHERE uid='"" + uid + ""'"";",OWASP-BENCHMARK-011231,CWE-89,HIGH,Unsanitised user input concatenated directly into SQL query,Use parameterised queries / prepared statements
API-0021,insecure_api,python,"requests.get(url, verify=False)",OWASP-BENCHMARK-113020,CWE-295,HIGH,"Insecure API usage: disabled TLS validation, unsafe deserialization, or command injection","Enable TLS verification, validate inputs, avoid eval/exec on user data"
SEC-0034,hardcoded_secret,python,"SECRET_KEY = ""django-insecure-xyz987abc654def321""",OWASP-BENCHMARK-072033,CWE-321,HIGH,Credential or secret key hardcoded in source code,Store secrets in environment variables or a secrets manager
SQL-0130,sql_injection,java,"rs = stmt.executeQuery(""SELECT * FROM items WHERE category="" + cat)",OWASP-BENCHMARK-051129,CWE-89,HIGH,Unsanitised user input concatenated directly into SQL query,Use parameterised queries / prepared statements
SAFE-0112,safe,java,"PreparedStatement ps = conn.prepareStatement(""SELECT * FROM u WHERE id=?""); ps.setInt(1,uid);",OWASP-BENCHMARK-214111,N/A,NONE,Secure coding practice: parameterised query / env-based secret / proper TLS,N/A
API-0045,insecure_api,python,pickle.loads(user_supplied_bytes),OWASP-BENCHMARK-133044,CWE-502,MEDIUM,"Insecure API usage: disabled TLS validation, unsafe deserialization, or command injection","Enable TLS verification, validate inputs, avoid eval/exec on user data"
SAFE-0074,safe,nodejs,const secret = process.env.JWT_SECRET;,NVD-SAFE-4073,N/A,NONE,Secure coding practice: parameterised query / env-based secret / proper TLS,N/A
SEC-0083,hardcoded_secret,javascript,"const API_KEY = ""sk-live-abcd1234efgh5678ijkl9012"";",NVD-CVE-2019-2082,CWE-798,HIGH,Credential or secret key hardcoded in source code,Store secrets in environment variables or a secrets manager
API-0268,insecure_api,nodejs,"res.setHeader('Access-Control-Allow-Origin', req.headers.origin);",NVD-CVE-2022-3267,CWE-942,HIGH,"Insecure API usage: disabled TLS validation, unsafe deserialization, or command injection","Enable TLS verification, validate inputs, avoid eval/exec on user data"
SEC-0243,hardcoded_secret,javascript,"const API_KEY = ""sk-live-abcd1234efgh5678ijkl9012"";",NVD-CVE-2019-2242,CWE-798,HIGH,Credential or secret key hardcoded in source code,Store secrets in environment variables or a secrets manager
SAFE-0294,safe,nodejs,const secret = process.env.JWT_SECRET;,NVD-SAFE-4293,N/A,NONE,Secure coding practice: parameterised query / env-based secret / proper TLS,N/A
API-0275,insecure_api,python,pickle.loads(user_supplied_bytes),OWASP-BENCHMARK-133274,CWE-502,CRITICAL,"Insecure API usage: disabled TLS validation, unsafe deserialization, or command injection","Enable TLS verification, validate inputs, avoid eval/exec on user data"
SEC-0032,hardcoded_secret,java,"private static final String DB_PASS = ""P@ssw0rd123"";",OWASP-BENCHMARK-062031,CWE-798,HIGH,Credential or secret key hardcoded in source code,Store secrets in environment variables or a secrets manager
SEC-0110,hardcoded_secret,nodejs,"process.env.JWT_SECRET = ""hardcoded_jwt_secret_value"";",OWASP-BENCHMARK-102109,CWE-321,HIGH,Credential or secret key hardcoded in source code,Store secrets in environment variables or a secrets manager
SQL-0077,sql_injection,ruby,"User.where(""name = '#{params[:name]}'"")",NVD-CVE-2021-1076,CWE-89,CRITICAL,Unsanitised user input concatenated directly into SQL query,Use parameterised queries / prepared statements
API-0269,insecure_api,python,"subprocess.call(request.form['cmd'], shell=True)",OWASP-BENCHMARK-153268,CWE-78,MEDIUM,"Insecure API usage: disabled TLS validation, unsafe deserialization, or command injection","Enable TLS verification, validate inputs, avoid eval/exec on user data"
SQL-0139,sql_injection,python,"cursor.execute(""SELECT role FROM staff WHERE username='"" + uname + ""'"")",NVD-CVE-2022-1138,CWE-89,HIGH,Unsanitised user input concatenated directly into SQL query,Use parameterised queries / prepared statements
SEC-0244,hardcoded_secret,python,"SECRET_KEY = ""django-insecure-xyz987abc654def321""",OWASP-BENCHMARK-072243,CWE-321,HIGH,Credential or secret key hardcoded in source code,Store secrets in environment variables or a secrets manager
API-0074,insecure_api,nodejs,app.use(cors({ origin: '*' }));,NVD-CVE-2020-3073,CWE-942,MEDIUM,"Insecure API usage: disabled TLS validation, unsafe deserialization, or command injection","Enable TLS verification, validate inputs, avoid eval/exec on user data"
SAFE-0021,safe,python,"cursor.execute('SELECT * FROM users WHERE id = %s', (user_id,))",OWASP-BENCHMARK-204020,N/A,NONE,Secure coding practice: parameterised query / env-based secret / proper TLS,N/A
SQL-0064,sql_injection,python,"cursor.execute(""DELETE FROM logs WHERE id="" + str(log_id))",OWASP-BENCHMARK-021063,CWE-89,CRITICAL,Unsanitised user input concatenated directly into SQL query,Use parameterised queries / prepared statements
SQL-0142,sql_injection,java,"String sql = ""SELECT * FROM orders WHERE uid='"" + uid + ""'"";",OWASP-BENCHMARK-011141,CWE-89,HIGH,Unsanitised user input concatenated directly into SQL query,Use parameterised queries / prepared statements
API-0117,insecure_api,python,eval(request.args.get('expr')),OWASP-BENCHMARK-143116,CWE-95,CRITICAL,"Insecure API usage: disabled TLS validation, unsafe deserialization, or command injection","Enable TLS verification, validate inputs, avoid eval/exec on user data"
SEC-0077,hardcoded_secret,java,"String jwtSecret = ""my_ultra_secret_jwt_key_hardcoded"";",NVD-CVE-2021-2076,CWE-321,CRITICAL,Credential or secret key hardcoded in source code,Store secrets in environment variables or a secrets manager
SEC-0064,hardcoded_secret,python,"SECRET_KEY = ""django-insecure-xyz987abc654def321""",OWASP-BENCHMARK-072063,CWE-321,HIGH,Credential or secret key hardcoded in source code,Store secrets in environment variables or a secrets manager
SQL-0140,sql_injection,java,"rs = stmt.executeQuery(""SELECT * FROM items WHERE category="" + cat)",OWASP-BENCHMARK-051139,CWE-89,CRITICAL,Unsanitised user input concatenated directly into SQL query,Use parameterised queries / prepared statements
API-0285,insecure_api,python,pickle.loads(user_supplied_bytes),OWASP-BENCHMARK-133284,CWE-502,HIGH,"Insecure API usage: disabled TLS validation, unsafe deserialization, or command injection","Enable TLS verification, validate inputs, avoid eval/exec on user data"
SAFE-0142,safe,java,"PreparedStatement ps = conn.prepareStatement(""SELECT * FROM u WHERE id=?""); ps.setInt(1,uid);",OWASP-BENCHMARK-214141,N/A,NONE,Secure coding practice: parameterised query / env-based secret / proper TLS,N/A
SQL-0225,sql_injection,java,"stmt.execute(""UPDATE users SET pass='"" + newPass + ""' WHERE user='"" + user + ""'"")",NVD-CVE-2020-1224,CWE-89,HIGH,Unsanitised user input concatenated directly into SQL query,Use parameterised queries / prepared statements
SEC-0215,hardcoded_secret,yaml,"password: ""admin123""  # TODO: change before prod",NVD-CVE-2020-2214,CWE-259,HIGH,Credential or secret key hardcoded in source code,Store secrets in environment variables or a secrets manager
SQL-0267,sql_injection,ruby,"User.where(""name = '#{params[:name]}'"")",NVD-CVE-2021-1266,CWE-89,CRITICAL,Unsanitised user input concatenated directly into SQL query,Use parameterised queries / prepared statements
SAFE-0270,safe,java,"String q = ""SELECT * FROM t WHERE id=?""; stmt = con.prepareStatement(q); stmt.setString(1,id);",OWASP-BENCHMARK-254269,N/A,NONE,Secure coding practice: parameterised query / env-based secret / proper TLS,N/A
SEC-0187,hardcoded_secret,java,"String jwtSecret = ""my_ultra_secret_jwt_key_hardcoded"";",NVD-CVE-2021-2186,CWE-321,CRITICAL,Credential or secret key hardcoded in source code,Store secrets in environment variables or a secrets manager
SEC-0053,hardcoded_secret,javascript,"const API_KEY = ""sk-live-abcd1234efgh5678ijkl9012"";",NVD-CVE-2019-2052,CWE-798,CRITICAL,Credential or secret key hardcoded in source code,Store secrets in environment variables or a secrets manager
SAFE-0106,safe,java,"SSLContext ctx = SSLContext.getInstance(""TLSv1.3""); ctx.init(...);",OWASP-BENCHMARK-234105,N/A,NONE,Secure coding practice: parameterised query / env-based secret / proper TLS,N/A
API-0018,insecure_api,nodejs,"res.setHeader('Access-Control-Allow-Origin', req.headers.origin);",NVD-CVE-2022-3017,CWE-942,HIGH,"Insecure API usage: disabled TLS validation, unsafe deserialization, or command injection","Enable TLS verification, validate inputs, avoid eval/exec on user data"
API-0068,insecure_api,nodejs,"res.setHeader('Access-Control-Allow-Origin', req.headers.origin);",NVD-CVE-2022-3067,CWE-942,HIGH,"Insecure API usage: disabled TLS validation, unsafe deserialization, or command injection","Enable TLS verification, validate inputs, avoid eval/exec on user data"
API-0175,insecure_api,python,pickle.loads(user_supplied_bytes),OWASP-BENCHMARK-133174,CWE-502,MEDIUM,"Insecure API usage: disabled TLS validation, unsafe deserialization, or command injection","Enable TLS verification, validate inputs, avoid eval/exec on user data"
SEC-0254,hardcoded_secret,python,"SECRET_KEY = ""django-insecure-xyz987abc654def321""",OWASP-BENCHMARK-072253,CWE-321,CRITICAL,Credential or secret key hardcoded in source code,Store secrets in environment variables or a secrets manager
SEC-0276,hardcoded_secret,python,"STRIPE_SECRET = ""sk_live_51HqzGmKLN3yY6Xr2FAKEKEY9012""",OWASP-BENCHMARK-082275,CWE-798,CRITICAL,Credential or secret key hardcoded in source code,Store secrets in environment variables or a secrets manager
SAFE-0015,safe,python,"requests.get(url, verify=True, cert=('/path/cert.pem','/path/key.pem'))",OWASP-BENCHMARK-224014,N/A,NONE,Secure coding practice: parameterised query / env-based secret / proper TLS,N/A
SEC-0166,hardcoded_secret,python,"STRIPE_SECRET = ""sk_live_51HqzGmKLN3yY6Xr2FAKEKEY9012""",OWASP-BENCHMARK-082165,CWE-798,CRITICAL,Credential or secret key hardcoded in source code,Store secrets in environment variables or a secrets manager
SEC-0291,hardcoded_secret,python,"AWS_SECRET = ""wJalrXUtnFEMI/K7MDENG/bPxRfiCYEXAMPLEKEY""",NVD-CVE-2018-2290,CWE-798,HIGH,Credential or secret key hardcoded in source code,Store secrets in environment variables or a secrets manager
API-0165,insecure_api,python,pickle.loads(user_supplied_bytes),OWASP-BENCHMARK-133164,CWE-502,HIGH,"Insecure API usage: disabled TLS validation, unsafe deserialization, or command injection","Enable TLS verification, validate inputs, avoid eval/exec on user data"
API-0035,insecure_api,python,pickle.loads(user_supplied_bytes),OWASP-BENCHMARK-133034,CWE-502,MEDIUM,"Insecure API usage: disabled TLS validation, unsafe deserialization, or command injection","Enable TLS verification, validate inputs, avoid eval/exec on user data"
API-0238,insecure_api,nodejs,"res.setHeader('Access-Control-Allow-Origin', req.headers.origin);",NVD-CVE-2022-3237,CWE-942,CRITICAL,"Insecure API usage: disabled TLS validation, unsafe deserialization, or command injection","Enable TLS verification, validate inputs, avoid eval/exec on user data"
SQL-0290,sql_injection,java,"rs = stmt.executeQuery(""SELECT * FROM items WHERE category="" + cat)",OWASP-BENCHMARK-051289,CWE-89,CRITICAL,Unsanitised user input concatenated directly into SQL query,Use parameterised queries / prepared statements
SQL-0040,sql_injection,java,"rs = stmt.executeQuery(""SELECT * FROM items WHERE category="" + cat)",OWASP-BENCHMARK-051039,CWE-89,HIGH,Unsanitised user input concatenated directly into SQL query,Use parameterised queries / prepared statements
SQL-0031,sql_injection,python,"query = ""SELECT * FROM users WHERE id = "" + user_input",OWASP-BENCHMARK-001030,CWE-89,CRITICAL,Unsanitised user input concatenated directly into SQL query,Use parameterised queries / prepared statements
SQL-0243,sql_injection,php,"mysql_query(""SELECT * FROM products WHERE name='"" . $name . ""'"")",NVD-CVE-2019-1242,CWE-89,CRITICAL,Unsanitised user input concatenated directly into SQL query,Use parameterised queries / prepared statements
SEC-0129,hardcoded_secret,python,"GITHUB_TOKEN = ""ghp_FakeTokenABCDEFGHIJKLMNOPQRSTUV""",NVD-CVE-2022-2128,CWE-798,HIGH,Credential or secret key hardcoded in source code,Store secrets in environment variables or a secrets manager
SQL-0137,sql_injection,ruby,"User.where(""name = '#{params[:name]}'"")",NVD-CVE-2021-1136,CWE-89,HIGH,Unsanitised user input concatenated directly into SQL query,Use parameterised queries / prepared statements
SAFE-0201,safe,python,"cursor.execute('SELECT * FROM users WHERE id = %s', (user_id,))",OWASP-BENCHMARK-204200,N/A,NONE,Secure coding practice: parameterised query / env-based secret / proper TLS,N/A
API-0265,insecure_api,python,pickle.loads(user_supplied_bytes),OWASP-BENCHMARK-133264,CWE-502,MEDIUM,"Insecure API usage: disabled TLS validation, unsafe deserialization, or command injection","Enable TLS verification, validate inputs, avoid eval/exec on user data"
SQL-0004,sql_injection,python,"cursor.execute(""DELETE FROM logs WHERE id="" + str(log_id))",OWASP-BENCHMARK-021003,CWE-89,HIGH,Unsanitised user input concatenated directly into SQL query,Use parameterised queries / prepared statements
API-0233,insecure_api,python,"flask.run(debug=True, host='0.0.0.0')",OWASP-BENCHMARK-123232,CWE-94,CRITICAL,"Insecure API usage: disabled TLS validation, unsafe deserialization, or command injection","Enable TLS verification, validate inputs, avoid eval/exec on user data"
API-0003,insecure_api,python,"flask.run(debug=True, host='0.0.0.0')",OWASP-BENCHMARK-123002,CWE-94,MEDIUM,"Insecure API usage: disabled TLS validation, unsafe deserialization, or command injection","Enable TLS verification, validate inputs, avoid eval/exec on user data"
SAFE-0134,safe,nodejs,const secret = process.env.JWT_SECRET;,NVD-SAFE-4133,N/A,NONE,Secure coding practice: parameterised query / env-based secret / proper TLS,N/A
API-0055,insecure_api,python,pickle.loads(user_supplied_bytes),OWASP-BENCHMARK-133054,CWE-502,MEDIUM,"Insecure API usage: disabled TLS validation, unsafe deserialization, or command injection","Enable TLS verification, validate inputs, avoid eval/exec on user data"
API-0244,insecure_api,nodejs,app.use(cors({ origin: '*' }));,NVD-CVE-2020-3243,CWE-942,MEDIUM,"Insecure API usage: disabled TLS validation, unsafe deserialization, or command injection","Enable TLS verification, validate inputs, avoid eval/exec on user data"
API-0184,insecure_api,nodejs,app.use(cors({ origin: '*' }));,NVD-CVE-2020-3183,CWE-942,MEDIUM,"Insecure API usage: disabled TLS validation, unsafe deserialization, or command injection","Enable TLS verification, validate inputs, avoid eval/exec on user data"
SAFE-0174,safe,nodejs,const secret = process.env.JWT_SECRET;,NVD-SAFE-4173,N/A,NONE,Secure coding practice: parameterised query / env-based secret / proper TLS,N/A
SEC-0143,hardcoded_secret,javascript,"const API_KEY = ""sk-live-abcd1234efgh5678ijkl9012"";",NVD-CVE-2019-2142,CWE-798,HIGH,Credential or secret key hardcoded in source code,Store secrets in environment variables or a secrets manager
SAFE-0278,safe,nodejs,"const bcrypt = require('bcrypt'); bcrypt.hash(pwd, 12)",OWASP-BENCHMARK-244277,N/A,NONE,Secure coding practice: parameterised query / env-based secret / proper TLS,N/A
SEC-0136,hardcoded_secret,python,"STRIPE_SECRET = ""sk_live_51HqzGmKLN3yY6Xr2FAKEKEY9012""",OWASP-BENCHMARK-082135,CWE-798,CRITICAL,Credential or secret key hardcoded in source code,Store secrets in environment variables or a secrets manager
SAFE-0269,safe,python,import secrets; token = secrets.token_hex(32),NVD-SAFE-4268,N/A,NONE,Secure coding practice: parameterised query / env-based secret / proper TLS,N/A
SQL-0101,sql_injection,python,"query = ""SELECT * FROM users WHERE id = "" + user_input",OWASP-BENCHMARK-001100,CWE-89,CRITICAL,Unsanitised user input concatenated directly into SQL query,Use parameterised queries / prepared statements
API-0173,insecure_api,python,"flask.run(debug=True, host='0.0.0.0')",OWASP-BENCHMARK-123172,CWE-94,HIGH,"Insecure API usage: disabled TLS validation, unsafe deserialization, or command injection","Enable TLS verification, validate inputs, avoid eval/exec on user data"
SEC-0195,hardcoded_secret,yaml,"password: ""admin123""  # TODO: change before prod",NVD-CVE-2020-2194,CWE-259,HIGH,Credential or secret key hardcoded in source code,Store secrets in environment variables or a secrets manager
SAFE-0128,safe,nodejs,"const bcrypt = require('bcrypt'); bcrypt.hash(pwd, 12)",OWASP-BENCHMARK-244127,N/A,NONE,Secure coding practice: parameterised query / env-based secret / proper TLS,N/A
API-0207,insecure_api,python,eval(request.args.get('expr')),OWASP-BENCHMARK-143206,CWE-95,HIGH,"Insecure API usage: disabled TLS validation, unsafe deserialization, or command injection","Enable TLS verification, validate inputs, avoid eval/exec on user data"
SAFE-0242,safe,java,"PreparedStatement ps = conn.prepareStatement(""SELECT * FROM u WHERE id=?""); ps.setInt(1,uid);",OWASP-BENCHMARK-214241,N/A,NONE,Secure coding practice: parameterised query / env-based secret / proper TLS,N/A
API-0246,insecure_api,java,new ObjectInputStream(socket.getInputStream()).readObject();,NVD-CVE-2021-3245,CWE-502,HIGH,"Insecure API usage: disabled TLS validation, unsafe deserialization, or command injection","Enable TLS verification, validate inputs, avoid eval/exec on user data"
SAFE-0087,safe,python,import html; safe = html.escape(user_input),NVD-SAFE-4086,N/A,NONE,Secure coding practice: parameterised query / env-based secret / proper TLS,N/A
SQL-0228,sql_injection,nodejs,db.query(`SELECT * FROM sessions WHERE token='${req.body.token}'`),OWASP-BENCHMARK-041227,CWE-89,HIGH,Unsanitised user input concatenated directly into SQL query,Use parameterised queries / prepared statements
SAFE-0293,safe,python,password = os.environ['DB_PASSWORD'],NVD-SAFE-4292,N/A,NONE,Secure coding practice: parameterised query / env-based secret / proper TLS,N/A
API-0072,insecure_api,java,"conn.setHostnameVerifier((h,s) -> true);",NVD-CVE-2019-3071,CWE-297,HIGH,"Insecure API usage: disabled TLS validation, unsafe deserialization, or command injection","Enable TLS verification, validate inputs, avoid eval/exec on user data"
API-0259,insecure_api,python,"subprocess.call(request.form['cmd'], shell=True)",OWASP-BENCHMARK-153258,CWE-78,MEDIUM,"Insecure API usage: disabled TLS validation, unsafe deserialization, or command injection","Enable TLS verification, validate inputs, avoid eval/exec on user data"
SAFE-0025,safe,python,"requests.get(url, verify=True, cert=('/path/cert.pem','/path/key.pem'))",OWASP-BENCHMARK-224024,N/A,NONE,Secure coding practice: parameterised query / env-based secret / proper TLS,N/A
SQL-0067,sql_injection,ruby,"User.where(""name = '#{params[:name]}'"")",NVD-CVE-2021-1066,CWE-89,HIGH,Unsanitised user input concatenated directly into SQL query,Use parameterised queries / prepared statements
SQL-0068,sql_injection,nodejs,db.query(`SELECT * FROM sessions WHERE token='${req.body.token}'`),OWASP-BENCHMARK-041067,CWE-89,CRITICAL,Unsanitised user input concatenated directly into SQL query,Use parameterised queries / prepared statements
API-0217,insecure_api,python,eval(request.args.get('expr')),OWASP-BENCHMARK-143216,CWE-95,HIGH,"Insecure API usage: disabled TLS validation, unsafe deserialization, or command injection","Enable TLS verification, validate inputs, avoid eval/exec on user data"
SQL-0212,sql_injection,java,"String sql = ""SELECT * FROM orders WHERE uid='"" + uid + ""'"";",OWASP-BENCHMARK-011211,CWE-89,HIGH,Unsanitised user input concatenated directly into SQL query,Use parameterised queries / prepared statements
SQL-0013,sql_injection,php,"mysql_query(""SELECT * FROM products WHERE name='"" . $name . ""'"")",NVD-CVE-2019-1012,CWE-89,HIGH,Unsanitised user input concatenated directly into SQL query,Use parameterised queries / prepared statements
SEC-0194,hardcoded_secret,python,"SECRET_KEY = ""django-insecure-xyz987abc654def321""",OWASP-BENCHMARK-072193,CWE-321,CRITICAL,Credential or secret key hardcoded in source code,Store secrets in environment variables or a secrets manager
SAFE-0265,safe,python,"requests.get(url, verify=True, cert=('/path/cert.pem','/path/key.pem'))",OWASP-BENCHMARK-224264,N/A,NONE,Secure coding practice: parameterised query / env-based secret / proper TLS,N/A
SQL-0300,sql_injection,java,"rs = stmt.executeQuery(""SELECT * FROM items WHERE category="" + cat)",OWASP-BENCHMARK-051299,CWE-89,HIGH,Unsanitised user input concatenated directly into SQL query,Use parameterised queries / prepared statements
SEC-0111,hardcoded_secret,python,"AWS_SECRET = ""wJalrXUtnFEMI/K7MDENG/bPxRfiCYEXAMPLEKEY""",NVD-CVE-2018-2110,CWE-798,HIGH,Credential or secret key hardcoded in source code,Store secrets in environment variables or a secrets manager
API-0157,insecure_api,python,eval(request.args.get('expr')),OWASP-BENCHMARK-143156,CWE-95,MEDIUM,"Insecure API usage: disabled TLS validation, unsafe deserialization, or command injection","Enable TLS verification, validate inputs, avoid eval/exec on user data"
SAFE-0175,safe,python,"requests.get(url, verify=True, cert=('/path/cert.pem','/path/key.pem'))",OWASP-BENCHMARK-224174,N/A,NONE,Secure coding practice: parameterised query / env-based secret / proper TLS,N/A
API-0096,insecure_api,java,new ObjectInputStream(socket.getInputStream()).readObject();,NVD-CVE-2021-3095,CWE-502,CRITICAL,"Insecure API usage: disabled TLS validation, unsafe deserialization, or command injection","Enable TLS verification, validate inputs, avoid eval/exec on user data"
SAFE-0251,safe,python,"cursor.execute('SELECT * FROM users WHERE id = %s', (user_id,))",OWASP-BENCHMARK-204250,N/A,NONE,Secure coding practice: parameterised query / env-based secret / proper TLS,N/A
API-0124,insecure_api,nodejs,app.use(cors({ origin: '*' }));,NVD-CVE-2020-3123,CWE-942,MEDIUM,"Insecure API usage: disabled TLS validation, unsafe deserialization, or command injection","Enable TLS verification, validate inputs, avoid eval/exec on user data"
SAFE-0116,safe,java,"SSLContext ctx = SSLContext.getInstance(""TLSv1.3""); ctx.init(...);",OWASP-BENCHMARK-234115,N/A,NONE,Secure coding practice: parameterised query / env-based secret / proper TLS,N/A
SEC-0228,hardcoded_secret,php,"$db_password = ""root_pass_2023!"";",OWASP-BENCHMARK-092227,CWE-259,CRITICAL,Credential or secret key hardcoded in source code,Store secrets in environment variables or a secrets manager
SEC-0300,hardcoded_secret,nodejs,"process.env.JWT_SECRET = ""hardcoded_jwt_secret_value"";",OWASP-BENCHMARK-102299,CWE-321,HIGH,Credential or secret key hardcoded in source code,Store secrets in environment variables or a secrets manager
SAFE-0220,safe,java,"String q = ""SELECT * FROM t WHERE id=?""; stmt = con.prepareStatement(q); stmt.setString(1,id);",OWASP-BENCHMARK-254219,N/A,NONE,Secure coding practice: parameterised query / env-based secret / proper TLS,N/A
SEC-0267,hardcoded_secret,java,"String jwtSecret = ""my_ultra_secret_jwt_key_hardcoded"";",NVD-CVE-2021-2266,CWE-321,CRITICAL,Credential or secret key hardcoded in source code,Store secrets in environment variables or a secrets manager
API-0131,insecure_api,python,"requests.get(url, verify=False)",OWASP-BENCHMARK-113130,CWE-295,HIGH,"Insecure API usage: disabled TLS validation, unsafe deserialization, or command injection","Enable TLS verification, validate inputs, avoid eval/exec on user data"
SQL-0274,sql_injection,python,"cursor.execute(""DELETE FROM logs WHERE id="" + str(log_id))",OWASP-BENCHMARK-021273,CWE-89,HIGH,Unsanitised user input concatenated directly into SQL query,Use parameterised queries / prepared statements
SAFE-0067,safe,python,import html; safe = html.escape(user_input),NVD-SAFE-4066,N/A,NONE,Secure coding practice: parameterised query / env-based secret / proper TLS,N/A
SQL-0238,sql_injection,nodejs,db.query(`SELECT * FROM sessions WHERE token='${req.body.token}'`),OWASP-BENCHMARK-041237,CWE-89,CRITICAL,Unsanitised user input concatenated directly into SQL query,Use parameterised queries / prepared statements
SEC-0106,hardcoded_secret,python,"STRIPE_SECRET = ""sk_live_51HqzGmKLN3yY6Xr2FAKEKEY9012""",OWASP-BENCHMARK-082105,CWE-798,CRITICAL,Credential or secret key hardcoded in source code,Store secrets in environment variables or a secrets manager
SQL-0003,sql_injection,php,"mysql_query(""SELECT * FROM products WHERE name='"" . $name . ""'"")",NVD-CVE-2019-1002,CWE-89,CRITICAL,Unsanitised user input concatenated directly into SQL query,Use parameterised queries / prepared statements
SQL-0007,sql_injection,ruby,"User.where(""name = '#{params[:name]}'"")",NVD-CVE-2021-1006,CWE-89,HIGH,Unsanitised user input concatenated directly into SQL query,Use parameterised queries / prepared statements
SEC-0012,hardcoded_secret,java,"private static final String DB_PASS = ""P@ssw0rd123"";",OWASP-BENCHMARK-062011,CWE-798,CRITICAL,Credential or secret key hardcoded in source code,Store secrets in environment variables or a secrets manager
SAFE-0191,safe,python,"cursor.execute('SELECT * FROM users WHERE id = %s', (user_id,))",OWASP-BENCHMARK-204190,N/A,NONE,Secure coding practice: parameterised query / env-based secret / proper TLS,N/A
SEC-0152,hardcoded_secret,java,"private static final String DB_PASS = ""P@ssw0rd123"";",OWASP-BENCHMARK-062151,CWE-798,CRITICAL,Credential or secret key hardcoded in source code,Store secrets in environment variables or a secrets manager
API-0122,insecure_api,java,"conn.setHostnameVerifier((h,s) -> true);",NVD-CVE-2019-3121,CWE-297,CRITICAL,"Insecure API usage: disabled TLS validation, unsafe deserialization, or command injection","Enable TLS verification, validate inputs, avoid eval/exec on user data"
SQL-0216,sql_injection,python,"db.execute(f""INSERT INTO audit (msg) VALUES ('{msg}')"")",OWASP-BENCHMARK-031215,CWE-89,CRITICAL,Unsanitised user input concatenated directly into SQL query,Use parameterised queries / prepared statements
SAFE-0186,safe,java,"SSLContext ctx = SSLContext.getInstance(""TLSv1.3""); ctx.init(...);",OWASP-BENCHMARK-234185,N/A,NONE,Secure coding practice: parameterised query / env-based secret / proper TLS,N/A
SQL-0028,sql_injection,nodejs,db.query(`SELECT * FROM sessions WHERE token='${req.body.token}'`),OWASP-BENCHMARK-041027,CWE-89,CRITICAL,Unsanitised user input concatenated directly into SQL query,Use parameterised queries / prepared statements
SAFE-0258,safe,nodejs,"const bcrypt = require('bcrypt'); bcrypt.hash(pwd, 12)",OWASP-BENCHMARK-244257,N/A,NONE,Secure coding practice: parameterised query / env-based secret / proper TLS,N/A
SEC-0062,hardcoded_secret,java,"private static final String DB_PASS = ""P@ssw0rd123"";",OWASP-BENCHMARK-062061,CWE-798,HIGH,Credential or secret key hardcoded in source code,Store secrets in environment variables or a secrets manager
API-0223,insecure_api,python,"flask.run(debug=True, host='0.0.0.0')",OWASP-BENCHMARK-123222,CWE-94,HIGH,"Insecure API usage: disabled TLS validation, unsafe deserialization, or command injection","Enable TLS verification, validate inputs, avoid eval/exec on user data"
API-0181,insecure_api,python,"requests.get(url, verify=False)",OWASP-BENCHMARK-113180,CWE-295,CRITICAL,"Insecure API usage: disabled TLS validation, unsafe deserialization, or command injection","Enable TLS verification, validate inputs, avoid eval/exec on user data"
API-0029,insecure_api,python,"subprocess.call(request.form['cmd'], shell=True)",OWASP-BENCHMARK-153028,CWE-78,HIGH,"Insecure API usage: disabled TLS validation, unsafe deserialization, or command injection","Enable TLS verification, validate inputs, avoid eval/exec on user data"
SEC-0154,hardcoded_secret,python,"SECRET_KEY = ""django-insecure-xyz987abc654def321""",OWASP-BENCHMARK-072153,CWE-321,CRITICAL,Credential or secret key hardcoded in source code,Store secrets in environment variables or a secrets manager
API-0139,insecure_api,python,"subprocess.call(request.form['cmd'], shell=True)",OWASP-BENCHMARK-153138,CWE-78,MEDIUM,"Insecure API usage: disabled TLS validation, unsafe deserialization, or command injection","Enable TLS verification, validate inputs, avoid eval/exec on user data"
SEC-0236,hardcoded_secret,python,"STRIPE_SECRET = ""sk_live_51HqzGmKLN3yY6Xr2FAKEKEY9012""",OWASP-BENCHMARK-082235,CWE-798,HIGH,Credential or secret key hardcoded in source code,Store secrets in environment variables or a secrets manager
SAFE-0150,safe,java,"String q = ""SELECT * FROM t WHERE id=?""; stmt = con.prepareStatement(q); stmt.setString(1,id);",OWASP-BENCHMARK-254149,N/A,NONE,Secure coding practice: parameterised query / env-based secret / proper TLS,N/A
SEC-0099,hardcoded_secret,python,"GITHUB_TOKEN = ""ghp_FakeTokenABCDEFGHIJKLMNOPQRSTUV""",NVD-CVE-2022-2098,CWE-798,CRITICAL,Credential or secret key hardcoded in source code,Store secrets in environment variables or a secrets manager
SQL-0257,sql_injection,ruby,"User.where(""name = '#{params[:name]}'"")",NVD-CVE-2021-1256,CWE-89,CRITICAL,Unsanitised user input concatenated directly into SQL query,Use parameterised queries / prepared statements
SQL-0292,sql_injection,java,"String sql = ""SELECT * FROM orders WHERE uid='"" + uid + ""'"";",OWASP-BENCHMARK-011291,CWE-89,HIGH,Unsanitised user input concatenated directly into SQL query,Use parameterised queries / prepared statements
SQL-0026,sql_injection,python,"db.execute(f""INSERT INTO audit (msg) VALUES ('{msg}')"")",OWASP-BENCHMARK-031025,CWE-89,HIGH,Unsanitised user input concatenated directly into SQL query,Use parameterised queries / prepared statements
SEC-0037,hardcoded_secret,java,"String jwtSecret = ""my_ultra_secret_jwt_key_hardcoded"";",NVD-CVE-2021-2036,CWE-321,CRITICAL,Credential or secret key hardcoded in source code,Store secrets in environment variables or a secrets manager
SEC-0285,hardcoded_secret,yaml,"password: ""admin123""  # TODO: change before prod",NVD-CVE-2020-2284,CWE-259,CRITICAL,Credential or secret key hardcoded in source code,Store secrets in environment variables or a secrets manager
SQL-0048,sql_injection,nodejs,db.query(`SELECT * FROM sessions WHERE token='${req.body.token}'`),OWASP-BENCHMARK-041047,CWE-89,HIGH,Unsanitised user input concatenated directly into SQL query,Use parameterised queries / prepared statements
SEC-0019,hardcoded_secret,python,"GITHUB_TOKEN = ""ghp_FakeTokenABCDEFGHIJKLMNOPQRSTUV""",NVD-CVE-2022-2018,CWE-798,HIGH,Credential or secret key hardcoded in source code,Store secrets in environment variables or a secrets manager
SQL-0107,sql_injection,ruby,"User.where(""name = '#{params[:name]}'"")",NVD-CVE-2021-1106,CWE-89,CRITICAL,Unsanitised user input concatenated directly into SQL query,Use parameterised queries / prepared statements
API-0199,insecure_api,python,"subprocess.call(request.form['cmd'], shell=True)",OWASP-BENCHMARK-153198,CWE-78,HIGH,"Insecure API usage: disabled TLS validation, unsafe deserialization, or command injection","Enable TLS verification, validate inputs, avoid eval/exec on user data"
SQL-0056,sql_injection,python,"db.execute(f""INSERT INTO audit (msg) VALUES ('{msg}')"")",OWASP-BENCHMARK-031055,CWE-89,CRITICAL,Unsanitised user input concatenated directly into SQL query,Use parameterised queries / prepared statements
SEC-0223,hardcoded_secret,javascript,"const API_KEY = ""sk-live-abcd1234efgh5678ijkl9012"";",NVD-CVE-2019-2222,CWE-798,HIGH,Credential or secret key hardcoded in source code,Store secrets in environment variables or a secrets manager
SQL-0214,sql_injection,python,"cursor.execute(""DELETE FROM logs WHERE id="" + str(log_id))",OWASP-BENCHMARK-021213,CWE-89,HIGH,Unsanitised user input concatenated directly into SQL query,Use parameterised queries / prepared statements
SQL-0121,sql_injection,python,"query = ""SELECT * FROM users WHERE id = "" + user_input",OWASP-BENCHMARK-001120,CWE-89,HIGH,Unsanitised user input concatenated directly into SQL query,Use parameterised queries / prepared statements
SAFE-0018,safe,nodejs,"const bcrypt = require('bcrypt'); bcrypt.hash(pwd, 12)",OWASP-BENCHMARK-244017,N/A,NONE,Secure coding practice: parameterised query / env-based secret / proper TLS,N/A
SAFE-0168,safe,nodejs,"const bcrypt = require('bcrypt'); bcrypt.hash(pwd, 12)",OWASP-BENCHMARK-244167,N/A,NONE,Secure coding practice: parameterised query / env-based secret / proper TLS,N/A
SAFE-0218,safe,nodejs,"const bcrypt = require('bcrypt'); bcrypt.hash(pwd, 12)",OWASP-BENCHMARK-244217,N/A,NONE,Secure coding practice: parameterised query / env-based secret / proper TLS,N/A
SQL-0073,sql_injection,php,"mysql_query(""SELECT * FROM products WHERE name='"" . $name . ""'"")",NVD-CVE-2019-1072,CWE-89,CRITICAL,Unsanitised user input concatenated directly into SQL query,Use parameterised queries / prepared statements
SAFE-0048,safe,nodejs,"const bcrypt = require('bcrypt'); bcrypt.hash(pwd, 12)",OWASP-BENCHMARK-244047,N/A,NONE,Secure coding practice: parameterised query / env-based secret / proper TLS,N/A
API-0147,insecure_api,python,eval(request.args.get('expr')),OWASP-BENCHMARK-143146,CWE-95,HIGH,"Insecure API usage: disabled TLS validation, unsafe deserialization, or command injection","Enable TLS verification, validate inputs, avoid eval/exec on user data"
API-0116,insecure_api,java,new ObjectInputStream(socket.getInputStream()).readObject();,NVD-CVE-2021-3115,CWE-502,HIGH,"Insecure API usage: disabled TLS validation, unsafe deserialization, or command injection","Enable TLS verification, validate inputs, avoid eval/exec on user data"
SEC-0258,hardcoded_secret,php,"$db_password = ""root_pass_2023!"";",OWASP-BENCHMARK-092257,CWE-259,HIGH,Credential or secret key hardcoded in source code,Store secrets in environment variables or a secrets manager
SAFE-0182,safe,java,"PreparedStatement ps = conn.prepareStatement(""SELECT * FROM u WHERE id=?""); ps.setInt(1,uid);",OWASP-BENCHMARK-214181,N/A,NONE,Secure coding practice: parameterised query / env-based secret / proper TLS,N/A
SAFE-0146,safe,java,"SSLContext ctx = SSLContext.getInstance(""TLSv1.3""); ctx.init(...);",OWASP-BENCHMARK-234145,N/A,NONE,Secure coding practice: parameterised query / env-based secret / proper TLS,N/A
SEC-0253,hardcoded_secret,javascript,"const API_KEY = ""sk-live-abcd1234efgh5678ijkl9012"";",NVD-CVE-2019-2252,CWE-798,HIGH,Credential or secret key hardcoded in source code,Store secrets in environment variables or a secrets manager
SEC-0262,hardcoded_secret,java,"private static final String DB_PASS = ""P@ssw0rd123"";",OWASP-BENCHMARK-062261,CWE-798,HIGH,Credential or secret key hardcoded in source code,Store secrets in environment variables or a secrets manager
SEC-0125,hardcoded_secret,yaml,"password: ""admin123""  # TODO: change before prod",NVD-CVE-2020-2124,CWE-259,CRITICAL,Credential or secret key hardcoded in source code,Store secrets in environment variables or a secrets manager
SAFE-0114,safe,nodejs,const secret = process.env.JWT_SECRET;,NVD-SAFE-4113,N/A,NONE,Secure coding practice: parameterised query / env-based secret / proper TLS,N/A
SEC-0026,hardcoded_secret,python,"STRIPE_SECRET = ""sk_live_51HqzGmKLN3yY6Xr2FAKEKEY9012""",OWASP-BENCHMARK-082025,CWE-798,CRITICAL,Credential or secret key hardcoded in source code,Store secrets in environment variables or a secrets manager
SAFE-0024,safe,nodejs,const secret = process.env.JWT_SECRET;,NVD-SAFE-4023,N/A,NONE,Secure coding practice: parameterised query / env-based secret / proper TLS,N/A
SEC-0017,hardcoded_secret,java,"String jwtSecret = ""my_ultra_secret_jwt_key_hardcoded"";",NVD-CVE-2021-2016,CWE-321,CRITICAL,Credential or secret key hardcoded in source code,Store secrets in environment variables or a secrets manager
API-0204,insecure_api,nodejs,app.use(cors({ origin: '*' }));,NVD-CVE-2020-3203,CWE-942,HIGH,"Insecure API usage: disabled TLS validation, unsafe deserialization, or command injection","Enable TLS verification, validate inputs, avoid eval/exec on user data"
SAFE-0263,safe,python,password = os.environ['DB_PASSWORD'],NVD-SAFE-4262,N/A,NONE,Secure coding practice: parameterised query / env-based secret / proper TLS,N/A
SEC-0229,hardcoded_secret,python,"GITHUB_TOKEN = ""ghp_FakeTokenABCDEFGHIJKLMNOPQRSTUV""",NVD-CVE-2022-2228,CWE-798,HIGH,Credential or secret key hardcoded in source code,Store secrets in environment variables or a secrets manager
API-0237,insecure_api,python,eval(request.args.get('expr')),OWASP-BENCHMARK-143236,CWE-95,MEDIUM,"Insecure API usage: disabled TLS validation, unsafe deserialization, or command injection","Enable TLS verification, validate inputs, avoid eval/exec on user data"
API-0115,insecure_api,python,pickle.loads(user_supplied_bytes),OWASP-BENCHMARK-133114,CWE-502,MEDIUM,"Insecure API usage: disabled TLS validation, unsafe deserialization, or command injection","Enable TLS verification, validate inputs, avoid eval/exec on user data"
SAFE-0001,safe,python,"cursor.execute('SELECT * FROM users WHERE id = %s', (user_id,))",OWASP-BENCHMARK-204000,N/A,NONE,Secure coding practice: parameterised query / env-based secret / proper TLS,N/A
SQL-0061,sql_injection,python,"query = ""SELECT * FROM users WHERE id = "" + user_input",OWASP-BENCHMARK-001060,CWE-89,HIGH,Unsanitised user input concatenated directly into SQL query,Use parameterised queries / prepared statements
API-0123,insecure_api,python,"flask.run(debug=True, host='0.0.0.0')",OWASP-BENCHMARK-123122,CWE-94,MEDIUM,"Insecure API usage: disabled TLS validation, unsafe deserialization, or command injection","Enable TLS verification, validate inputs, avoid eval/exec on user data"
SQL-0093,sql_injection,php,"mysql_query(""SELECT * FROM products WHERE name='"" . $name . ""'"")",NVD-CVE-2019-1092,CWE-89,HIGH,Unsanitised user input concatenated directly into SQL query,Use parameterised queries / prepared statements
API-0258,insecure_api,nodejs,"res.setHeader('Access-Control-Allow-Origin', req.headers.origin);",NVD-CVE-2022-3257,CWE-942,CRITICAL,"Insecure API usage: disabled TLS validation, unsafe deserialization, or command injection","Enable TLS verification, validate inputs, avoid eval/exec on user data"
API-0019,insecure_api,python,"subprocess.call(request.form['cmd'], shell=True)",OWASP-BENCHMARK-153018,CWE-78,HIGH,"Insecure API usage: disabled TLS validation, unsafe deserialization, or command injection","Enable TLS verification, validate inputs, avoid eval/exec on user data"
SEC-0052,hardcoded_secret,java,"private static final String DB_PASS = ""P@ssw0rd123"";",OWASP-BENCHMARK-062051,CWE-798,HIGH,Credential or secret key hardcoded in source code,Store secrets in environment variables or a secrets manager
SAFE-0033,safe,python,password = os.environ['DB_PASSWORD'],NVD-SAFE-4032,N/A,NONE,Secure coding practice: parameterised query / env-based secret / proper TLS,N/A
SQL-0281,sql_injection,python,"query = ""SELECT * FROM users WHERE id = "" + user_input",OWASP-BENCHMARK-001280,CWE-89,HIGH,Unsanitised user input concatenated directly into SQL query,Use parameterised queries / prepared statements
SEC-0121,hardcoded_secret,python,"AWS_SECRET = ""wJalrXUtnFEMI/K7MDENG/bPxRfiCYEXAMPLEKEY""",NVD-CVE-2018-2120,CWE-798,HIGH,Credential or secret key hardcoded in source code,Store secrets in environment variables or a secrets manager
SAFE-0215,safe,python,"requests.get(url, verify=True, cert=('/path/cert.pem','/path/key.pem'))",OWASP-BENCHMARK-224214,N/A,NONE,Secure coding practice: parameterised query / env-based secret / proper TLS,N/A
SEC-0060,hardcoded_secret,nodejs,"process.env.JWT_SECRET = ""hardcoded_jwt_secret_value"";",OWASP-BENCHMARK-102059,CWE-321,CRITICAL,Credential or secret key hardcoded in source code,Store secrets in environment variables or a secrets manager
SEC-0123,hardcoded_secret,javascript,"const API_KEY = ""sk-live-abcd1234efgh5678ijkl9012"";",NVD-CVE-2019-2122,CWE-798,HIGH,Credential or secret key hardcoded in source code,Store secrets in environment variables or a secrets manager
API-0079,insecure_api,python,"subprocess.call(request.form['cmd'], shell=True)",OWASP-BENCHMARK-153078,CWE-78,HIGH,"Insecure API usage: disabled TLS validation, unsafe deserialization, or command injection","Enable TLS verification, validate inputs, avoid eval/exec on user data"
SEC-0227,hardcoded_secret,java,"String jwtSecret = ""my_ultra_secret_jwt_key_hardcoded"";",NVD-CVE-2021-2226,CWE-321,HIGH,Credential or secret key hardcoded in source code,Store secrets in environment variables or a secrets manager
SEC-0178,hardcoded_secret,php,"$db_password = ""root_pass_2023!"";",OWASP-BENCHMARK-092177,CWE-259,CRITICAL,Credential or secret key hardcoded in source code,Store secrets in environment variables or a secrets manager
SAFE-0195,safe,python,"requests.get(url, verify=True, cert=('/path/cert.pem','/path/key.pem'))",OWASP-BENCHMARK-224194,N/A,NONE,Secure coding practice: parameterised query / env-based secret / proper TLS,N/A
SQL-0183,sql_injection,php,"mysql_query(""SELECT * FROM products WHERE name='"" . $name . ""'"")",NVD-CVE-2019-1182,CWE-89,HIGH,Unsanitised user input concatenated directly into SQL query,Use parameterised queries / prepared statements
SAFE-0192,safe,java,"PreparedStatement ps = conn.prepareStatement(""SELECT * FROM u WHERE id=?""); ps.setInt(1,uid);",OWASP-BENCHMARK-214191,N/A,NONE,Secure coding practice: parameterised query / env-based secret / proper TLS,N/A
SEC-0133,hardcoded_secret,javascript,"const API_KEY = ""sk-live-abcd1234efgh5678ijkl9012"";",NVD-CVE-2019-2132,CWE-798,HIGH,Credential or secret key hardcoded in source code,Store secrets in environment variables or a secrets manager
SQL-0111,sql_injection,python,"query = ""SELECT * FROM users WHERE id = "" + user_input",OWASP-BENCHMARK-001110,CWE-89,HIGH,Unsanitised user input concatenated directly into SQL query,Use parameterised queries / prepared statements
SEC-0071,hardcoded_secret,python,"AWS_SECRET = ""wJalrXUtnFEMI/K7MDENG/bPxRfiCYEXAMPLEKEY""",NVD-CVE-2018-2070,CWE-798,CRITICAL,Credential or secret key hardcoded in source code,Store secrets in environment variables or a secrets manager
SQL-0240,sql_injection,java,"rs = stmt.executeQuery(""SELECT * FROM items WHERE category="" + cat)",OWASP-BENCHMARK-051239,CWE-89,HIGH,Unsanitised user input concatenated directly into SQL query,Use parameterised queries / prepared statements
API-0109,insecure_api,python,"subprocess.call(request.form['cmd'], shell=True)",OWASP-BENCHMARK-153108,CWE-78,MEDIUM,"Insecure API usage: disabled TLS validation, unsafe deserialization, or command injection","Enable TLS verification, validate inputs, avoid eval/exec on user data"
API-0030,insecure_api,java,Runtime.getRuntime().exec(userInput);,NVD-CVE-2023-3029,CWE-78,MEDIUM,"Insecure API usage: disabled TLS validation, unsafe deserialization, or command injection","Enable TLS verification, validate inputs, avoid eval/exec on user data"
SEC-0294,hardcoded_secret,python,"SECRET_KEY = ""django-insecure-xyz987abc654def321""",OWASP-BENCHMARK-072293,CWE-321,CRITICAL,Credential or secret key hardcoded in source code,Store secrets in environment variables or a secrets manager
SEC-0186,hardcoded_secret,python,"STRIPE_SECRET = ""sk_live_51HqzGmKLN3yY6Xr2FAKEKEY9012""",OWASP-BENCHMARK-082185,CWE-798,HIGH,Credential or secret key hardcoded in source code,Store secrets in environment variables or a secrets manager
API-0101,insecure_api,python,"requests.get(url, verify=False)",OWASP-BENCHMARK-113100,CWE-295,HIGH,"Insecure API usage: disabled TLS validation, unsafe deserialization, or command injection","Enable TLS verification, validate inputs, avoid eval/exec on user data"
SQL-0262,sql_injection,java,"String sql = ""SELECT * FROM orders WHERE uid='"" + uid + ""'"";",OWASP-BENCHMARK-011261,CWE-89,HIGH,Unsanitised user input concatenated directly into SQL query,Use parameterised queries / prepared statements
SEC-0180,hardcoded_secret,nodejs,"process.env.JWT_SECRET = ""hardcoded_jwt_secret_value"";",OWASP-BENCHMARK-102179,CWE-321,HIGH,Credential or secret key hardcoded in source code,Store secrets in environment variables or a secrets manager
API-0050,insecure_api,java,Runtime.getRuntime().exec(userInput);,NVD-CVE-2023-3049,CWE-78,MEDIUM,"Insecure API usage: disabled TLS validation, unsafe deserialization, or command injection","Enable TLS verification, validate inputs, avoid eval/exec on user data"
SEC-0040,hardcoded_secret,nodejs,"process.env.JWT_SECRET = ""hardcoded_jwt_secret_value"";",OWASP-BENCHMARK-102039,CWE-321,HIGH,Credential or secret key hardcoded in source code,Store secrets in environment variables or a secrets manager
API-0069,insecure_api,python,"subprocess.call(request.form['cmd'], shell=True)",OWASP-BENCHMARK-153068,CWE-78,HIGH,"Insecure API usage: disabled TLS validation, unsafe deserialization, or command injection","Enable TLS verification, validate inputs, avoid eval/exec on user data"
SEC-0252,hardcoded_secret,java,"private static final String DB_PASS = ""P@ssw0rd123"";",OWASP-BENCHMARK-062251,CWE-798,CRITICAL,Credential or secret key hardcoded in source code,Store secrets in environment variables or a secrets manager
SEC-0159,hardcoded_secret,python,"GITHUB_TOKEN = ""ghp_FakeTokenABCDEFGHIJKLMNOPQRSTUV""",NVD-CVE-2022-2158,CWE-798,CRITICAL,Credential or secret key hardcoded in source code,Store secrets in environment variables or a secrets manager
SQL-0184,sql_injection,python,"cursor.execute(""DELETE FROM logs WHERE id="" + str(log_id))",OWASP-BENCHMARK-021183,CWE-89,HIGH,Unsanitised user input concatenated directly into SQL query,Use parameterised queries / prepared statements
SQL-0138,sql_injection,nodejs,db.query(`SELECT * FROM sessions WHERE token='${req.body.token}'`),OWASP-BENCHMARK-041137,CWE-89,CRITICAL,Unsanitised user input concatenated directly into SQL query,Use parameterised queries / prepared statements
SAFE-0261,safe,python,"cursor.execute('SELECT * FROM users WHERE id = %s', (user_id,))",OWASP-BENCHMARK-204260,N/A,NONE,Secure coding practice: parameterised query / env-based secret / proper TLS,N/A
API-0107,insecure_api,python,eval(request.args.get('expr')),OWASP-BENCHMARK-143106,CWE-95,CRITICAL,"Insecure API usage: disabled TLS validation, unsafe deserialization, or command injection","Enable TLS verification, validate inputs, avoid eval/exec on user data"
SEC-0282,hardcoded_secret,java,"private static final String DB_PASS = ""P@ssw0rd123"";",OWASP-BENCHMARK-062281,CWE-798,HIGH,Credential or secret key hardcoded in source code,Store secrets in environment variables or a secrets manager
SQL-0081,sql_injection,python,"query = ""SELECT * FROM users WHERE id = "" + user_input",OWASP-BENCHMARK-001080,CWE-89,CRITICAL,Unsanitised user input concatenated directly into SQL query,Use parameterised queries / prepared statements
API-0169,insecure_api,python,"subprocess.call(request.form['cmd'], shell=True)",OWASP-BENCHMARK-153168,CWE-78,HIGH,"Insecure API usage: disabled TLS validation, unsafe deserialization, or command injection","Enable TLS verification, validate inputs, avoid eval/exec on user data"
API-0270,insecure_api,java,Runtime.getRuntime().exec(userInput);,NVD-CVE-2023-3269,CWE-78,CRITICAL,"Insecure API usage: disabled TLS validation, unsafe deserialization, or command injection","Enable TLS verification, validate inputs, avoid eval/exec on user data"
API-0162,insecure_api,java,"conn.setHostnameVerifier((h,s) -> true);",NVD-CVE-2019-3161,CWE-297,HIGH,"Insecure API usage: disabled TLS validation, unsafe deserialization, or command injection","Enable TLS verification, validate inputs, avoid eval/exec on user data"
SQL-0030,sql_injection,java,"rs = stmt.executeQuery(""SELECT * FROM items WHERE category="" + cat)",OWASP-BENCHMARK-051029,CWE-89,HIGH,Unsanitised user input concatenated directly into SQL query,Use parameterised queries / prepared statements
SEC-0242,hardcoded_secret,java,"private static final String DB_PASS = ""P@ssw0rd123"";",OWASP-BENCHMARK-062241,CWE-798,CRITICAL,Credential or secret key hardcoded in source code,Store secrets in environment variables or a secrets manager
SQL-0166,sql_injection,python,"db.execute(f""INSERT INTO audit (msg) VALUES ('{msg}')"")",OWASP-BENCHMARK-031165,CWE-89,CRITICAL,Unsanitised user input concatenated directly into SQL query,Use parameterised queries / prepared statements
SQL-0249,sql_injection,python,"cursor.execute(""SELECT role FROM staff WHERE username='"" + uname + ""'"")",NVD-CVE-2022-1248,CWE-89,CRITICAL,Unsanitised user input concatenated directly into SQL query,Use parameterised queries / prepared statements
SEC-0008,hardcoded_secret,php,"$db_password = ""root_pass_2023!"";",OWASP-BENCHMARK-092007,CWE-259,HIGH,Credential or secret key hardcoded in source code,Store secrets in environment variables or a secrets manager
SEC-0148,hardcoded_secret,php,"$db_password = ""root_pass_2023!"";",OWASP-BENCHMARK-092147,CWE-259,CRITICAL,Credential or secret key hardcoded in source code,Store secrets in environment variables or a secrets manager
SEC-0047,hardcoded_secret,java,"String jwtSecret = ""my_ultra_secret_jwt_key_hardcoded"";",NVD-CVE-2021-2046,CWE-321,CRITICAL,Credential or secret key hardcoded in source code,Store secrets in environment variables or a secrets manager
SEC-0035,hardcoded_secret,yaml,"password: ""admin123""  # TODO: change before prod",NVD-CVE-2020-2034,CWE-259,HIGH,Credential or secret key hardcoded in source code,Store secrets in environment variables or a secrets manager
SQL-0286,sql_injection,python,"db.execute(f""INSERT INTO audit (msg) VALUES ('{msg}')"")",OWASP-BENCHMARK-031285,CWE-89,CRITICAL,Unsanitised user input concatenated directly into SQL query,Use parameterised queries / prepared statements
SAFE-0050,safe,java,"String q = ""SELECT * FROM t WHERE id=?""; stmt = con.prepareStatement(q); stmt.setString(1,id);",OWASP-BENCHMARK-254049,N/A,NONE,Secure coding practice: parameterised query / env-based secret / proper TLS,N/A
SQL-0098,sql_injection,nodejs,db.query(`SELECT * FROM sessions WHERE token='${req.body.token}'`),OWASP-BENCHMARK-041097,CWE-89,CRITICAL,Unsanitised user input concatenated directly into SQL query,Use parameterised queries / prepared statements
SEC-0168,hardcoded_secret,php,"$db_password = ""root_pass_2023!"";",OWASP-BENCHMARK-092167,CWE-259,HIGH,Credential or secret key hardcoded in source code,Store secrets in environment variables or a secrets manager
SAFE-0137,safe,python,import html; safe = html.escape(user_input),NVD-SAFE-4136,N/A,NONE,Secure coding practice: parameterised query / env-based secret / proper TLS,N/A
SAFE-0013,safe,python,password = os.environ['DB_PASSWORD'],NVD-SAFE-4012,N/A,NONE,Secure coding practice: parameterised query / env-based secret / proper TLS,N/A
API-0156,insecure_api,java,new ObjectInputStream(socket.getInputStream()).readObject();,NVD-CVE-2021-3155,CWE-502,MEDIUM,"Insecure API usage: disabled TLS validation, unsafe deserialization, or command injection","Enable TLS verification, validate inputs, avoid eval/exec on user data"
SAFE-0045,safe,python,"requests.get(url, verify=True, cert=('/path/cert.pem','/path/key.pem'))",OWASP-BENCHMARK-224044,N/A,NONE,Secure coding practice: parameterised query / env-based secret / proper TLS,N/A
API-0014,insecure_api,nodejs,app.use(cors({ origin: '*' }));,NVD-CVE-2020-3013,CWE-942,HIGH,"Insecure API usage: disabled TLS validation, unsafe deserialization, or command injection","Enable TLS verification, validate inputs, avoid eval/exec on user data"
API-0202,insecure_api,java,"conn.setHostnameVerifier((h,s) -> true);",NVD-CVE-2019-3201,CWE-297,HIGH,"Insecure API usage: disabled TLS validation, unsafe deserialization, or command injection","Enable TLS verification, validate inputs, avoid eval/exec on user data"
API-0158,insecure_api,nodejs,"res.setHeader('Access-Control-Allow-Origin', req.headers.origin);",NVD-CVE-2022-3157,CWE-942,HIGH,"Insecure API usage: disabled TLS validation, unsafe deserialization, or command injection","Enable TLS verification, validate inputs, avoid eval/exec on user data"
API-0089,insecure_api,python,"subprocess.call(request.form['cmd'], shell=True)",OWASP-BENCHMARK-153088,CWE-78,HIGH,"Insecure API usage: disabled TLS validation, unsafe deserialization, or command injection","Enable TLS verification, validate inputs, avoid eval/exec on user data"
SQL-0066,sql_injection,python,"db.execute(f""INSERT INTO audit (msg) VALUES ('{msg}')"")",OWASP-BENCHMARK-031065,CWE-89,CRITICAL,Unsanitised user input concatenated directly into SQL query,Use parameterised queries / prepared statements
API-0194,insecure_api,nodejs,app.use(cors({ origin: '*' }));,NVD-CVE-2020-3193,CWE-942,MEDIUM,"Insecure API usage: disabled TLS validation, unsafe deserialization, or command injection","Enable TLS verification, validate inputs, avoid eval/exec on user data"
API-0144,insecure_api,nodejs,app.use(cors({ origin: '*' }));,NVD-CVE-2020-3143,CWE-942,CRITICAL,"Insecure API usage: disabled TLS validation, unsafe deserialization, or command injection","Enable TLS verification, validate inputs, avoid eval/exec on user data"
SEC-0268,hardcoded_secret,php,"$db_password = ""root_pass_2023!"";",OWASP-BENCHMARK-092267,CWE-259,CRITICAL,Credential or secret key hardcoded in source code,Store secrets in environment variables or a secrets manager
SAFE-0184,safe,nodejs,const secret = process.env.JWT_SECRET;,NVD-SAFE-4183,N/A,NONE,Secure coding practice: parameterised query / env-based secret / proper TLS,N/A
SAFE-0199,safe,python,import secrets; token = secrets.token_hex(32),NVD-SAFE-4198,N/A,NONE,Secure coding practice: parameterised query / env-based secret / proper TLS,N/A
SEC-0003,hardcoded_secret,javascript,"const API_KEY = ""sk-live-abcd1234efgh5678ijkl9012"";",NVD-CVE-2019-2002,CWE-798,HIGH,Credential or secret key hardcoded in source code,Store secrets in environment variables or a secrets manager
SQL-0255,sql_injection,java,"stmt.execute(""UPDATE users SET pass='"" + newPass + ""' WHERE user='"" + user + ""'"")",NVD-CVE-2020-1254,CWE-89,HIGH,Unsanitised user input concatenated directly into SQL query,Use parameterised queries / prepared statements
SAFE-0059,safe,python,import secrets; token = secrets.token_hex(32),NVD-SAFE-4058,N/A,NONE,Secure coding practice: parameterised query / env-based secret / proper TLS,N/A
SAFE-0124,safe,nodejs,const secret = process.env.JWT_SECRET;,NVD-SAFE-4123,N/A,NONE,Secure coding practice: parameterised query / env-based secret / proper TLS,N/A
SEC-0013,hardcoded_secret,javascript,"const API_KEY = ""sk-live-abcd1234efgh5678ijkl9012"";",NVD-CVE-2019-2012,CWE-798,HIGH,Credential or secret key hardcoded in source code,Store secrets in environment variables or a secrets manager
SEC-0230,hardcoded_secret,nodejs,"process.env.JWT_SECRET = ""hardcoded_jwt_secret_value"";",OWASP-BENCHMARK-102229,CWE-321,HIGH,Credential or secret key hardcoded in source code,Store secrets in environment variables or a secrets manager
SQL-0222,sql_injection,java,"String sql = ""SELECT * FROM orders WHERE uid='"" + uid + ""'"";",OWASP-BENCHMARK-011221,CWE-89,HIGH,Unsanitised user input concatenated directly into SQL query,Use parameterised queries / prepared statements
SEC-0089,hardcoded_secret,python,"GITHUB_TOKEN = ""ghp_FakeTokenABCDEFGHIJKLMNOPQRSTUV""",NVD-CVE-2022-2088,CWE-798,HIGH,Credential or secret key hardcoded in source code,Store secrets in environment variables or a secrets manager
SQL-0236,sql_injection,python,"db.execute(f""INSERT INTO audit (msg) VALUES ('{msg}')"")",OWASP-BENCHMARK-031235,CWE-89,HIGH,Unsanitised user input concatenated directly into SQL query,Use parameterised queries / prepared statements
API-0210,insecure_api,java,Runtime.getRuntime().exec(userInput);,NVD-CVE-2023-3209,CWE-78,HIGH,"Insecure API usage: disabled TLS validation, unsafe deserialization, or command injection","Enable TLS verification, validate inputs, avoid eval/exec on user data"
SEC-0183,hardcoded_secret,javascript,"const API_KEY = ""sk-live-abcd1234efgh5678ijkl9012"";",NVD-CVE-2019-2182,CWE-798,CRITICAL,Credential or secret key hardcoded in source code,Store secrets in environment variables or a secrets manager
API-0113,insecure_api,python,"flask.run(debug=True, host='0.0.0.0')",OWASP-BENCHMARK-123112,CWE-94,MEDIUM,"Insecure API usage: disabled TLS validation, unsafe deserialization, or command injection","Enable TLS verification, validate inputs, avoid eval/exec on user data"
SEC-0006,hardcoded_secret,python,"STRIPE_SECRET = ""sk_live_51HqzGmKLN3yY6Xr2FAKEKEY9012""",OWASP-BENCHMARK-082005,CWE-798,CRITICAL,Credential or secret key hardcoded in source code,Store secrets in environment variables or a secrets manager
SAFE-0211,safe,python,"cursor.execute('SELECT * FROM users WHERE id = %s', (user_id,))",OWASP-BENCHMARK-204210,N/A,NONE,Secure coding practice: parameterised query / env-based secret / proper TLS,N/A
SAFE-0190,safe,java,"String q = ""SELECT * FROM t WHERE id=?""; stmt = con.prepareStatement(q); stmt.setString(1,id);",OWASP-BENCHMARK-254189,N/A,NONE,Secure coding practice: parameterised query / env-based secret / proper TLS,N/A
API-0172,insecure_api,java,"conn.setHostnameVerifier((h,s) -> true);",NVD-CVE-2019-3171,CWE-297,CRITICAL,"Insecure API usage: disabled TLS validation, unsafe deserialization, or command injection","Enable TLS verification, validate inputs, avoid eval/exec on user data"
SAFE-0017,safe,python,import html; safe = html.escape(user_input),NVD-SAFE-4016,N/A,NONE,Secure coding practice: parameterised query / env-based secret / proper TLS,N/A
SAFE-0239,safe,python,import secrets; token = secrets.token_hex(32),NVD-SAFE-4238,N/A,NONE,Secure coding practice: parameterised query / env-based secret / proper TLS,N/A
SQL-0250,sql_injection,java,"rs = stmt.executeQuery(""SELECT * FROM items WHERE category="" + cat)",OWASP-BENCHMARK-051249,CWE-89,CRITICAL,Unsanitised user input concatenated directly into SQL query,Use parameterised queries / prepared statements
API-0160,insecure_api,java,Runtime.getRuntime().exec(userInput);,NVD-CVE-2023-3159,CWE-78,CRITICAL,"Insecure API usage: disabled TLS validation, unsafe deserialization, or command injection","Enable TLS verification, validate inputs, avoid eval/exec on user data"
SEC-0295,hardcoded_secret,yaml,"password: ""admin123""  # TODO: change before prod",NVD-CVE-2020-2294,CWE-259,CRITICAL,Credential or secret key hardcoded in source code,Store secrets in environment variables or a secrets manager
SQL-0072,sql_injection,java,"String sql = ""SELECT * FROM orders WHERE uid='"" + uid + ""'"";",OWASP-BENCHMARK-011071,CWE-89,CRITICAL,Unsanitised user input concatenated directly into SQL query,Use parameterised queries / prepared statements
SQL-0095,sql_injection,java,"stmt.execute(""UPDATE users SET pass='"" + newPass + ""' WHERE user='"" + user + ""'"")",NVD-CVE-2020-1094,CWE-89,HIGH,Unsanitised user input concatenated directly into SQL query,Use parameterised queries / prepared statements
SEC-0246,hardcoded_secret,python,"STRIPE_SECRET = ""sk_live_51HqzGmKLN3yY6Xr2FAKEKEY9012""",OWASP-BENCHMARK-082245,CWE-798,HIGH,Credential or secret key hardcoded in source code,Store secrets in environment variables or a secrets manager
SQL-0034,sql_injection,python,"cursor.execute(""DELETE FROM logs WHERE id="" + str(log_id))",OWASP-BENCHMARK-021033,CWE-89,CRITICAL,Unsanitised user input concatenated directly into SQL query,Use parameterised queries / prepared statements
API-0262,insecure_api,java,"conn.setHostnameVerifier((h,s) -> true);",NVD-CVE-2019-3261,CWE-297,MEDIUM,"Insecure API usage: disabled TLS validation, unsafe deserialization, or command injection","Enable TLS verification, validate inputs, avoid eval/exec on user data"
SEC-0279,hardcoded_secret,python,"GITHUB_TOKEN = ""ghp_FakeTokenABCDEFGHIJKLMNOPQRSTUV""",NVD-CVE-2022-2278,CWE-798,HIGH,Credential or secret key hardcoded in source code,Store secrets in environment variables or a secrets manager
SEC-0149,hardcoded_secret,python,"GITHUB_TOKEN = ""ghp_FakeTokenABCDEFGHIJKLMNOPQRSTUV""",NVD-CVE-2022-2148,CWE-798,HIGH,Credential or secret key hardcoded in source code,Store secrets in environment variables or a secrets manager
SEC-0146,hardcoded_secret,python,"STRIPE_SECRET = ""sk_live_51HqzGmKLN3yY6Xr2FAKEKEY9012""",OWASP-BENCHMARK-082145,CWE-798,HIGH,Credential or secret key hardcoded in source code,Store secrets in environment variables or a secrets manager
SQL-0260,sql_injection,java,"rs = stmt.executeQuery(""SELECT * FROM items WHERE category="" + cat)",OWASP-BENCHMARK-051259,CWE-89,HIGH,Unsanitised user input concatenated directly into SQL query,Use parameterised queries / prepared statements
SQL-0205,sql_injection,java,"stmt.execute(""UPDATE users SET pass='"" + newPass + ""' WHERE user='"" + user + ""'"")",NVD-CVE-2020-1204,CWE-89,HIGH,Unsanitised user input concatenated directly into SQL query,Use parameterised queries / prepared statements
SEC-0273,hardcoded_secret,javascript,"const API_KEY = ""sk-live-abcd1234efgh5678ijkl9012"";",NVD-CVE-2019-2272,CWE-798,CRITICAL,Credential or secret key hardcoded in source code,Store secrets in environment variables or a secrets manager
API-0224,insecure_api,nodejs,app.use(cors({ origin: '*' }));,NVD-CVE-2020-3223,CWE-942,MEDIUM,"Insecure API usage: disabled TLS validation, unsafe deserialization, or command injection","Enable TLS verification, validate inputs, avoid eval/exec on user data"
SEC-0286,hardcoded_secret,python,"STRIPE_SECRET = ""sk_live_51HqzGmKLN3yY6Xr2FAKEKEY9012""",OWASP-BENCHMARK-082285,CWE-798,CRITICAL,Credential or secret key hardcoded in source code,Store secrets in environment variables or a secrets manager
SEC-0066,hardcoded_secret,python,"STRIPE_SECRET = ""sk_live_51HqzGmKLN3yY6Xr2FAKEKEY9012""",OWASP-BENCHMARK-082065,CWE-798,HIGH,Credential or secret key hardcoded in source code,Store secrets in environment variables or a secrets manager
API-0212,insecure_api,java,"conn.setHostnameVerifier((h,s) -> true);",NVD-CVE-2019-3211,CWE-297,MEDIUM,"Insecure API usage: disabled TLS validation, unsafe deserialization, or command injection","Enable TLS verification, validate inputs, avoid eval/exec on user data"
SQL-0078,sql_injection,nodejs,db.query(`SELECT * FROM sessions WHERE token='${req.body.token}'`),OWASP-BENCHMARK-041077,CWE-89,HIGH,Unsanitised user input concatenated directly into SQL query,Use parameterised queries / prepared statements
SQL-0085,sql_injection,java,"stmt.execute(""UPDATE users SET pass='"" + newPass + ""' WHERE user='"" + user + ""'"")",NVD-CVE-2020-1084,CWE-89,HIGH,Unsanitised user input concatenated directly into SQL query,Use parameterised queries / prepared statements
SEC-0239,hardcoded_secret,python,"GITHUB_TOKEN = ""ghp_FakeTokenABCDEFGHIJKLMNOPQRSTUV""",NVD-CVE-2022-2238,CWE-798,HIGH,Credential or secret key hardcoded in source code,Store secrets in environment variables or a secrets manager
SQL-0083,sql_injection,php,"mysql_query(""SELECT * FROM products WHERE name='"" . $name . ""'"")",NVD-CVE-2019-1082,CWE-89,CRITICAL,Unsanitised user input concatenated directly into SQL query,Use parameterised queries / prepared statements
SEC-0158,hardcoded_secret,php,"$db_password = ""root_pass_2023!"";",OWASP-BENCHMARK-092157,CWE-259,HIGH,Credential or secret key hardcoded in source code,Store secrets in environment variables or a secrets manager
SAFE-0238,safe,nodejs,"const bcrypt = require('bcrypt'); bcrypt.hash(pwd, 12)",OWASP-BENCHMARK-244237,N/A,NONE,Secure coding practice: parameterised query / env-based secret / proper TLS,N/A
API-0015,insecure_api,python,pickle.loads(user_supplied_bytes),OWASP-BENCHMARK-133014,CWE-502,HIGH,"Insecure API usage: disabled TLS validation, unsafe deserialization, or command injection","Enable TLS verification, validate inputs, avoid eval/exec on user data"
SAFE-0286,safe,java,"SSLContext ctx = SSLContext.getInstance(""TLSv1.3""); ctx.init(...);",OWASP-BENCHMARK-234285,N/A,NONE,Secure coding practice: parameterised query / env-based secret / proper TLS,N/A
SAFE-0176,safe,java,"SSLContext ctx = SSLContext.getInstance(""TLSv1.3""); ctx.init(...);",OWASP-BENCHMARK-234175,N/A,NONE,Secure coding practice: parameterised query / env-based secret / proper TLS,N/A
API-0137,insecure_api,python,eval(request.args.get('expr')),OWASP-BENCHMARK-143136,CWE-95,CRITICAL,"Insecure API usage: disabled TLS validation, unsafe deserialization, or command injection","Enable TLS verification, validate inputs, avoid eval/exec on user data"
SEC-0137,hardcoded_secret,java,"String jwtSecret = ""my_ultra_secret_jwt_key_hardcoded"";",NVD-CVE-2021-2136,CWE-321,CRITICAL,Credential or secret key hardcoded in source code,Store secrets in environment variables or a secrets manager
SEC-0255,hardcoded_secret,yaml,"password: ""admin123""  # TODO: change before prod",NVD-CVE-2020-2254,CWE-259,HIGH,Credential or secret key hardcoded in source code,Store secrets in environment variables or a secrets manager
SAFE-0180,safe,java,"String q = ""SELECT * FROM t WHERE id=?""; stmt = con.prepareStatement(q); stmt.setString(1,id);",OWASP-BENCHMARK-254179,N/A,NONE,Secure coding practice: parameterised query / env-based secret / proper TLS,N/A
SAFE-0162,safe,java,"PreparedStatement ps = conn.prepareStatement(""SELECT * FROM u WHERE id=?""); ps.setInt(1,uid);",OWASP-BENCHMARK-214161,N/A,NONE,Secure coding practice: parameterised query / env-based secret / proper TLS,N/A
SEC-0051,hardcoded_secret,python,"AWS_SECRET = ""wJalrXUtnFEMI/K7MDENG/bPxRfiCYEXAMPLEKEY""",NVD-CVE-2018-2050,CWE-798,HIGH,Credential or secret key hardcoded in source code,Store secrets in environment variables or a secrets manager
SQL-0197,sql_injection,ruby,"User.where(""name = '#{params[:name]}'"")",NVD-CVE-2021-1196,CWE-89,HIGH,Unsanitised user input concatenated directly into SQL query,Use parameterised queries / prepared statements
SEC-0165,hardcoded_secret,yaml,"password: ""admin123""  # TODO: change before prod",NVD-CVE-2020-2164,CWE-259,CRITICAL,Credential or secret key hardcoded in source code,Store secrets in environment variables or a secrets manager
SEC-0289,hardcoded_secret,python,"GITHUB_TOKEN = ""ghp_FakeTokenABCDEFGHIJKLMNOPQRSTUV""",NVD-CVE-2022-2288,CWE-798,CRITICAL,Credential or secret key hardcoded in source code,Store secrets in environment variables or a secrets manager
SQL-0006,sql_injection,python,"db.execute(f""INSERT INTO audit (msg) VALUES ('{msg}')"")",OWASP-BENCHMARK-031005,CWE-89,HIGH,Unsanitised user input concatenated directly into SQL query,Use parameterised queries / prepared statements
SEC-0011,hardcoded_secret,python,"AWS_SECRET = ""wJalrXUtnFEMI/K7MDENG/bPxRfiCYEXAMPLEKEY""",NVD-CVE-2018-2010,CWE-798,HIGH,Credential or secret key hardcoded in source code,Store secrets in environment variables or a secrets manager
API-0062,insecure_api,java,"conn.setHostnameVerifier((h,s) -> true);",NVD-CVE-2019-3061,CWE-297,MEDIUM,"Insecure API usage: disabled TLS validation, unsafe deserialization, or command injection","Enable TLS verification, validate inputs, avoid eval/exec on user data"
SEC-0105,hardcoded_secret,yaml,"password: ""admin123""  # TODO: change before prod",NVD-CVE-2020-2104,CWE-259,HIGH,Credential or secret key hardcoded in source code,Store secrets in environment variables or a secrets manager
SAFE-0296,safe,java,"SSLContext ctx = SSLContext.getInstance(""TLSv1.3""); ctx.init(...);",OWASP-BENCHMARK-234295,N/A,NONE,Secure coding practice: parameterised query / env-based secret / proper TLS,N/A
SAFE-0144,safe,nodejs,const secret = process.env.JWT_SECRET;,NVD-SAFE-4143,N/A,NONE,Secure coding practice: parameterised query / env-based secret / proper TLS,N/A
SAFE-0158,safe,nodejs,"const bcrypt = require('bcrypt'); bcrypt.hash(pwd, 12)",OWASP-BENCHMARK-244157,N/A,NONE,Secure coding practice: parameterised query / env-based secret / proper TLS,N/A
SQL-0105,sql_injection,java,"stmt.execute(""UPDATE users SET pass='"" + newPass + ""' WHERE user='"" + user + ""'"")",NVD-CVE-2020-1104,CWE-89,HIGH,Unsanitised user input concatenated directly into SQL query,Use parameterised queries / prepared statements
SEC-0237,hardcoded_secret,java,"String jwtSecret = ""my_ultra_secret_jwt_key_hardcoded"";",NVD-CVE-2021-2236,CWE-321,CRITICAL,Credential or secret key hardcoded in source code,Store secrets in environment variables or a secrets manager
API-0006,insecure_api,java,new ObjectInputStream(socket.getInputStream()).readObject();,NVD-CVE-2021-3005,CWE-502,MEDIUM,"Insecure API usage: disabled TLS validation, unsafe deserialization, or command injection","Enable TLS verification, validate inputs, avoid eval/exec on user data"
SQL-0063,sql_injection,php,"mysql_query(""SELECT * FROM products WHERE name='"" . $name . ""'"")",NVD-CVE-2019-1062,CWE-89,HIGH,Unsanitised user input concatenated directly into SQL query,Use parameterised queries / prepared statements
SQL-0282,sql_injection,java,"String sql = ""SELECT * FROM orders WHERE uid='"" + uid + ""'"";",OWASP-BENCHMARK-011281,CWE-89,CRITICAL,Unsanitised user input concatenated directly into SQL query,Use parameterised queries / prepared statements
SAFE-0156,safe,java,"SSLContext ctx = SSLContext.getInstance(""TLSv1.3""); ctx.init(...);",OWASP-BENCHMARK-234155,N/A,NONE,Secure coding practice: parameterised query / env-based secret / proper TLS,N/A
SQL-0239,sql_injection,python,"cursor.execute(""SELECT role FROM staff WHERE username='"" + uname + ""'"")",NVD-CVE-2022-1238,CWE-89,HIGH,Unsanitised user input concatenated directly into SQL query,Use parameterised queries / prepared statements
SQL-0224,sql_injection,python,"cursor.execute(""DELETE FROM logs WHERE id="" + str(log_id))",OWASP-BENCHMARK-021223,CWE-89,HIGH,Unsanitised user input concatenated directly into SQL query,Use parameterised queries / prepared statements
SQL-0146,sql_injection,python,"db.execute(f""INSERT INTO audit (msg) VALUES ('{msg}')"")",OWASP-BENCHMARK-031145,CWE-89,CRITICAL,Unsanitised user input concatenated directly into SQL query,Use parameterised queries / prepared statements
SAFE-0219,safe,python,import secrets; token = secrets.token_hex(32),NVD-SAFE-4218,N/A,NONE,Secure coding practice: parameterised query / env-based secret / proper TLS,N/A
SEC-0074,hardcoded_secret,python,"SECRET_KEY = ""django-insecure-xyz987abc654def321""",OWASP-BENCHMARK-072073,CWE-321,CRITICAL,Credential or secret key hardcoded in source code,Store secrets in environment variables or a secrets manager
SQL-0119,sql_injection,python,"cursor.execute(""SELECT role FROM staff WHERE username='"" + uname + ""'"")",NVD-CVE-2022-1118,CWE-89,HIGH,Unsanitised user input concatenated directly into SQL query,Use parameterised queries / prepared statements
API-0203,insecure_api,python,"flask.run(debug=True, host='0.0.0.0')",OWASP-BENCHMARK-123202,CWE-94,CRITICAL,"Insecure API usage: disabled TLS validation, unsafe deserialization, or command injection","Enable TLS verification, validate inputs, avoid eval/exec on user data"
SQL-0251,sql_injection,python,"query = ""SELECT * FROM users WHERE id = "" + user_input",OWASP-BENCHMARK-001250,CWE-89,HIGH,Unsanitised user input concatenated directly into SQL query,Use parameterised queries / prepared statements
SAFE-0257,safe,python,import html; safe = html.escape(user_input),NVD-SAFE-4256,N/A,NONE,Secure coding practice: parameterised query / env-based secret / proper TLS,N/A
SQL-0010,sql_injection,java,"rs = stmt.executeQuery(""SELECT * FROM items WHERE category="" + cat)",OWASP-BENCHMARK-051009,CWE-89,HIGH,Unsanitised user input concatenated directly into SQL query,Use parameterised queries / prepared statements
SEC-0150,hardcoded_secret,nodejs,"process.env.JWT_SECRET = ""hardcoded_jwt_secret_value"";",OWASP-BENCHMARK-102149,CWE-321,CRITICAL,Credential or secret key hardcoded in source code,Store secrets in environment variables or a secrets manager
API-0274,insecure_api,nodejs,app.use(cors({ origin: '*' }));,NVD-CVE-2020-3273,CWE-942,HIGH,"Insecure API usage: disabled TLS validation, unsafe deserialization, or command injection","Enable TLS verification, validate inputs, avoid eval/exec on user data"
SEC-0090,hardcoded_secret,nodejs,"process.env.JWT_SECRET = ""hardcoded_jwt_secret_value"";",OWASP-BENCHMARK-102089,CWE-321,CRITICAL,Credential or secret key hardcoded in source code,Store secrets in environment variables or a secrets manager
SAFE-0066,safe,java,"SSLContext ctx = SSLContext.getInstance(""TLSv1.3""); ctx.init(...);",OWASP-BENCHMARK-234065,N/A,NONE,Secure coding practice: parameterised query / env-based secret / proper TLS,N/A
SEC-0161,hardcoded_secret,python,"AWS_SECRET = ""wJalrXUtnFEMI/K7MDENG/bPxRfiCYEXAMPLEKEY""",NVD-CVE-2018-2160,CWE-798,HIGH,Credential or secret key hardcoded in source code,Store secrets in environment variables or a secrets manager
SAFE-0247,safe,python,import html; safe = html.escape(user_input),NVD-SAFE-4246,N/A,NONE,Secure coding practice: parameterised query / env-based secret / proper TLS,N/A
SQL-0145,sql_injection,java,"stmt.execute(""UPDATE users SET pass='"" + newPass + ""' WHERE user='"" + user + ""'"")",NVD-CVE-2020-1144,CWE-89,CRITICAL,Unsanitised user input concatenated directly into SQL query,Use parameterised queries / prepared statements
SEC-0202,hardcoded_secret,java,"private static final String DB_PASS = ""P@ssw0rd123"";",OWASP-BENCHMARK-062201,CWE-798,CRITICAL,Credential or secret key hardcoded in source code,Store secrets in environment variables or a secrets manager
SAFE-0208,safe,nodejs,"const bcrypt = require('bcrypt'); bcrypt.hash(pwd, 12)",OWASP-BENCHMARK-244207,N/A,NONE,Secure coding practice: parameterised query / env-based secret / proper TLS,N/A
SEC-0240,hardcoded_secret,nodejs,"process.env.JWT_SECRET = ""hardcoded_jwt_secret_value"";",OWASP-BENCHMARK-102239,CWE-321,CRITICAL,Credential or secret key hardcoded in source code,Store secrets in environment variables or a secrets manager
SQL-0178,sql_injection,nodejs,db.query(`SELECT * FROM sessions WHERE token='${req.body.token}'`),OWASP-BENCHMARK-041177,CWE-89,CRITICAL,Unsanitised user input concatenated directly into SQL query,Use parameterised queries / prepared statements
SAFE-0259,safe,python,import secrets; token = secrets.token_hex(32),NVD-SAFE-4258,N/A,NONE,Secure coding practice: parameterised query / env-based secret / proper TLS,N/A
SAFE-0151,safe,python,"cursor.execute('SELECT * FROM users WHERE id = %s', (user_id,))",OWASP-BENCHMARK-204150,N/A,NONE,Secure coding practice: parameterised query / env-based secret / proper TLS,N/A
SEC-0284,hardcoded_secret,python,"SECRET_KEY = ""django-insecure-xyz987abc654def321""",OWASP-BENCHMARK-072283,CWE-321,HIGH,Credential or secret key hardcoded in source code,Store secrets in environment variables or a secrets manager
SAFE-0295,safe,python,"requests.get(url, verify=True, cert=('/path/cert.pem','/path/key.pem'))",OWASP-BENCHMARK-224294,N/A,NONE,Secure coding practice: parameterised query / env-based secret / proper TLS,N/A
SQL-0008,sql_injection,nodejs,db.query(`SELECT * FROM sessions WHERE token='${req.body.token}'`),OWASP-BENCHMARK-041007,CWE-89,HIGH,Unsanitised user input concatenated directly into SQL query,Use parameterised queries / prepared statements
SEC-0274,hardcoded_secret,python,"SECRET_KEY = ""django-insecure-xyz987abc654def321""",OWASP-BENCHMARK-072273,CWE-321,CRITICAL,Credential or secret key hardcoded in source code,Store secrets in environment variables or a secrets manager
API-0243,insecure_api,python,"flask.run(debug=True, host='0.0.0.0')",OWASP-BENCHMARK-123242,CWE-94,HIGH,"Insecure API usage: disabled TLS validation, unsafe deserialization, or command injection","Enable TLS verification, validate inputs, avoid eval/exec on user data"
SEC-0058,hardcoded_secret,php,"$db_password = ""root_pass_2023!"";",OWASP-BENCHMARK-092057,CWE-259,CRITICAL,Credential or secret key hardcoded in source code,Store secrets in environment variables or a secrets manager
SEC-0030,hardcoded_secret,nodejs,"process.env.JWT_SECRET = ""hardcoded_jwt_secret_value"";",OWASP-BENCHMARK-102029,CWE-321,HIGH,Credential or secret key hardcoded in source code,Store secrets in environment variables or a secrets manager
API-0105,insecure_api,python,pickle.loads(user_supplied_bytes),OWASP-BENCHMARK-133104,CWE-502,HIGH,"Insecure API usage: disabled TLS validation, unsafe deserialization, or command injection","Enable TLS verification, validate inputs, avoid eval/exec on user data"
API-0230,insecure_api,java,Runtime.getRuntime().exec(userInput);,NVD-CVE-2023-3229,CWE-78,CRITICAL,"Insecure API usage: disabled TLS validation, unsafe deserialization, or command injection","Enable TLS verification, validate inputs, avoid eval/exec on user data"
SQL-0259,sql_injection,python,"cursor.execute(""SELECT role FROM staff WHERE username='"" + uname + ""'"")",NVD-CVE-2022-1258,CWE-89,HIGH,Unsanitised user input concatenated directly into SQL query,Use parameterised queries / prepared statements
API-0291,insecure_api,python,"requests.get(url, verify=False)",OWASP-BENCHMARK-113290,CWE-295,MEDIUM,"Insecure API usage: disabled TLS validation, unsafe deserialization, or command injection","Enable TLS verification, validate inputs, avoid eval/exec on user data"
API-0234,insecure_api,nodejs,app.use(cors({ origin: '*' }));,NVD-CVE-2020-3233,CWE-942,HIGH,"Insecure API usage: disabled TLS validation, unsafe deserialization, or command injection","Enable TLS verification, validate inputs, avoid eval/exec on user data"
SAFE-0288,safe,nodejs,"const bcrypt = require('bcrypt'); bcrypt.hash(pwd, 12)",OWASP-BENCHMARK-244287,N/A,NONE,Secure coding practice: parameterised query / env-based secret / proper TLS,N/A
SAFE-0005,safe,python,"requests.get(url, verify=True, cert=('/path/cert.pem','/path/key.pem'))",OWASP-BENCHMARK-224004,N/A,NONE,Secure coding practice: parameterised query / env-based secret / proper TLS,N/A
SEC-0226,hardcoded_secret,python,"STRIPE_SECRET = ""sk_live_51HqzGmKLN3yY6Xr2FAKEKEY9012""",OWASP-BENCHMARK-082225,CWE-798,HIGH,Credential or secret key hardcoded in source code,Store secrets in environment variables or a secrets manager
API-0214,insecure_api,nodejs,app.use(cors({ origin: '*' }));,NVD-CVE-2020-3213,CWE-942,HIGH,"Insecure API usage: disabled TLS validation, unsafe deserialization, or command injection","Enable TLS verification, validate inputs, avoid eval/exec on user data"
API-0132,insecure_api,java,"conn.setHostnameVerifier((h,s) -> true);",NVD-CVE-2019-3131,CWE-297,MEDIUM,"Insecure API usage: disabled TLS validation, unsafe deserialization, or command injection","Enable TLS verification, validate inputs, avoid eval/exec on user data"
SAFE-0132,safe,java,"PreparedStatement ps = conn.prepareStatement(""SELECT * FROM u WHERE id=?""); ps.setInt(1,uid);",OWASP-BENCHMARK-214131,N/A,NONE,Secure coding practice: parameterised query / env-based secret / proper TLS,N/A
SAFE-0241,safe,python,"cursor.execute('SELECT * FROM users WHERE id = %s', (user_id,))",OWASP-BENCHMARK-204240,N/A,NONE,Secure coding practice: parameterised query / env-based secret / proper TLS,N/A
SEC-0141,hardcoded_secret,python,"AWS_SECRET = ""wJalrXUtnFEMI/K7MDENG/bPxRfiCYEXAMPLEKEY""",NVD-CVE-2018-2140,CWE-798,CRITICAL,Credential or secret key hardcoded in source code,Store secrets in environment variables or a secrets manager
SEC-0232,hardcoded_secret,java,"private static final String DB_PASS = ""P@ssw0rd123"";",OWASP-BENCHMARK-062231,CWE-798,CRITICAL,Credential or secret key hardcoded in source code,Store secrets in environment variables or a secrets manager
SAFE-0060,safe,java,"String q = ""SELECT * FROM t WHERE id=?""; stmt = con.prepareStatement(q); stmt.setString(1,id);",OWASP-BENCHMARK-254059,N/A,NONE,Secure coding practice: parameterised query / env-based secret / proper TLS,N/A
SQL-0229,sql_injection,python,"cursor.execute(""SELECT role FROM staff WHERE username='"" + uname + ""'"")",NVD-CVE-2022-1228,CWE-89,HIGH,Unsanitised user input concatenated directly into SQL query,Use parameterised queries / prepared statements
SAFE-0141,safe,python,"cursor.execute('SELECT * FROM users WHERE id = %s', (user_id,))",OWASP-BENCHMARK-204140,N/A,NONE,Secure coding practice: parameterised query / env-based secret / proper TLS,N/A
SQL-0213,sql_injection,php,"mysql_query(""SELECT * FROM products WHERE name='"" . $name . ""'"")",NVD-CVE-2019-1212,CWE-89,CRITICAL,Unsanitised user input concatenated directly into SQL query,Use parameterised queries / prepared statements
SQL-0080,sql_injection,java,"rs = stmt.executeQuery(""SELECT * FROM items WHERE category="" + cat)",OWASP-BENCHMARK-051079,CWE-89,CRITICAL,Unsanitised user input concatenated directly into SQL query,Use parameterised queries / prepared statements
SQL-0149,sql_injection,python,"cursor.execute(""SELECT role FROM staff WHERE username='"" + uname + ""'"")",NVD-CVE-2022-1148,CWE-89,HIGH,Unsanitised user input concatenated directly into SQL query,Use parameterised queries / prepared statements
SEC-0292,hardcoded_secret,java,"private static final String DB_PASS = ""P@ssw0rd123"";",OWASP-BENCHMARK-062291,CWE-798,HIGH,Credential or secret key hardcoded in source code,Store secrets in environment variables or a secrets manager
API-0108,insecure_api,nodejs,"res.setHeader('Access-Control-Allow-Origin', req.headers.origin);",NVD-CVE-2022-3107,CWE-942,CRITICAL,"Insecure API usage: disabled TLS validation, unsafe deserialization, or command injection","Enable TLS verification, validate inputs, avoid eval/exec on user data"
SEC-0290,hardcoded_secret,nodejs,"process.env.JWT_SECRET = ""hardcoded_jwt_secret_value"";",OWASP-BENCHMARK-102289,CWE-321,HIGH,Credential or secret key hardcoded in source code,Store secrets in environment variables or a secrets manager
SQL-0134,sql_injection,python,"cursor.execute(""DELETE FROM logs WHERE id="" + str(log_id))",OWASP-BENCHMARK-021133,CWE-89,CRITICAL,Unsanitised user input concatenated directly into SQL query,Use parameterised queries / prepared statements
API-0182,insecure_api,java,"conn.setHostnameVerifier((h,s) -> true);",NVD-CVE-2019-3181,CWE-297,HIGH,"Insecure API usage: disabled TLS validation, unsafe deserialization, or command injection","Enable TLS verification, validate inputs, avoid eval/exec on user data"
SEC-0109,hardcoded_secret,python,"GITHUB_TOKEN = ""ghp_FakeTokenABCDEFGHIJKLMNOPQRSTUV""",NVD-CVE-2022-2108,CWE-798,HIGH,Credential or secret key hardcoded in source code,Store secrets in environment variables or a secrets manager
SAFE-0070,safe,java,"String q = ""SELECT * FROM t WHERE id=?""; stmt = con.prepareStatement(q); stmt.setString(1,id);",OWASP-BENCHMARK-254069,N/A,NONE,Secure coding practice: parameterised query / env-based secret / proper TLS,N/A
SEC-0208,hardcoded_secret,php,"$db_password = ""root_pass_2023!"";",OWASP-BENCHMARK-092207,CWE-259,CRITICAL,Credential or secret key hardcoded in source code,Store secrets in environment variables or a secrets manager
API-0277,insecure_api,python,eval(request.args.get('expr')),OWASP-BENCHMARK-143276,CWE-95,HIGH,"Insecure API usage: disabled TLS validation, unsafe deserialization, or command injection","Enable TLS verification, validate inputs, avoid eval/exec on user data"
SEC-0205,hardcoded_secret,yaml,"password: ""admin123""  # TODO: change before prod",NVD-CVE-2020-2204,CWE-259,HIGH,Credential or secret key hardcoded in source code,Store secrets in environment variables or a secrets manager
API-0119,insecure_api,python,"subprocess.call(request.form['cmd'], shell=True)",OWASP-BENCHMARK-153118,CWE-78,MEDIUM,"Insecure API usage: disabled TLS validation, unsafe deserialization, or command injection","Enable TLS verification, validate inputs, avoid eval/exec on user data"
SEC-0048,hardcoded_secret,php,"$db_password = ""root_pass_2023!"";",OWASP-BENCHMARK-092047,CWE-259,CRITICAL,Credential or secret key hardcoded in source code,Store secrets in environment variables or a secrets manager
SEC-0087,hardcoded_secret,java,"String jwtSecret = ""my_ultra_secret_jwt_key_hardcoded"";",NVD-CVE-2021-2086,CWE-321,CRITICAL,Credential or secret key hardcoded in source code,Store secrets in environment variables or a secrets manager
SQL-0001,sql_injection,python,"query = ""SELECT * FROM users WHERE id = "" + user_input",OWASP-BENCHMARK-001000,CWE-89,HIGH,Unsanitised user input concatenated directly into SQL query,Use parameterised queries / prepared statements
SEC-0061,hardcoded_secret,python,"AWS_SECRET = ""wJalrXUtnFEMI/K7MDENG/bPxRfiCYEXAMPLEKEY""",NVD-CVE-2018-2060,CWE-798,CRITICAL,Credential or secret key hardcoded in source code,Store secrets in environment variables or a secrets manager
SAFE-0234,safe,nodejs,const secret = process.env.JWT_SECRET;,NVD-SAFE-4233,N/A,NONE,Secure coding practice: parameterised query / env-based secret / proper TLS,N/A
SEC-0176,hardcoded_secret,python,"STRIPE_SECRET = ""sk_live_51HqzGmKLN3yY6Xr2FAKEKEY9012""",OWASP-BENCHMARK-082175,CWE-798,CRITICAL,Credential or secret key hardcoded in source code,Store secrets in environment variables or a secrets manager
API-0178,insecure_api,nodejs,"res.setHeader('Access-Control-Allow-Origin', req.headers.origin);",NVD-CVE-2022-3177,CWE-942,HIGH,"Insecure API usage: disabled TLS validation, unsafe deserialization, or command injection","Enable TLS verification, validate inputs, avoid eval/exec on user data"
API-0154,insecure_api,nodejs,app.use(cors({ origin: '*' }));,NVD-CVE-2020-3153,CWE-942,MEDIUM,"Insecure API usage: disabled TLS validation, unsafe deserialization, or command injection","Enable TLS verification, validate inputs, avoid eval/exec on user data"
SQL-0173,sql_injection,php,"mysql_query(""SELECT * FROM products WHERE name='"" . $name . ""'"")",NVD-CVE-2019-1172,CWE-89,CRITICAL,Unsanitised user input concatenated directly into SQL query,Use parameterised queries / prepared statements
SEC-0151,hardcoded_secret,python,"AWS_SECRET = ""wJalrXUtnFEMI/K7MDENG/bPxRfiCYEXAMPLEKEY""",NVD-CVE-2018-2150,CWE-798,HIGH,Credential or secret key hardcoded in source code,Store secrets in environment variables or a secrets manager
SQL-0126,sql_injection,python,"db.execute(f""INSERT INTO audit (msg) VALUES ('{msg}')"")",OWASP-BENCHMARK-031125,CWE-89,HIGH,Unsanitised user input concatenated directly into SQL query,Use parameterised queries / prepared statements
SAFE-0031,safe,python,"cursor.execute('SELECT * FROM users WHERE id = %s', (user_id,))",OWASP-BENCHMARK-204030,N/A,NONE,Secure coding practice: parameterised query / env-based secret / proper TLS,N/A
SEC-0231,hardcoded_secret,python,"AWS_SECRET = ""wJalrXUtnFEMI/K7MDENG/bPxRfiCYEXAMPLEKEY""",NVD-CVE-2018-2230,CWE-798,CRITICAL,Credential or secret key hardcoded in source code,Store secrets in environment variables or a secrets manager
SQL-0091,sql_injection,python,"query = ""SELECT * FROM users WHERE id = "" + user_input",OWASP-BENCHMARK-001090,CWE-89,HIGH,Unsanitised user input concatenated directly into SQL query,Use parameterised queries / prepared statements
SAFE-0262,safe,java,"PreparedStatement ps = conn.prepareStatement(""SELECT * FROM u WHERE id=?""); ps.setInt(1,uid);",OWASP-BENCHMARK-214261,N/A,NONE,Secure coding practice: parameterised query / env-based secret / proper TLS,N/A
SQL-0182,sql_injection,java,"String sql = ""SELECT * FROM orders WHERE uid='"" + uid + ""'"";",OWASP-BENCHMARK-011181,CWE-89,HIGH,Unsanitised user input concatenated directly into SQL query,Use parameterised queries / prepared statements
SAFE-0127,safe,python,import html; safe = html.escape(user_input),NVD-SAFE-4126,N/A,NONE,Secure coding practice: parameterised query / env-based secret / proper TLS,N/A
SAFE-0100,safe,java,"String q = ""SELECT * FROM t WHERE id=?""; stmt = con.prepareStatement(q); stmt.setString(1,id);",OWASP-BENCHMARK-254099,N/A,NONE,Secure coding practice: parameterised query / env-based secret / proper TLS,N/A
SQL-0252,sql_injection,java,"String sql = ""SELECT * FROM orders WHERE uid='"" + uid + ""'"";",OWASP-BENCHMARK-011251,CWE-89,CRITICAL,Unsanitised user input concatenated directly into SQL query,Use parameterised queries / prepared statements
SQL-0070,sql_injection,java,"rs = stmt.executeQuery(""SELECT * FROM items WHERE category="" + cat)",OWASP-BENCHMARK-051069,CWE-89,HIGH,Unsanitised user input concatenated directly into SQL query,Use parameterised queries / prepared statements
SQL-0132,sql_injection,java,"String sql = ""SELECT * FROM orders WHERE uid='"" + uid + ""'"";",OWASP-BENCHMARK-011131,CWE-89,HIGH,Unsanitised user input concatenated directly into SQL query,Use parameterised queries / prepared statements
SEC-0001,hardcoded_secret,python,"AWS_SECRET = ""wJalrXUtnFEMI/K7MDENG/bPxRfiCYEXAMPLEKEY""",NVD-CVE-2018-2000,CWE-798,HIGH,Credential or secret key hardcoded in source code,Store secrets in environment variables or a secrets manager
SAFE-0233,safe,python,password = os.environ['DB_PASSWORD'],NVD-SAFE-4232,N/A,NONE,Secure coding practice: parameterised query / env-based secret / proper TLS,N/A
SEC-0027,hardcoded_secret,java,"String jwtSecret = ""my_ultra_secret_jwt_key_hardcoded"";",NVD-CVE-2021-2026,CWE-321,HIGH,Credential or secret key hardcoded in source code,Store secrets in environment variables or a secrets manager
SAFE-0120,safe,java,"String q = ""SELECT * FROM t WHERE id=?""; stmt = con.prepareStatement(q); stmt.setString(1,id);",OWASP-BENCHMARK-254119,N/A,NONE,Secure coding practice: parameterised query / env-based secret / proper TLS,N/A
SEC-0200,hardcoded_secret,nodejs,"process.env.JWT_SECRET = ""hardcoded_jwt_secret_value"";",OWASP-BENCHMARK-102199,CWE-321,HIGH,Credential or secret key hardcoded in source code,Store secrets in environment variables or a secrets manager
API-0066,insecure_api,java,new ObjectInputStream(socket.getInputStream()).readObject();,NVD-CVE-2021-3065,CWE-502,MEDIUM,"Insecure API usage: disabled TLS validation, unsafe deserialization, or command injection","Enable TLS verification, validate inputs, avoid eval/exec on user data"
SAFE-0019,safe,python,import secrets; token = secrets.token_hex(32),NVD-SAFE-4018,N/A,NONE,Secure coding practice: parameterised query / env-based secret / proper TLS,N/A
SEC-0196,hardcoded_secret,python,"STRIPE_SECRET = ""sk_live_51HqzGmKLN3yY6Xr2FAKEKEY9012""",OWASP-BENCHMARK-082195,CWE-798,HIGH,Credential or secret key hardcoded in source code,Store secrets in environment variables or a secrets manager
SEC-0039,hardcoded_secret,python,"GITHUB_TOKEN = ""ghp_FakeTokenABCDEFGHIJKLMNOPQRSTUV""",NVD-CVE-2022-2038,CWE-798,HIGH,Credential or secret key hardcoded in source code,Store secrets in environment variables or a secrets manager
SAFE-0064,safe,nodejs,const secret = process.env.JWT_SECRET;,NVD-SAFE-4063,N/A,NONE,Secure coding practice: parameterised query / env-based secret / proper TLS,N/A
SQL-0165,sql_injection,java,"stmt.execute(""UPDATE users SET pass='"" + newPass + ""' WHERE user='"" + user + ""'"")",NVD-CVE-2020-1164,CWE-89,HIGH,Unsanitised user input concatenated directly into SQL query,Use parameterised queries / prepared statements
SQL-0029,sql_injection,python,"cursor.execute(""SELECT role FROM staff WHERE username='"" + uname + ""'"")",NVD-CVE-2022-1028,CWE-89,HIGH,Unsanitised user input concatenated directly into SQL query,Use parameterised queries / prepared statements
SEC-0217,hardcoded_secret,java,"String jwtSecret = ""my_ultra_secret_jwt_key_hardcoded"";",NVD-CVE-2021-2216,CWE-321,CRITICAL,Credential or secret key hardcoded in source code,Store secrets in environment variables or a secrets manager
SQL-0194,sql_injection,python,"cursor.execute(""DELETE FROM logs WHERE id="" + str(log_id))",OWASP-BENCHMARK-021193,CWE-89,HIGH,Unsanitised user input concatenated directly into SQL query,Use parameterised queries / prepared statements
SAFE-0204,safe,nodejs,const secret = process.env.JWT_SECRET;,NVD-SAFE-4203,N/A,NONE,Secure coding practice: parameterised query / env-based secret / proper TLS,N/A
SQL-0170,sql_injection,java,"rs = stmt.executeQuery(""SELECT * FROM items WHERE category="" + cat)",OWASP-BENCHMARK-051169,CWE-89,CRITICAL,Unsanitised user input concatenated directly into SQL query,Use parameterised queries / prepared statements
SAFE-0159,safe,python,import secrets; token = secrets.token_hex(32),NVD-SAFE-4158,N/A,NONE,Secure coding practice: parameterised query / env-based secret / proper TLS,N/A
SQL-0174,sql_injection,python,"cursor.execute(""DELETE FROM logs WHERE id="" + str(log_id))",OWASP-BENCHMARK-021173,CWE-89,HIGH,Unsanitised user input concatenated directly into SQL query,Use parameterised queries / prepared statements
SEC-0219,hardcoded_secret,python,"GITHUB_TOKEN = ""ghp_FakeTokenABCDEFGHIJKLMNOPQRSTUV""",NVD-CVE-2022-2218,CWE-798,HIGH,Credential or secret key hardcoded in source code,Store secrets in environment variables or a secrets manager
SAFE-0069,safe,python,import secrets; token = secrets.token_hex(32),NVD-SAFE-4068,N/A,NONE,Secure coding practice: parameterised query / env-based secret / proper TLS,N/A
API-0102,insecure_api,java,"conn.setHostnameVerifier((h,s) -> true);",NVD-CVE-2019-3101,CWE-297,HIGH,"Insecure API usage: disabled TLS validation, unsafe deserialization, or command injection","Enable TLS verification, validate inputs, avoid eval/exec on user data"
SEC-0192,hardcoded_secret,java,"private static final String DB_PASS = ""P@ssw0rd123"";",OWASP-BENCHMARK-062191,CWE-798,HIGH,Credential or secret key hardcoded in source code,Store secrets in environment variables or a secrets manager
SQL-0074,sql_injection,python,"cursor.execute(""DELETE FROM logs WHERE id="" + str(log_id))",OWASP-BENCHMARK-021073,CWE-89,CRITICAL,Unsanitised user input concatenated directly into SQL query,Use parameterised queries / prepared statements
SAFE-0081,safe,python,"cursor.execute('SELECT * FROM users WHERE id = %s', (user_id,))",OWASP-BENCHMARK-204080,N/A,NONE,Secure coding practice: parameterised query / env-based secret / proper TLS,N/A
SEC-0288,hardcoded_secret,php,"$db_password = ""root_pass_2023!"";",OWASP-BENCHMARK-092287,CWE-259,CRITICAL,Credential or secret key hardcoded in source code,Store secrets in environment variables or a secrets manager
SQL-0235,sql_injection,java,"stmt.execute(""UPDATE users SET pass='"" + newPass + ""' WHERE user='"" + user + ""'"")",NVD-CVE-2020-1234,CWE-89,HIGH,Unsanitised user input concatenated directly into SQL query,Use parameterised queries / prepared statements
SQL-0215,sql_injection,java,"stmt.execute(""UPDATE users SET pass='"" + newPass + ""' WHERE user='"" + user + ""'"")",NVD-CVE-2020-1214,CWE-89,CRITICAL,Unsanitised user input concatenated directly into SQL query,Use parameterised queries / prepared statements
SAFE-0047,safe,python,import html; safe = html.escape(user_input),NVD-SAFE-4046,N/A,NONE,Secure coding practice: parameterised query / env-based secret / proper TLS,N/A
SQL-0133,sql_injection,php,"mysql_query(""SELECT * FROM products WHERE name='"" . $name . ""'"")",NVD-CVE-2019-1132,CWE-89,HIGH,Unsanitised user input concatenated directly into SQL query,Use parameterised queries / prepared statements
SAFE-0256,safe,java,"SSLContext ctx = SSLContext.getInstance(""TLSv1.3""); ctx.init(...);",OWASP-BENCHMARK-234255,N/A,NONE,Secure coding practice: parameterised query / env-based secret / proper TLS,N/A
API-0133,insecure_api,python,"flask.run(debug=True, host='0.0.0.0')",OWASP-BENCHMARK-123132,CWE-94,MEDIUM,"Insecure API usage: disabled TLS validation, unsafe deserialization, or command injection","Enable TLS verification, validate inputs, avoid eval/exec on user data"
SAFE-0041,safe,python,"cursor.execute('SELECT * FROM users WHERE id = %s', (user_id,))",OWASP-BENCHMARK-204040,N/A,NONE,Secure coding practice: parameterised query / env-based secret / proper TLS,N/A
SQL-0186,sql_injection,python,"db.execute(f""INSERT INTO audit (msg) VALUES ('{msg}')"")",OWASP-BENCHMARK-031185,CWE-89,CRITICAL,Unsanitised user input concatenated directly into SQL query,Use parameterised queries / prepared statements
SQL-0042,sql_injection,java,"String sql = ""SELECT * FROM orders WHERE uid='"" + uid + ""'"";",OWASP-BENCHMARK-011041,CWE-89,CRITICAL,Unsanitised user input concatenated directly into SQL query,Use parameterised queries / prepared statements
SQL-0109,sql_injection,python,"cursor.execute(""SELECT role FROM staff WHERE username='"" + uname + ""'"")",NVD-CVE-2022-1108,CWE-89,CRITICAL,Unsanitised user input concatenated directly into SQL query,Use parameterised queries / prepared statements
API-0249,insecure_api,python,"subprocess.call(request.form['cmd'], shell=True)",OWASP-BENCHMARK-153248,CWE-78,HIGH,"Insecure API usage: disabled TLS validation, unsafe deserialization, or command injection","Enable TLS verification, validate inputs, avoid eval/exec on user data"
SEC-0269,hardcoded_secret,python,"GITHUB_TOKEN = ""ghp_FakeTokenABCDEFGHIJKLMNOPQRSTUV""",NVD-CVE-2022-2268,CWE-798,CRITICAL,Credential or secret key hardcoded in source code,Store secrets in environment variables or a secrets manager
API-0051,insecure_api,python,"requests.get(url, verify=False)",OWASP-BENCHMARK-113050,CWE-295,HIGH,"Insecure API usage: disabled TLS validation, unsafe deserialization, or command injection","Enable TLS verification, validate inputs, avoid eval/exec on user data"
SAFE-0101,safe,python,"cursor.execute('SELECT * FROM users WHERE id = %s', (user_id,))",OWASP-BENCHMARK-204100,N/A,NONE,Secure coding practice: parameterised query / env-based secret / proper TLS,N/A
SAFE-0266,safe,java,"SSLContext ctx = SSLContext.getInstance(""TLSv1.3""); ctx.init(...);",OWASP-BENCHMARK-234265,N/A,NONE,Secure coding practice: parameterised query / env-based secret / proper TLS,N/A
SEC-0184,hardcoded_secret,python,"SECRET_KEY = ""django-insecure-xyz987abc654def321""",OWASP-BENCHMARK-072183,CWE-321,CRITICAL,Credential or secret key hardcoded in source code,Store secrets in environment variables or a secrets manager
SEC-0169,hardcoded_secret,python,"GITHUB_TOKEN = ""ghp_FakeTokenABCDEFGHIJKLMNOPQRSTUV""",NVD-CVE-2022-2168,CWE-798,HIGH,Credential or secret key hardcoded in source code,Store secrets in environment variables or a secrets manager
SQL-0025,sql_injection,java,"stmt.execute(""UPDATE users SET pass='"" + newPass + ""' WHERE user='"" + user + ""'"")",NVD-CVE-2020-1024,CWE-89,CRITICAL,Unsanitised user input concatenated directly into SQL query,Use parameterised queries / prepared statements
API-0061,insecure_api,python,"requests.get(url, verify=False)",OWASP-BENCHMARK-113060,CWE-295,CRITICAL,"Insecure API usage: disabled TLS validation, unsafe deserialization, or command injection","Enable TLS verification, validate inputs, avoid eval/exec on user data"
API-0080,insecure_api,java,Runtime.getRuntime().exec(userInput);,NVD-CVE-2023-3079,CWE-78,HIGH,"Insecure API usage: disabled TLS validation, unsafe deserialization, or command injection","Enable TLS verification, validate inputs, avoid eval/exec on user data"
API-0153,insecure_api,python,"flask.run(debug=True, host='0.0.0.0')",OWASP-BENCHMARK-123152,CWE-94,HIGH,"Insecure API usage: disabled TLS validation, unsafe deserialization, or command injection","Enable TLS verification, validate inputs, avoid eval/exec on user data"
SAFE-0094,safe,nodejs,const secret = process.env.JWT_SECRET;,NVD-SAFE-4093,N/A,NONE,Secure coding practice: parameterised query / env-based secret / proper TLS,N/A
SEC-0067,hardcoded_secret,java,"String jwtSecret = ""my_ultra_secret_jwt_key_hardcoded"";",NVD-CVE-2021-2066,CWE-321,CRITICAL,Credential or secret key hardcoded in source code,Store secrets in environment variables or a secrets manager
API-0240,insecure_api,java,Runtime.getRuntime().exec(userInput);,NVD-CVE-2023-3239,CWE-78,CRITICAL,"Insecure API usage: disabled TLS validation, unsafe deserialization, or command injection","Enable TLS verification, validate inputs, avoid eval/exec on user data"
SAFE-0153,safe,python,password = os.environ['DB_PASSWORD'],NVD-SAFE-4152,N/A,NONE,Secure coding practice: parameterised query / env-based secret / proper TLS,N/A
SEC-0084,hardcoded_secret,python,"SECRET_KEY = ""django-insecure-xyz987abc654def321""",OWASP-BENCHMARK-072083,CWE-321,CRITICAL,Credential or secret key hardcoded in source code,Store secrets in environment variables or a secrets manager
SEC-0155,hardcoded_secret,yaml,"password: ""admin123""  # TODO: change before prod",NVD-CVE-2020-2154,CWE-259,HIGH,Credential or secret key hardcoded in source code,Store secrets in environment variables or a secrets manager
SQL-0265,sql_injection,java,"stmt.execute(""UPDATE users SET pass='"" + newPass + ""' WHERE user='"" + user + ""'"")",NVD-CVE-2020-1264,CWE-89,HIGH,Unsanitised user input concatenated directly into SQL query,Use parameterised queries / prepared statements
API-0161,insecure_api,python,"requests.get(url, verify=False)",OWASP-BENCHMARK-113160,CWE-295,CRITICAL,"Insecure API usage: disabled TLS validation, unsafe deserialization, or command injection","Enable TLS verification, validate inputs, avoid eval/exec on user data"
SAFE-0080,safe,java,"String q = ""SELECT * FROM t WHERE id=?""; stmt = con.prepareStatement(q); stmt.setString(1,id);",OWASP-BENCHMARK-254079,N/A,NONE,Secure coding practice: parameterised query / env-based secret / proper TLS,N/A
SEC-0145,hardcoded_secret,yaml,"password: ""admin123""  # TODO: change before prod",NVD-CVE-2020-2144,CWE-259,CRITICAL,Credential or secret key hardcoded in source code,Store secrets in environment variables or a secrets manager
SEC-0096,hardcoded_secret,python,"STRIPE_SECRET = ""sk_live_51HqzGmKLN3yY6Xr2FAKEKEY9012""",OWASP-BENCHMARK-082095,CWE-798,CRITICAL,Credential or secret key hardcoded in source code,Store secrets in environment variables or a secrets manager
API-0142,insecure_api,java,"conn.setHostnameVerifier((h,s) -> true);",NVD-CVE-2019-3141,CWE-297,HIGH,"Insecure API usage: disabled TLS validation, unsafe deserialization, or command injection","Enable TLS verification, validate inputs, avoid eval/exec on user data"
SQL-0177,sql_injection,ruby,"User.where(""name = '#{params[:name]}'"")",NVD-CVE-2021-1176,CWE-89,CRITICAL,Unsanitised user input concatenated directly into SQL query,Use parameterised queries / prepared statements
SQL-0019,sql_injection,python,"cursor.execute(""SELECT role FROM staff WHERE username='"" + uname + ""'"")",NVD-CVE-2022-1018,CWE-89,CRITICAL,Unsanitised user input concatenated directly into SQL query,Use parameterised queries / prepared statements
SAFE-0049,safe,python,import secrets; token = secrets.token_hex(32),NVD-SAFE-4048,N/A,NONE,Secure coding practice: parameterised query / env-based secret / proper TLS,N/A
API-0215,insecure_api,python,pickle.loads(user_supplied_bytes),OWASP-BENCHMARK-133214,CWE-502,HIGH,"Insecure API usage: disabled TLS validation, unsafe deserialization, or command injection","Enable TLS verification, validate inputs, avoid eval/exec on user data"
SEC-0296,hardcoded_secret,python,"STRIPE_SECRET = ""sk_live_51HqzGmKLN3yY6Xr2FAKEKEY9012""",OWASP-BENCHMARK-082295,CWE-798,HIGH,Credential or secret key hardcoded in source code,Store secrets in environment variables or a secrets manager
SQL-0062,sql_injection,java,"String sql = ""SELECT * FROM orders WHERE uid='"" + uid + ""'"";",OWASP-BENCHMARK-011061,CWE-89,HIGH,Unsanitised user input concatenated directly into SQL query,Use parameterised queries / prepared statements
SQL-0273,sql_injection,php,"mysql_query(""SELECT * FROM products WHERE name='"" . $name . ""'"")",NVD-CVE-2019-1272,CWE-89,HIGH,Unsanitised user input concatenated directly into SQL query,Use parameterised queries / prepared statements
SAFE-0226,safe,java,"SSLContext ctx = SSLContext.getInstance(""TLSv1.3""); ctx.init(...);",OWASP-BENCHMARK-234225,N/A,NONE,Secure coding practice: parameterised query / env-based secret / proper TLS,N/A
SQL-0279,sql_injection,python,"cursor.execute(""SELECT role FROM staff WHERE username='"" + uname + ""'"")",NVD-CVE-2022-1278,CWE-89,CRITICAL,Unsanitised user input concatenated directly into SQL query,Use parameterised queries / prepared statements
API-0242,insecure_api,java,"conn.setHostnameVerifier((h,s) -> true);",NVD-CVE-2019-3241,CWE-297,CRITICAL,"Insecure API usage: disabled TLS validation, unsafe deserialization, or command injection","Enable TLS verification, validate inputs, avoid eval/exec on user data"
SEC-0069,hardcoded_secret,python,"GITHUB_TOKEN = ""ghp_FakeTokenABCDEFGHIJKLMNOPQRSTUV""",NVD-CVE-2022-2068,CWE-798,HIGH,Credential or secret key hardcoded in source code,Store secrets in environment variables or a secrets manager
API-0287,insecure_api,python,eval(request.args.get('expr')),OWASP-BENCHMARK-143286,CWE-95,CRITICAL,"Insecure API usage: disabled TLS validation, unsafe deserialization, or command injection","Enable TLS verification, validate inputs, avoid eval/exec on user data"
SAFE-0115,safe,python,"requests.get(url, verify=True, cert=('/path/cert.pem','/path/key.pem'))",OWASP-BENCHMARK-224114,N/A,NONE,Secure coding practice: parameterised query / env-based secret / proper TLS,N/A
API-0260,insecure_api,java,Runtime.getRuntime().exec(userInput);,NVD-CVE-2023-3259,CWE-78,HIGH,"Insecure API usage: disabled TLS validation, unsafe deserialization, or command injection","Enable TLS verification, validate inputs, avoid eval/exec on user data"
API-0121,insecure_api,python,"requests.get(url, verify=False)",OWASP-BENCHMARK-113120,CWE-295,MEDIUM,"Insecure API usage: disabled TLS validation, unsafe deserialization, or command injection","Enable TLS verification, validate inputs, avoid eval/exec on user data"
API-0226,insecure_api,java,new ObjectInputStream(socket.getInputStream()).readObject();,NVD-CVE-2021-3225,CWE-502,HIGH,"Insecure API usage: disabled TLS validation, unsafe deserialization, or command injection","Enable TLS verification, validate inputs, avoid eval/exec on user data"
SEC-0248,hardcoded_secret,php,"$db_password = ""root_pass_2023!"";",OWASP-BENCHMARK-092247,CWE-259,HIGH,Credential or secret key hardcoded in source code,Store secrets in environment variables or a secrets manager
API-0280,insecure_api,java,Runtime.getRuntime().exec(userInput);,NVD-CVE-2023-3279,CWE-78,HIGH,"Insecure API usage: disabled TLS validation, unsafe deserialization, or command injection","Enable TLS verification, validate inputs, avoid eval/exec on user data"
API-0300,insecure_api,java,Runtime.getRuntime().exec(userInput);,NVD-CVE-2023-3299,CWE-78,HIGH,"Insecure API usage: disabled TLS validation, unsafe deserialization, or command injection","Enable TLS verification, validate inputs, avoid eval/exec on user data"
SEC-0157,hardcoded_secret,java,"String jwtSecret = ""my_ultra_secret_jwt_key_hardcoded"";",NVD-CVE-2021-2156,CWE-321,HIGH,Credential or secret key hardcoded in source code,Store secrets in environment variables or a secrets manager
SEC-0094,hardcoded_secret,python,"SECRET_KEY = ""django-insecure-xyz987abc654def321""",OWASP-BENCHMARK-072093,CWE-321,CRITICAL,Credential or secret key hardcoded in source code,Store secrets in environment variables or a secrets manager
API-0076,insecure_api,java,new ObjectInputStream(socket.getInputStream()).readObject();,NVD-CVE-2021-3075,CWE-502,HIGH,"Insecure API usage: disabled TLS validation, unsafe deserialization, or command injection","Enable TLS verification, validate inputs, avoid eval/exec on user data"
SAFE-0012,safe,java,"PreparedStatement ps = conn.prepareStatement(""SELECT * FROM u WHERE id=?""); ps.setInt(1,uid);",OWASP-BENCHMARK-214011,N/A,NONE,Secure coding practice: parameterised query / env-based secret / proper TLS,N/A
SAFE-0065,safe,python,"requests.get(url, verify=True, cert=('/path/cert.pem','/path/key.pem'))",OWASP-BENCHMARK-224064,N/A,NONE,Secure coding practice: parameterised query / env-based secret / proper TLS,N/A
SEC-0076,hardcoded_secret,python,"STRIPE_SECRET = ""sk_live_51HqzGmKLN3yY6Xr2FAKEKEY9012""",OWASP-BENCHMARK-082075,CWE-798,CRITICAL,Credential or secret key hardcoded in source code,Store secrets in environment variables or a secrets manager
SEC-0113,hardcoded_secret,javascript,"const API_KEY = ""sk-live-abcd1234efgh5678ijkl9012"";",NVD-CVE-2019-2112,CWE-798,CRITICAL,Credential or secret key hardcoded in source code,Store secrets in environment variables or a secrets manager
SQL-0075,sql_injection,java,"stmt.execute(""UPDATE users SET pass='"" + newPass + ""' WHERE user='"" + user + ""'"")",NVD-CVE-2020-1074,CWE-89,HIGH,Unsanitised user input concatenated directly into SQL query,Use parameterised queries / prepared statements
SAFE-0222,safe,java,"PreparedStatement ps = conn.prepareStatement(""SELECT * FROM u WHERE id=?""); ps.setInt(1,uid);",OWASP-BENCHMARK-214221,N/A,NONE,Secure coding practice: parameterised query / env-based secret / proper TLS,N/A
API-0263,insecure_api,python,"flask.run(debug=True, host='0.0.0.0')",OWASP-BENCHMARK-123262,CWE-94,CRITICAL,"Insecure API usage: disabled TLS validation, unsafe deserialization, or command injection","Enable TLS verification, validate inputs, avoid eval/exec on user data"
SEC-0201,hardcoded_secret,python,"AWS_SECRET = ""wJalrXUtnFEMI/K7MDENG/bPxRfiCYEXAMPLEKEY""",NVD-CVE-2018-2200,CWE-798,HIGH,Credential or secret key hardcoded in source code,Store secrets in environment variables or a secrets manager
SAFE-0042,safe,java,"PreparedStatement ps = conn.prepareStatement(""SELECT * FROM u WHERE id=?""); ps.setInt(1,uid);",OWASP-BENCHMARK-214041,N/A,NONE,Secure coding practice: parameterised query / env-based secret / proper TLS,N/A
API-0017,insecure_api,python,eval(request.args.get('expr')),OWASP-BENCHMARK-143016,CWE-95,CRITICAL,"Insecure API usage: disabled TLS validation, unsafe deserialization, or command injection","Enable TLS verification, validate inputs, avoid eval/exec on user data"
SQL-0115,sql_injection,java,"stmt.execute(""UPDATE users SET pass='"" + newPass + ""' WHERE user='"" + user + ""'"")",NVD-CVE-2020-1114,CWE-89,HIGH,Unsanitised user input concatenated directly into SQL query,Use parameterised queries / prepared statements
SEC-0118,hardcoded_secret,php,"$db_password = ""root_pass_2023!"";",OWASP-BENCHMARK-092117,CWE-259,CRITICAL,Credential or secret key hardcoded in source code,Store secrets in environment variables or a secrets manager
API-0002,insecure_api,java,"conn.setHostnameVerifier((h,s) -> true);",NVD-CVE-2019-3001,CWE-297,HIGH,"Insecure API usage: disabled TLS validation, unsafe deserialization, or command injection","Enable TLS verification, validate inputs, avoid eval/exec on user data"
API-0005,insecure_api,python,pickle.loads(user_supplied_bytes),OWASP-BENCHMARK-133004,CWE-502,CRITICAL,"Insecure API usage: disabled TLS validation, unsafe deserialization, or command injection","Enable TLS verification, validate inputs, avoid eval/exec on user data"
SQL-0090,sql_injection,java,"rs = stmt.executeQuery(""SELECT * FROM items WHERE category="" + cat)",OWASP-BENCHMARK-051089,CWE-89,HIGH,Unsanitised user input concatenated directly into SQL query,Use parameterised queries / prepared statements
SAFE-0249,safe,python,import secrets; token = secrets.token_hex(32),NVD-SAFE-4248,N/A,NONE,Secure coding practice: parameterised query / env-based secret / proper TLS,N/A
SEC-0199,hardcoded_secret,python,"GITHUB_TOKEN = ""ghp_FakeTokenABCDEFGHIJKLMNOPQRSTUV""",NVD-CVE-2022-2198,CWE-798,CRITICAL,Credential or secret key hardcoded in source code,Store secrets in environment variables or a secrets manager
API-0276,insecure_api,java,new ObjectInputStream(socket.getInputStream()).readObject();,NVD-CVE-2021-3275,CWE-502,CRITICAL,"Insecure API usage: disabled TLS validation, unsafe deserialization, or command injection","Enable TLS verification, validate inputs, avoid eval/exec on user data"
SAFE-0027,safe,python,import html; safe = html.escape(user_input),NVD-SAFE-4026,N/A,NONE,Secure coding practice: parameterised query / env-based secret / proper TLS,N/A
SAFE-0099,safe,python,import secrets; token = secrets.token_hex(32),NVD-SAFE-4098,N/A,NONE,Secure coding practice: parameterised query / env-based secret / proper TLS,N/A
SQL-0012,sql_injection,java,"String sql = ""SELECT * FROM orders WHERE uid='"" + uid + ""'"";",OWASP-BENCHMARK-011011,CWE-89,HIGH,Unsanitised user input concatenated directly into SQL query,Use parameterised queries / prepared statements
SEC-0097,hardcoded_secret,java,"String jwtSecret = ""my_ultra_secret_jwt_key_hardcoded"";",NVD-CVE-2021-2096,CWE-321,CRITICAL,Credential or secret key hardcoded in source code,Store secrets in environment variables or a secrets manager
API-0155,insecure_api,python,pickle.loads(user_supplied_bytes),OWASP-BENCHMARK-133154,CWE-502,MEDIUM,"Insecure API usage: disabled TLS validation, unsafe deserialization, or command injection","Enable TLS verification, validate inputs, avoid eval/exec on user data"
SEC-0256,hardcoded_secret,python,"STRIPE_SECRET = ""sk_live_51HqzGmKLN3yY6Xr2FAKEKEY9012""",OWASP-BENCHMARK-082255,CWE-798,CRITICAL,Credential or secret key hardcoded in source code,Store secrets in environment variables or a secrets manager
SQL-0043,sql_injection,php,"mysql_query(""SELECT * FROM products WHERE name='"" . $name . ""'"")",NVD-CVE-2019-1042,CWE-89,HIGH,Unsanitised user input concatenated directly into SQL query,Use parameterised queries / prepared statements
SQL-0168,sql_injection,nodejs,db.query(`SELECT * FROM sessions WHERE token='${req.body.token}'`),OWASP-BENCHMARK-041167,CWE-89,HIGH,Unsanitised user input concatenated directly into SQL query,Use parameterised queries / prepared statements
SEC-0117,hardcoded_secret,java,"String jwtSecret = ""my_ultra_secret_jwt_key_hardcoded"";",NVD-CVE-2021-2116,CWE-321,HIGH,Credential or secret key hardcoded in source code,Store secrets in environment variables or a secrets manager
SEC-0277,hardcoded_secret,java,"String jwtSecret = ""my_ultra_secret_jwt_key_hardcoded"";",NVD-CVE-2021-2276,CWE-321,CRITICAL,Credential or secret key hardcoded in source code,Store secrets in environment variables or a secrets manager
SQL-0268,sql_injection,nodejs,db.query(`SELECT * FROM sessions WHERE token='${req.body.token}'`),OWASP-BENCHMARK-041267,CWE-89,HIGH,Unsanitised user input concatenated directly into SQL query,Use parameterised queries / prepared statements
API-0208,insecure_api,nodejs,"res.setHeader('Access-Control-Allow-Origin', req.headers.origin);",NVD-CVE-2022-3207,CWE-942,HIGH,"Insecure API usage: disabled TLS validation, unsafe deserialization, or command injection","Enable TLS verification, validate inputs, avoid eval/exec on user data"
SEC-0127,hardcoded_secret,java,"String jwtSecret = ""my_ultra_secret_jwt_key_hardcoded"";",NVD-CVE-2021-2126,CWE-321,HIGH,Credential or secret key hardcoded in source code,Store secrets in environment variables or a secrets manager
API-0091,insecure_api,python,"requests.get(url, verify=False)",OWASP-BENCHMARK-113090,CWE-295,MEDIUM,"Insecure API usage: disabled TLS validation, unsafe deserialization, or command injection","Enable TLS verification, validate inputs, avoid eval/exec on user data"
SEC-0245,hardcoded_secret,yaml,"password: ""admin123""  # TODO: change before prod",NVD-CVE-2020-2244,CWE-259,HIGH,Credential or secret key hardcoded in source code,Store secrets in environment variables or a secrets manager
SAFE-0223,safe,python,password = os.environ['DB_PASSWORD'],NVD-SAFE-4222,N/A,NONE,Secure coding practice: parameterised query / env-based secret / proper TLS,N/A
API-0075,insecure_api,python,pickle.loads(user_supplied_bytes),OWASP-BENCHMARK-133074,CWE-502,HIGH,"Insecure API usage: disabled TLS validation, unsafe deserialization, or command injection","Enable TLS verification, validate inputs, avoid eval/exec on user data"
API-0090,insecure_api,java,Runtime.getRuntime().exec(userInput);,NVD-CVE-2023-3089,CWE-78,MEDIUM,"Insecure API usage: disabled TLS validation, unsafe deserialization, or command injection","Enable TLS verification, validate inputs, avoid eval/exec on user data"
SAFE-0155,safe,python,"requests.get(url, verify=True, cert=('/path/cert.pem','/path/key.pem'))",OWASP-BENCHMARK-224154,N/A,NONE,Secure coding practice: parameterised query / env-based secret / proper TLS,N/A
SAFE-0277,safe,python,import html; safe = html.escape(user_input),NVD-SAFE-4276,N/A,NONE,Secure coding practice: parameterised query / env-based secret / proper TLS,N/A
SAFE-0133,safe,python,password = os.environ['DB_PASSWORD'],NVD-SAFE-4132,N/A,NONE,Secure coding practice: parameterised query / env-based secret / proper TLS,N/A
SAFE-0135,safe,python,"requests.get(url, verify=True, cert=('/path/cert.pem','/path/key.pem'))",OWASP-BENCHMARK-224134,N/A,NONE,Secure coding practice: parameterised query / env-based secret / proper TLS,N/A
SQL-0258,sql_injection,nodejs,db.query(`SELECT * FROM sessions WHERE token='${req.body.token}'`),OWASP-BENCHMARK-041257,CWE-89,HIGH,Unsanitised user input concatenated directly into SQL query,Use parameterised queries / prepared statements
SEC-0036,hardcoded_secret,python,"STRIPE_SECRET = ""sk_live_51HqzGmKLN3yY6Xr2FAKEKEY9012""",OWASP-BENCHMARK-082035,CWE-798,CRITICAL,Credential or secret key hardcoded in source code,Store secrets in environment variables or a secrets manager
SQL-0016,sql_injection,python,"db.execute(f""INSERT INTO audit (msg) VALUES ('{msg}')"")",OWASP-BENCHMARK-031015,CWE-89,HIGH,Unsanitised user input concatenated directly into SQL query,Use parameterised queries / prepared statements
SAFE-0002,safe,java,"PreparedStatement ps = conn.prepareStatement(""SELECT * FROM u WHERE id=?""); ps.setInt(1,uid);",OWASP-BENCHMARK-214001,N/A,NONE,Secure coding practice: parameterised query / env-based secret / proper TLS,N/A
SEC-0025,hardcoded_secret,yaml,"password: ""admin123""  # TODO: change before prod",NVD-CVE-2020-2024,CWE-259,CRITICAL,Credential or secret key hardcoded in source code,Store secrets in environment variables or a secrets manager
API-0008,insecure_api,nodejs,"res.setHeader('Access-Control-Allow-Origin', req.headers.origin);",NVD-CVE-2022-3007,CWE-942,CRITICAL,"Insecure API usage: disabled TLS validation, unsafe deserialization, or command injection","Enable TLS verification, validate inputs, avoid eval/exec on user data"
SAFE-0154,safe,nodejs,const secret = process.env.JWT_SECRET;,NVD-SAFE-4153,N/A,NONE,Secure coding practice: parameterised query / env-based secret / proper TLS,N/A
API-0191,insecure_api,python,"requests.get(url, verify=False)",OWASP-BENCHMARK-113190,CWE-295,HIGH,"Insecure API usage: disabled TLS validation, unsafe deserialization, or command injection","Enable TLS verification, validate inputs, avoid eval/exec on user data"
SQL-0223,sql_injection,php,"mysql_query(""SELECT * FROM products WHERE name='"" . $name . ""'"")",NVD-CVE-2019-1222,CWE-89,CRITICAL,Unsanitised user input concatenated directly into SQL query,Use parameterised queries / prepared statements
SQL-0180,sql_injection,java,"rs = stmt.executeQuery(""SELECT * FROM items WHERE category="" + cat)",OWASP-BENCHMARK-051179,CWE-89,CRITICAL,Unsanitised user input concatenated directly into SQL query,Use parameterised queries / prepared statements
SQL-0100,sql_injection,java,"rs = stmt.executeQuery(""SELECT * FROM items WHERE category="" + cat)",OWASP-BENCHMARK-051099,CWE-89,CRITICAL,Unsanitised user input concatenated directly into SQL query,Use parameterised queries / prepared statements
SEC-0222,hardcoded_secret,java,"private static final String DB_PASS = ""P@ssw0rd123"";",OWASP-BENCHMARK-062221,CWE-798,HIGH,Credential or secret key hardcoded in source code,Store secrets in environment variables or a secrets manager
SQL-0023,sql_injection,php,"mysql_query(""SELECT * FROM products WHERE name='"" . $name . ""'"")",NVD-CVE-2019-1022,CWE-89,CRITICAL,Unsanitised user input concatenated directly into SQL query,Use parameterised queries / prepared statements
SEC-0057,hardcoded_secret,java,"String jwtSecret = ""my_ultra_secret_jwt_key_hardcoded"";",NVD-CVE-2021-2056,CWE-321,HIGH,Credential or secret key hardcoded in source code,Store secrets in environment variables or a secrets manager
API-0134,insecure_api,nodejs,app.use(cors({ origin: '*' }));,NVD-CVE-2020-3133,CWE-942,HIGH,"Insecure API usage: disabled TLS validation, unsafe deserialization, or command injection","Enable TLS verification, validate inputs, avoid eval/exec on user data"
SAFE-0194,safe,nodejs,const secret = process.env.JWT_SECRET;,NVD-SAFE-4193,N/A,NONE,Secure coding practice: parameterised query / env-based secret / proper TLS,N/A
SAFE-0212,safe,java,"PreparedStatement ps = conn.prepareStatement(""SELECT * FROM u WHERE id=?""); ps.setInt(1,uid);",OWASP-BENCHMARK-214211,N/A,NONE,Secure coding practice: parameterised query / env-based secret / proper TLS,N/A
API-0012,insecure_api,java,"conn.setHostnameVerifier((h,s) -> true);",NVD-CVE-2019-3011,CWE-297,CRITICAL,"Insecure API usage: disabled TLS validation, unsafe deserialization, or command injection","Enable TLS verification, validate inputs, avoid eval/exec on user data"
SAFE-0110,safe,java,"String q = ""SELECT * FROM t WHERE id=?""; stmt = con.prepareStatement(q); stmt.setString(1,id);",OWASP-BENCHMARK-254109,N/A,NONE,Secure coding practice: parameterised query / env-based secret / proper TLS,N/A
SEC-0041,hardcoded_secret,python,"AWS_SECRET = ""wJalrXUtnFEMI/K7MDENG/bPxRfiCYEXAMPLEKEY""",NVD-CVE-2018-2040,CWE-798,HIGH,Credential or secret key hardcoded in source code,Store secrets in environment variables or a secrets manager
SEC-0132,hardcoded_secret,java,"private static final String DB_PASS = ""P@ssw0rd123"";",OWASP-BENCHMARK-062131,CWE-798,CRITICAL,Credential or secret key hardcoded in source code,Store secrets in environment variables or a secrets manager
SAFE-0062,safe,java,"PreparedStatement ps = conn.prepareStatement(""SELECT * FROM u WHERE id=?""); ps.setInt(1,uid);",OWASP-BENCHMARK-214061,N/A,NONE,Secure coding practice: parameterised query / env-based secret / proper TLS,N/A
SQL-0218,sql_injection,nodejs,db.query(`SELECT * FROM sessions WHERE token='${req.body.token}'`),OWASP-BENCHMARK-041217,CWE-89,CRITICAL,Unsanitised user input concatenated directly into SQL query,Use parameterised queries / prepared statements
SQL-0204,sql_injection,python,"cursor.execute(""DELETE FROM logs WHERE id="" + str(log_id))",OWASP-BENCHMARK-021203,CWE-89,HIGH,Unsanitised user input concatenated directly into SQL query,Use parameterised queries / prepared statements
SAFE-0006,safe,java,"SSLContext ctx = SSLContext.getInstance(""TLSv1.3""); ctx.init(...);",OWASP-BENCHMARK-234005,N/A,NONE,Secure coding practice: parameterised query / env-based secret / proper TLS,N/A
SAFE-0023,safe,python,password = os.environ['DB_PASSWORD'],NVD-SAFE-4022,N/A,NONE,Secure coding practice: parameterised query / env-based secret / proper TLS,N/A
SQL-0094,sql_injection,python,"cursor.execute(""DELETE FROM logs WHERE id="" + str(log_id))",OWASP-BENCHMARK-021093,CWE-89,HIGH,Unsanitised user input concatenated directly into SQL query,Use parameterised queries / prepared statements
SAFE-0011,safe,python,"cursor.execute('SELECT * FROM users WHERE id = %s', (user_id,))",OWASP-BENCHMARK-204010,N/A,NONE,Secure coding practice: parameterised query / env-based secret / proper TLS,N/A
SQL-0069,sql_injection,python,"cursor.execute(""SELECT role FROM staff WHERE username='"" + uname + ""'"")",NVD-CVE-2022-1068,CWE-89,HIGH,Unsanitised user input concatenated directly into SQL query,Use parameterised queries / prepared statements
API-0295,insecure_api,python,pickle.loads(user_supplied_bytes),OWASP-BENCHMARK-133294,CWE-502,CRITICAL,"Insecure API usage: disabled TLS validation, unsafe deserialization, or command injection","Enable TLS verification, validate inputs, avoid eval/exec on user data"
SQL-0285,sql_injection,java,"stmt.execute(""UPDATE users SET pass='"" + newPass + ""' WHERE user='"" + user + ""'"")",NVD-CVE-2020-1284,CWE-89,CRITICAL,Unsanitised user input concatenated directly into SQL query,Use parameterised queries / prepared statements
API-0097,insecure_api,python,eval(request.args.get('expr')),OWASP-BENCHMARK-143096,CWE-95,CRITICAL,"Insecure API usage: disabled TLS validation, unsafe deserialization, or command injection","Enable TLS verification, validate inputs, avoid eval/exec on user data"
SQL-0086,sql_injection,python,"db.execute(f""INSERT INTO audit (msg) VALUES ('{msg}')"")",OWASP-BENCHMARK-031085,CWE-89,CRITICAL,Unsanitised user input concatenated directly into SQL query,Use parameterised queries / prepared statements
SEC-0135,hardcoded_secret,yaml,"password: ""admin123""  # TODO: change before prod",NVD-CVE-2020-2134,CWE-259,CRITICAL,Credential or secret key hardcoded in source code,Store secrets in environment variables or a secrets manager
API-0197,insecure_api,python,eval(request.args.get('expr')),OWASP-BENCHMARK-143196,CWE-95,CRITICAL,"Insecure API usage: disabled TLS validation, unsafe deserialization, or command injection","Enable TLS verification, validate inputs, avoid eval/exec on user data"
SQL-0154,sql_injection,python,"cursor.execute(""DELETE FROM logs WHERE id="" + str(log_id))",OWASP-BENCHMARK-021153,CWE-89,HIGH,Unsanitised user input concatenated directly into SQL query,Use parameterised queries / prepared statements
SQL-0076,sql_injection,python,"db.execute(f""INSERT INTO audit (msg) VALUES ('{msg}')"")",OWASP-BENCHMARK-031075,CWE-89,HIGH,Unsanitised user input concatenated directly into SQL query,Use parameterised queries / prepared statements
SAFE-0143,safe,python,password = os.environ['DB_PASSWORD'],NVD-SAFE-4142,N/A,NONE,Secure coding practice: parameterised query / env-based secret / proper TLS,N/A
SEC-0281,hardcoded_secret,python,"AWS_SECRET = ""wJalrXUtnFEMI/K7MDENG/bPxRfiCYEXAMPLEKEY""",NVD-CVE-2018-2280,CWE-798,CRITICAL,Credential or secret key hardcoded in source code,Store secrets in environment variables or a secrets manager
SEC-0147,hardcoded_secret,java,"String jwtSecret = ""my_ultra_secret_jwt_key_hardcoded"";",NVD-CVE-2021-2146,CWE-321,CRITICAL,Credential or secret key hardcoded in source code,Store secrets in environment variables or a secrets manager
API-0104,insecure_api,nodejs,app.use(cors({ origin: '*' }));,NVD-CVE-2020-3103,CWE-942,CRITICAL,"Insecure API usage: disabled TLS validation, unsafe deserialization, or command injection","Enable TLS verification, validate inputs, avoid eval/exec on user data"
SQL-0189,sql_injection,python,"cursor.execute(""SELECT role FROM staff WHERE username='"" + uname + ""'"")",NVD-CVE-2022-1188,CWE-89,HIGH,Unsanitised user input concatenated directly into SQL query,Use parameterised queries / prepared statements
SQL-0272,sql_injection,java,"String sql = ""SELECT * FROM orders WHERE uid='"" + uid + ""'"";",OWASP-BENCHMARK-011271,CWE-89,CRITICAL,Unsanitised user input concatenated directly into SQL query,Use parameterised queries / prepared statements
SQL-0237,sql_injection,ruby,"User.where(""name = '#{params[:name]}'"")",NVD-CVE-2021-1236,CWE-89,HIGH,Unsanitised user input concatenated directly into SQL query,Use parameterised queries / prepared statements
SEC-0188,hardcoded_secret,php,"$db_password = ""root_pass_2023!"";",OWASP-BENCHMARK-092187,CWE-259,CRITICAL,Credential or secret key hardcoded in source code,Store secrets in environment variables or a secrets manager
SAFE-0260,safe,java,"String q = ""SELECT * FROM t WHERE id=?""; stmt = con.prepareStatement(q); stmt.setString(1,id);",OWASP-BENCHMARK-254259,N/A,NONE,Secure coding practice: parameterised query / env-based secret / proper TLS,N/A
SEC-0260,hardcoded_secret,nodejs,"process.env.JWT_SECRET = ""hardcoded_jwt_secret_value"";",OWASP-BENCHMARK-102259,CWE-321,CRITICAL,Credential or secret key hardcoded in source code,Store secrets in environment variables or a secrets manager
SQL-0118,sql_injection,nodejs,db.query(`SELECT * FROM sessions WHERE token='${req.body.token}'`),OWASP-BENCHMARK-041117,CWE-89,HIGH,Unsanitised user input concatenated directly into SQL query,Use parameterised queries / prepared statements
API-0038,insecure_api,nodejs,"res.setHeader('Access-Control-Allow-Origin', req.headers.origin);",NVD-CVE-2022-3037,CWE-942,HIGH,"Insecure API usage: disabled TLS validation, unsafe deserialization, or command injection","Enable TLS verification, validate inputs, avoid eval/exec on user data"
SAFE-0228,safe,nodejs,"const bcrypt = require('bcrypt'); bcrypt.hash(pwd, 12)",OWASP-BENCHMARK-244227,N/A,NONE,Secure coding practice: parameterised query / env-based secret / proper TLS,N/A
API-0151,insecure_api,python,"requests.get(url, verify=False)",OWASP-BENCHMARK-113150,CWE-295,CRITICAL,"Insecure API usage: disabled TLS validation, unsafe deserialization, or command injection","Enable TLS verification, validate inputs, avoid eval/exec on user data"
SEC-0213,hardcoded_secret,javascript,"const API_KEY = ""sk-live-abcd1234efgh5678ijkl9012"";",NVD-CVE-2019-2212,CWE-798,HIGH,Credential or secret key hardcoded in source code,Store secrets in environment variables or a secrets manager
API-0034,insecure_api,nodejs,app.use(cors({ origin: '*' }));,NVD-CVE-2020-3033,CWE-942,MEDIUM,"Insecure API usage: disabled TLS validation, unsafe deserialization, or command injection","Enable TLS verification, validate inputs, avoid eval/exec on user data"
API-0186,insecure_api,java,new ObjectInputStream(socket.getInputStream()).readObject();,NVD-CVE-2021-3185,CWE-502,CRITICAL,"Insecure API usage: disabled TLS validation, unsafe deserialization, or command injection","Enable TLS verification, validate inputs, avoid eval/exec on user data"
SAFE-0107,safe,python,import html; safe = html.escape(user_input),NVD-SAFE-4106,N/A,NONE,Secure coding practice: parameterised query / env-based secret / proper TLS,N/A
API-0253,insecure_api,python,"flask.run(debug=True, host='0.0.0.0')",OWASP-BENCHMARK-123252,CWE-94,MEDIUM,"Insecure API usage: disabled TLS validation, unsafe deserialization, or command injection","Enable TLS verification, validate inputs, avoid eval/exec on user data"
SQL-0127,sql_injection,ruby,"User.where(""name = '#{params[:name]}'"")",NVD-CVE-2021-1126,CWE-89,CRITICAL,Unsanitised user input concatenated directly into SQL query,Use parameterised queries / prepared statements
SQL-0117,sql_injection,ruby,"User.where(""name = '#{params[:name]}'"")",NVD-CVE-2021-1116,CWE-89,CRITICAL,Unsanitised user input concatenated directly into SQL query,Use parameterised queries / prepared statements
SEC-0174,hardcoded_secret,python,"SECRET_KEY = ""django-insecure-xyz987abc654def321""",OWASP-BENCHMARK-072173,CWE-321,CRITICAL,Credential or secret key hardcoded in source code,Store secrets in environment variables or a secrets manager
API-0141,insecure_api,python,"requests.get(url, verify=False)",OWASP-BENCHMARK-113140,CWE-295,MEDIUM,"Insecure API usage: disabled TLS validation, unsafe deserialization, or command injection","Enable TLS verification, validate inputs, avoid eval/exec on user data"
SAFE-0093,safe,python,password = os.environ['DB_PASSWORD'],NVD-SAFE-4092,N/A,NONE,Secure coding practice: parameterised query / env-based secret / proper TLS,N/A
SQL-0058,sql_injection,nodejs,db.query(`SELECT * FROM sessions WHERE token='${req.body.token}'`),OWASP-BENCHMARK-041057,CWE-89,HIGH,Unsanitised user input concatenated directly into SQL query,Use parameterised queries / prepared statements
API-0004,insecure_api,nodejs,app.use(cors({ origin: '*' }));,NVD-CVE-2020-3003,CWE-942,HIGH,"Insecure API usage: disabled TLS validation, unsafe deserialization, or command injection","Enable TLS verification, validate inputs, avoid eval/exec on user data"
API-0187,insecure_api,python,eval(request.args.get('expr')),OWASP-BENCHMARK-143186,CWE-95,CRITICAL,"Insecure API usage: disabled TLS validation, unsafe deserialization, or command injection","Enable TLS verification, validate inputs, avoid eval/exec on user data"
SAFE-0071,safe,python,"cursor.execute('SELECT * FROM users WHERE id = %s', (user_id,))",OWASP-BENCHMARK-204070,N/A,NONE,Secure coding practice: parameterised query / env-based secret / proper TLS,N/A
API-0057,insecure_api,python,eval(request.args.get('expr')),OWASP-BENCHMARK-143056,CWE-95,MEDIUM,"Insecure API usage: disabled TLS validation, unsafe deserialization, or command injection","Enable TLS verification, validate inputs, avoid eval/exec on user data"
SAFE-0003,safe,python,password = os.environ['DB_PASSWORD'],NVD-SAFE-4002,N/A,NONE,Secure coding practice: parameterised query / env-based secret / proper TLS,N/A
SAFE-0022,safe,java,"PreparedStatement ps = conn.prepareStatement(""SELECT * FROM u WHERE id=?""); ps.setInt(1,uid);",OWASP-BENCHMARK-214021,N/A,NONE,Secure coding practice: parameterised query / env-based secret / proper TLS,N/A
SQL-0106,sql_injection,python,"db.execute(f""INSERT INTO audit (msg) VALUES ('{msg}')"")",OWASP-BENCHMARK-031105,CWE-89,CRITICAL,Unsanitised user input concatenated directly into SQL query,Use parameterised queries / prepared statements
API-0036,insecure_api,java,new ObjectInputStream(socket.getInputStream()).readObject();,NVD-CVE-2021-3035,CWE-502,MEDIUM,"Insecure API usage: disabled TLS validation, unsafe deserialization, or command injection","Enable TLS verification, validate inputs, avoid eval/exec on user data"
SEC-0070,hardcoded_secret,nodejs,"process.env.JWT_SECRET = ""hardcoded_jwt_secret_value"";",OWASP-BENCHMARK-102069,CWE-321,CRITICAL,Credential or secret key hardcoded in source code,Store secrets in environment variables or a secrets manager
SQL-0269,sql_injection,python,"cursor.execute(""SELECT role FROM staff WHERE username='"" + uname + ""'"")",NVD-CVE-2022-1268,CWE-89,CRITICAL,Unsanitised user input concatenated directly into SQL query,Use parameterised queries / prepared statements
API-0056,insecure_api,java,new ObjectInputStream(socket.getInputStream()).readObject();,NVD-CVE-2021-3055,CWE-502,HIGH,"Insecure API usage: disabled TLS validation, unsafe deserialization, or command injection","Enable TLS verification, validate inputs, avoid eval/exec on user data"
SQL-0047,sql_injection,ruby,"User.where(""name = '#{params[:name]}'"")",NVD-CVE-2021-1046,CWE-89,CRITICAL,Unsanitised user input concatenated directly into SQL query,Use parameterised queries / prepared statements
SEC-0050,hardcoded_secret,nodejs,"process.env.JWT_SECRET = ""hardcoded_jwt_secret_value"";",OWASP-BENCHMARK-102049,CWE-321,CRITICAL,Credential or secret key hardcoded in source code,Store secrets in environment variables or a secrets manager
API-0174,insecure_api,nodejs,app.use(cors({ origin: '*' }));,NVD-CVE-2020-3173,CWE-942,HIGH,"Insecure API usage: disabled TLS validation, unsafe deserialization, or command injection","Enable TLS verification, validate inputs, avoid eval/exec on user data"
SQL-0196,sql_injection,python,"db.execute(f""INSERT INTO audit (msg) VALUES ('{msg}')"")",OWASP-BENCHMARK-031195,CWE-89,CRITICAL,Unsanitised user input concatenated directly into SQL query,Use parameterised queries / prepared statements
SQL-0103,sql_injection,php,"mysql_query(""SELECT * FROM products WHERE name='"" . $name . ""'"")",NVD-CVE-2019-1102,CWE-89,CRITICAL,Unsanitised user input concatenated directly into SQL query,Use parameterised queries / prepared statements
SQL-0005,sql_injection,java,"stmt.execute(""UPDATE users SET pass='"" + newPass + ""' WHERE user='"" + user + ""'"")",NVD-CVE-2020-1004,CWE-89,HIGH,Unsanitised user input concatenated directly into SQL query,Use parameterised queries / prepared statements
API-0020,insecure_api,java,Runtime.getRuntime().exec(userInput);,NVD-CVE-2023-3019,CWE-78,CRITICAL,"Insecure API usage: disabled TLS validation, unsafe deserialization, or command injection","Enable TLS verification, validate inputs, avoid eval/exec on user data"
SAFE-0091,safe,python,"cursor.execute('SELECT * FROM users WHERE id = %s', (user_id,))",OWASP-BENCHMARK-204090,N/A,NONE,Secure coding practice: parameterised query / env-based secret / proper TLS,N/A
SQL-0053,sql_injection,php,"mysql_query(""SELECT * FROM products WHERE name='"" . $name . ""'"")",NVD-CVE-2019-1052,CWE-89,CRITICAL,Unsanitised user input concatenated directly into SQL query,Use parameterised queries / prepared statements
SQL-0264,sql_injection,python,"cursor.execute(""DELETE FROM logs WHERE id="" + str(log_id))",OWASP-BENCHMARK-021263,CWE-89,HIGH,Unsanitised user input concatenated directly into SQL query,Use parameterised queries / prepared statements
SAFE-0193,safe,python,password = os.environ['DB_PASSWORD'],NVD-SAFE-4192,N/A,NONE,Secure coding practice: parameterised query / env-based secret / proper TLS,N/A
SEC-0144,hardcoded_secret,python,"SECRET_KEY = ""django-insecure-xyz987abc654def321""",OWASP-BENCHMARK-072143,CWE-321,CRITICAL,Credential or secret key hardcoded in source code,Store secrets in environment variables or a secrets manager
SAFE-0072,safe,java,"PreparedStatement ps = conn.prepareStatement(""SELECT * FROM u WHERE id=?""); ps.setInt(1,uid);",OWASP-BENCHMARK-214071,N/A,NONE,Secure coding practice: parameterised query / env-based secret / proper TLS,N/A
API-0183,insecure_api,python,"flask.run(debug=True, host='0.0.0.0')",OWASP-BENCHMARK-123182,CWE-94,MEDIUM,"Insecure API usage: disabled TLS validation, unsafe deserialization, or command injection","Enable TLS verification, validate inputs, avoid eval/exec on user data"
API-0247,insecure_api,python,eval(request.args.get('expr')),OWASP-BENCHMARK-143246,CWE-95,CRITICAL,"Insecure API usage: disabled TLS validation, unsafe deserialization, or command injection","Enable TLS verification, validate inputs, avoid eval/exec on user data"
API-0092,insecure_api,java,"conn.setHostnameVerifier((h,s) -> true);",NVD-CVE-2019-3091,CWE-297,MEDIUM,"Insecure API usage: disabled TLS validation, unsafe deserialization, or command injection","Enable TLS verification, validate inputs, avoid eval/exec on user data"
SEC-0005,hardcoded_secret,yaml,"password: ""admin123""  # TODO: change before prod",NVD-CVE-2020-2004,CWE-259,HIGH,Credential or secret key hardcoded in source code,Store secrets in environment variables or a secrets manager
SEC-0042,hardcoded_secret,java,"private static final String DB_PASS = ""P@ssw0rd123"";",OWASP-BENCHMARK-062041,CWE-798,HIGH,Credential or secret key hardcoded in source code,Store secrets in environment variables or a secrets manager
API-0267,insecure_api,python,eval(request.args.get('expr')),OWASP-BENCHMARK-143266,CWE-95,MEDIUM,"Insecure API usage: disabled TLS validation, unsafe deserialization, or command injection","Enable TLS verification, validate inputs, avoid eval/exec on user data"
SEC-0014,hardcoded_secret,python,"SECRET_KEY = ""django-insecure-xyz987abc654def321""",OWASP-BENCHMARK-072013,CWE-321,HIGH,Credential or secret key hardcoded in source code,Store secrets in environment variables or a secrets manager
SQL-0150,sql_injection,java,"rs = stmt.executeQuery(""SELECT * FROM items WHERE category="" + cat)",OWASP-BENCHMARK-051149,CWE-89,HIGH,Unsanitised user input concatenated directly into SQL query,Use parameterised queries / prepared statements
SQL-0125,sql_injection,java,"stmt.execute(""UPDATE users SET pass='"" + newPass + ""' WHERE user='"" + user + ""'"")",NVD-CVE-2020-1124,CWE-89,HIGH,Unsanitised user input concatenated directly into SQL query,Use parameterised queries / prepared statements
SAFE-0163,safe,python,password = os.environ['DB_PASSWORD'],NVD-SAFE-4162,N/A,NONE,Secure coding practice: parameterised query / env-based secret / proper TLS,N/A
SEC-0275,hardcoded_secret,yaml,"password: ""admin123""  # TODO: change before prod",NVD-CVE-2020-2274,CWE-259,HIGH,Credential or secret key hardcoded in source code,Store secrets in environment variables or a secrets manager
API-0098,insecure_api,nodejs,"res.setHeader('Access-Control-Allow-Origin', req.headers.origin);",NVD-CVE-2022-3097,CWE-942,MEDIUM,"Insecure API usage: disabled TLS validation, unsafe deserialization, or command injection","Enable TLS verification, validate inputs, avoid eval/exec on user data"
API-0065,insecure_api,python,pickle.loads(user_supplied_bytes),OWASP-BENCHMARK-133064,CWE-502,MEDIUM,"Insecure API usage: disabled TLS validation, unsafe deserialization, or command injection","Enable TLS verification, validate inputs, avoid eval/exec on user data"
SQL-0051,sql_injection,python,"query = ""SELECT * FROM users WHERE id = "" + user_input",OWASP-BENCHMARK-001050,CWE-89,CRITICAL,Unsanitised user input concatenated directly into SQL query,Use parameterised queries / prepared statements
API-0127,insecure_api,python,eval(request.args.get('expr')),OWASP-BENCHMARK-143126,CWE-95,HIGH,"Insecure API usage: disabled TLS validation, unsafe deserialization, or command injection","Enable TLS verification, validate inputs, avoid eval/exec on user data"
API-0200,insecure_api,java,Runtime.getRuntime().exec(userInput);,NVD-CVE-2023-3199,CWE-78,MEDIUM,"Insecure API usage: disabled TLS validation, unsafe deserialization, or command injection","Enable TLS verification, validate inputs, avoid eval/exec on user data"
SEC-0054,hardcoded_secret,python,"SECRET_KEY = ""django-insecure-xyz987abc654def321""",OWASP-BENCHMARK-072053,CWE-321,HIGH,Credential or secret key hardcoded in source code,Store secrets in environment variables or a secrets manager
SAFE-0253,safe,python,password = os.environ['DB_PASSWORD'],NVD-SAFE-4252,N/A,NONE,Secure coding practice: parameterised query / env-based secret / proper TLS,N/A
SQL-0143,sql_injection,php,"mysql_query(""SELECT * FROM products WHERE name='"" . $name . ""'"")",NVD-CVE-2019-1142,CWE-89,HIGH,Unsanitised user input concatenated directly into SQL query,Use parameterised queries / prepared statements
SEC-0171,hardcoded_secret,python,"AWS_SECRET = ""wJalrXUtnFEMI/K7MDENG/bPxRfiCYEXAMPLEKEY""",NVD-CVE-2018-2170,CWE-798,CRITICAL,Credential or secret key hardcoded in source code,Store secrets in environment variables or a secrets manager
API-0054,insecure_api,nodejs,app.use(cors({ origin: '*' }));,NVD-CVE-2020-3053,CWE-942,CRITICAL,"Insecure API usage: disabled TLS validation, unsafe deserialization, or command injection","Enable TLS verification, validate inputs, avoid eval/exec on user data"
SEC-0100,hardcoded_secret,nodejs,"process.env.JWT_SECRET = ""hardcoded_jwt_secret_value"";",OWASP-BENCHMARK-102099,CWE-321,HIGH,Credential or secret key hardcoded in source code,Store secrets in environment variables or a secrets manager
SAFE-0254,safe,nodejs,const secret = process.env.JWT_SECRET;,NVD-SAFE-4253,N/A,NONE,Secure coding practice: parameterised query / env-based secret / proper TLS,N/A
SAFE-0038,safe,nodejs,"const bcrypt = require('bcrypt'); bcrypt.hash(pwd, 12)",OWASP-BENCHMARK-244037,N/A,NONE,Secure coding practice: parameterised query / env-based secret / proper TLS,N/A
SEC-0021,hardcoded_secret,python,"AWS_SECRET = ""wJalrXUtnFEMI/K7MDENG/bPxRfiCYEXAMPLEKEY""",NVD-CVE-2018-2020,CWE-798,HIGH,Credential or secret key hardcoded in source code,Store secrets in environment variables or a secrets manager
SQL-0020,sql_injection,java,"rs = stmt.executeQuery(""SELECT * FROM items WHERE category="" + cat)",OWASP-BENCHMARK-051019,CWE-89,CRITICAL,Unsanitised user input concatenated directly into SQL query,Use parameterised queries / prepared statements
API-0085,insecure_api,python,pickle.loads(user_supplied_bytes),OWASP-BENCHMARK-133084,CWE-502,MEDIUM,"Insecure API usage: disabled TLS validation, unsafe deserialization, or command injection","Enable TLS verification, validate inputs, avoid eval/exec on user data"
SQL-0036,sql_injection,python,"db.execute(f""INSERT INTO audit (msg) VALUES ('{msg}')"")",OWASP-BENCHMARK-031035,CWE-89,HIGH,Unsanitised user input concatenated directly into SQL query,Use parameterised queries / prepared statements
API-0225,insecure_api,python,pickle.loads(user_supplied_bytes),OWASP-BENCHMARK-133224,CWE-502,HIGH,"Insecure API usage: disabled TLS validation, unsafe deserialization, or command injection","Enable TLS verification, validate inputs, avoid eval/exec on user data"
SEC-0206,hardcoded_secret,python,"STRIPE_SECRET = ""sk_live_51HqzGmKLN3yY6Xr2FAKEKEY9012""",OWASP-BENCHMARK-082205,CWE-798,CRITICAL,Credential or secret key hardcoded in source code,Store secrets in environment variables or a secrets manager
API-0228,insecure_api,nodejs,"res.setHeader('Access-Control-Allow-Origin', req.headers.origin);",NVD-CVE-2022-3227,CWE-942,MEDIUM,"Insecure API usage: disabled TLS validation, unsafe deserialization, or command injection","Enable TLS verification, validate inputs, avoid eval/exec on user data"
SAFE-0171,safe,python,"cursor.execute('SELECT * FROM users WHERE id = %s', (user_id,))",OWASP-BENCHMARK-204170,N/A,NONE,Secure coding practice: parameterised query / env-based secret / proper TLS,N/A
SEC-0108,hardcoded_secret,php,"$db_password = ""root_pass_2023!"";",OWASP-BENCHMARK-092107,CWE-259,HIGH,Credential or secret key hardcoded in source code,Store secrets in environment variables or a secrets manager
API-0218,insecure_api,nodejs,"res.setHeader('Access-Control-Allow-Origin', req.headers.origin);",NVD-CVE-2022-3217,CWE-942,HIGH,"Insecure API usage: disabled TLS validation, unsafe deserialization, or command injection","Enable TLS verification, validate inputs, avoid eval/exec on user data"
SEC-0238,hardcoded_secret,php,"$db_password = ""root_pass_2023!"";",OWASP-BENCHMARK-092237,CWE-259,HIGH,Credential or secret key hardcoded in source code,Store secrets in environment variables or a secrets manager
API-0159,insecure_api,python,"subprocess.call(request.form['cmd'], shell=True)",OWASP-BENCHMARK-153158,CWE-78,CRITICAL,"Insecure API usage: disabled TLS validation, unsafe deserialization, or command injection","Enable TLS verification, validate inputs, avoid eval/exec on user data"
SAFE-0169,safe,python,import secrets; token = secrets.token_hex(32),NVD-SAFE-4168,N/A,NONE,Secure coding practice: parameterised query / env-based secret / proper TLS,N/A
API-0293,insecure_api,python,"flask.run(debug=True, host='0.0.0.0')",OWASP-BENCHMARK-123292,CWE-94,HIGH,"Insecure API usage: disabled TLS validation, unsafe deserialization, or command injection","Enable TLS verification, validate inputs, avoid eval/exec on user data"
SQL-0039,sql_injection,python,"cursor.execute(""SELECT role FROM staff WHERE username='"" + uname + ""'"")",NVD-CVE-2022-1038,CWE-89,CRITICAL,Unsanitised user input concatenated directly into SQL query,Use parameterised queries / prepared statements
SQL-0176,sql_injection,python,"db.execute(f""INSERT INTO audit (msg) VALUES ('{msg}')"")",OWASP-BENCHMARK-031175,CWE-89,HIGH,Unsanitised user input concatenated directly into SQL query,Use parameterised queries / prepared statements
SQL-0246,sql_injection,python,"db.execute(f""INSERT INTO audit (msg) VALUES ('{msg}')"")",OWASP-BENCHMARK-031245,CWE-89,HIGH,Unsanitised user input concatenated directly into SQL query,Use parameterised queries / prepared statements
API-0211,insecure_api,python,"requests.get(url, verify=False)",OWASP-BENCHMARK-113210,CWE-295,CRITICAL,"Insecure API usage: disabled TLS validation, unsafe deserialization, or command injection","Enable TLS verification, validate inputs, avoid eval/exec on user data"
SAFE-0185,safe,python,"requests.get(url, verify=True, cert=('/path/cert.pem','/path/key.pem'))",OWASP-BENCHMARK-224184,N/A,NONE,Secure coding practice: parameterised query / env-based secret / proper TLS,N/A
SAFE-0178,safe,nodejs,"const bcrypt = require('bcrypt'); bcrypt.hash(pwd, 12)",OWASP-BENCHMARK-244177,N/A,NONE,Secure coding practice: parameterised query / env-based secret / proper TLS,N/A
API-0185,insecure_api,python,pickle.loads(user_supplied_bytes),OWASP-BENCHMARK-133184,CWE-502,MEDIUM,"Insecure API usage: disabled TLS validation, unsafe deserialization, or command injection","Enable TLS verification, validate inputs, avoid eval/exec on user data"
SAFE-0285,safe,python,"requests.get(url, verify=True, cert=('/path/cert.pem','/path/key.pem'))",OWASP-BENCHMARK-224284,N/A,NONE,Secure coding practice: parameterised query / env-based secret / proper TLS,N/A
SEC-0190,hardcoded_secret,nodejs,"process.env.JWT_SECRET = ""hardcoded_jwt_secret_value"";",OWASP-BENCHMARK-102189,CWE-321,HIGH,Credential or secret key hardcoded in source code,Store secrets in environment variables or a secrets manager
SQL-0155,sql_injection,java,"stmt.execute(""UPDATE users SET pass='"" + newPass + ""' WHERE user='"" + user + ""'"")",NVD-CVE-2020-1154,CWE-89,HIGH,Unsanitised user input concatenated directly into SQL query,Use parameterised queries / prepared statements
API-0039,insecure_api,python,"subprocess.call(request.form['cmd'], shell=True)",OWASP-BENCHMARK-153038,CWE-78,HIGH,"Insecure API usage: disabled TLS validation, unsafe deserialization, or command injection","Enable TLS verification, validate inputs, avoid eval/exec on user data"
API-0063,insecure_api,python,"flask.run(debug=True, host='0.0.0.0')",OWASP-BENCHMARK-123062,CWE-94,CRITICAL,"Insecure API usage: disabled TLS validation, unsafe deserialization, or command injection","Enable TLS verification, validate inputs, avoid eval/exec on user data"
API-0254,insecure_api,nodejs,app.use(cors({ origin: '*' }));,NVD-CVE-2020-3253,CWE-942,MEDIUM,"Insecure API usage: disabled TLS validation, unsafe deserialization, or command injection","Enable TLS verification, validate inputs, avoid eval/exec on user data"
SQL-0288,sql_injection,nodejs,db.query(`SELECT * FROM sessions WHERE token='${req.body.token}'`),OWASP-BENCHMARK-041287,CWE-89,HIGH,Unsanitised user input concatenated directly into SQL query,Use parameterised queries / prepared statements
API-0026,insecure_api,java,new ObjectInputStream(socket.getInputStream()).readObject();,NVD-CVE-2021-3025,CWE-502,MEDIUM,"Insecure API usage: disabled TLS validation, unsafe deserialization, or command injection","Enable TLS verification, validate inputs, avoid eval/exec on user data"
SAFE-0300,safe,java,"String q = ""SELECT * FROM t WHERE id=?""; stmt = con.prepareStatement(q); stmt.setString(1,id);",OWASP-BENCHMARK-254299,N/A,NONE,Secure coding practice: parameterised query / env-based secret / proper TLS,N/A
API-0086,insecure_api,java,new ObjectInputStream(socket.getInputStream()).readObject();,NVD-CVE-2021-3085,CWE-502,MEDIUM,"Insecure API usage: disabled TLS validation, unsafe deserialization, or command injection","Enable TLS verification, validate inputs, avoid eval/exec on user data"
API-0273,insecure_api,python,"flask.run(debug=True, host='0.0.0.0')",OWASP-BENCHMARK-123272,CWE-94,CRITICAL,"Insecure API usage: disabled TLS validation, unsafe deserialization, or command injection","Enable TLS verification, validate inputs, avoid eval/exec on user data"
SEC-0270,hardcoded_secret,nodejs,"process.env.JWT_SECRET = ""hardcoded_jwt_secret_value"";",OWASP-BENCHMARK-102269,CWE-321,CRITICAL,Credential or secret key hardcoded in source code,Store secrets in environment variables or a secrets manager
SAFE-0244,safe,nodejs,const secret = process.env.JWT_SECRET;,NVD-SAFE-4243,N/A,NONE,Secure coding practice: parameterised query / env-based secret / proper TLS,N/A
API-0135,insecure_api,python,pickle.loads(user_supplied_bytes),OWASP-BENCHMARK-133134,CWE-502,CRITICAL,"Insecure API usage: disabled TLS validation, unsafe deserialization, or command injection","Enable TLS verification, validate inputs, avoid eval/exec on user data"
API-0193,insecure_api,python,"flask.run(debug=True, host='0.0.0.0')",OWASP-BENCHMARK-123192,CWE-94,MEDIUM,"Insecure API usage: disabled TLS validation, unsafe deserialization, or command injection","Enable TLS verification, validate inputs, avoid eval/exec on user data"
SQL-0018,sql_injection,nodejs,db.query(`SELECT * FROM sessions WHERE token='${req.body.token}'`),OWASP-BENCHMARK-041017,CWE-89,HIGH,Unsanitised user input concatenated directly into SQL query,Use parameterised queries / prepared statements
SQL-0128,sql_injection,nodejs,db.query(`SELECT * FROM sessions WHERE token='${req.body.token}'`),OWASP-BENCHMARK-041127,CWE-89,CRITICAL,Unsanitised user input concatenated directly into SQL query,Use parameterised queries / prepared statements
SEC-0023,hardcoded_secret,javascript,"const API_KEY = ""sk-live-abcd1234efgh5678ijkl9012"";",NVD-CVE-2019-2022,CWE-798,HIGH,Credential or secret key hardcoded in source code,Store secrets in environment variables or a secrets manager
SQL-0256,sql_injection,python,"db.execute(f""INSERT INTO audit (msg) VALUES ('{msg}')"")",OWASP-BENCHMARK-031255,CWE-89,HIGH,Unsanitised user input concatenated directly into SQL query,Use parameterised queries / prepared statements
SAFE-0044,safe,nodejs,const secret = process.env.JWT_SECRET;,NVD-SAFE-4043,N/A,NONE,Secure coding practice: parameterised query / env-based secret / proper TLS,N/A
SAFE-0280,safe,java,"String q = ""SELECT * FROM t WHERE id=?""; stmt = con.prepareStatement(q); stmt.setString(1,id);",OWASP-BENCHMARK-254279,N/A,NONE,Secure coding practice: parameterised query / env-based secret / proper TLS,N/A
SQL-0191,sql_injection,python,"query = ""SELECT * FROM users WHERE id = "" + user_input",OWASP-BENCHMARK-001190,CWE-89,CRITICAL,Unsanitised user input concatenated directly into SQL query,Use parameterised queries / prepared statements
SQL-0116,sql_injection,python,"db.execute(f""INSERT INTO audit (msg) VALUES ('{msg}')"")",OWASP-BENCHMARK-031115,CWE-89,HIGH,Unsanitised user input concatenated directly into SQL query,Use parameterised queries / prepared statements
SAFE-0274,safe,nodejs,const secret = process.env.JWT_SECRET;,NVD-SAFE-4273,N/A,NONE,Secure coding practice: parameterised query / env-based secret / proper TLS,N/A
API-0289,insecure_api,python,"subprocess.call(request.form['cmd'], shell=True)",OWASP-BENCHMARK-153288,CWE-78,CRITICAL,"Insecure API usage: disabled TLS validation, unsafe deserialization, or command injection","Enable TLS verification, validate inputs, avoid eval/exec on user data"
API-0007,insecure_api,python,eval(request.args.get('expr')),OWASP-BENCHMARK-143006,CWE-95,HIGH,"Insecure API usage: disabled TLS validation, unsafe deserialization, or command injection","Enable TLS verification, validate inputs, avoid eval/exec on user data"
SQL-0181,sql_injection,python,"query = ""SELECT * FROM users WHERE id = "" + user_input",OWASP-BENCHMARK-001180,CWE-89,CRITICAL,Unsanitised user input concatenated directly into SQL query,Use parameterised queries / prepared statements
SEC-0002,hardcoded_secret,java,"private static final String DB_PASS = ""P@ssw0rd123"";",OWASP-BENCHMARK-062001,CWE-798,HIGH,Credential or secret key hardcoded in source code,Store secrets in environment variables or a secrets manager
SEC-0197,hardcoded_secret,java,"String jwtSecret = ""my_ultra_secret_jwt_key_hardcoded"";",NVD-CVE-2021-2196,CWE-321,CRITICAL,Credential or secret key hardcoded in source code,Store secrets in environment variables or a secrets manager
SEC-0049,hardcoded_secret,python,"GITHUB_TOKEN = ""ghp_FakeTokenABCDEFGHIJKLMNOPQRSTUV""",NVD-CVE-2022-2048,CWE-798,CRITICAL,Credential or secret key hardcoded in source code,Store secrets in environment variables or a secrets manager
SAFE-0136,safe,java,"SSLContext ctx = SSLContext.getInstance(""TLSv1.3""); ctx.init(...);",OWASP-BENCHMARK-234135,N/A,NONE,Secure coding practice: parameterised query / env-based secret / proper TLS,N/A
SAFE-0083,safe,python,password = os.environ['DB_PASSWORD'],NVD-SAFE-4082,N/A,NONE,Secure coding practice: parameterised query / env-based secret / proper TLS,N/A
API-0145,insecure_api,python,pickle.loads(user_supplied_bytes),OWASP-BENCHMARK-133144,CWE-502,CRITICAL,"Insecure API usage: disabled TLS validation, unsafe deserialization, or command injection","Enable TLS verification, validate inputs, avoid eval/exec on user data"
SAFE-0252,safe,java,"PreparedStatement ps = conn.prepareStatement(""SELECT * FROM u WHERE id=?""); ps.setInt(1,uid);",OWASP-BENCHMARK-214251,N/A,NONE,Secure coding practice: parameterised query / env-based secret / proper TLS,N/A
SEC-0218,hardcoded_secret,php,"$db_password = ""root_pass_2023!"";",OWASP-BENCHMARK-092217,CWE-259,HIGH,Credential or secret key hardcoded in source code,Store secrets in environment variables or a secrets manager
SEC-0073,hardcoded_secret,javascript,"const API_KEY = ""sk-live-abcd1234efgh5678ijkl9012"";",NVD-CVE-2019-2072,CWE-798,CRITICAL,Credential or secret key hardcoded in source code,Store secrets in environment variables or a secrets manager
SQL-0046,sql_injection,python,"db.execute(f""INSERT INTO audit (msg) VALUES ('{msg}')"")",OWASP-BENCHMARK-031045,CWE-89,HIGH,Unsanitised user input concatenated directly into SQL query,Use parameterised queries / prepared statements
SEC-0177,hardcoded_secret,java,"String jwtSecret = ""my_ultra_secret_jwt_key_hardcoded"";",NVD-CVE-2021-2176,CWE-321,CRITICAL,Credential or secret key hardcoded in source code,Store secrets in environment variables or a secrets manager
SQL-0158,sql_injection,nodejs,db.query(`SELECT * FROM sessions WHERE token='${req.body.token}'`),OWASP-BENCHMARK-041157,CWE-89,HIGH,Unsanitised user input concatenated directly into SQL query,Use parameterised queries / prepared statements
SAFE-0147,safe,python,import html; safe = html.escape(user_input),NVD-SAFE-4146,N/A,NONE,Secure coding practice: parameterised query / env-based secret / proper TLS,N/A
SQL-0172,sql_injection,java,"String sql = ""SELECT * FROM orders WHERE uid='"" + uid + ""'"";",OWASP-BENCHMARK-011171,CWE-89,CRITICAL,Unsanitised user input concatenated directly into SQL query,Use parameterised queries / prepared statements
SQL-0017,sql_injection,ruby,"User.where(""name = '#{params[:name]}'"")",NVD-CVE-2021-1016,CWE-89,CRITICAL,Unsanitised user input concatenated directly into SQL query,Use parameterised queries / prepared statements
SEC-0212,hardcoded_secret,java,"private static final String DB_PASS = ""P@ssw0rd123"";",OWASP-BENCHMARK-062211,CWE-798,CRITICAL,Credential or secret key hardcoded in source code,Store secrets in environment variables or a secrets manager
SQL-0049,sql_injection,python,"cursor.execute(""SELECT role FROM staff WHERE username='"" + uname + ""'"")",NVD-CVE-2022-1048,CWE-89,HIGH,Unsanitised user input concatenated directly into SQL query,Use parameterised queries / prepared statements
SQL-0192,sql_injection,java,"String sql = ""SELECT * FROM orders WHERE uid='"" + uid + ""'"";",OWASP-BENCHMARK-011191,CWE-89,HIGH,Unsanitised user input concatenated directly into SQL query,Use parameterised queries / prepared statements
SEC-0247,hardcoded_secret,java,"String jwtSecret = ""my_ultra_secret_jwt_key_hardcoded"";",NVD-CVE-2021-2246,CWE-321,CRITICAL,Credential or secret key hardcoded in source code,Store secrets in environment variables or a secrets manager
SEC-0216,hardcoded_secret,python,"STRIPE_SECRET = ""sk_live_51HqzGmKLN3yY6Xr2FAKEKEY9012""",OWASP-BENCHMARK-082215,CWE-798,HIGH,Credential or secret key hardcoded in source code,Store secrets in environment variables or a secrets manager
SAFE-0078,safe,nodejs,"const bcrypt = require('bcrypt'); bcrypt.hash(pwd, 12)",OWASP-BENCHMARK-244077,N/A,NONE,Secure coding practice: parameterised query / env-based secret / proper TLS,N/A
SAFE-0039,safe,python,import secrets; token = secrets.token_hex(32),NVD-SAFE-4038,N/A,NONE,Secure coding practice: parameterised query / env-based secret / proper TLS,N/A
API-0229,insecure_api,python,"subprocess.call(request.form['cmd'], shell=True)",OWASP-BENCHMARK-153228,CWE-78,HIGH,"Insecure API usage: disabled TLS validation, unsafe deserialization, or command injection","Enable TLS verification, validate inputs, avoid eval/exec on user data"
SAFE-0084,safe,nodejs,const secret = process.env.JWT_SECRET;,NVD-SAFE-4083,N/A,NONE,Secure coding practice: parameterised query / env-based secret / proper TLS,N/A
SEC-0181,hardcoded_secret,python,"AWS_SECRET = ""wJalrXUtnFEMI/K7MDENG/bPxRfiCYEXAMPLEKEY""",NVD-CVE-2018-2180,CWE-798,CRITICAL,Credential or secret key hardcoded in source code,Store secrets in environment variables or a secrets manager
SAFE-0229,safe,python,import secrets; token = secrets.token_hex(32),NVD-SAFE-4228,N/A,NONE,Secure coding practice: parameterised query / env-based secret / proper TLS,N/A
SQL-0284,sql_injection,python,"cursor.execute(""DELETE FROM logs WHERE id="" + str(log_id))",OWASP-BENCHMARK-021283,CWE-89,CRITICAL,Unsanitised user input concatenated directly into SQL query,Use parameterised queries / prepared statements
SAFE-0130,safe,java,"String q = ""SELECT * FROM t WHERE id=?""; stmt = con.prepareStatement(q); stmt.setString(1,id);",OWASP-BENCHMARK-254129,N/A,NONE,Secure coding practice: parameterised query / env-based secret / proper TLS,N/A
API-0198,insecure_api,nodejs,"res.setHeader('Access-Control-Allow-Origin', req.headers.origin);",NVD-CVE-2022-3197,CWE-942,HIGH,"Insecure API usage: disabled TLS validation, unsafe deserialization, or command injection","Enable TLS verification, validate inputs, avoid eval/exec on user data"
SAFE-0040,safe,java,"String q = ""SELECT * FROM t WHERE id=?""; stmt = con.prepareStatement(q); stmt.setString(1,id);",OWASP-BENCHMARK-254039,N/A,NONE,Secure coding practice: parameterised query / env-based secret / proper TLS,N/A
SQL-0226,sql_injection,python,"db.execute(f""INSERT INTO audit (msg) VALUES ('{msg}')"")",OWASP-BENCHMARK-031225,CWE-89,HIGH,Unsanitised user input concatenated directly into SQL query,Use parameterised queries / prepared statements
SQL-0027,sql_injection,ruby,"User.where(""name = '#{params[:name]}'"")",NVD-CVE-2021-1026,CWE-89,HIGH,Unsanitised user input concatenated directly into SQL query,Use parameterised queries / prepared statements
SQL-0283,sql_injection,php,"mysql_query(""SELECT * FROM products WHERE name='"" . $name . ""'"")",NVD-CVE-2019-1282,CWE-89,HIGH,Unsanitised user input concatenated directly into SQL query,Use parameterised queries / prepared statements
SAFE-0250,safe,java,"String q = ""SELECT * FROM t WHERE id=?""; stmt = con.prepareStatement(q); stmt.setString(1,id);",OWASP-BENCHMARK-254249,N/A,NONE,Secure coding practice: parameterised query / env-based secret / proper TLS,N/A
SEC-0138,hardcoded_secret,php,"$db_password = ""root_pass_2023!"";",OWASP-BENCHMARK-092137,CWE-259,CRITICAL,Credential or secret key hardcoded in source code,Store secrets in environment variables or a secrets manager
SAFE-0268,safe,nodejs,"const bcrypt = require('bcrypt'); bcrypt.hash(pwd, 12)",OWASP-BENCHMARK-244267,N/A,NONE,Secure coding practice: parameterised query / env-based secret / proper TLS,N/A
SEC-0065,hardcoded_secret,yaml,"password: ""admin123""  # TODO: change before prod",NVD-CVE-2020-2064,CWE-259,CRITICAL,Credential or secret key hardcoded in source code,Store secrets in environment variables or a secrets manager
SQL-0230,sql_injection,java,"rs = stmt.executeQuery(""SELECT * FROM items WHERE category="" + cat)",OWASP-BENCHMARK-051229,CWE-89,CRITICAL,Unsanitised user input concatenated directly into SQL query,Use parameterised queries / prepared statements
SQL-0038,sql_injection,nodejs,db.query(`SELECT * FROM sessions WHERE token='${req.body.token}'`),OWASP-BENCHMARK-041037,CWE-89,HIGH,Unsanitised user input concatenated directly into SQL query,Use parameterised queries / prepared statements
API-0070,insecure_api,java,Runtime.getRuntime().exec(userInput);,NVD-CVE-2023-3069,CWE-78,HIGH,"Insecure API usage: disabled TLS validation, unsafe deserialization, or command injection","Enable TLS verification, validate inputs, avoid eval/exec on user data"
API-0150,insecure_api,java,Runtime.getRuntime().exec(userInput);,NVD-CVE-2023-3149,CWE-78,MEDIUM,"Insecure API usage: disabled TLS validation, unsafe deserialization, or command injection","Enable TLS verification, validate inputs, avoid eval/exec on user data"
SAFE-0281,safe,python,"cursor.execute('SELECT * FROM users WHERE id = %s', (user_id,))",OWASP-BENCHMARK-204280,N/A,NONE,Secure coding practice: parameterised query / env-based secret / proper TLS,N/A
SEC-0075,hardcoded_secret,yaml,"password: ""admin123""  # TODO: change before prod",NVD-CVE-2020-2074,CWE-259,HIGH,Credential or secret key hardcoded in source code,Store secrets in environment variables or a secrets manager
SEC-0170,hardcoded_secret,nodejs,"process.env.JWT_SECRET = ""hardcoded_jwt_secret_value"";",OWASP-BENCHMARK-102169,CWE-321,CRITICAL,Credential or secret key hardcoded in source code,Store secrets in environment variables or a secrets manager
API-0283,insecure_api,python,"flask.run(debug=True, host='0.0.0.0')",OWASP-BENCHMARK-123282,CWE-94,CRITICAL,"Insecure API usage: disabled TLS validation, unsafe deserialization, or command injection","Enable TLS verification, validate inputs, avoid eval/exec on user data"
SAFE-0282,safe,java,"PreparedStatement ps = conn.prepareStatement(""SELECT * FROM u WHERE id=?""); ps.setInt(1,uid);",OWASP-BENCHMARK-214281,N/A,NONE,Secure coding practice: parameterised query / env-based secret / proper TLS,N/A
API-0088,insecure_api,nodejs,"res.setHeader('Access-Control-Allow-Origin', req.headers.origin);",NVD-CVE-2022-3087,CWE-942,CRITICAL,"Insecure API usage: disabled TLS validation, unsafe deserialization, or command injection","Enable TLS verification, validate inputs, avoid eval/exec on user data"
SQL-0033,sql_injection,php,"mysql_query(""SELECT * FROM products WHERE name='"" . $name . ""'"")",NVD-CVE-2019-1032,CWE-89,CRITICAL,Unsanitised user input concatenated directly into SQL query,Use parameterised queries / prepared statements
SAFE-0111,safe,python,"cursor.execute('SELECT * FROM users WHERE id = %s', (user_id,))",OWASP-BENCHMARK-204110,N/A,NONE,Secure coding practice: parameterised query / env-based secret / proper TLS,N/A
SAFE-0276,safe,java,"SSLContext ctx = SSLContext.getInstance(""TLSv1.3""); ctx.init(...);",OWASP-BENCHMARK-234275,N/A,NONE,Secure coding practice: parameterised query / env-based secret / proper TLS,N/A
SQL-0195,sql_injection,java,"stmt.execute(""UPDATE users SET pass='"" + newPass + ""' WHERE user='"" + user + ""'"")",NVD-CVE-2020-1194,CWE-89,CRITICAL,Unsanitised user input concatenated directly into SQL query,Use parameterised queries / prepared statements
SAFE-0206,safe,java,"SSLContext ctx = SSLContext.getInstance(""TLSv1.3""); ctx.init(...);",OWASP-BENCHMARK-234205,N/A,NONE,Secure coding practice: parameterised query / env-based secret / proper TLS,N/A
SAFE-0214,safe,nodejs,const secret = process.env.JWT_SECRET;,NVD-SAFE-4213,N/A,NONE,Secure coding practice: parameterised query / env-based secret / proper TLS,N/A
SAFE-0164,safe,nodejs,const secret = process.env.JWT_SECRET;,NVD-SAFE-4163,N/A,NONE,Secure coding practice: parameterised query / env-based secret / proper TLS,N/A
SEC-0204,hardcoded_secret,python,"SECRET_KEY = ""django-insecure-xyz987abc654def321""",OWASP-BENCHMARK-072203,CWE-321,CRITICAL,Credential or secret key hardcoded in source code,Store secrets in environment variables or a secrets manager
SAFE-0016,safe,java,"SSLContext ctx = SSLContext.getInstance(""TLSv1.3""); ctx.init(...);",OWASP-BENCHMARK-234015,N/A,NONE,Secure coding practice: parameterised query / env-based secret / proper TLS,N/A
SAFE-0077,safe,python,import html; safe = html.escape(user_input),NVD-SAFE-4076,N/A,NONE,Secure coding practice: parameterised query / env-based secret / proper TLS,N/A
SAFE-0283,safe,python,password = os.environ['DB_PASSWORD'],NVD-SAFE-4282,N/A,NONE,Secure coding practice: parameterised query / env-based secret / proper TLS,N/A
SAFE-0188,safe,nodejs,"const bcrypt = require('bcrypt'); bcrypt.hash(pwd, 12)",OWASP-BENCHMARK-244187,N/A,NONE,Secure coding practice: parameterised query / env-based secret / proper TLS,N/A
API-0201,insecure_api,python,"requests.get(url, verify=False)",OWASP-BENCHMARK-113200,CWE-295,CRITICAL,"Insecure API usage: disabled TLS validation, unsafe deserialization, or command injection","Enable TLS verification, validate inputs, avoid eval/exec on user data"
SEC-0280,hardcoded_secret,nodejs,"process.env.JWT_SECRET = ""hardcoded_jwt_secret_value"";",OWASP-BENCHMARK-102279,CWE-321,CRITICAL,Credential or secret key hardcoded in source code,Store secrets in environment variables or a secrets manager
SQL-0161,sql_injection,python,"query = ""SELECT * FROM users WHERE id = "" + user_input",OWASP-BENCHMARK-001160,CWE-89,HIGH,Unsanitised user input concatenated directly into SQL query,Use parameterised queries / prepared statements
API-0081,insecure_api,python,"requests.get(url, verify=False)",OWASP-BENCHMARK-113080,CWE-295,MEDIUM,"Insecure API usage: disabled TLS validation, unsafe deserialization, or command injection","Enable TLS verification, validate inputs, avoid eval/exec on user data"
SAFE-0298,safe,nodejs,"const bcrypt = require('bcrypt'); bcrypt.hash(pwd, 12)",OWASP-BENCHMARK-244297,N/A,NONE,Secure coding practice: parameterised query / env-based secret / proper TLS,N/A
SQL-0163,sql_injection,php,"mysql_query(""SELECT * FROM products WHERE name='"" . $name . ""'"")",NVD-CVE-2019-1162,CWE-89,CRITICAL,Unsanitised user input concatenated directly into SQL query,Use parameterised queries / prepared statements
API-0222,insecure_api,java,"conn.setHostnameVerifier((h,s) -> true);",NVD-CVE-2019-3221,CWE-297,MEDIUM,"Insecure API usage: disabled TLS validation, unsafe deserialization, or command injection","Enable TLS verification, validate inputs, avoid eval/exec on user data"
API-0106,insecure_api,java,new ObjectInputStream(socket.getInputStream()).readObject();,NVD-CVE-2021-3105,CWE-502,HIGH,"Insecure API usage: disabled TLS validation, unsafe deserialization, or command injection","Enable TLS verification, validate inputs, avoid eval/exec on user data"
SAFE-0109,safe,python,import secrets; token = secrets.token_hex(32),NVD-SAFE-4108,N/A,NONE,Secure coding practice: parameterised query / env-based secret / proper TLS,N/A
API-0278,insecure_api,nodejs,"res.setHeader('Access-Control-Allow-Origin', req.headers.origin);",NVD-CVE-2022-3277,CWE-942,HIGH,"Insecure API usage: disabled TLS validation, unsafe deserialization, or command injection","Enable TLS verification, validate inputs, avoid eval/exec on user data"
API-0296,insecure_api,java,new ObjectInputStream(socket.getInputStream()).readObject();,NVD-CVE-2021-3295,CWE-502,HIGH,"Insecure API usage: disabled TLS validation, unsafe deserialization, or command injection","Enable TLS verification, validate inputs, avoid eval/exec on user data"
SAFE-0014,safe,nodejs,const secret = process.env.JWT_SECRET;,NVD-SAFE-4013,N/A,NONE,Secure coding practice: parameterised query / env-based secret / proper TLS,N/A
SAFE-0299,safe,python,import secrets; token = secrets.token_hex(32),NVD-SAFE-4298,N/A,NONE,Secure coding practice: parameterised query / env-based secret / proper TLS,N/A
SQL-0153,sql_injection,php,"mysql_query(""SELECT * FROM products WHERE name='"" . $name . ""'"")",NVD-CVE-2019-1152,CWE-89,CRITICAL,Unsanitised user input concatenated directly into SQL query,Use parameterised queries / prepared statements
SAFE-0079,safe,python,import secrets; token = secrets.token_hex(32),NVD-SAFE-4078,N/A,NONE,Secure coding practice: parameterised query / env-based secret / proper TLS,N/A
SAFE-0103,safe,python,password = os.environ['DB_PASSWORD'],NVD-SAFE-4102,N/A,NONE,Secure coding practice: parameterised query / env-based secret / proper TLS,N/A
SEC-0210,hardcoded_secret,nodejs,"process.env.JWT_SECRET = ""hardcoded_jwt_secret_value"";",OWASP-BENCHMARK-102209,CWE-321,CRITICAL,Credential or secret key hardcoded in source code,Store secrets in environment variables or a secrets manager
SQL-0112,sql_injection,java,"String sql = ""SELECT * FROM orders WHERE uid='"" + uid + ""'"";",OWASP-BENCHMARK-011111,CWE-89,CRITICAL,Unsanitised user input concatenated directly into SQL query,Use parameterised queries / prepared statements
SQL-0227,sql_injection,ruby,"User.where(""name = '#{params[:name]}'"")",NVD-CVE-2021-1226,CWE-89,CRITICAL,Unsanitised user input concatenated directly into SQL query,Use parameterised queries / prepared statements
SAFE-0086,safe,java,"SSLContext ctx = SSLContext.getInstance(""TLSv1.3""); ctx.init(...);",OWASP-BENCHMARK-234085,N/A,NONE,Secure coding practice: parameterised query / env-based secret / proper TLS,N/A
API-0252,insecure_api,java,"conn.setHostnameVerifier((h,s) -> true);",NVD-CVE-2019-3251,CWE-297,HIGH,"Insecure API usage: disabled TLS validation, unsafe deserialization, or command injection","Enable TLS verification, validate inputs, avoid eval/exec on user data"
SQL-0104,sql_injection,python,"cursor.execute(""DELETE FROM logs WHERE id="" + str(log_id))",OWASP-BENCHMARK-021103,CWE-89,HIGH,Unsanitised user input concatenated directly into SQL query,Use parameterised queries / prepared statements
SEC-0122,hardcoded_secret,java,"private static final String DB_PASS = ""P@ssw0rd123"";",OWASP-BENCHMARK-062121,CWE-798,HIGH,Credential or secret key hardcoded in source code,Store secrets in environment variables or a secrets manager
SEC-0120,hardcoded_secret,nodejs,"process.env.JWT_SECRET = ""hardcoded_jwt_secret_value"";",OWASP-BENCHMARK-102119,CWE-321,CRITICAL,Credential or secret key hardcoded in source code,Store secrets in environment variables or a secrets manager
API-0025,insecure_api,python,pickle.loads(user_supplied_bytes),OWASP-BENCHMARK-133024,CWE-502,MEDIUM,"Insecure API usage: disabled TLS validation, unsafe deserialization, or command injection","Enable TLS verification, validate inputs, avoid eval/exec on user data"
SEC-0287,hardcoded_secret,java,"String jwtSecret = ""my_ultra_secret_jwt_key_hardcoded"";",NVD-CVE-2021-2286,CWE-321,CRITICAL,Credential or secret key hardcoded in source code,Store secrets in environment variables or a secrets manager
SAFE-0161,safe,python,"cursor.execute('SELECT * FROM users WHERE id = %s', (user_id,))",OWASP-BENCHMARK-204160,N/A,NONE,Secure coding practice: parameterised query / env-based secret / proper TLS,N/A
SAFE-0020,safe,java,"String q = ""SELECT * FROM t WHERE id=?""; stmt = con.prepareStatement(q); stmt.setString(1,id);",OWASP-BENCHMARK-254019,N/A,NONE,Secure coding practice: parameterised query / env-based secret / proper TLS,N/A
API-0073,insecure_api,python,"flask.run(debug=True, host='0.0.0.0')",OWASP-BENCHMARK-123072,CWE-94,MEDIUM,"Insecure API usage: disabled TLS validation, unsafe deserialization, or command injection","Enable TLS verification, validate inputs, avoid eval/exec on user data"
SQL-0120,sql_injection,java,"rs = stmt.executeQuery(""SELECT * FROM items WHERE category="" + cat)",OWASP-BENCHMARK-051119,CWE-89,CRITICAL,Unsanitised user input concatenated directly into SQL query,Use parameterised queries / prepared statements
SQL-0054,sql_injection,python,"cursor.execute(""DELETE FROM logs WHERE id="" + str(log_id))",OWASP-BENCHMARK-021053,CWE-89,CRITICAL,Unsanitised user input concatenated directly into SQL query,Use parameterised queries / prepared statements
SQL-0152,sql_injection,java,"String sql = ""SELECT * FROM orders WHERE uid='"" + uid + ""'"";",OWASP-BENCHMARK-011151,CWE-89,HIGH,Unsanitised user input concatenated directly into SQL query,Use parameterised queries / prepared statements
SEC-0104,hardcoded_secret,python,"SECRET_KEY = ""django-insecure-xyz987abc654def321""",OWASP-BENCHMARK-072103,CWE-321,HIGH,Credential or secret key hardcoded in source code,Store secrets in environment variables or a secrets manager
SAFE-0289,safe,python,import secrets; token = secrets.token_hex(32),NVD-SAFE-4288,N/A,NONE,Secure coding practice: parameterised query / env-based secret / proper TLS,N/A
SQL-0208,sql_injection,nodejs,db.query(`SELECT * FROM sessions WHERE token='${req.body.token}'`),OWASP-BENCHMARK-041207,CWE-89,CRITICAL,Unsanitised user input concatenated directly into SQL query,Use parameterised queries / prepared statements
SAFE-0235,safe,python,"requests.get(url, verify=True, cert=('/path/cert.pem','/path/key.pem'))",OWASP-BENCHMARK-224234,N/A,NONE,Secure coding practice: parameterised query / env-based secret / proper TLS,N/A
API-0059,insecure_api,python,"subprocess.call(request.form['cmd'], shell=True)",OWASP-BENCHMARK-153058,CWE-78,CRITICAL,"Insecure API usage: disabled TLS validation, unsafe deserialization, or command injection","Enable TLS verification, validate inputs, avoid eval/exec on user data"
SAFE-0197,safe,python,import html; safe = html.escape(user_input),NVD-SAFE-4196,N/A,NONE,Secure coding practice: parameterised query / env-based secret / proper TLS,N/A
SQL-0233,sql_injection,php,"mysql_query(""SELECT * FROM products WHERE name='"" . $name . ""'"")",NVD-CVE-2019-1232,CWE-89,HIGH,Unsanitised user input concatenated directly into SQL query,Use parameterised queries / prepared statements
SQL-0009,sql_injection,python,"cursor.execute(""SELECT role FROM staff WHERE username='"" + uname + ""'"")",NVD-CVE-2022-1008,CWE-89,CRITICAL,Unsanitised user input concatenated directly into SQL query,Use parameterised queries / prepared statements
SQL-0160,sql_injection,java,"rs = stmt.executeQuery(""SELECT * FROM items WHERE category="" + cat)",OWASP-BENCHMARK-051159,CWE-89,HIGH,Unsanitised user input concatenated directly into SQL query,Use parameterised queries / prepared statements
SQL-0037,sql_injection,ruby,"User.where(""name = '#{params[:name]}'"")",NVD-CVE-2021-1036,CWE-89,CRITICAL,Unsanitised user input concatenated directly into SQL query,Use parameterised queries / prepared statements
SEC-0153,hardcoded_secret,javascript,"const API_KEY = ""sk-live-abcd1234efgh5678ijkl9012"";",NVD-CVE-2019-2152,CWE-798,CRITICAL,Credential or secret key hardcoded in source code,Store secrets in environment variables or a secrets manager
API-0052,insecure_api,java,"conn.setHostnameVerifier((h,s) -> true);",NVD-CVE-2019-3051,CWE-297,MEDIUM,"Insecure API usage: disabled TLS validation, unsafe deserialization, or command injection","Enable TLS verification, validate inputs, avoid eval/exec on user data"
SQL-0254,sql_injection,python,"cursor.execute(""DELETE FROM logs WHERE id="" + str(log_id))",OWASP-BENCHMARK-021253,CWE-89,CRITICAL,Unsanitised user input concatenated directly into SQL query,Use parameterised queries / prepared statements
SEC-0004,hardcoded_secret,python,"SECRET_KEY = ""django-insecure-xyz987abc654def321""",OWASP-BENCHMARK-072003,CWE-321,CRITICAL,Credential or secret key hardcoded in source code,Store secrets in environment variables or a secrets manager
API-0297,insecure_api,python,eval(request.args.get('expr')),OWASP-BENCHMARK-143296,CWE-95,MEDIUM,"Insecure API usage: disabled TLS validation, unsafe deserialization, or command injection","Enable TLS verification, validate inputs, avoid eval/exec on user data"
SAFE-0149,safe,python,import secrets; token = secrets.token_hex(32),NVD-SAFE-4148,N/A,NONE,Secure coding practice: parameterised query / env-based secret / proper TLS,N/A
API-0281,insecure_api,python,"requests.get(url, verify=False)",OWASP-BENCHMARK-113280,CWE-295,MEDIUM,"Insecure API usage: disabled TLS validation, unsafe deserialization, or command injection","Enable TLS verification, validate inputs, avoid eval/exec on user data"
SEC-0272,hardcoded_secret,java,"private static final String DB_PASS = ""P@ssw0rd123"";",OWASP-BENCHMARK-062271,CWE-798,HIGH,Credential or secret key hardcoded in source code,Store secrets in environment variables or a secrets manager
API-0024,insecure_api,nodejs,app.use(cors({ origin: '*' }));,NVD-CVE-2020-3023,CWE-942,HIGH,"Insecure API usage: disabled TLS validation, unsafe deserialization, or command injection","Enable TLS verification, validate inputs, avoid eval/exec on user data"
SAFE-0245,safe,python,"requests.get(url, verify=True, cert=('/path/cert.pem','/path/key.pem'))",OWASP-BENCHMARK-224244,N/A,NONE,Secure coding practice: parameterised query / env-based secret / proper TLS,N/A
SAFE-0131,safe,python,"cursor.execute('SELECT * FROM users WHERE id = %s', (user_id,))",OWASP-BENCHMARK-204130,N/A,NONE,Secure coding practice: parameterised query / env-based secret / proper TLS,N/A
SAFE-0246,safe,java,"SSLContext ctx = SSLContext.getInstance(""TLSv1.3""); ctx.init(...);",OWASP-BENCHMARK-234245,N/A,NONE,Secure coding practice: parameterised query / env-based secret / proper TLS,N/A
SQL-0263,sql_injection,php,"mysql_query(""SELECT * FROM products WHERE name='"" . $name . ""'"")",NVD-CVE-2019-1262,CWE-89,CRITICAL,Unsanitised user input concatenated directly into SQL query,Use parameterised queries / prepared statements
API-0011,insecure_api,python,"requests.get(url, verify=False)",OWASP-BENCHMARK-113010,CWE-295,HIGH,"Insecure API usage: disabled TLS validation, unsafe deserialization, or command injection","Enable TLS verification, validate inputs, avoid eval/exec on user data"
SQL-0298,sql_injection,nodejs,db.query(`SELECT * FROM sessions WHERE token='${req.body.token}'`),OWASP-BENCHMARK-041297,CWE-89,CRITICAL,Unsanitised user input concatenated directly into SQL query,Use parameterised queries / prepared statements
SAFE-0090,safe,java,"String q = ""SELECT * FROM t WHERE id=?""; stmt = con.prepareStatement(q); stmt.setString(1,id);",OWASP-BENCHMARK-254089,N/A,NONE,Secure coding practice: parameterised query / env-based secret / proper TLS,N/A
SEC-0115,hardcoded_secret,yaml,"password: ""admin123""  # TODO: change before prod",NVD-CVE-2020-2114,CWE-259,CRITICAL,Credential or secret key hardcoded in source code,Store secrets in environment variables or a secrets manager
SQL-0151,sql_injection,python,"query = ""SELECT * FROM users WHERE id = "" + user_input",OWASP-BENCHMARK-001150,CWE-89,HIGH,Unsanitised user input concatenated directly into SQL query,Use parameterised queries / prepared statements
SAFE-0046,safe,java,"SSLContext ctx = SSLContext.getInstance(""TLSv1.3""); ctx.init(...);",OWASP-BENCHMARK-234045,N/A,NONE,Secure coding practice: parameterised query / env-based secret / proper TLS,N/A
SEC-0173,hardcoded_secret,javascript,"const API_KEY = ""sk-live-abcd1234efgh5678ijkl9012"";",NVD-CVE-2019-2172,CWE-798,CRITICAL,Credential or secret key hardcoded in source code,Store secrets in environment variables or a secrets manager
SAFE-0053,safe,python,password = os.environ['DB_PASSWORD'],NVD-SAFE-4052,N/A,NONE,Secure coding practice: parameterised query / env-based secret / proper TLS,N/A
SAFE-0088,safe,nodejs,"const bcrypt = require('bcrypt'); bcrypt.hash(pwd, 12)",OWASP-BENCHMARK-244087,N/A,NONE,Secure coding practice: parameterised query / env-based secret / proper TLS,N/A
API-0179,insecure_api,python,"subprocess.call(request.form['cmd'], shell=True)",OWASP-BENCHMARK-153178,CWE-78,CRITICAL,"Insecure API usage: disabled TLS validation, unsafe deserialization, or command injection","Enable TLS verification, validate inputs, avoid eval/exec on user data"
API-0041,insecure_api,python,"requests.get(url, verify=False)",OWASP-BENCHMARK-113040,CWE-295,CRITICAL,"Insecure API usage: disabled TLS validation, unsafe deserialization, or command injection","Enable TLS verification, validate inputs, avoid eval/exec on user data"
SAFE-0290,safe,java,"String q = ""SELECT * FROM t WHERE id=?""; stmt = con.prepareStatement(q); stmt.setString(1,id);",OWASP-BENCHMARK-254289,N/A,NONE,Secure coding practice: parameterised query / env-based secret / proper TLS,N/A
SAFE-0243,safe,python,password = os.environ['DB_PASSWORD'],NVD-SAFE-4242,N/A,NONE,Secure coding practice: parameterised query / env-based secret / proper TLS,N/A
SEC-0251,hardcoded_secret,python,"AWS_SECRET = ""wJalrXUtnFEMI/K7MDENG/bPxRfiCYEXAMPLEKEY""",NVD-CVE-2018-2250,CWE-798,CRITICAL,Credential or secret key hardcoded in source code,Store secrets in environment variables or a secrets manager
API-0040,insecure_api,java,Runtime.getRuntime().exec(userInput);,NVD-CVE-2023-3039,CWE-78,CRITICAL,"Insecure API usage: disabled TLS validation, unsafe deserialization, or command injection","Enable TLS verification, validate inputs, avoid eval/exec on user data"
SAFE-0036,safe,java,"SSLContext ctx = SSLContext.getInstance(""TLSv1.3""); ctx.init(...);",OWASP-BENCHMARK-234035,N/A,NONE,Secure coding practice: parameterised query / env-based secret / proper TLS,N/A
SAFE-0029,safe,python,import secrets; token = secrets.token_hex(32),NVD-SAFE-4028,N/A,NONE,Secure coding practice: parameterised query / env-based secret / proper TLS,N/A
SEC-0189,hardcoded_secret,python,"GITHUB_TOKEN = ""ghp_FakeTokenABCDEFGHIJKLMNOPQRSTUV""",NVD-CVE-2022-2188,CWE-798,CRITICAL,Credential or secret key hardcoded in source code,Store secrets in environment variables or a secrets manager
API-0220,insecure_api,java,Runtime.getRuntime().exec(userInput);,NVD-CVE-2023-3219,CWE-78,HIGH,"Insecure API usage: disabled TLS validation, unsafe deserialization, or command injection","Enable TLS verification, validate inputs, avoid eval/exec on user data"
API-0111,insecure_api,python,"requests.get(url, verify=False)",OWASP-BENCHMARK-113110,CWE-295,CRITICAL,"Insecure API usage: disabled TLS validation, unsafe deserialization, or command injection","Enable TLS verification, validate inputs, avoid eval/exec on user data"
SAFE-0181,safe,python,"cursor.execute('SELECT * FROM users WHERE id = %s', (user_id,))",OWASP-BENCHMARK-204180,N/A,NONE,Secure coding practice: parameterised query / env-based secret / proper TLS,N/A
SQL-0148,sql_injection,nodejs,db.query(`SELECT * FROM sessions WHERE token='${req.body.token}'`),OWASP-BENCHMARK-041147,CWE-89,CRITICAL,Unsanitised user input concatenated directly into SQL query,Use parameterised queries / prepared statements
SQL-0147,sql_injection,ruby,"User.where(""name = '#{params[:name]}'"")",NVD-CVE-2021-1146,CWE-89,CRITICAL,Unsanitised user input concatenated directly into SQL query,Use parameterised queries / prepared statements
SAFE-0275,safe,python,"requests.get(url, verify=True, cert=('/path/cert.pem','/path/key.pem'))",OWASP-BENCHMARK-224274,N/A,NONE,Secure coding practice: parameterised query / env-based secret / proper TLS,N/A
SAFE-0063,safe,python,password = os.environ['DB_PASSWORD'],NVD-SAFE-4062,N/A,NONE,Secure coding practice: parameterised query / env-based secret / proper TLS,N/A
SEC-0046,hardcoded_secret,python,"STRIPE_SECRET = ""sk_live_51HqzGmKLN3yY6Xr2FAKEKEY9012""",OWASP-BENCHMARK-082045,CWE-798,HIGH,Credential or secret key hardcoded in source code,Store secrets in environment variables or a secrets manager
SEC-0103,hardcoded_secret,javascript,"const API_KEY = ""sk-live-abcd1234efgh5678ijkl9012"";",NVD-CVE-2019-2102,CWE-798,CRITICAL,Credential or secret key hardcoded in source code,Store secrets in environment variables or a secrets manager
SAFE-0032,safe,java,"PreparedStatement ps = conn.prepareStatement(""SELECT * FROM u WHERE id=?""); ps.setInt(1,uid);",OWASP-BENCHMARK-214031,N/A,NONE,Secure coding practice: parameterised query / env-based secret / proper TLS,N/A
SAFE-0055,safe,python,"requests.get(url, verify=True, cert=('/path/cert.pem','/path/key.pem'))",OWASP-BENCHMARK-224054,N/A,NONE,Secure coding practice: parameterised query / env-based secret / proper TLS,N/A
SAFE-0225,safe,python,"requests.get(url, verify=True, cert=('/path/cert.pem','/path/key.pem'))",OWASP-BENCHMARK-224224,N/A,NONE,Secure coding practice: parameterised query / env-based secret / proper TLS,N/A
API-0060,insecure_api,java,Runtime.getRuntime().exec(userInput);,NVD-CVE-2023-3059,CWE-78,HIGH,"Insecure API usage: disabled TLS validation, unsafe deserialization, or command injection","Enable TLS verification, validate inputs, avoid eval/exec on user data"
SEC-0164,hardcoded_secret,python,"SECRET_KEY = ""django-insecure-xyz987abc654def321""",OWASP-BENCHMARK-072163,CWE-321,CRITICAL,Credential or secret key hardcoded in source code,Store secrets in environment variables or a secrets manager
SQL-0187,sql_injection,ruby,"User.where(""name = '#{params[:name]}'"")",NVD-CVE-2021-1186,CWE-89,HIGH,Unsanitised user input concatenated directly into SQL query,Use parameterised queries / prepared statements
API-0009,insecure_api,python,"subprocess.call(request.form['cmd'], shell=True)",OWASP-BENCHMARK-153008,CWE-78,CRITICAL,"Insecure API usage: disabled TLS validation, unsafe deserialization, or command injection","Enable TLS verification, validate inputs, avoid eval/exec on user data"
SQL-0144,sql_injection,python,"cursor.execute(""DELETE FROM logs WHERE id="" + str(log_id))",OWASP-BENCHMARK-021143,CWE-89,CRITICAL,Unsanitised user input concatenated directly into SQL query,Use parameterised queries / prepared statements
API-0152,insecure_api,java,"conn.setHostnameVerifier((h,s) -> true);",NVD-CVE-2019-3151,CWE-297,MEDIUM,"Insecure API usage: disabled TLS validation, unsafe deserialization, or command injection","Enable TLS verification, validate inputs, avoid eval/exec on user data"
SAFE-0082,safe,java,"PreparedStatement ps = conn.prepareStatement(""SELECT * FROM u WHERE id=?""); ps.setInt(1,uid);",OWASP-BENCHMARK-214081,N/A,NONE,Secure coding practice: parameterised query / env-based secret / proper TLS,N/A
SQL-0198,sql_injection,nodejs,db.query(`SELECT * FROM sessions WHERE token='${req.body.token}'`),OWASP-BENCHMARK-041197,CWE-89,HIGH,Unsanitised user input concatenated directly into SQL query,Use parameterised queries / prepared statements
API-0284,insecure_api,nodejs,app.use(cors({ origin: '*' }));,NVD-CVE-2020-3283,CWE-942,MEDIUM,"Insecure API usage: disabled TLS validation, unsafe deserialization, or command injection","Enable TLS verification, validate inputs, avoid eval/exec on user data"
SQL-0280,sql_injection,java,"rs = stmt.executeQuery(""SELECT * FROM items WHERE category="" + cat)",OWASP-BENCHMARK-051279,CWE-89,CRITICAL,Unsanitised user input concatenated directly into SQL query,Use parameterised queries / prepared statements
SQL-0294,sql_injection,python,"cursor.execute(""DELETE FROM logs WHERE id="" + str(log_id))",OWASP-BENCHMARK-021293,CWE-89,HIGH,Unsanitised user input concatenated directly into SQL query,Use parameterised queries / prepared statements
SAFE-0189,safe,python,import secrets; token = secrets.token_hex(32),NVD-SAFE-4188,N/A,NONE,Secure coding practice: parameterised query / env-based secret / proper TLS,N/A
SEC-0101,hardcoded_secret,python,"AWS_SECRET = ""wJalrXUtnFEMI/K7MDENG/bPxRfiCYEXAMPLEKEY""",NVD-CVE-2018-2100,CWE-798,HIGH,Credential or secret key hardcoded in source code,Store secrets in environment variables or a secrets manager
SQL-0123,sql_injection,php,"mysql_query(""SELECT * FROM products WHERE name='"" . $name . ""'"")",NVD-CVE-2019-1122,CWE-89,CRITICAL,Unsanitised user input concatenated directly into SQL query,Use parameterised queries / prepared statements
SQL-0203,sql_injection,php,"mysql_query(""SELECT * FROM products WHERE name='"" . $name . ""'"")",NVD-CVE-2019-1202,CWE-89,HIGH,Unsanitised user input concatenated directly into SQL query,Use parameterised queries / prepared statements
API-0236,insecure_api,java,new ObjectInputStream(socket.getInputStream()).readObject();,NVD-CVE-2021-3235,CWE-502,MEDIUM,"Insecure API usage: disabled TLS validation, unsafe deserialization, or command injection","Enable TLS verification, validate inputs, avoid eval/exec on user data"
SQL-0247,sql_injection,ruby,"User.where(""name = '#{params[:name]}'"")",NVD-CVE-2021-1246,CWE-89,CRITICAL,Unsanitised user input concatenated directly into SQL query,Use parameterised queries / prepared statements
SAFE-0240,safe,java,"String q = ""SELECT * FROM t WHERE id=?""; stmt = con.prepareStatement(q); stmt.setString(1,id);",OWASP-BENCHMARK-254239,N/A,NONE,Secure coding practice: parameterised query / env-based secret / proper TLS,N/A
SEC-0085,hardcoded_secret,yaml,"password: ""admin123""  # TODO: change before prod",NVD-CVE-2020-2084,CWE-259,CRITICAL,Credential or secret key hardcoded in source code,Store secrets in environment variables or a secrets manager
API-0255,insecure_api,python,pickle.loads(user_supplied_bytes),OWASP-BENCHMARK-133254,CWE-502,CRITICAL,"Insecure API usage: disabled TLS validation, unsafe deserialization, or command injection","Enable TLS verification, validate inputs, avoid eval/exec on user data"
SQL-0220,sql_injection,java,"rs = stmt.executeQuery(""SELECT * FROM items WHERE category="" + cat)",OWASP-BENCHMARK-051219,CWE-89,CRITICAL,Unsanitised user input concatenated directly into SQL query,Use parameterised queries / prepared statements
API-0042,insecure_api,java,"conn.setHostnameVerifier((h,s) -> true);",NVD-CVE-2019-3041,CWE-297,CRITICAL,"Insecure API usage: disabled TLS validation, unsafe deserialization, or command injection","Enable TLS verification, validate inputs, avoid eval/exec on user data"
SQL-0002,sql_injection,java,"String sql = ""SELECT * FROM orders WHERE uid='"" + uid + ""'"";",OWASP-BENCHMARK-011001,CWE-89,HIGH,Unsanitised user input concatenated directly into SQL query,Use parameterised queries / prepared statements
SQL-0113,sql_injection,php,"mysql_query(""SELECT * FROM products WHERE name='"" . $name . ""'"")",NVD-CVE-2019-1112,CWE-89,HIGH,Unsanitised user input concatenated directly into SQL query,Use parameterised queries / prepared statements
API-0099,insecure_api,python,"subprocess.call(request.form['cmd'], shell=True)",OWASP-BENCHMARK-153098,CWE-78,CRITICAL,"Insecure API usage: disabled TLS validation, unsafe deserialization, or command injection","Enable TLS verification, validate inputs, avoid eval/exec on user data"
SAFE-0052,safe,java,"PreparedStatement ps = conn.prepareStatement(""SELECT * FROM u WHERE id=?""); ps.setInt(1,uid);",OWASP-BENCHMARK-214051,N/A,NONE,Secure coding practice: parameterised query / env-based secret / proper TLS,N/A
SAFE-0179,safe,python,import secrets; token = secrets.token_hex(32),NVD-SAFE-4178,N/A,NONE,Secure coding practice: parameterised query / env-based secret / proper TLS,N/A
SEC-0142,hardcoded_secret,java,"private static final String DB_PASS = ""P@ssw0rd123"";",OWASP-BENCHMARK-062141,CWE-798,CRITICAL,Credential or secret key hardcoded in source code,Store secrets in environment variables or a secrets manager
API-0064,insecure_api,nodejs,app.use(cors({ origin: '*' }));,NVD-CVE-2020-3063,CWE-942,HIGH,"Insecure API usage: disabled TLS validation, unsafe deserialization, or command injection","Enable TLS verification, validate inputs, avoid eval/exec on user data"
SAFE-0297,safe,python,import html; safe = html.escape(user_input),NVD-SAFE-4296,N/A,NONE,Secure coding practice: parameterised query / env-based secret / proper TLS,N/A
SEC-0018,hardcoded_secret,php,"$db_password = ""root_pass_2023!"";",OWASP-BENCHMARK-092017,CWE-259,HIGH,Credential or secret key hardcoded in source code,Store secrets in environment variables or a secrets manager
API-0049,insecure_api,python,"subprocess.call(request.form['cmd'], shell=True)",OWASP-BENCHMARK-153048,CWE-78,HIGH,"Insecure API usage: disabled TLS validation, unsafe deserialization, or command injection","Enable TLS verification, validate inputs, avoid eval/exec on user data"
API-0110,insecure_api,java,Runtime.getRuntime().exec(userInput);,NVD-CVE-2023-3109,CWE-78,CRITICAL,"Insecure API usage: disabled TLS validation, unsafe deserialization, or command injection","Enable TLS verification, validate inputs, avoid eval/exec on user data"
SAFE-0073,safe,python,password = os.environ['DB_PASSWORD'],NVD-SAFE-4072,N/A,NONE,Secure coding practice: parameterised query / env-based secret / proper TLS,N/A
API-0028,insecure_api,nodejs,"res.setHeader('Access-Control-Allow-Origin', req.headers.origin);",NVD-CVE-2022-3027,CWE-942,MEDIUM,"Insecure API usage: disabled TLS validation, unsafe deserialization, or command injection","Enable TLS verification, validate inputs, avoid eval/exec on user data"
API-0033,insecure_api,python,"flask.run(debug=True, host='0.0.0.0')",OWASP-BENCHMARK-123032,CWE-94,CRITICAL,"Insecure API usage: disabled TLS validation, unsafe deserialization, or command injection","Enable TLS verification, validate inputs, avoid eval/exec on user data"
SAFE-0272,safe,java,"PreparedStatement ps = conn.prepareStatement(""SELECT * FROM u WHERE id=?""); ps.setInt(1,uid);",OWASP-BENCHMARK-214271,N/A,NONE,Secure coding practice: parameterised query / env-based secret / proper TLS,N/A
SAFE-0207,safe,python,import html; safe = html.escape(user_input),NVD-SAFE-4206,N/A,NONE,Secure coding practice: parameterised query / env-based secret / proper TLS,N/A
API-0196,insecure_api,java,new ObjectInputStream(socket.getInputStream()).readObject();,NVD-CVE-2021-3195,CWE-502,CRITICAL,"Insecure API usage: disabled TLS validation, unsafe deserialization, or command injection","Enable TLS verification, validate inputs, avoid eval/exec on user data"
API-0046,insecure_api,java,new ObjectInputStream(socket.getInputStream()).readObject();,NVD-CVE-2021-3045,CWE-502,MEDIUM,"Insecure API usage: disabled TLS validation, unsafe deserialization, or command injection","Enable TLS verification, validate inputs, avoid eval/exec on user data"
SAFE-0113,safe,python,password = os.environ['DB_PASSWORD'],NVD-SAFE-4112,N/A,NONE,Secure coding practice: parameterised query / env-based secret / proper TLS,N/A
SEC-0257,hardcoded_secret,java,"String jwtSecret = ""my_ultra_secret_jwt_key_hardcoded"";",NVD-CVE-2021-2256,CWE-321,CRITICAL,Credential or secret key hardcoded in source code,Store secrets in environment variables or a secrets manager
API-0082,insecure_api,java,"conn.setHostnameVerifier((h,s) -> true);",NVD-CVE-2019-3081,CWE-297,CRITICAL,"Insecure API usage: disabled TLS validation, unsafe deserialization, or command injection","Enable TLS verification, validate inputs, avoid eval/exec on user data"
SEC-0278,hardcoded_secret,php,"$db_password = ""root_pass_2023!"";",OWASP-BENCHMARK-092277,CWE-259,CRITICAL,Credential or secret key hardcoded in source code,Store secrets in environment variables or a secrets manager
SEC-0225,hardcoded_secret,yaml,"password: ""admin123""  # TODO: change before prod",NVD-CVE-2020-2224,CWE-259,HIGH,Credential or secret key hardcoded in source code,Store secrets in environment variables or a secrets manager
SAFE-0160,safe,java,"String q = ""SELECT * FROM t WHERE id=?""; stmt = con.prepareStatement(q); stmt.setString(1,id);",OWASP-BENCHMARK-254159,N/A,NONE,Secure coding practice: parameterised query / env-based secret / proper TLS,N/A
SEC-0241,hardcoded_secret,python,"AWS_SECRET = ""wJalrXUtnFEMI/K7MDENG/bPxRfiCYEXAMPLEKEY""",NVD-CVE-2018-2240,CWE-798,CRITICAL,Credential or secret key hardcoded in source code,Store secrets in environment variables or a secrets manager
API-0149,insecure_api,python,"subprocess.call(request.form['cmd'], shell=True)",OWASP-BENCHMARK-153148,CWE-78,CRITICAL,"Insecure API usage: disabled TLS validation, unsafe deserialization, or command injection","Enable TLS verification, validate inputs, avoid eval/exec on user data"
SAFE-0210,safe,java,"String q = ""SELECT * FROM t WHERE id=?""; stmt = con.prepareStatement(q); stmt.setString(1,id);",OWASP-BENCHMARK-254209,N/A,NONE,Secure coding practice: parameterised query / env-based secret / proper TLS,N/A
SEC-0185,hardcoded_secret,yaml,"password: ""admin123""  # TODO: change before prod",NVD-CVE-2020-2184,CWE-259,CRITICAL,Credential or secret key hardcoded in source code,Store secrets in environment variables or a secrets manager
SQL-0096,sql_injection,python,"db.execute(f""INSERT INTO audit (msg) VALUES ('{msg}')"")",OWASP-BENCHMARK-031095,CWE-89,HIGH,Unsanitised user input concatenated directly into SQL query,Use parameterised queries / prepared statements
SAFE-0121,safe,python,"cursor.execute('SELECT * FROM users WHERE id = %s', (user_id,))",OWASP-BENCHMARK-204120,N/A,NONE,Secure coding practice: parameterised query / env-based secret / proper TLS,N/A
SEC-0264,hardcoded_secret,python,"SECRET_KEY = ""django-insecure-xyz987abc654def321""",OWASP-BENCHMARK-072263,CWE-321,HIGH,Credential or secret key hardcoded in source code,Store secrets in environment variables or a secrets manager
API-0143,insecure_api,python,"flask.run(debug=True, host='0.0.0.0')",OWASP-BENCHMARK-123142,CWE-94,CRITICAL,"Insecure API usage: disabled TLS validation, unsafe deserialization, or command injection","Enable TLS verification, validate inputs, avoid eval/exec on user data"
API-0264,insecure_api,nodejs,app.use(cors({ origin: '*' }));,NVD-CVE-2020-3263,CWE-942,HIGH,"Insecure API usage: disabled TLS validation, unsafe deserialization, or command injection","Enable TLS verification, validate inputs, avoid eval/exec on user data"
API-0292,insecure_api,java,"conn.setHostnameVerifier((h,s) -> true);",NVD-CVE-2019-3291,CWE-297,HIGH,"Insecure API usage: disabled TLS validation, unsafe deserialization, or command injection","Enable TLS verification, validate inputs, avoid eval/exec on user data"
SAFE-0139,safe,python,import secrets; token = secrets.token_hex(32),NVD-SAFE-4138,N/A,NONE,Secure coding practice: parameterised query / env-based secret / proper TLS,N/A
SQL-0207,sql_injection,ruby,"User.where(""name = '#{params[:name]}'"")",NVD-CVE-2021-1206,CWE-89,CRITICAL,Unsanitised user input concatenated directly into SQL query,Use parameterised queries / prepared statements
SEC-0093,hardcoded_secret,javascript,"const API_KEY = ""sk-live-abcd1234efgh5678ijkl9012"";",NVD-CVE-2019-2092,CWE-798,CRITICAL,Credential or secret key hardcoded in source code,Store secrets in environment variables or a secrets manager
API-0195,insecure_api,python,pickle.loads(user_supplied_bytes),OWASP-BENCHMARK-133194,CWE-502,HIGH,"Insecure API usage: disabled TLS validation, unsafe deserialization, or command injection","Enable TLS verification, validate inputs, avoid eval/exec on user data"
API-0271,insecure_api,python,"requests.get(url, verify=False)",OWASP-BENCHMARK-113270,CWE-295,MEDIUM,"Insecure API usage: disabled TLS validation, unsafe deserialization, or command injection","Enable TLS verification, validate inputs, avoid eval/exec on user data"
SEC-0098,hardcoded_secret,php,"$db_password = ""root_pass_2023!"";",OWASP-BENCHMARK-092097,CWE-259,HIGH,Credential or secret key hardcoded in source code,Store secrets in environment variables or a secrets manager
API-0167,insecure_api,python,eval(request.args.get('expr')),OWASP-BENCHMARK-143166,CWE-95,HIGH,"Insecure API usage: disabled TLS validation, unsafe deserialization, or command injection","Enable TLS verification, validate inputs, avoid eval/exec on user data"
SAFE-0200,safe,java,"String q = ""SELECT * FROM t WHERE id=?""; stmt = con.prepareStatement(q); stmt.setString(1,id);",OWASP-BENCHMARK-254199,N/A,NONE,Secure coding practice: parameterised query / env-based secret / proper TLS,N/A
SAFE-0129,safe,python,import secrets; token = secrets.token_hex(32),NVD-SAFE-4128,N/A,NONE,Secure coding practice: parameterised query / env-based secret / proper TLS,N/A
API-0043,insecure_api,python,"flask.run(debug=True, host='0.0.0.0')",OWASP-BENCHMARK-123042,CWE-94,CRITICAL,"Insecure API usage: disabled TLS validation, unsafe deserialization, or command injection","Enable TLS verification, validate inputs, avoid eval/exec on user data"
API-0013,insecure_api,python,"flask.run(debug=True, host='0.0.0.0')",OWASP-BENCHMARK-123012,CWE-94,CRITICAL,"Insecure API usage: disabled TLS validation, unsafe deserialization, or command injection","Enable TLS verification, validate inputs, avoid eval/exec on user data"
SAFE-0061,safe,python,"cursor.execute('SELECT * FROM users WHERE id = %s', (user_id,))",OWASP-BENCHMARK-204060,N/A,NONE,Secure coding practice: parameterised query / env-based secret / proper TLS,N/A
API-0126,insecure_api,java,new ObjectInputStream(socket.getInputStream()).readObject();,NVD-CVE-2021-3125,CWE-502,HIGH,"Insecure API usage: disabled TLS validation, unsafe deserialization, or command injection","Enable TLS verification, validate inputs, avoid eval/exec on user data"
API-0084,insecure_api,nodejs,app.use(cors({ origin: '*' }));,NVD-CVE-2020-3083,CWE-942,CRITICAL,"Insecure API usage: disabled TLS validation, unsafe deserialization, or command injection","Enable TLS verification, validate inputs, avoid eval/exec on user data"
SQL-0099,sql_injection,python,"cursor.execute(""SELECT role FROM staff WHERE username='"" + uname + ""'"")",NVD-CVE-2022-1098,CWE-89,HIGH,Unsanitised user input concatenated directly into SQL query,Use parameterised queries / prepared statements
API-0205,insecure_api,python,pickle.loads(user_supplied_bytes),OWASP-BENCHMARK-133204,CWE-502,MEDIUM,"Insecure API usage: disabled TLS validation, unsafe deserialization, or command injection","Enable TLS verification, validate inputs, avoid eval/exec on user data"
SEC-0107,hardcoded_secret,java,"String jwtSecret = ""my_ultra_secret_jwt_key_hardcoded"";",NVD-CVE-2021-2106,CWE-321,HIGH,Credential or secret key hardcoded in source code,Store secrets in environment variables or a secrets manager
SEC-0203,hardcoded_secret,javascript,"const API_KEY = ""sk-live-abcd1234efgh5678ijkl9012"";",NVD-CVE-2019-2202,CWE-798,CRITICAL,Credential or secret key hardcoded in source code,Store secrets in environment variables or a secrets manager
SAFE-0172,safe,java,"PreparedStatement ps = conn.prepareStatement(""SELECT * FROM u WHERE id=?""); ps.setInt(1,uid);",OWASP-BENCHMARK-214171,N/A,NONE,Secure coding practice: parameterised query / env-based secret / proper TLS,N/A
SAFE-0157,safe,python,import html; safe = html.escape(user_input),NVD-SAFE-4156,N/A,NONE,Secure coding practice: parameterised query / env-based secret / proper TLS,N/A
SAFE-0030,safe,java,"String q = ""SELECT * FROM t WHERE id=?""; stmt = con.prepareStatement(q); stmt.setString(1,id);",OWASP-BENCHMARK-254029,N/A,NONE,Secure coding practice: parameterised query / env-based secret / proper TLS,N/A
API-0180,insecure_api,java,Runtime.getRuntime().exec(userInput);,NVD-CVE-2023-3179,CWE-78,HIGH,"Insecure API usage: disabled TLS validation, unsafe deserialization, or command injection","Enable TLS verification, validate inputs, avoid eval/exec on user data"
SQL-0201,sql_injection,python,"query = ""SELECT * FROM users WHERE id = "" + user_input",OWASP-BENCHMARK-001200,CWE-89,HIGH,Unsanitised user input concatenated directly into SQL query,Use parameterised queries / prepared statements
SQL-0135,sql_injection,java,"stmt.execute(""UPDATE users SET pass='"" + newPass + ""' WHERE user='"" + user + ""'"")",NVD-CVE-2020-1134,CWE-89,HIGH,Unsanitised user input concatenated directly into SQL query,Use parameterised queries / prepared statements
SAFE-0152,safe,java,"PreparedStatement ps = conn.prepareStatement(""SELECT * FROM u WHERE id=?""); ps.setInt(1,uid);",OWASP-BENCHMARK-214151,N/A,NONE,Secure coding practice: parameterised query / env-based secret / proper TLS,N/A
SQL-0041,sql_injection,python,"query = ""SELECT * FROM users WHERE id = "" + user_input",OWASP-BENCHMARK-001040,CWE-89,CRITICAL,Unsanitised user input concatenated directly into SQL query,Use parameterised queries / prepared statements
SAFE-0118,safe,nodejs,"const bcrypt = require('bcrypt'); bcrypt.hash(pwd, 12)",OWASP-BENCHMARK-244117,N/A,NONE,Secure coding practice: parameterised query / env-based secret / proper TLS,N/A
SQL-0231,sql_injection,python,"query = ""SELECT * FROM users WHERE id = "" + user_input",OWASP-BENCHMARK-001230,CWE-89,HIGH,Unsanitised user input concatenated directly into SQL query,Use parameterised queries / prepared statements
SEC-0079,hardcoded_secret,python,"GITHUB_TOKEN = ""ghp_FakeTokenABCDEFGHIJKLMNOPQRSTUV""",NVD-CVE-2022-2078,CWE-798,CRITICAL,Credential or secret key hardcoded in source code,Store secrets in environment variables or a secrets manager
SQL-0289,sql_injection,python,"cursor.execute(""SELECT role FROM staff WHERE username='"" + uname + ""'"")",NVD-CVE-2022-1288,CWE-89,CRITICAL,Unsanitised user input concatenated directly into SQL query,Use parameterised queries / prepared statements
SEC-0119,hardcoded_secret,python,"GITHUB_TOKEN = ""ghp_FakeTokenABCDEFGHIJKLMNOPQRSTUV""",NVD-CVE-2022-2118,CWE-798,CRITICAL,Credential or secret key hardcoded in source code,Store secrets in environment variables or a secrets manager
SEC-0092,hardcoded_secret,java,"private static final String DB_PASS = ""P@ssw0rd123"";",OWASP-BENCHMARK-062091,CWE-798,HIGH,Credential or secret key hardcoded in source code,Store secrets in environment variables or a secrets manager
SEC-0293,hardcoded_secret,javascript,"const API_KEY = ""sk-live-abcd1234efgh5678ijkl9012"";",NVD-CVE-2019-2292,CWE-798,HIGH,Credential or secret key hardcoded in source code,Store secrets in environment variables or a secrets manager
SAFE-0187,safe,python,import html; safe = html.escape(user_input),NVD-SAFE-4186,N/A,NONE,Secure coding practice: parameterised query / env-based secret / proper TLS,N/A
API-0048,insecure_api,nodejs,"res.setHeader('Access-Control-Allow-Origin', req.headers.origin);",NVD-CVE-2022-3047,CWE-942,MEDIUM,"Insecure API usage: disabled TLS validation, unsafe deserialization, or command injection","Enable TLS verification, validate inputs, avoid eval/exec on user data"
SEC-0221,hardcoded_secret,python,"AWS_SECRET = ""wJalrXUtnFEMI/K7MDENG/bPxRfiCYEXAMPLEKEY""",NVD-CVE-2018-2220,CWE-798,HIGH,Credential or secret key hardcoded in source code,Store secrets in environment variables or a secrets manager
SQL-0065,sql_injection,java,"stmt.execute(""UPDATE users SET pass='"" + newPass + ""' WHERE user='"" + user + ""'"")",NVD-CVE-2020-1064,CWE-89,CRITICAL,Unsanitised user input concatenated directly into SQL query,Use parameterised queries / prepared statements
SQL-0015,sql_injection,java,"stmt.execute(""UPDATE users SET pass='"" + newPass + ""' WHERE user='"" + user + ""'"")",NVD-CVE-2020-1014,CWE-89,HIGH,Unsanitised user input concatenated directly into SQL query,Use parameterised queries / prepared statements
SAFE-0165,safe,python,"requests.get(url, verify=True, cert=('/path/cert.pem','/path/key.pem'))",OWASP-BENCHMARK-224164,N/A,NONE,Secure coding practice: parameterised query / env-based secret / proper TLS,N/A
SEC-0193,hardcoded_secret,javascript,"const API_KEY = ""sk-live-abcd1234efgh5678ijkl9012"";",NVD-CVE-2019-2192,CWE-798,HIGH,Credential or secret key hardcoded in source code,Store secrets in environment variables or a secrets manager
SEC-0080,hardcoded_secret,nodejs,"process.env.JWT_SECRET = ""hardcoded_jwt_secret_value"";",OWASP-BENCHMARK-102079,CWE-321,CRITICAL,Credential or secret key hardcoded in source code,Store secrets in environment variables or a secrets manager
SQL-0188,sql_injection,nodejs,db.query(`SELECT * FROM sessions WHERE token='${req.body.token}'`),OWASP-BENCHMARK-041187,CWE-89,HIGH,Unsanitised user input concatenated directly into SQL query,Use parameterised queries / prepared statements
API-0164,insecure_api,nodejs,app.use(cors({ origin: '*' }));,NVD-CVE-2020-3163,CWE-942,MEDIUM,"Insecure API usage: disabled TLS validation, unsafe deserialization, or command injection","Enable TLS verification, validate inputs, avoid eval/exec on user data"
SQL-0217,sql_injection,ruby,"User.where(""name = '#{params[:name]}'"")",NVD-CVE-2021-1216,CWE-89,CRITICAL,Unsanitised user input concatenated directly into SQL query,Use parameterised queries / prepared statements
API-0192,insecure_api,java,"conn.setHostnameVerifier((h,s) -> true);",NVD-CVE-2019-3191,CWE-297,CRITICAL,"Insecure API usage: disabled TLS validation, unsafe deserialization, or command injection","Enable TLS verification, validate inputs, avoid eval/exec on user data"
SAFE-0177,safe,python,import html; safe = html.escape(user_input),NVD-SAFE-4176,N/A,NONE,Secure coding practice: parameterised query / env-based secret / proper TLS,N/A
API-0279,insecure_api,python,"subprocess.call(request.form['cmd'], shell=True)",OWASP-BENCHMARK-153278,CWE-78,HIGH,"Insecure API usage: disabled TLS validation, unsafe deserialization, or command injection","Enable TLS verification, validate inputs, avoid eval/exec on user data"
SEC-0038,hardcoded_secret,php,"$db_password = ""root_pass_2023!"";",OWASP-BENCHMARK-092037,CWE-259,CRITICAL,Credential or secret key hardcoded in source code,Store secrets in environment variables or a secrets manager
API-0120,insecure_api,java,Runtime.getRuntime().exec(userInput);,NVD-CVE-2023-3119,CWE-78,MEDIUM,"Insecure API usage: disabled TLS validation, unsafe deserialization, or command injection","Enable TLS verification, validate inputs, avoid eval/exec on user data"
SQL-0296,sql_injection,python,"db.execute(f""INSERT INTO audit (msg) VALUES ('{msg}')"")",OWASP-BENCHMARK-031295,CWE-89,HIGH,Unsanitised user input concatenated directly into SQL query,Use parameterised queries / prepared statements
SAFE-0117,safe,python,import html; safe = html.escape(user_input),NVD-SAFE-4116,N/A,NONE,Secure coding practice: parameterised query / env-based secret / proper TLS,N/A
SEC-0156,hardcoded_secret,python,"STRIPE_SECRET = ""sk_live_51HqzGmKLN3yY6Xr2FAKEKEY9012""",OWASP-BENCHMARK-082155,CWE-798,HIGH,Credential or secret key hardcoded in source code,Store secrets in environment variables or a secrets manager
API-0216,insecure_api,java,new ObjectInputStream(socket.getInputStream()).readObject();,NVD-CVE-2021-3215,CWE-502,CRITICAL,"Insecure API usage: disabled TLS validation, unsafe deserialization, or command injection","Enable TLS verification, validate inputs, avoid eval/exec on user data"
SQL-0270,sql_injection,java,"rs = stmt.executeQuery(""SELECT * FROM items WHERE category="" + cat)",OWASP-BENCHMARK-051269,CWE-89,CRITICAL,Unsanitised user input concatenated directly into SQL query,Use parameterised queries / prepared statements
SAFE-0096,safe,java,"SSLContext ctx = SSLContext.getInstance(""TLSv1.3""); ctx.init(...);",OWASP-BENCHMARK-234095,N/A,NONE,Secure coding practice: parameterised query / env-based secret / proper TLS,N/A
SQL-0202,sql_injection,java,"String sql = ""SELECT * FROM orders WHERE uid='"" + uid + ""'"";",OWASP-BENCHMARK-011201,CWE-89,HIGH,Unsanitised user input concatenated directly into SQL query,Use parameterised queries / prepared statements
SQL-0162,sql_injection,java,"String sql = ""SELECT * FROM orders WHERE uid='"" + uid + ""'"";",OWASP-BENCHMARK-011161,CWE-89,HIGH,Unsanitised user input concatenated directly into SQL query,Use parameterised queries / prepared statements
API-0130,insecure_api,java,Runtime.getRuntime().exec(userInput);,NVD-CVE-2023-3129,CWE-78,HIGH,"Insecure API usage: disabled TLS validation, unsafe deserialization, or command injection","Enable TLS verification, validate inputs, avoid eval/exec on user data"
SEC-0102,hardcoded_secret,java,"private static final String DB_PASS = ""P@ssw0rd123"";",OWASP-BENCHMARK-062101,CWE-798,CRITICAL,Credential or secret key hardcoded in source code,Store secrets in environment variables or a secrets manager
API-0103,insecure_api,python,"flask.run(debug=True, host='0.0.0.0')",OWASP-BENCHMARK-123102,CWE-94,HIGH,"Insecure API usage: disabled TLS validation, unsafe deserialization, or command injection","Enable TLS verification, validate inputs, avoid eval/exec on user data"
SAFE-0230,safe,java,"String q = ""SELECT * FROM t WHERE id=?""; stmt = con.prepareStatement(q); stmt.setString(1,id);",OWASP-BENCHMARK-254229,N/A,NONE,Secure coding practice: parameterised query / env-based secret / proper TLS,N/A
SEC-0266,hardcoded_secret,python,"STRIPE_SECRET = ""sk_live_51HqzGmKLN3yY6Xr2FAKEKEY9012""",OWASP-BENCHMARK-082265,CWE-798,CRITICAL,Credential or secret key hardcoded in source code,Store secrets in environment variables or a secrets manager
SAFE-0122,safe,java,"PreparedStatement ps = conn.prepareStatement(""SELECT * FROM u WHERE id=?""); ps.setInt(1,uid);",OWASP-BENCHMARK-214121,N/A,NONE,Secure coding practice: parameterised query / env-based secret / proper TLS,N/A
SAFE-0126,safe,java,"SSLContext ctx = SSLContext.getInstance(""TLSv1.3""); ctx.init(...);",OWASP-BENCHMARK-234125,N/A,NONE,Secure coding practice: parameterised query / env-based secret / proper TLS,N/A
SAFE-0205,safe,python,"requests.get(url, verify=True, cert=('/path/cert.pem','/path/key.pem'))",OWASP-BENCHMARK-224204,N/A,NONE,Secure coding practice: parameterised query / env-based secret / proper TLS,N/A
SQL-0206,sql_injection,python,"db.execute(f""INSERT INTO audit (msg) VALUES ('{msg}')"")",OWASP-BENCHMARK-031205,CWE-89,CRITICAL,Unsanitised user input concatenated directly into SQL query,Use parameterised queries / prepared statements
SQL-0035,sql_injection,java,"stmt.execute(""UPDATE users SET pass='"" + newPass + ""' WHERE user='"" + user + ""'"")",NVD-CVE-2020-1034,CWE-89,CRITICAL,Unsanitised user input concatenated directly into SQL query,Use parameterised queries / prepared statements
API-0176,insecure_api,java,new ObjectInputStream(socket.getInputStream()).readObject();,NVD-CVE-2021-3175,CWE-502,CRITICAL,"Insecure API usage: disabled TLS validation, unsafe deserialization, or command injection","Enable TLS verification, validate inputs, avoid eval/exec on user data"
SEC-0209,hardcoded_secret,python,"GITHUB_TOKEN = ""ghp_FakeTokenABCDEFGHIJKLMNOPQRSTUV""",NVD-CVE-2022-2208,CWE-798,CRITICAL,Credential or secret key hardcoded in source code,Store secrets in environment variables or a secrets manager
SAFE-0284,safe,nodejs,const secret = process.env.JWT_SECRET;,NVD-SAFE-4283,N/A,NONE,Secure coding practice: parameterised query / env-based secret / proper TLS,N/A
SQL-0092,sql_injection,java,"String sql = ""SELECT * FROM orders WHERE uid='"" + uid + ""'"";",OWASP-BENCHMARK-011091,CWE-89,CRITICAL,Unsanitised user input concatenated directly into SQL query,Use parameterised queries / prepared statements
API-0298,insecure_api,nodejs,"res.setHeader('Access-Control-Allow-Origin', req.headers.origin);",NVD-CVE-2022-3297,CWE-942,HIGH,"Insecure API usage: disabled TLS validation, unsafe deserialization, or command injection","Enable TLS verification, validate inputs, avoid eval/exec on user data"
SEC-0265,hardcoded_secret,yaml,"password: ""admin123""  # TODO: change before prod",NVD-CVE-2020-2264,CWE-259,CRITICAL,Credential or secret key hardcoded in source code,Store secrets in environment variables or a secrets manager
API-0177,insecure_api,python,eval(request.args.get('expr')),OWASP-BENCHMARK-143176,CWE-95,MEDIUM,"Insecure API usage: disabled TLS validation, unsafe deserialization, or command injection","Enable TLS verification, validate inputs, avoid eval/exec on user data"
SQL-0242,sql_injection,java,"String sql = ""SELECT * FROM orders WHERE uid='"" + uid + ""'"";",OWASP-BENCHMARK-011241,CWE-89,HIGH,Unsanitised user input concatenated directly into SQL query,Use parameterised queries / prepared statements
SQL-0014,sql_injection,python,"cursor.execute(""DELETE FROM logs WHERE id="" + str(log_id))",OWASP-BENCHMARK-021013,CWE-89,HIGH,Unsanitised user input concatenated directly into SQL query,Use parameterised queries / prepared statements
SEC-0016,hardcoded_secret,python,"STRIPE_SECRET = ""sk_live_51HqzGmKLN3yY6Xr2FAKEKEY9012""",OWASP-BENCHMARK-082015,CWE-798,CRITICAL,Credential or secret key hardcoded in source code,Store secrets in environment variables or a secrets manager
API-0001,insecure_api,python,"requests.get(url, verify=False)",OWASP-BENCHMARK-113000,CWE-295,MEDIUM,"Insecure API usage: disabled TLS validation, unsafe deserialization, or command injection","Enable TLS verification, validate inputs, avoid eval/exec on user data"
SEC-0088,hardcoded_secret,php,"$db_password = ""root_pass_2023!"";",OWASP-BENCHMARK-092087,CWE-259,CRITICAL,Credential or secret key hardcoded in source code,Store secrets in environment variables or a secrets manager
SQL-0167,sql_injection,ruby,"User.where(""name = '#{params[:name]}'"")",NVD-CVE-2021-1166,CWE-89,CRITICAL,Unsanitised user input concatenated directly into SQL query,Use parameterised queries / prepared statements
API-0241,insecure_api,python,"requests.get(url, verify=False)",OWASP-BENCHMARK-113240,CWE-295,HIGH,"Insecure API usage: disabled TLS validation, unsafe deserialization, or command injection","Enable TLS verification, validate inputs, avoid eval/exec on user data"
SQL-0021,sql_injection,python,"query = ""SELECT * FROM users WHERE id = "" + user_input",OWASP-BENCHMARK-001020,CWE-89,HIGH,Unsanitised user input concatenated directly into SQL query,Use parameterised queries / prepared statements
API-0047,insecure_api,python,eval(request.args.get('expr')),OWASP-BENCHMARK-143046,CWE-95,HIGH,"Insecure API usage: disabled TLS validation, unsafe deserialization, or command injection","Enable TLS verification, validate inputs, avoid eval/exec on user data"
SAFE-0255,safe,python,"requests.get(url, verify=True, cert=('/path/cert.pem','/path/key.pem'))",OWASP-BENCHMARK-224254,N/A,NONE,Secure coding practice: parameterised query / env-based secret / proper TLS,N/A
API-0232,insecure_api,java,"conn.setHostnameVerifier((h,s) -> true);",NVD-CVE-2019-3231,CWE-297,CRITICAL,"Insecure API usage: disabled TLS validation, unsafe deserialization, or command injection","Enable TLS verification, validate inputs, avoid eval/exec on user data"
SEC-0263,hardcoded_secret,javascript,"const API_KEY = ""sk-live-abcd1234efgh5678ijkl9012"";",NVD-CVE-2019-2262,CWE-798,CRITICAL,Credential or secret key hardcoded in source code,Store secrets in environment variables or a secrets manager
SAFE-0271,safe,python,"cursor.execute('SELECT * FROM users WHERE id = %s', (user_id,))",OWASP-BENCHMARK-204270,N/A,NONE,Secure coding practice: parameterised query / env-based secret / proper TLS,N/A
API-0087,insecure_api,python,eval(request.args.get('expr')),OWASP-BENCHMARK-143086,CWE-95,MEDIUM,"Insecure API usage: disabled TLS validation, unsafe deserialization, or command injection","Enable TLS verification, validate inputs, avoid eval/exec on user data"
SAFE-0058,safe,nodejs,"const bcrypt = require('bcrypt'); bcrypt.hash(pwd, 12)",OWASP-BENCHMARK-244057,N/A,NONE,Secure coding practice: parameterised query / env-based secret / proper TLS,N/A
SQL-0190,sql_injection,java,"rs = stmt.executeQuery(""SELECT * FROM items WHERE category="" + cat)",OWASP-BENCHMARK-051189,CWE-89,HIGH,Unsanitised user input concatenated directly into SQL query,Use parameterised queries / prepared statements
SAFE-0076,safe,java,"SSLContext ctx = SSLContext.getInstance(""TLSv1.3""); ctx.init(...);",OWASP-BENCHMARK-234075,N/A,NONE,Secure coding practice: parameterised query / env-based secret / proper TLS,N/A
API-0100,insecure_api,java,Runtime.getRuntime().exec(userInput);,NVD-CVE-2023-3099,CWE-78,HIGH,"Insecure API usage: disabled TLS validation, unsafe deserialization, or command injection","Enable TLS verification, validate inputs, avoid eval/exec on user data"
SEC-0211,hardcoded_secret,python,"AWS_SECRET = ""wJalrXUtnFEMI/K7MDENG/bPxRfiCYEXAMPLEKEY""",NVD-CVE-2018-2210,CWE-798,CRITICAL,Credential or secret key hardcoded in source code,Store secrets in environment variables or a secrets manager
SAFE-0183,safe,python,password = os.environ['DB_PASSWORD'],NVD-SAFE-4182,N/A,NONE,Secure coding practice: parameterised query / env-based secret / proper TLS,N/A
SEC-0175,hardcoded_secret,yaml,"password: ""admin123""  # TODO: change before prod",NVD-CVE-2020-2174,CWE-259,HIGH,Credential or secret key hardcoded in source code,Store secrets in environment variables or a secrets manager
API-0257,insecure_api,python,eval(request.args.get('expr')),OWASP-BENCHMARK-143256,CWE-95,MEDIUM,"Insecure API usage: disabled TLS validation, unsafe deserialization, or command injection","Enable TLS verification, validate inputs, avoid eval/exec on user data"
API-0148,insecure_api,nodejs,"res.setHeader('Access-Control-Allow-Origin', req.headers.origin);",NVD-CVE-2022-3147,CWE-942,MEDIUM,"Insecure API usage: disabled TLS validation, unsafe deserialization, or command injection","Enable TLS verification, validate inputs, avoid eval/exec on user data"
SQL-0253,sql_injection,php,"mysql_query(""SELECT * FROM products WHERE name='"" . $name . ""'"")",NVD-CVE-2019-1252,CWE-89,CRITICAL,Unsanitised user input concatenated directly into SQL query,Use parameterised queries / prepared statements
SQL-0022,sql_injection,java,"String sql = ""SELECT * FROM orders WHERE uid='"" + uid + ""'"";",OWASP-BENCHMARK-011021,CWE-89,HIGH,Unsanitised user input concatenated directly into SQL query,Use parameterised queries / prepared statements
SEC-0160,hardcoded_secret,nodejs,"process.env.JWT_SECRET = ""hardcoded_jwt_secret_value"";",OWASP-BENCHMARK-102159,CWE-321,HIGH,Credential or secret key hardcoded in source code,Store secrets in environment variables or a secrets manager
SQL-0277,sql_injection,ruby,"User.where(""name = '#{params[:name]}'"")",NVD-CVE-2021-1276,CWE-89,HIGH,Unsanitised user input concatenated directly into SQL query,Use parameterised queries / prepared statements
SAFE-0056,safe,java,"SSLContext ctx = SSLContext.getInstance(""TLSv1.3""); ctx.init(...);",OWASP-BENCHMARK-234055,N/A,NONE,Secure coding practice: parameterised query / env-based secret / proper TLS,N/A
SEC-0086,hardcoded_secret,python,"STRIPE_SECRET = ""sk_live_51HqzGmKLN3yY6Xr2FAKEKEY9012""",OWASP-BENCHMARK-082085,CWE-798,HIGH,Credential or secret key hardcoded in source code,Store secrets in environment variables or a secrets manager
API-0206,insecure_api,java,new ObjectInputStream(socket.getInputStream()).readObject();,NVD-CVE-2021-3205,CWE-502,HIGH,"Insecure API usage: disabled TLS validation, unsafe deserialization, or command injection","Enable TLS verification, validate inputs, avoid eval/exec on user data"
SEC-0044,hardcoded_secret,python,"SECRET_KEY = ""django-insecure-xyz987abc654def321""",OWASP-BENCHMARK-072043,CWE-321,CRITICAL,Credential or secret key hardcoded in source code,Store secrets in environment variables or a secrets manager
API-0170,insecure_api,java,Runtime.getRuntime().exec(userInput);,NVD-CVE-2023-3169,CWE-78,HIGH,"Insecure API usage: disabled TLS validation, unsafe deserialization, or command injection","Enable TLS verification, validate inputs, avoid eval/exec on user data"
SQL-0131,sql_injection,python,"query = ""SELECT * FROM users WHERE id = "" + user_input",OWASP-BENCHMARK-001130,CWE-89,HIGH,Unsanitised user input concatenated directly into SQL query,Use parameterised queries / prepared statements
API-0272,insecure_api,java,"conn.setHostnameVerifier((h,s) -> true);",NVD-CVE-2019-3271,CWE-297,HIGH,"Insecure API usage: disabled TLS validation, unsafe deserialization, or command injection","Enable TLS verification, validate inputs, avoid eval/exec on user data"
SAFE-0224,safe,nodejs,const secret = process.env.JWT_SECRET;,NVD-SAFE-4223,N/A,NONE,Secure coding practice: parameterised query / env-based secret / proper TLS,N/A
SQL-0088,sql_injection,nodejs,db.query(`SELECT * FROM sessions WHERE token='${req.body.token}'`),OWASP-BENCHMARK-041087,CWE-89,CRITICAL,Unsanitised user input concatenated directly into SQL query,Use parameterised queries / prepared statements
SEC-0031,hardcoded_secret,python,"AWS_SECRET = ""wJalrXUtnFEMI/K7MDENG/bPxRfiCYEXAMPLEKEY""",NVD-CVE-2018-2030,CWE-798,CRITICAL,Credential or secret key hardcoded in source code,Store secrets in environment variables or a secrets manager
SEC-0167,hardcoded_secret,java,"String jwtSecret = ""my_ultra_secret_jwt_key_hardcoded"";",NVD-CVE-2021-2166,CWE-321,CRITICAL,Credential or secret key hardcoded in source code,Store secrets in environment variables or a secrets manager
SQL-0122,sql_injection,java,"String sql = ""SELECT * FROM orders WHERE uid='"" + uid + ""'"";",OWASP-BENCHMARK-011121,CWE-89,HIGH,Unsanitised user input concatenated directly into SQL query,Use parameterised queries / prepared statements
SAFE-0145,safe,python,"requests.get(url, verify=True, cert=('/path/cert.pem','/path/key.pem'))",OWASP-BENCHMARK-224144,N/A,NONE,Secure coding practice: parameterised query / env-based secret / proper TLS,N/A
SAFE-0196,safe,java,"SSLContext ctx = SSLContext.getInstance(""TLSv1.3""); ctx.init(...);",OWASP-BENCHMARK-234195,N/A,NONE,Secure coding practice: parameterised query / env-based secret / proper TLS,N/A
SAFE-0231,safe,python,"cursor.execute('SELECT * FROM users WHERE id = %s', (user_id,))",OWASP-BENCHMARK-204230,N/A,NONE,Secure coding practice: parameterised query / env-based secret / proper TLS,N/A
API-0261,insecure_api,python,"requests.get(url, verify=False)",OWASP-BENCHMARK-113260,CWE-295,CRITICAL,"Insecure API usage: disabled TLS validation, unsafe deserialization, or command injection","Enable TLS verification, validate inputs, avoid eval/exec on user data"
SAFE-0227,safe,python,import html; safe = html.escape(user_input),NVD-SAFE-4226,N/A,NONE,Secure coding practice: parameterised query / env-based secret / proper TLS,N/A
