cve_id,package_guess,cwe_id,cvss_base_score,cvss_exploitability,vuln_count_12m,days_since_patch,patch_lag_days,has_exploit,dependency_depth,maintainer_activity,severity_label
CVE-2013-1629,pip,CWE-20,6.8,8.6,1.0,4740.0,4740.0,1,10.0,1.17,MEDIUM
CVE-2013-1630,pyshop,CWE-20,6.8,8.6,1.0,1423.0,1423.0,0,1.0,0.0,MEDIUM
CVE-2013-1633,setuptools,CWE-20,6.8,8.6,1.0,4715.0,4715.0,0,10.0,1.33,MEDIUM
CVE-2019-6802,pypiserver,CWE-74,6.1,2.8,1.0,2573.0,2573.0,1,5.0,0.33,MEDIUM
CVE-2020-13328,issue,CWE-79,4.8,1.7,65.0,504.0,504.0,1,0.0,0.0,MEDIUM
CVE-2020-27589,blackduck,CWE-295,7.5,3.9,1.0,1260.0,1260.0,1,6.0,0.0,HIGH
CVE-2021-21371,for,CWE-502,5.0,1.8,11.0,,,0,,,MEDIUM
CVE-2021-29510,data,CWE-835,3.3,1.8,1.0,0.0,0.0,0,0.0,0.0,LOW
CVE-2021-39158,python,CWE-345,8.8,2.8,1.0,,,0,,,HIGH
CVE-2021-3840,dependency,CWE-427,8.8,2.8,1.0,0.0,0.0,0,0.0,0.0,HIGH
CVE-2022-0352,calibreweb,CWE-79,6.1,2.8,1.0,1469.0,1469.0,1,1.0,0.33,MEDIUM
CVE-2022-0273,calibreweb,CWE-284,6.5,2.8,2.0,1468.0,1468.0,1,1.0,0.33,MEDIUM
CVE-2022-0339,calibreweb,CWE-918,9.8,3.9,3.0,1468.0,1468.0,1,1.0,0.33,CRITICAL
CVE-2022-28470,marcador,NVD-CWE-noinfo,9.8,3.9,1.0,509.0,509.0,1,0.0,0.0,CRITICAL
CVE-2022-1431,issue,CWE-20,4.3,2.8,30.0,0.0,0.0,0,0.0,0.0,MEDIUM
CVE-2022-30877,keep,NVD-CWE-Other,9.8,3.9,1.0,784.0,784.0,1,2.0,0.0,CRITICAL
CVE-2022-30882,pyanxdns,NVD-CWE-noinfo,9.8,3.9,1.0,1.0,1.0,1,0.0,0.0,CRITICAL
CVE-2022-31313,package,NVD-CWE-noinfo,9.8,3.9,6.0,0.0,0.0,0,0.0,0.0,CRITICAL
CVE-2022-30885,pyesasky,NVD-CWE-Other,9.8,3.9,1.0,1411.0,1411.0,1,3.0,0.33,CRITICAL
CVE-2022-32997,package,NVD-CWE-noinfo,9.8,3.9,7.0,0.0,0.0,1,0.0,0.0,CRITICAL
CVE-2022-32998,package,NVD-CWE-noinfo,9.8,3.9,8.0,0.0,0.0,1,0.0,0.0,CRITICAL
CVE-2022-32999,cloudlabeling,NVD-CWE-noinfo,9.8,3.9,1.0,0.0,0.0,1,1.0,0.0,CRITICAL
CVE-2022-33000,package,NVD-CWE-noinfo,9.8,3.9,9.0,0.0,0.0,1,0.0,0.0,CRITICAL
CVE-2022-33001,package,NVD-CWE-noinfo,9.8,3.9,10.0,0.0,0.0,1,0.0,0.0,CRITICAL
CVE-2022-33002,package,NVD-CWE-noinfo,9.8,3.9,11.0,0.0,0.0,1,0.0,0.0,CRITICAL
CVE-2022-33003,watools,NVD-CWE-noinfo,9.8,3.9,1.0,0.0,0.0,1,0.0,0.0,CRITICAL
CVE-2022-33004,package,NVD-CWE-noinfo,9.8,3.9,12.0,0.0,0.0,1,0.0,0.0,CRITICAL
CVE-2022-34053,package,NVD-CWE-noinfo,9.8,3.9,13.0,0.0,0.0,1,0.0,0.0,CRITICAL
CVE-2022-34054,package,NVD-CWE-noinfo,9.8,3.9,14.0,0.0,0.0,1,0.0,0.0,CRITICAL
CVE-2022-34055,drxhello,NVD-CWE-noinfo,9.8,3.9,1.0,0.0,0.0,1,0.0,0.0,CRITICAL
CVE-2022-34056,package,NVD-CWE-noinfo,9.8,3.9,15.0,0.0,0.0,1,0.0,0.0,CRITICAL
CVE-2022-34057,package,NVD-CWE-Other,9.8,3.9,16.0,0.0,0.0,0,0.0,0.0,CRITICAL
CVE-2022-34059,was,NVD-CWE-Other,9.8,3.9,3.0,0.0,0.0,1,0.0,0.0,CRITICAL
CVE-2022-34060,package,NVD-CWE-Other,9.8,3.9,17.0,0.0,0.0,1,0.0,0.0,CRITICAL
CVE-2022-34061,package,NVD-CWE-Other,9.8,3.9,18.0,0.0,0.0,1,0.0,0.0,CRITICAL
CVE-2022-34064,package,NVD-CWE-Other,9.8,3.9,19.0,0.0,0.0,0,0.0,0.0,CRITICAL
CVE-2022-34065,package,NVD-CWE-Other,9.8,3.9,20.0,0.0,0.0,1,0.0,0.0,CRITICAL
CVE-2022-34066,package,NVD-CWE-Other,9.8,3.9,21.0,0.0,0.0,1,0.0,0.0,CRITICAL
CVE-2022-34500,package,NVD-CWE-noinfo,9.8,3.9,22.0,0.0,0.0,0,0.0,0.0,CRITICAL
CVE-2022-34501,package,NVD-CWE-noinfo,9.8,3.9,23.0,0.0,0.0,0,0.0,0.0,CRITICAL
CVE-2022-34509,wikifaces,NVD-CWE-noinfo,9.8,3.9,1.0,499.0,499.0,0,0.0,0.0,CRITICAL
CVE-2022-34981,package,NVD-CWE-noinfo,9.8,3.9,24.0,0.0,0.0,1,0.0,0.0,CRITICAL
CVE-2022-34982,eziod,NVD-CWE-noinfo,9.8,3.9,1.0,0.0,0.0,0,0.0,0.0,CRITICAL
CVE-2022-34983,package,NVD-CWE-noinfo,9.8,3.9,25.0,0.0,0.0,1,0.0,0.0,CRITICAL
CVE-2022-1930,exponential,CWE-1333,5.9,2.2,5.0,427.0,427.0,1,0.0,0.0,MEDIUM
CVE-2022-38792,exotel,NVD-CWE-Other,9.8,3.9,1.0,0.0,0.0,0,0.0,0.0,CRITICAL
CVE-2022-38880,for,NVD-CWE-Other,9.8,3.9,32.0,,,1,,,CRITICAL
CVE-2022-40424,for,NVD-CWE-Other,9.8,3.9,33.0,,,1,,,CRITICAL
CVE-2022-40427,for,NVD-CWE-Other,9.8,3.9,34.0,,,1,,,CRITICAL
CVE-2022-40805,for,NVD-CWE-Other,9.8,3.9,35.0,,,1,,,CRITICAL
CVE-2022-40806,for,NVD-CWE-Other,9.8,3.9,36.0,,,1,,,CRITICAL
CVE-2022-40807,for,NVD-CWE-Other,9.8,3.9,37.0,,,1,,,CRITICAL
CVE-2022-40808,for,NVD-CWE-Other,9.8,3.9,38.0,,,1,,,CRITICAL
CVE-2022-40811,for,NVD-CWE-Other,9.8,3.9,39.0,,,1,,,CRITICAL
CVE-2022-38881,for,CWE-434,9.8,3.9,40.0,,,1,,,CRITICAL
CVE-2022-38882,for,CWE-434,9.8,3.9,41.0,,,1,,,CRITICAL
CVE-2022-38883,for,CWE-434,9.8,3.9,42.0,,,1,,,CRITICAL
CVE-2022-38884,for,CWE-434,9.8,3.9,43.0,,,1,,,CRITICAL
CVE-2022-38885,for,CWE-434,9.8,3.9,44.0,,,1,,,CRITICAL
CVE-2022-38886,for,CWE-434,9.8,3.9,45.0,,,1,,,CRITICAL
CVE-2022-38887,for,CWE-434,9.8,3.9,46.0,,,1,,,CRITICAL
CVE-2022-40425,for,NVD-CWE-Other,9.8,3.9,47.0,,,1,,,CRITICAL
CVE-2022-40426,for,NVD-CWE-Other,9.8,3.9,48.0,,,1,,,CRITICAL
CVE-2022-40428,for,NVD-CWE-Other,9.8,3.9,49.0,,,1,,,CRITICAL
CVE-2022-40429,for,NVD-CWE-Other,9.8,3.9,50.0,,,1,,,CRITICAL
CVE-2022-40430,for,NVD-CWE-Other,9.8,3.9,51.0,,,1,,,CRITICAL
CVE-2022-40431,for,CWE-434,9.8,3.9,52.0,,,1,,,CRITICAL
CVE-2022-40432,for,CWE-434,9.8,3.9,53.0,,,1,,,CRITICAL
CVE-2022-40809,for,NVD-CWE-Other,9.8,3.9,54.0,,,0,,,CRITICAL
CVE-2022-40810,for,NVD-CWE-Other,9.8,3.9,55.0,,,0,,,CRITICAL
CVE-2022-40812,for,NVD-CWE-Other,9.8,3.9,56.0,,,0,,,CRITICAL
CVE-2022-41380,package,CWE-434,9.8,3.9,26.0,0.0,0.0,1,0.0,0.0,CRITICAL
CVE-2022-41381,package,CWE-434,9.8,3.9,27.0,0.0,0.0,1,0.0,0.0,CRITICAL
CVE-2022-41382,package,CWE-434,9.8,3.9,28.0,0.0,0.0,1,0.0,0.0,CRITICAL
CVE-2022-41383,package,CWE-434,9.8,3.9,29.0,0.0,0.0,1,0.0,0.0,CRITICAL
CVE-2022-41384,package,CWE-434,9.8,3.9,30.0,0.0,0.0,1,0.0,0.0,CRITICAL
CVE-2022-41385,package,CWE-434,9.8,3.9,31.0,0.0,0.0,1,0.0,0.0,CRITICAL
CVE-2022-41386,package,CWE-434,9.8,3.9,32.0,0.0,0.0,1,0.0,0.0,CRITICAL
CVE-2022-41387,package,CWE-434,9.8,3.9,33.0,0.0,0.0,1,0.0,0.0,CRITICAL
CVE-2022-42036,package,CWE-434,9.8,3.9,34.0,0.0,0.0,1,0.0,0.0,CRITICAL
CVE-2022-42037,package,CWE-434,9.8,3.9,35.0,0.0,0.0,1,0.0,0.0,CRITICAL
CVE-2022-42038,package,CWE-434,9.8,3.9,36.0,0.0,0.0,1,0.0,0.0,CRITICAL
CVE-2022-42039,package,CWE-434,9.8,3.9,37.0,0.0,0.0,1,0.0,0.0,CRITICAL
CVE-2022-42040,package,CWE-434,9.8,3.9,38.0,0.0,0.0,1,0.0,0.0,CRITICAL
CVE-2022-42041,package,NVD-CWE-Other,9.8,3.9,39.0,0.0,0.0,1,0.0,0.0,CRITICAL
CVE-2022-42042,package,NVD-CWE-Other,9.8,3.9,40.0,0.0,0.0,1,0.0,0.0,CRITICAL
CVE-2022-42043,package,CWE-434,9.8,3.9,41.0,0.0,0.0,1,0.0,0.0,CRITICAL
CVE-2022-42044,package,CWE-434,9.8,3.9,42.0,0.0,0.0,1,0.0,0.0,CRITICAL
CVE-2022-43303,for,CWE-434,9.8,3.9,42.0,,,0,,,CRITICAL
CVE-2022-43304,for,CWE-434,9.8,3.9,43.0,,,0,,,CRITICAL
CVE-2022-43305,for,CWE-434,9.8,3.9,44.0,,,0,,,CRITICAL
CVE-2022-43306,for,CWE-434,8.8,2.8,45.0,,,0,,,HIGH
CVE-2022-44048,for,CWE-434,9.8,3.9,46.0,,,0,,,CRITICAL
CVE-2022-44049,for,CWE-434,9.8,3.9,47.0,,,0,,,CRITICAL
CVE-2022-44050,for,CWE-434,9.8,3.9,48.0,,,0,,,CRITICAL
CVE-2022-44051,for,CWE-434,9.8,3.9,49.0,,,0,,,CRITICAL
CVE-2022-44052,for,CWE-434,9.8,3.9,50.0,,,0,,,CRITICAL
CVE-2022-44053,for,CWE-434,9.8,3.9,51.0,,,0,,,CRITICAL
CVE-2022-44054,for,CWE-434,9.8,3.9,52.0,,,0,,,CRITICAL
CVE-2022-42964,exponential,CWE-1333,5.9,2.2,7.0,348.0,348.0,1,0.0,0.0,MEDIUM
CVE-2022-42965,exponential,CWE-1333,3.7,2.2,8.0,348.0,348.0,1,0.0,0.0,LOW
CVE-2022-42966,exponential,CWE-1333,5.9,2.2,9.0,348.0,348.0,1,0.0,0.0,MEDIUM
CVE-2022-23530,tool,CWE-22,5.8,1.6,1.0,0.0,0.0,1,0.0,0.0,MEDIUM
CVE-2022-23531,tool,CWE-23,5.8,1.6,2.0,0.0,0.0,0,0.0,0.0,MEDIUM
CVE-2023-31543,dependency,CWE-427,9.8,3.9,3.0,0.0,0.0,1,0.0,0.0,CRITICAL
CVE-2023-45805,pdm,CWE-20,7.8,1.8,1.0,976.0,976.0,1,10.0,2.67,HIGH
CVE-2023-47248,untrusted,CWE-502,9.8,3.9,1.0,0.0,0.0,0,0.0,0.0,CRITICAL
CVE-2023-48056,uses,CWE-330,7.5,3.9,1.0,,,0,,,HIGH
CVE-2024-23342,package,CWE-203,7.4,2.2,5.0,0.0,0.0,1,0.0,0.0,HIGH
CVE-2024-26151,package,CWE-20,8.2,2.3,6.0,0.0,0.0,1,0.0,0.0,HIGH
CVE-2024-29151,through,CWE-311,9.1,3.9,10.0,,,0,,,CRITICAL
CVE-2024-36110,open,CWE-79,8.2,2.3,50.0,,,0,,,HIGH
CVE-2025-1716,picklescan,CWE-184,9.8,3.9,1.0,489.0,489.0,1,4.0,2.5,CRITICAL
CVE-2025-5174,vulnerability,CWE-20,5.3,1.8,149.0,,,1,,,MEDIUM
CVE-2025-5175,vulnerability,CWE-266,5.3,1.8,150.0,,,1,,,MEDIUM
CVE-2025-32800,contains,CWE-1357,9.8,3.9,5.0,,,1,,,CRITICAL
CVE-2025-66416,called,CWE-1188,8.1,2.8,3.0,0.0,0.0,0,0.0,0.0,HIGH
CVE-2026-22870,tool,CWE-409,7.5,3.9,8.0,0.0,0.0,1,0.0,0.0,HIGH
CVE-2026-22871,tool,CWE-22,9.8,3.9,9.0,0.0,0.0,0,0.0,0.0,CRITICAL
CVE-2025-56005,undocumented,CWE-502,9.8,3.9,1.0,,,1,,,CRITICAL
CVE-2026-33936,package,CWE-20,5.3,3.9,13.0,0.0,0.0,1,0.0,0.0,MEDIUM
CVE-2026-40313,teams,CWE-829,9.1,3.9,13.0,0.0,0.0,0,0.0,0.17,CRITICAL
CVE-2026-42301,generates,CWE-20,7.8,1.8,2.0,0.0,0.0,0,0.0,0.0,HIGH
CVE-2026-42266,extensible,CWE-88,8.8,2.8,2.0,0.0,0.0,0,0.0,0.0,HIGH
CVE-2026-3073,has,CWE-639,4.3,2.8,10.0,0.0,0.0,0,0.0,0.0,MEDIUM
CVE-2026-45781,provides,CWE-636,3.5,2.1,27.0,0.0,0.0,0,0.0,0.0,LOW
CVE-2026-44971,tool,CWE-918,8.2,3.9,14.0,0.0,0.0,0,0.0,0.0,HIGH
CVE-2026-44972,tool,CWE-116,5.0,1.8,15.0,0.0,0.0,0,0.0,0.0,MEDIUM
CVE-2026-45758,framework,CWE-506,9.6,2.8,41.0,,,0,,,CRITICAL
CVE-2026-54232,inference,CWE-427,8.8,2.8,8.0,38.0,38.0,1,10.0,6.5,HIGH
CVE-2026-15519,vulnerability,CWE-829,5.0,1.6,154.0,,,0,,,MEDIUM
CVE-2026-52869,called,CWE-639,7.1,1.6,8.0,0.0,0.0,0,0.0,0.0,HIGH
CVE-2026-52870,called,CWE-862,7.6,2.8,9.0,0.0,0.0,0,0.0,0.0,HIGH
CVE-2026-59950,called,CWE-346,8.1,2.8,10.0,0.0,0.0,0,0.0,0.0,HIGH
CVE-2026-67338,before,CWE-84,6.1,2.8,123.0,0.0,0.0,0,0.0,0.0,MEDIUM
CVE-2002-0131,control,NVD-CWE-Other,5.0,10.0,1.0,8503.0,8503.0,0,1.0,0.0,MEDIUM
CVE-2002-1119,from,NVD-CWE-Other,4.6,3.9,1.0,,,0,,,MEDIUM
CVE-2004-0150,overflow,CWE-120,7.5,10.0,1.0,6412.0,6412.0,0,0.0,0.0,HIGH
CVE-2005-0089,library,NVD-CWE-Other,7.5,10.0,1.0,7742.0,7742.0,0,7.0,5.83,HIGH
CVE-2005-0852,allows,NVD-CWE-Other,2.1,3.9,10.0,5143.0,5143.0,1,0.0,0.0,LOW
CVE-2005-1632,and,NVD-CWE-Other,7.2,3.9,11.0,,,0,,,HIGH
CVE-2005-2483,injection,NVD-CWE-Other,7.5,10.0,3.0,,,0,,,HIGH
CVE-2005-2491,overflow,NVD-CWE-Other,7.5,10.0,4.0,5917.0,5917.0,0,0.0,0.0,HIGH
CVE-2005-2875,allows,NVD-CWE-Other,7.5,10.0,11.0,5008.0,5008.0,0,0.0,0.0,HIGH
CVE-2005-3008,allows,NVD-CWE-Other,7.5,10.0,11.0,5000.0,5000.0,0,0.0,0.0,HIGH
CVE-2005-2966,import,NVD-CWE-Other,5.1,4.9,1.0,,,1,,,MEDIUM
CVE-2005-3291,installed,NVD-CWE-Other,4.6,3.9,1.0,,,0,,,MEDIUM
CVE-2005-3302,injection,CWE-94,7.3,3.9,4.0,,,1,,,HIGH
CVE-2006-0151,sudo,NVD-CWE-Other,7.2,3.9,1.0,5257.0,5257.0,1,0.0,0.0,HIGH
CVE-2006-1542,buffer,NVD-CWE-Other,3.7,1.9,5.0,5338.0,5338.0,1,0.0,0.0,LOW
CVE-2006-0052,attachment,NVD-CWE-Other,5.0,10.0,1.0,,,0,,,MEDIUM
CVE-2006-4980,overflow,NVD-CWE-Other,7.5,10.0,3.0,5504.0,5504.0,0,0.0,0.0,HIGH
CVE-2007-1253,injection,CWE-94,9.3,8.6,3.0,,,0,,,HIGH
CVE-2007-1359,conflict,NVD-CWE-noinfo,6.8,8.6,1.0,5312.0,5312.0,1,0.0,0.0,MEDIUM
CVE-2007-1657,buffer,NVD-CWE-Other,7.5,10.0,6.0,4980.0,4980.0,1,0.0,0.0,HIGH
CVE-2007-2052,error,CWE-193,5.0,10.0,1.0,,,0,,,MEDIUM
CVE-2007-4559,traversal,CWE-22,9.8,3.9,3.0,,,1,,,CRITICAL
CVE-2007-4965,integer,CWE-190,5.8,8.6,1.0,1710.0,1710.0,1,0.0,0.0,MEDIUM
CVE-2007-5741,through,CWE-94,7.5,10.0,3.0,,,0,,,HIGH
CVE-2008-0980,scripting,CWE-79,4.3,8.6,23.0,,,1,,,MEDIUM
CVE-2008-0981,redirect,CWE-22,6.4,10.0,2.0,,,0,,,MEDIUM
CVE-2008-0982,allows,CWE-20,5.8,8.6,11.0,4113.0,4113.0,1,0.0,0.0,MEDIUM
CVE-2008-1721,signedness,CWE-681,7.5,10.0,1.0,,,1,,,HIGH
CVE-2008-1887,and,CWE-120,9.3,8.6,22.0,,,1,,,HIGH
CVE-2008-1679,integer,CWE-190,6.8,8.6,2.0,1493.0,1493.0,0,0.0,0.0,MEDIUM
CVE-2008-3294,through,CWE-94,3.7,1.9,8.0,,,0,,,LOW
CVE-2008-2315,integer,CWE-190,7.5,10.0,5.0,1392.0,1392.0,1,0.0,0.0,HIGH
CVE-2008-2316,overflow,CWE-189,7.5,10.0,5.0,4843.0,4843.0,1,0.0,0.0,HIGH
CVE-2008-3142,buffer,CWE-120,7.5,10.0,9.0,4483.0,4483.0,1,0.0,0.0,HIGH
CVE-2008-3143,integer,CWE-190,7.5,10.0,5.0,1392.0,1392.0,0,0.0,0.0,HIGH
CVE-2008-3144,integer,CWE-190,5.0,10.0,5.0,1392.0,1392.0,1,0.0,0.0,MEDIUM
CVE-2008-4099,before,CWE-16,6.4,10.0,15.0,5563.0,5563.0,1,0.0,0.0,MEDIUM
CVE-2008-4108,the,CWE-59,7.2,3.9,2.0,1860.0,1860.0,0,0.0,0.0,HIGH
CVE-2008-4126,before,CWE-16,6.4,10.0,16.0,5563.0,5563.0,0,0.0,0.0,MEDIUM
CVE-2008-3949,and,CWE-94,7.2,3.9,19.0,,,0,,,HIGH
CVE-2008-4394,untrusted,NVD-CWE-Other,6.9,3.4,1.0,3800.0,3800.0,0,0.0,0.0,MEDIUM
CVE-2008-4863,search,NVD-CWE-Other,6.9,3.4,1.0,,,0,,,MEDIUM
CVE-2008-4864,integer,CWE-190,7.5,10.0,5.0,1300.0,1300.0,1,0.0,0.0,HIGH
CVE-2008-5031,integer,CWE-189,10.0,10.0,6.0,1291.0,1291.0,0,0.0,0.0,HIGH
CVE-2008-5102,and,CWE-399,4.0,8.0,12.0,,,0,,,MEDIUM
CVE-2008-5103,and,CWE-255,7.2,3.9,13.0,,,1,,,HIGH
CVE-2008-5104,and,CWE-255,7.2,3.9,14.0,,,1,,,HIGH
CVE-2008-5983,search,CWE-426,6.9,3.4,2.0,,,0,,,MEDIUM
CVE-2008-5984,search,NVD-CWE-Other,6.9,3.4,3.0,,,0,,,MEDIUM
CVE-2008-5985,search,NVD-CWE-Other,6.9,3.4,4.0,,,0,,,MEDIUM
CVE-2008-5986,search,NVD-CWE-Other,6.9,3.4,5.0,,,0,,,MEDIUM
CVE-2008-5987,search,NVD-CWE-Other,6.9,3.4,6.0,,,0,,,MEDIUM
CVE-2009-0314,search,CWE-426,6.9,3.4,7.0,,,1,,,MEDIUM
CVE-2009-0315,search,NVD-CWE-Other,6.9,3.4,8.0,,,0,,,MEDIUM
CVE-2009-0316,search,NVD-CWE-Other,6.9,3.4,9.0,,,0,,,MEDIUM
CVE-2009-0317,search,NVD-CWE-Other,6.9,3.4,10.0,,,0,,,MEDIUM
CVE-2009-0318,search,NVD-CWE-Other,6.9,3.4,11.0,,,0,,,MEDIUM
CVE-2009-0367,module,CWE-264,9.3,8.6,1.0,,,0,,,HIGH
CVE-2008-6539,code,CWE-94,6.5,8.0,1.0,,,0,,,MEDIUM
CVE-2008-6547,for,CWE-20,7.5,10.0,5.0,,,0,,,HIGH
CVE-2008-6549,function,NVD-CWE-noinfo,5.0,10.0,5.0,2162.0,2162.0,1,0.0,0.0,MEDIUM
CVE-2009-0668,vulnerability,CWE-94,6.5,8.0,32.0,,,0,,,MEDIUM
CVE-2008-6954,web,CWE-264,9.0,8.0,3.0,,,0,,,HIGH
CVE-2009-2940,pygresql,NVD-CWE-Other,7.5,10.0,1.0,5939.0,5939.0,0,10.0,2.33,HIGH
CVE-2009-3720,function,NVD-CWE-noinfo,5.0,10.0,8.0,1943.0,1943.0,1,0.0,0.0,MEDIUM
CVE-2009-3850,and,CWE-94,9.3,8.6,36.0,,,1,,,HIGH
CVE-2009-3578,and,CWE-94,9.3,8.6,35.0,,,0,,,HIGH
CVE-2009-3894,untrusted,NVD-CWE-Other,4.4,3.4,1.0,3385.0,3385.0,0,0.0,0.0,MEDIUM
CVE-2009-4081,search,NVD-CWE-Other,4.4,3.4,11.0,,,0,,,MEDIUM
CVE-2009-4134,underflow,CWE-787,5.0,10.0,1.0,3610.0,3610.0,0,0.0,0.0,MEDIUM
CVE-2010-1449,overflow,CWE-190,7.5,10.0,6.0,4179.0,4179.0,0,0.0,0.0,HIGH
CVE-2010-1450,buffer,CWE-120,7.5,10.0,9.0,3819.0,3819.0,0,0.0,0.0,HIGH
CVE-2010-1634,integer,CWE-190,5.0,10.0,4.0,728.0,728.0,0,0.0,0.0,MEDIUM
CVE-2010-2089,audioop,CWE-787,5.0,10.0,1.0,,,0,,,MEDIUM
CVE-2010-0395,and,NVD-CWE-noinfo,9.3,8.6,29.0,,,0,,,HIGH
CVE-2010-1666,overflow,CWE-119,6.8,8.6,7.0,4143.0,4143.0,0,0.0,0.0,MEDIUM
CVE-2010-2480,before,CWE-79,4.3,8.6,14.0,4911.0,4911.0,0,0.0,0.0,MEDIUM
CVE-2009-4924,does,CWE-79,4.3,8.6,3.0,,,0,,,MEDIUM
CVE-2010-3492,asyncore,NVD-CWE-Other,5.0,10.0,1.0,,,0,,,MEDIUM
CVE-2010-3493,race,CWE-362,4.3,8.6,1.0,3500.0,3500.0,0,0.0,0.0,MEDIUM
CVE-2010-2235,before,CWE-94,8.5,6.8,16.0,4751.0,4751.0,0,0.0,0.0,HIGH
CVE-2009-5065,scripting,CWE-79,4.3,8.6,7.0,,,1,,,MEDIUM
CVE-2011-1156,feedparser,CWE-399,5.0,10.0,1.0,5588.0,5588.0,1,3.0,0.5,MEDIUM
CVE-2011-1157,scripting,CWE-79,4.3,8.6,8.0,,,1,,,MEDIUM
CVE-2011-1158,scripting,CWE-79,4.3,8.6,9.0,,,0,,,MEDIUM
CVE-2011-1015,method,CWE-200,5.0,10.0,3.0,,,1,,,MEDIUM
CVE-2011-1521,urllib,CWE-399,6.4,10.0,1.0,,,0,,,MEDIUM
CVE-2011-2520,and,CWE-502,7.8,1.8,4.0,,,0,,,HIGH
CVE-2011-3587,vulnerability,NVD-CWE-noinfo,9.3,8.6,86.0,,,0,,,HIGH
CVE-2011-4137,functionality,CWE-399,5.0,10.0,1.0,,,0,,,MEDIUM
CVE-2011-1364,request,CWE-352,6.8,8.6,1.0,,,1,,,MEDIUM
CVE-2011-4211,implementation,CWE-264,7.2,3.9,4.0,,,1,,,HIGH
CVE-2011-4212,sandbox,CWE-264,7.2,3.9,1.0,,,1,,,HIGH
CVE-2011-4213,sandbox,CWE-264,7.2,3.9,2.0,,,1,,,HIGH
CVE-2011-4357,string,CWE-134,7.5,10.0,1.0,,,0,,,HIGH
CVE-2011-4642,before,CWE-352,4.6,3.9,19.0,4361.0,4361.0,1,0.0,0.0,MEDIUM
CVE-2012-2921,feedparser,CWE-399,5.0,10.0,1.0,5182.0,5182.0,0,3.0,0.5,MEDIUM
CVE-2011-4940,function,CWE-79,2.6,4.9,1.0,976.0,976.0,0,0.0,0.0,LOW
CVE-2012-0215,the,CWE-264,5.5,8.0,4.0,467.0,467.0,1,0.0,0.0,MEDIUM
CVE-2012-2135,decoder,NVD-CWE-Other,6.4,10.0,1.0,3161.0,3161.0,0,0.0,0.0,MEDIUM
CVE-2011-4944,through,CWE-264,1.9,3.4,6.0,,,0,,,LOW
CVE-2012-4245,scriptfu,CWE-862,6.8,8.6,1.0,,,0,,,MEDIUM
CVE-2012-3533,python,CWE-310,5.0,10.0,1.0,,,0,,,MEDIUM
CVE-2012-0845,before,CWE-399,5.0,10.0,17.0,4085.0,4085.0,1,0.0,0.0,MEDIUM
CVE-2012-1150,before,CWE-310,5.0,10.0,18.0,4085.0,4085.0,1,0.0,0.0,MEDIUM
CVE-2012-4406,before,CWE-502,9.8,3.9,22.0,4068.0,4068.0,0,0.0,0.0,CRITICAL
CVE-2012-5822,contribution,CWE-295,7.4,2.2,1.0,,,1,,,HIGH
CVE-2012-5825,does,CWE-20,5.8,8.6,1.0,,,1,,,MEDIUM
CVE-2012-4571,does,CWE-310,2.1,3.9,2.0,,,0,,,LOW
CVE-2012-0860,untrusted,NVD-CWE-Other,6.2,1.9,3.0,2252.0,2252.0,0,0.0,0.0,MEDIUM
CVE-2012-0861,before,CWE-310,6.8,3.2,26.0,3994.0,3994.0,0,0.0,0.0,MEDIUM
CVE-2011-4355,before,CWE-264,6.9,3.4,34.0,3934.0,3934.0,0,0.0,0.0,MEDIUM
CVE-2012-5659,search,NVD-CWE-Other,3.7,1.9,1.0,,,1,,,LOW
CVE-2013-1664,libraries,CWE-119,5.0,10.0,1.0,,,1,,,MEDIUM
CVE-2013-1665,libraries,CWE-200,5.0,10.0,2.0,,,0,,,MEDIUM
CVE-2013-4238,function,CWE-20,4.3,8.6,6.0,560.0,560.0,0,0.0,0.0,MEDIUM
CVE-2013-1909,client,CWE-20,5.8,8.6,1.0,,,0,,,MEDIUM
CVE-2013-2072,overflow,CWE-119,7.4,4.4,3.0,2990.0,2990.0,0,0.0,0.0,HIGH
CVE-2013-4111,client,CWE-20,5.8,8.6,2.0,,,0,,,MEDIUM
CVE-2013-5093,function,CWE-94,6.8,8.6,7.0,519.0,519.0,1,0.0,0.0,MEDIUM
CVE-2013-5942,through,CWE-94,6.8,8.6,1.0,,,0,,,MEDIUM
CVE-2013-2013,command,CWE-200,2.1,3.9,1.0,0.0,0.0,0,0.0,0.0,LOW
CVE-2013-2099,complexity,CWE-399,4.3,8.6,1.0,54.0,54.0,0,0.0,0.0,MEDIUM
CVE-2013-4482,search,NVD-CWE-Other,6.2,1.9,2.0,,,0,,,MEDIUM
CVE-2013-2104,before,CWE-264,5.5,8.0,15.0,3612.0,3612.0,0,0.0,0.0,MEDIUM
CVE-2014-1604,parser,NVD-CWE-Other,2.1,3.9,2.0,,,0,,,LOW
CVE-2014-1624,condition,CWE-59,3.3,3.4,3.0,2620.0,2620.0,0,0.0,0.0,LOW
CVE-2013-6491,client,CWE-310,4.3,8.6,4.0,,,0,,,MEDIUM
CVE-2013-2191,before,CWE-20,4.3,8.6,18.0,3595.0,3595.0,0,0.0,0.0,MEDIUM
CVE-2013-6396,client,CWE-310,5.8,8.6,5.0,,,0,,,MEDIUM
CVE-2014-1912,overflow,CWE-119,7.5,10.0,2.0,2805.0,2805.0,1,0.0,0.0,HIGH
CVE-2014-0105,middleware,CWE-255,6.0,6.8,1.0,1189.0,1189.0,0,0.0,0.0,MEDIUM
CVE-2014-1932,function,CWE-59,4.4,3.4,10.0,317.0,317.0,1,0.0,0.0,MEDIUM
CVE-2014-1933,and,CWE-264,2.1,3.9,8.0,,,1,,,LOW
CVE-2013-7338,before,CWE-20,7.1,8.6,23.0,3521.0,3521.0,1,0.0,0.0,HIGH
CVE-2014-0472,function,CWE-94,5.1,4.9,11.0,311.0,311.0,0,0.0,0.0,MEDIUM
CVE-2014-3007,and,CWE-78,10.0,10.0,9.0,,,0,,,HIGH
CVE-2014-1934,and,CWE-59,3.3,3.4,10.0,,,0,,,LOW
CVE-2013-5655,traversal,CWE-22,6.4,10.0,3.0,,,0,,,MEDIUM
CVE-2013-7040,before,CWE-310,4.3,8.6,26.0,3494.0,3494.0,0,0.0,0.0,MEDIUM
CVE-2013-4346,function,CWE-310,4.3,8.6,14.0,284.0,284.0,0,0.0,0.0,MEDIUM
CVE-2013-4347,and,CWE-310,5.8,8.6,11.0,,,0,,,MEDIUM
CVE-2013-7323,before,NVD-CWE-Other,7.5,10.0,27.0,3473.0,3473.0,1,0.0,0.0,HIGH
CVE-2014-2967,before,CWE-78,10.0,10.0,29.0,3445.0,3445.0,0,0.0,0.0,HIGH
CVE-2014-3589,and,CWE-20,5.0,10.0,10.0,,,0,,,MEDIUM
CVE-2014-0485,and,CWE-94,7.5,10.0,11.0,,,1,,,HIGH
CVE-2014-5340,wato,CWE-94,9.3,8.6,1.0,4242.0,4242.0,0,0.0,0.83,HIGH
CVE-2012-5485,before,CWE-94,6.8,8.6,28.0,3360.0,3360.0,0,0.0,0.0,MEDIUM
CVE-2012-5487,sandbox,CWE-264,8.5,6.8,1.0,,,0,,,HIGH
CVE-2012-5488,before,CWE-94,5.0,10.0,29.0,3360.0,3360.0,0,0.0,0.0,MEDIUM
CVE-2012-5493,before,CWE-94,8.5,6.8,30.0,3360.0,3360.0,0,0.0,0.0,HIGH
CVE-2012-5494,scripting,CWE-79,4.3,8.6,7.0,,,0,,,MEDIUM
CVE-2012-5495,before,CWE-94,5.0,10.0,31.0,3360.0,3360.0,0,0.0,0.0,MEDIUM
CVE-2012-5499,before,CWE-399,5.0,10.0,32.0,3360.0,3360.0,0,0.0,0.0,MEDIUM
CVE-2012-5506,before,CWE-399,5.0,10.0,33.0,3360.0,3360.0,0,0.0,0.0,MEDIUM
CVE-2014-7144,keystonemiddleware,CWE-310,4.3,8.6,1.0,4240.0,4240.0,0,9.0,1.17,MEDIUM
CVE-2014-7185,overflow,CWE-189,6.4,10.0,5.0,2584.0,2584.0,1,0.0,0.0,MEDIUM
CVE-2014-1829,before,CWE-200,5.0,10.0,35.0,3345.0,3345.0,0,0.0,0.0,MEDIUM
CVE-2014-1830,before,CWE-200,5.0,10.0,36.0,3345.0,3345.0,0,0.0,0.0,MEDIUM
CVE-2014-3593,injection,CWE-94,6.0,6.8,4.0,,,0,,,MEDIUM
CVE-2014-1927,function,CWE-20,7.5,10.0,11.0,126.0,126.0,1,0.0,0.0,HIGH
CVE-2014-1928,function,CWE-20,4.6,3.9,12.0,126.0,126.0,1,0.0,0.0,MEDIUM
CVE-2014-1929,and,CWE-20,4.4,3.4,12.0,,,0,,,MEDIUM
CVE-2011-4103,before,CWE-20,7.5,10.0,37.0,3334.0,3334.0,0,0.0,0.0,HIGH
CVE-2011-4104,method,CWE-20,7.5,10.0,1.0,,,0,,,HIGH
CVE-2014-2667,condition,CWE-362,3.3,3.4,2.0,2328.0,2328.0,0,0.0,0.0,LOW
CVE-2014-9365,clients,NVD-CWE-Other,5.8,8.6,1.0,4240.0,4240.0,1,1.0,0.33,MEDIUM
CVE-2013-2131,string,CWE-134,5.0,10.0,1.0,,,0,,,MEDIUM
CVE-2014-8165,uses,CWE-345,10.0,10.0,1.0,,,0,,,HIGH
CVE-2015-2316,function,CWE-399,5.0,10.0,11.0,0.0,0.0,0,0.0,0.0,MEDIUM
CVE-2015-0692,devices,CWE-264,7.2,3.9,1.0,,,0,,,HIGH
CVE-2015-0693,devices,CWE-20,7.2,3.9,2.0,,,0,,,HIGH
CVE-2015-1852,middleware,CWE-17,4.3,8.6,1.0,822.0,822.0,0,0.0,0.0,MEDIUM
CVE-2015-3446,before,CWE-94,9.3,8.6,38.0,3147.0,3147.0,0,0.0,0.0,HIGH
CVE-2015-1950,through,CWE-255,4.6,3.9,2.0,,,0,,,MEDIUM
CVE-2015-4231,interpreter,CWE-264,3.6,3.9,1.0,,,0,,,LOW
CVE-2015-4234,and,CWE-264,7.2,3.9,21.0,,,0,,,HIGH
CVE-2014-2331,and,CWE-94,8.5,6.8,31.0,,,0,,,HIGH
CVE-2015-5652,search,NVD-CWE-Other,7.2,3.9,1.0,,,0,,,HIGH
CVE-2015-7828,and,CWE-20,10.0,10.0,31.0,,,0,,,HIGH
CVE-2015-5242,does,CWE-94,6.0,6.8,2.0,,,0,,,MEDIUM
CVE-2015-5306,when,CWE-254,6.8,8.6,1.0,3613.0,3613.0,0,0.0,0.17,MEDIUM
CVE-2015-7489,before,CWE-264,7.8,1.8,51.0,2903.0,2903.0,0,0.0,0.0,HIGH
CVE-2016-1494,verify,CWE-20,5.3,3.9,1.0,481.0,481.0,1,1.0,0.0,MEDIUM
CVE-2015-7546,identity,CWE-522,7.5,1.6,1.0,3441.0,3441.0,0,1.0,0.0,HIGH
CVE-2016-2533,overflow,CWE-119,6.5,2.8,2.0,2031.0,2031.0,0,0.0,0.0,MEDIUM
CVE-2013-7440,function,CWE-19,5.9,2.2,17.0,0.0,0.0,0,0.0,0.0,MEDIUM
CVE-2016-0772,smtplib,CWE-693,6.5,2.2,1.0,,,0,,,MEDIUM
CVE-2016-5636,overflow,CWE-190,9.8,3.9,4.0,1889.0,1889.0,0,0.0,0.0,CRITICAL
CVE-2016-5699,injection,CWE-113,6.1,2.8,1.0,,,1,,,MEDIUM
CVE-2016-4972,before,CWE-20,9.8,3.9,45.0,2633.0,2633.0,0,0.0,0.0,CRITICAL
CVE-2016-9949,issue,CWE-94,7.8,1.8,3.0,1887.0,1887.0,1,0.0,0.0,HIGH
CVE-2016-9950,issue,CWE-22,7.8,1.8,4.0,1887.0,1887.0,1,0.0,0.0,HIGH
CVE-2016-5851,before,CWE-611,8.8,2.8,30.0,2547.0,2547.0,0,0.0,0.0,HIGH
CVE-2016-6580,implementation,CWE-399,7.5,3.9,8.0,,,0,,,HIGH
CVE-2016-6581,implementation,CWE-399,7.5,3.9,9.0,,,0,,,HIGH
CVE-2016-9015,and,CWE-295,3.7,2.2,24.0,,,0,,,LOW
CVE-2016-7036,before,CWE-361,9.8,3.9,30.0,2514.0,2514.0,0,0.0,0.0,CRITICAL
CVE-2013-7459,buffer,CWE-119,9.8,3.9,1.0,1363.0,1363.0,1,0.0,0.0,CRITICAL
CVE-2016-4043,through,CWE-264,4.9,1.2,9.0,,,0,,,MEDIUM
CVE-2017-7235,issue,CWE-20,8.8,2.8,12.0,1791.0,1791.0,0,0.0,0.0,HIGH
CVE-2017-5524,through,CWE-134,4.3,2.8,10.0,,,0,,,MEDIUM
CVE-2015-6531,with,CWE-94,7.8,1.8,1.0,726.0,726.0,1,0.0,0.0,HIGH
CVE-2017-9462,before,CWE-732,8.8,2.8,28.0,2380.0,2380.0,0,0.0,0.0,HIGH
CVE-2015-3220,tlslite,CWE-119,7.5,3.9,1.0,0.0,0.0,0,0.0,0.0,HIGH
CVE-2017-2810,exploitable,NVD-CWE-noinfo,7.5,1.6,1.0,,,1,,,HIGH
CVE-2017-9807,issue,CWE-94,9.8,3.9,18.0,1700.0,1700.0,1,0.0,0.0,CRITICAL
CVE-2017-10803,and,CWE-502,6.5,0.6,54.0,,,0,,,MEDIUM
CVE-2015-2674,allows,CWE-295,5.9,2.2,17.0,660.0,660.0,0,0.0,0.0,MEDIUM
CVE-2014-4616,index,CWE-129,5.9,2.2,1.0,2957.0,2957.0,1,0.0,0.83,MEDIUM
CVE-2015-3206,function,CWE-287,8.1,2.2,3.0,0.0,0.0,0,0.0,0.0,HIGH
CVE-2017-1002150,and,CWE-601,6.1,2.8,113.0,,,0,,,MEDIUM
CVE-2017-2809,exploitable,CWE-94,7.5,1.6,2.0,,,1,,,HIGH
CVE-2017-12301,vulnerability,CWE-20,6.7,0.8,26.0,,,0,,,MEDIUM
CVE-2017-16615,exploitable,NVD-CWE-noinfo,9.8,3.9,3.0,,,0,,,CRITICAL
CVE-2017-16616,exploitable,NVD-CWE-noinfo,9.8,3.9,4.0,,,0,,,CRITICAL
CVE-2017-16618,exploitable,NVD-CWE-noinfo,9.8,3.9,5.0,,,1,,,CRITICAL
CVE-2017-16763,exploitable,NVD-CWE-noinfo,9.8,3.9,6.0,,,1,,,CRITICAL
CVE-2017-16764,exploitable,NVD-CWE-noinfo,9.8,3.9,7.0,,,1,,,CRITICAL
CVE-2017-0906,before,CWE-918,9.8,3.9,28.0,2220.0,2220.0,0,0.0,0.0,CRITICAL
CVE-2017-1000246,package,CWE-330,5.3,3.9,2.0,0.0,0.0,0,0.0,0.0,MEDIUM
CVE-2017-1000158,vulnerable,CWE-190,9.8,3.9,56.0,,,0,,,CRITICAL
CVE-2017-12340,vulnerability,CWE-284,4.2,0.8,18.0,,,0,,,MEDIUM
CVE-2017-17522,through,CWE-74,8.8,2.8,17.0,,,0,,,HIGH
CVE-2017-1000433,version,CWE-287,8.1,2.2,5.0,0.0,0.0,0,0.0,0.0,HIGH
CVE-2017-1000483,private,NVD-CWE-noinfo,6.5,2.8,1.0,957.0,957.0,0,0.0,0.0,MEDIUM
CVE-2018-5773,issue,CWE-79,6.1,2.8,31.0,1490.0,1490.0,0,0.0,0.0,MEDIUM
CVE-2018-6353,console,CWE-78,7.8,1.8,2.0,2910.0,2910.0,1,1.0,0.5,HIGH
CVE-2018-6461,before,CWE-426,7.8,1.8,28.0,2137.0,2137.0,1,0.0,0.0,HIGH
CVE-2018-1000030,vulnerable,CWE-416,3.6,1.0,46.0,,,0,,,LOW
CVE-2018-0015,malicious,CWE-862,9.8,3.9,1.0,,,0,,,CRITICAL
CVE-2017-18207,function,CWE-369,6.5,2.8,3.0,0.0,0.0,0,0.0,0.0,MEDIUM
CVE-2018-1000117,version,CWE-120,6.7,0.8,20.0,0.0,0.0,0,0.0,0.0,MEDIUM
CVE-2018-7889,calls,CWE-502,7.8,1.8,1.0,1175.0,1175.0,1,0.0,0.0,HIGH
CVE-2014-3539,the,NVD-CWE-noinfo,9.8,3.9,93.0,0.0,0.0,0,0.0,0.0,CRITICAL
CVE-2018-0023,open,CWE-276,5.5,1.8,1.0,,,0,,,MEDIUM
CVE-2018-2753,the,NVD-CWE-noinfo,6.0,0.8,94.0,0.0,0.0,0,0.0,0.0,MEDIUM
CVE-2017-2592,before,CWE-532,5.9,1.5,29.0,2044.0,2044.0,0,0.0,0.0,MEDIUM
CVE-2018-1060,python,CWE-20,7.5,3.9,1.0,,,1,,,HIGH
CVE-2018-1061,python,CWE-20,6.5,2.8,2.0,,,0,,,MEDIUM
CVE-2018-10903,flaw,CWE-20,7.5,3.9,4.0,,,0,,,HIGH
CVE-2018-3650,module,CWE-20,7.8,1.8,6.0,,,0,,,HIGH
CVE-2018-14572,call,CWE-78,7.8,1.8,1.0,0.0,0.0,1,0.0,0.0,HIGH
CVE-2018-12175,install,CWE-276,7.8,1.8,1.0,,,0,,,HIGH
CVE-2018-1000802,version,CWE-77,9.8,3.9,35.0,0.0,0.0,0,0.0,0.0,CRITICAL
CVE-2018-17175,the,NVD-CWE-noinfo,5.3,3.9,79.0,0.0,0.0,0,0.0,0.0,MEDIUM
CVE-2018-14647,elementtree,CWE-335,7.5,3.9,1.0,,,0,,,HIGH
CVE-2018-1000807,pyopenssl,CWE-416,8.1,2.2,1.0,2854.0,2854.0,0,6.0,1.17,HIGH
CVE-2018-1000808,pyopenssl,CWE-404,5.9,2.2,2.0,2854.0,2854.0,0,6.0,1.17,MEDIUM
CVE-2018-14649,was,CWE-77,9.8,3.9,29.0,746.0,746.0,1,0.0,0.0,CRITICAL
CVE-2018-18074,package,CWE-522,7.5,3.9,2.0,0.0,0.0,1,0.0,0.0,HIGH
CVE-2015-5159,before,CWE-20,7.5,3.9,24.0,1869.0,1869.0,0,0.0,0.0,HIGH
CVE-2018-6012,feature,CWE-94,9.8,3.9,1.0,,,1,,,CRITICAL
CVE-2018-19646,scripts,CWE-78,9.8,3.9,1.0,1833.0,1833.0,0,0.0,0.0,CRITICAL
CVE-2018-20061,injection,CWE-89,7.5,3.9,2.0,,,0,,,HIGH
CVE-2018-20325,vulnerability,CWE-94,9.8,3.9,72.0,,,1,,,CRITICAL
CVE-2018-20406,before,CWE-190,7.5,3.9,19.0,1815.0,1815.0,1,0.0,0.0,HIGH
CVE-2019-3575,allows,CWE-94,7.8,1.8,11.0,148.0,148.0,1,0.0,0.0,HIGH
CVE-2018-16168,and,CWE-94,9.8,3.9,106.0,,,0,,,CRITICAL
CVE-2019-6446,issue,CWE-502,9.8,3.9,26.0,1127.0,1127.0,1,0.0,0.0,CRITICAL
CVE-2019-7653,package,CWE-427,9.8,3.9,2.0,0.0,0.0,1,0.0,0.0,CRITICAL
CVE-2013-5654,allows,CWE-284,9.1,3.9,13.0,105.0,105.0,1,0.0,0.0,CRITICAL
CVE-2019-9636,through,NVD-CWE-noinfo,9.8,3.9,64.0,,,0,,,CRITICAL
CVE-2019-9740,issue,CWE-93,6.1,2.8,18.0,1071.0,1071.0,1,0.0,0.0,MEDIUM
CVE-2019-6690,allows,CWE-20,7.5,3.9,17.0,72.0,72.0,0,0.0,0.0,HIGH
CVE-2019-7537,issue,CWE-77,9.8,3.9,22.0,1063.0,1063.0,1,0.0,0.0,CRITICAL
CVE-2019-9947,issue,CWE-93,6.1,2.8,23.0,1061.0,1061.0,1,0.0,0.0,MEDIUM
CVE-2019-9948,urllib,CWE-22,9.1,3.9,1.0,,,1,,,CRITICAL
CVE-2018-16858,was,CWE-356,7.8,1.8,31.0,579.0,579.0,1,0.0,0.0,HIGH
CVE-2019-10633,eval,CWE-94,8.8,2.8,1.0,204.0,204.0,1,0.0,0.0,HIGH
CVE-2019-11236,the,CWE-93,6.1,2.8,56.0,0.0,0.0,1,0.0,0.0,MEDIUM
CVE-2017-11427,and,CWE-287,7.7,3.1,89.0,,,1,,,HIGH
CVE-2019-11324,library,CWE-295,7.5,3.9,1.0,2642.0,2642.0,0,7.0,5.83,HIGH
CVE-2019-11340,before,CWE-20,5.9,2.2,18.0,1698.0,1698.0,0,0.0,0.0,MEDIUM
CVE-2015-1326,before,CWE-20,5.7,1.5,19.0,1695.0,1695.0,0,0.0,0.0,MEDIUM
CVE-2015-1341,module,CWE-264,7.4,0.7,7.0,,,0,,,HIGH
CVE-2019-3558,servers,CWE-834,7.5,3.9,1.0,,,0,,,HIGH
CVE-2019-1727,vulnerability,CWE-264,6.7,0.8,80.0,,,0,,,MEDIUM
CVE-2019-9189,and,CWE-434,8.8,2.8,95.0,,,0,,,HIGH
CVE-2019-12761,code,CWE-94,7.5,1.6,2.0,,,1,,,HIGH
CVE-2019-10160,security,CWE-172,9.8,3.9,1.0,1847.0,1847.0,0,0.0,0.0,CRITICAL
CVE-2017-13718,supported,CWE-254,8.0,2.1,1.0,,,1,,,HIGH
CVE-2017-6900,issue,CWE-255,9.8,3.9,29.0,959.0,959.0,0,0.0,0.0,CRITICAL
CVE-2019-13404,installer,CWE-552,7.8,1.8,1.0,2499.0,2499.0,0,1.0,0.33,HIGH
CVE-2019-5629,version,CWE-427,7.8,1.8,21.0,0.0,0.0,1,0.0,0.0,HIGH
CVE-2018-20852,before,CWE-20,5.3,3.9,19.0,1613.0,1613.0,1,0.0,0.0,MEDIUM
CVE-2019-13611,issue,CWE-352,8.8,2.8,31.0,947.0,947.0,0,0.0,0.0,HIGH
CVE-2019-9848,has,CWE-94,9.8,3.9,7.0,0.0,0.0,0,0.0,0.0,CRITICAL
CVE-2019-10138,flaw,CWE-284,8.8,2.8,5.0,,,0,,,HIGH
CVE-2019-14347,allows,CWE-425,8.8,2.8,19.0,0.0,0.0,1,0.0,0.0,HIGH
CVE-2019-10099,certain,CWE-312,7.5,3.9,3.0,492.0,492.0,0,0.0,0.0,HIGH
CVE-2019-9850,typically,CWE-20,9.8,3.9,1.0,2207.0,2207.0,0,0.0,0.5,CRITICAL
CVE-2019-9851,typically,CWE-20,9.8,3.9,2.0,2207.0,2207.0,0,0.0,0.5,CRITICAL
CVE-2019-7617,the,CWE-20,7.2,3.9,49.0,0.0,0.0,0,0.0,0.0,HIGH
CVE-2019-16056,issue,NVD-CWE-noinfo,7.5,3.9,49.0,894.0,894.0,0,0.0,0.0,HIGH
CVE-2019-9855,typically,CWE-417,9.8,3.9,3.0,2186.0,2186.0,0,0.0,0.5,CRITICAL
CVE-2019-16729,before,NVD-CWE-noinfo,7.8,1.8,27.0,1541.0,1541.0,0,0.0,0.0,HIGH
CVE-2019-16935,documentation,CWE-79,6.1,2.8,1.0,0.0,0.0,1,0.0,0.0,MEDIUM
CVE-2019-17514,the,CWE-682,7.5,3.9,51.0,0.0,0.0,1,0.0,0.0,HIGH
CVE-2019-17626,through,CWE-91,9.8,3.9,56.0,,,1,,,CRITICAL
CVE-2019-17664,through,CWE-426,7.8,1.8,57.0,,,0,,,HIGH
CVE-2019-17526,issue,CWE-78,9.8,3.9,48.0,852.0,852.0,1,0.0,0.0,CRITICAL
CVE-2019-18348,issue,CWE-74,6.1,2.8,49.0,847.0,847.0,0,0.0,0.0,MEDIUM
CVE-2012-5577,keyring,CWE-276,7.5,3.9,1.0,2210.0,2210.0,0,10.0,0.17,HIGH
CVE-2009-5042,allows,CWE-668,9.1,3.9,16.0,0.0,0.0,0,0.0,0.0,CRITICAL
CVE-2019-5010,exploitable,CWE-476,7.5,3.9,3.0,,,1,,,HIGH
CVE-2013-4367,running,CWE-732,7.8,1.8,1.0,2294.0,2294.0,0,0.0,0.5,HIGH
CVE-2013-4409,vulnerability,CWE-20,9.8,3.9,27.0,,,0,,,CRITICAL
CVE-2013-5123,mirroring,CWE-287,5.9,2.2,1.0,,,0,,,MEDIUM
CVE-2019-12408,was,CWE-909,7.5,3.9,7.0,351.0,351.0,0,0.0,0.0,HIGH
CVE-2019-12410,investigating,CWE-909,7.5,3.9,1.0,,,0,,,HIGH
CVE-2019-18874,psutil,CWE-415,7.5,3.9,1.0,2269.0,2269.0,0,10.0,9.92,HIGH
CVE-2014-7143,not,CWE-295,7.5,3.9,1.0,0.0,0.0,0,0.0,0.0,HIGH
CVE-2011-4954,cobbler,CWE-269,7.8,1.8,1.0,2430.0,2430.0,0,1.0,0.5,HIGH
CVE-2014-1938,before,CWE-59,5.5,1.8,28.0,1482.0,1482.0,0,0.0,0.0,MEDIUM
CVE-2012-5578,keyring,CWE-276,6.2,2.5,2.0,2183.0,2183.0,0,10.0,0.17,MEDIUM
CVE-2019-14853,flaw,CWE-391,7.5,3.9,3.0,,,0,,,HIGH
CVE-2019-19274,and,CWE-125,7.5,3.9,64.0,,,0,,,HIGH
CVE-2019-19275,and,CWE-125,7.5,3.9,65.0,,,0,,,HIGH
CVE-2016-1000110,class,CWE-601,6.1,2.8,1.0,0.0,0.0,0,0.0,0.0,MEDIUM
CVE-2019-19588,validators,CWE-835,7.5,3.9,1.0,1974.0,1974.0,1,4.0,0.0,HIGH
CVE-2013-2166,version,CWE-326,9.8,3.9,21.0,0.0,0.0,1,0.0,0.0,CRITICAL
CVE-2013-2167,version,CWE-345,9.8,3.9,22.0,0.0,0.0,0,0.0,0.0,CRITICAL
CVE-2013-4245,has,CWE-20,7.3,1.3,9.0,0.0,0.0,0,0.0,0.0,HIGH
CVE-2014-8650,through,CWE-287,9.8,3.9,51.0,,,0,,,CRITICAL
CVE-2013-4867,allows,CWE-269,6.3,0.4,16.0,0.0,0.0,1,0.0,0.0,MEDIUM
CVE-2019-14859,flaw,CWE-347,9.1,3.9,5.0,,,1,,,CRITICAL
CVE-2019-19911,vulnerability,CWE-190,7.5,3.9,25.0,,,0,,,HIGH
CVE-2019-17019,was,NVD-CWE-noinfo,8.8,2.8,8.0,290.0,290.0,0,0.0,0.0,HIGH
CVE-2014-6448,before,CWE-269,7.8,1.8,32.0,1427.0,1427.0,0,0.0,0.0,HIGH
CVE-2009-3724,before,CWE-79,6.1,2.8,33.0,1427.0,1427.0,1,0.0,0.0,MEDIUM
CVE-2013-1895,module,CWE-307,7.5,3.9,2.0,,,0,,,HIGH
CVE-2020-8315,through,CWE-427,5.5,1.8,56.0,,,0,,,MEDIUM
CVE-2020-5215,before,CWE-754,5.0,0.8,35.0,1414.0,1414.0,1,0.0,0.0,MEDIUM
CVE-2020-8492,through,CWE-400,6.5,2.8,57.0,,,1,,,MEDIUM
CVE-2019-9674,through,CWE-400,7.5,3.9,59.0,,,0,,,HIGH
CVE-2014-6262,format,CWE-134,7.5,3.9,1.0,0.0,0.0,0,0.0,0.0,HIGH
CVE-2013-5106,vulnerability,CWE-20,8.8,2.8,24.0,,,1,,,HIGH
CVE-2015-5216,server,CWE-79,6.1,2.8,1.0,,,0,,,MEDIUM
CVE-2014-4650,module,CWE-22,9.8,3.9,3.0,,,1,,,CRITICAL
CVE-2019-4000,neutralization,CWE-94,7.8,1.8,1.0,,,1,,,HIGH
CVE-2020-7212,function,CWE-400,7.5,3.9,2.0,0.0,0.0,0,0.0,0.0,HIGH
CVE-2013-1753,function,NVD-CWE-noinfo,7.5,3.9,3.0,0.0,0.0,0,0.0,0.0,HIGH
CVE-2020-10799,svglib,CWE-611,9.8,3.9,1.0,2324.0,2324.0,1,2.0,1.0,CRITICAL
CVE-2020-5252,package,CWE-807,5.0,0.6,3.0,0.0,0.0,0,0.0,0.0,MEDIUM
CVE-2020-1747,vulnerability,CWE-20,9.8,3.9,26.0,,,0,,,CRITICAL
CVE-2019-15795,only,CWE-327,4.7,1.6,1.0,252.0,252.0,0,1.0,0.0,MEDIUM
CVE-2019-15796,check,CWE-287,4.7,1.6,1.0,,,0,,,MEDIUM
CVE-2020-11888,through,CWE-79,6.1,2.8,45.0,,,1,,,MEDIUM
CVE-2020-5740,allows,CWE-427,7.8,1.8,13.0,0.0,0.0,1,0.0,0.0,HIGH
CVE-2019-15790,reads,CWE-250,2.8,1.1,1.0,,,1,,,LOW
CVE-2020-5741,allows,CWE-502,7.2,1.2,14.0,0.0,0.0,1,0.0,0.0,HIGH
CVE-2020-11057,through,CWE-94,9.9,3.1,45.0,,,1,,,CRITICAL
CVE-2020-11073,before,CWE-77,7.9,1.5,40.0,1308.0,1308.0,1,0.0,0.0,HIGH
CVE-2020-13144,when,CWE-94,8.8,2.8,1.0,1977.0,1977.0,1,0.0,0.17,HIGH
CVE-2020-13258,through,CWE-79,6.1,2.8,46.0,,,1,,,MEDIUM
CVE-2020-1171,remote,NVD-CWE-noinfo,8.8,2.8,4.0,,,0,,,HIGH
CVE-2020-1192,remote,NVD-CWE-noinfo,7.8,1.8,5.0,,,0,,,HIGH
CVE-2020-13388,exploitable,CWE-78,9.8,3.9,7.0,,,1,,,CRITICAL
CVE-2019-20807,before,CWE-78,5.3,1.8,40.0,1293.0,1293.0,0,0.0,0.0,MEDIUM
CVE-2020-13757,before,CWE-327,7.5,3.9,41.0,1289.0,1289.0,1,0.0,0.0,HIGH
CVE-2020-14422,through,CWE-330,5.9,2.2,45.0,,,0,,,MEDIUM
CVE-2020-15348,and,CWE-94,9.8,3.9,61.0,,,1,,,CRITICAL
CVE-2013-7489,library,CWE-502,6.8,0.9,1.0,2207.0,2207.0,0,7.0,5.83,MEDIUM
CVE-2020-15523,through,CWE-427,7.8,1.8,37.0,,,0,,,HIGH
CVE-2019-20907,through,CWE-835,7.5,3.9,38.0,,,0,,,HIGH
CVE-2020-15720,through,CWE-295,6.8,1.6,39.0,,,0,,,MEDIUM
CVE-2020-15101,freewvs,CWE-400,2.8,1.3,1.0,2023.0,2023.0,0,0.0,0.17,LOW
CVE-2020-15801,restrictions,CWE-426,9.8,3.9,1.0,,,0,,,CRITICAL
CVE-2020-13124,and,CWE-78,8.8,2.8,65.0,,,0,,,HIGH
CVE-2020-15142,before,CWE-94,8.0,1.3,42.0,1215.0,1215.0,0,0.0,0.0,HIGH
CVE-2020-10289,unsafe,CWE-20,8.8,2.8,1.0,1510.0,1510.0,0,3.0,0.0,HIGH
CVE-2020-24715,before,CWE-295,9.8,3.9,43.0,1202.0,1202.0,1,0.0,0.0,CRITICAL
CVE-2020-24583,issue,CWE-276,7.5,3.9,56.0,533.0,533.0,0,0.0,0.0,HIGH
CVE-2020-24584,issue,CWE-276,7.5,3.9,57.0,533.0,533.0,0,0.0,0.0,HIGH
CVE-2019-20916,pip,CWE-22,7.5,3.9,1.0,2154.0,2154.0,1,10.0,1.17,HIGH
CVE-2020-15163,reference,CWE-863,8.7,2.3,2.0,0.0,0.0,0,0.0,0.0,HIGH
CVE-2020-13948,investigating,NVD-CWE-noinfo,8.8,2.8,2.0,,,0,,,HIGH
CVE-2020-25489,heap,CWE-787,9.8,3.9,1.0,,,1,,,CRITICAL
CVE-2020-15193,before,CWE-908,7.1,2.8,43.0,1173.0,1173.0,1,0.0,0.0,HIGH
CVE-2020-15207,before,CWE-119,8.7,2.2,44.0,1173.0,1173.0,1,0.0,0.0,HIGH
CVE-2020-26116,before,CWE-74,7.2,3.9,45.0,1172.0,1172.0,1,0.0,0.0,HIGH
CVE-2020-15251,the,CWE-863,7.7,3.1,76.0,0.0,0.0,0,0.0,0.0,HIGH
CVE-2020-26943,issue,NVD-CWE-noinfo,9.9,3.1,71.0,488.0,488.0,0,0.0,0.0,CRITICAL
CVE-2020-4636,could,CWE-77,7.2,1.2,1.0,0.0,0.0,0,0.0,0.0,HIGH
CVE-2020-16977,remote,NVD-CWE-noinfo,7.0,1.0,6.0,,,0,,,HIGH
CVE-2020-27619,through,NVD-CWE-noinfo,9.8,3.9,39.0,,,0,,,CRITICAL
CVE-2020-25658,was,CWE-385,7.5,3.9,6.0,0.0,0.0,1,0.0,0.0,HIGH
CVE-2020-26222,set,CWE-74,8.7,2.3,1.0,,,1,,,HIGH
CVE-2020-8897,weak,CWE-310,4.8,1.2,1.0,,,1,,,MEDIUM
CVE-2019-19875,issue,CWE-77,9.8,3.9,67.0,446.0,446.0,0,0.0,0.0,CRITICAL
CVE-2012-0955,was,CWE-295,6.8,1.6,8.0,0.0,0.0,1,0.0,0.0,MEDIUM
CVE-2020-26244,oic,CWE-325,6.8,1.6,1.0,1239.0,1239.0,0,3.0,0.0,MEDIUM
CVE-2020-27783,vulnerability,CWE-79,6.1,2.8,35.0,,,1,,,MEDIUM
CVE-2020-29651,denial,NVD-CWE-Other,7.5,3.9,1.0,1960.0,1960.0,0,1.0,2.33,HIGH
CVE-2020-27351,memory,CWE-772,2.0,0.6,1.0,1559.0,1559.0,0,0.0,0.0,LOW
CVE-2020-26268,affected,CWE-471,4.4,1.8,11.0,1938.0,1938.0,1,0.0,1.25,MEDIUM
CVE-2020-26263,open,CWE-326,7.5,3.9,1.0,,,1,,,HIGH
CVE-2020-29396,sandboxing,CWE-267,8.8,2.8,1.0,,,0,,,HIGH
CVE-2021-21236,converter,CWE-400,5.7,2.1,1.0,0.0,0.0,1,0.0,0.0,MEDIUM
CVE-2020-25659,vulnerable,CWE-385,5.9,2.2,54.0,,,0,,,MEDIUM
CVE-2021-21241,package,CWE-352,7.4,2.8,3.0,0.0,0.0,0,0.0,0.0,HIGH
CVE-2021-3177,through,CWE-120,9.8,3.9,43.0,,,1,,,CRITICAL
CVE-2021-21238,pure,CWE-347,6.5,2.8,1.0,0.0,0.0,0,0.0,0.0,MEDIUM
CVE-2021-21239,pure,CWE-347,6.5,2.8,2.0,0.0,0.0,1,0.0,0.0,MEDIUM
CVE-2020-36242,the,CWE-190,9.1,3.9,52.0,0.0,0.0,1,0.0,0.0,CRITICAL
CVE-2021-21240,comprehensive,CWE-400,7.5,3.9,1.0,,,1,,,HIGH
CVE-2021-26551,issue,CWE-94,8.8,2.8,68.0,372.0,372.0,1,0.0,0.0,HIGH
CVE-2020-14343,vulnerability,CWE-20,9.8,3.9,37.0,,,0,,,CRITICAL
CVE-2021-23336,package,CWE-444,5.9,1.6,4.0,0.0,0.0,1,0.0,0.0,MEDIUM
CVE-2020-12878,before,CWE-59,7.8,1.8,52.0,1028.0,1028.0,1,0.0,0.0,HIGH
CVE-2020-9306,through,CWE-522,8.8,2.8,42.0,,,1,,,HIGH
CVE-2020-28463,versions,CWE-918,6.5,2.8,58.0,1102.0,1102.0,1,1.0,0.0,MEDIUM
CVE-2021-24105,configuration,NVD-CWE-noinfo,8.4,2.5,1.0,0.0,0.0,0,0.0,0.0,HIGH
CVE-2021-21330,aiohttp,CWE-601,3.1,1.6,1.0,1972.0,1972.0,0,10.0,99.67,LOW
CVE-2021-21273,reference,CWE-601,3.1,1.6,2.0,0.0,0.0,0,0.0,0.0,LOW
CVE-2021-21274,reference,CWE-400,4.3,2.8,3.0,0.0,0.0,0,0.0,0.0,MEDIUM
CVE-2021-28363,library,CWE-295,6.5,3.9,6.0,1945.0,1945.0,0,7.0,5.83,MEDIUM
CVE-2021-28667,before,CWE-835,7.5,3.9,52.0,1000.0,1000.0,0,0.0,0.0,HIGH
CVE-2021-28957,vulnerability,CWE-79,6.1,2.8,38.0,,,1,,,MEDIUM
CVE-2021-21332,reference,CWE-79,6.9,1.6,4.0,0.0,0.0,0,0.0,0.0,MEDIUM
CVE-2021-21333,reference,CWE-74,6.1,1.6,5.0,0.0,0.0,0,0.0,0.0,MEDIUM
CVE-2021-29421,the,CWE-611,7.5,3.9,53.0,0.0,0.0,0,0.0,0.0,HIGH
CVE-2021-21394,reference,CWE-20,5.3,1.6,6.0,0.0,0.0,0,0.0,0.0,MEDIUM
CVE-2021-21392,reference,CWE-601,6.3,2.1,7.0,0.0,0.0,0,0.0,0.0,MEDIUM
CVE-2021-21393,reference,CWE-20,5.3,1.6,8.0,0.0,0.0,0,0.0,0.0,MEDIUM
CVE-2021-28359,parameter,CWE-79,6.1,2.8,1.0,0.0,0.0,0,0.0,0.0,MEDIUM
CVE-2021-29921,before,NVD-CWE-Other,9.8,3.9,53.0,950.0,950.0,1,0.0,0.0,CRITICAL
CVE-2021-32052,before,CWE-79,6.1,2.8,54.0,950.0,950.0,0,0.0,0.0,MEDIUM
CVE-2021-21419,concurrent,CWE-400,5.3,3.9,1.0,,,0,,,MEDIUM
CVE-2021-29471,reference,CWE-400,3.7,2.2,9.0,0.0,0.0,0,0.0,0.0,LOW
CVE-2021-33026,extension,CWE-502,9.8,3.9,2.0,0.0,0.0,0,0.0,0.0,CRITICAL
CVE-2021-29513,open,CWE-476,2.5,1.0,9.0,,,1,,,LOW
CVE-2021-29614,open,CWE-665,7.1,1.8,10.0,,,1,,,HIGH
CVE-2021-32618,package,CWE-601,3.1,1.6,5.0,0.0,0.0,0,0.0,0.0,LOW
CVE-2021-3426,flaw,CWE-200,5.7,2.1,5.0,,,0,,,MEDIUM
CVE-2021-32633,web,CWE-22,6.8,1.6,1.0,,,1,,,MEDIUM
CVE-2021-33509,through,CWE-732,9.9,3.1,33.0,,,0,,,CRITICAL
CVE-2021-33880,aaugustin,CWE-203,5.9,2.2,1.0,,,0,,,MEDIUM
CVE-2021-32674,web,CWE-22,8.8,2.8,2.0,,,0,,,HIGH
CVE-2021-33571,before,CWE-918,7.5,3.9,52.0,917.0,917.0,0,0.0,0.0,HIGH
CVE-2021-32677,web,CWE-352,8.2,3.9,3.0,,,0,,,HIGH
CVE-2021-34363,thefuck,CWE-22,9.1,3.9,1.0,206.0,206.0,0,8.0,0.0,CRITICAL
CVE-2021-25322,vulnerability,CWE-61,6.8,2.5,35.0,,,1,,,MEDIUM
CVE-2021-31997,vulnerability,CWE-59,6.8,2.5,36.0,,,0,,,MEDIUM
CVE-2021-34552,through,CWE-120,9.8,3.9,28.0,,,0,,,CRITICAL
CVE-2021-32807,module,CWE-915,4.4,0.7,1.0,,,0,,,MEDIUM
CVE-2021-32811,web,CWE-915,7.5,1.6,5.0,,,0,,,HIGH
CVE-2021-38305,before,CWE-434,7.8,1.8,47.0,855.0,855.0,0,0.0,0.0,HIGH
CVE-2021-36359,before,CWE-91,8.8,2.8,48.0,835.0,835.0,1,0.0,0.0,HIGH
CVE-2021-39271,before,NVD-CWE-noinfo,8.8,2.8,49.0,835.0,835.0,1,0.0,0.0,HIGH
CVE-2021-32831,framework,CWE-94,7.5,0.8,2.0,,,1,,,HIGH
CVE-2021-40839,rencode,CWE-835,7.5,3.9,1.0,1357.0,1357.0,0,1.0,0.0,HIGH
CVE-2021-32839,sqlparse,CWE-400,7.5,3.9,1.0,1550.0,1550.0,0,2.0,0.33,HIGH
CVE-2021-41122,for,CWE-682,4.3,2.8,39.0,,,1,,,MEDIUM
CVE-2021-41121,for,CWE-119,7.5,1.6,40.0,,,0,,,HIGH
CVE-2021-41125,web,CWE-200,5.7,2.1,6.0,,,0,,,MEDIUM
CVE-2021-42576,bluemonday,NVD-CWE-Other,9.8,3.9,1.0,,,1,,,CRITICAL
CVE-2021-41131,reference,CWE-22,7.5,2.2,9.0,0.0,0.0,0,0.0,0.0,HIGH
CVE-2021-42771,before,CWE-22,7.8,1.8,46.0,783.0,783.0,1,0.0,0.0,HIGH
CVE-2021-41168,fork,CWE-20,6.5,2.8,1.0,0.0,0.0,1,0.0,0.0,MEDIUM
CVE-2021-42343,issue,NVD-CWE-Other,9.8,3.9,33.0,113.0,113.0,0,0.0,0.0,CRITICAL
CVE-2021-41213,open,CWE-667,5.5,1.8,16.0,,,0,,,MEDIUM
CVE-2021-41250,discord,CWE-20,4.3,2.8,1.0,642.0,642.0,0,1.0,0.0,MEDIUM
CVE-2021-39182,module,CWE-327,7.5,3.9,2.0,,,1,,,HIGH
CVE-2021-43572,verify,CWE-347,9.8,3.9,2.0,0.0,0.0,1,1.0,0.0,CRITICAL
CVE-2021-3572,flaw,CWE-20,5.7,2.1,7.0,,,0,,,MEDIUM
CVE-2021-40828,initialized,CWE-295,6.3,0.4,1.0,,,0,,,MEDIUM
CVE-2021-40829,initialized,CWE-295,6.3,0.4,2.0,,,0,,,MEDIUM
CVE-2021-40830,for,CWE-295,6.3,0.4,42.0,,,0,,,MEDIUM
CVE-2021-40831,for,CWE-295,6.3,0.4,43.0,,,0,,,MEDIUM
CVE-2021-41281,package,CWE-22,7.5,3.9,5.0,0.0,0.0,0,0.0,0.0,HIGH
CVE-2021-43818,lxml,CWE-74,8.2,2.8,1.0,1646.0,1646.0,0,10.0,97.75,HIGH
CVE-2021-4007,versions,CWE-427,7.8,1.8,59.0,803.0,803.0,0,1.0,0.0,HIGH
CVE-2021-43837,configurable,CWE-74,8.4,1.7,1.0,0.0,0.0,1,0.0,0.0,HIGH
CVE-2021-33430,vulnerability,CWE-120,5.3,1.6,35.0,,,1,,,MEDIUM
CVE-2021-43854,suite,CWE-400,7.5,3.9,1.0,1204.0,1204.0,1,0.0,0.0,HIGH
CVE-2022-22817,before,NVD-CWE-noinfo,9.8,3.9,40.0,701.0,701.0,0,0.0,0.0,CRITICAL
CVE-2022-22846,dnslib,NVD-CWE-noinfo,7.5,3.9,1.0,1147.0,1147.0,0,2.0,0.0,HIGH
CVE-2022-21668,pipenv,CWE-20,8.0,1.3,1.0,1609.0,1609.0,1,10.0,2.83,HIGH
CVE-2021-42561,issue,CWE-74,8.8,2.8,29.0,35.0,35.0,1,0.0,0.0,HIGH
CVE-2022-21699,command,CWE-250,8.2,1.5,1.0,0.0,0.0,1,0.0,0.0,HIGH
CVE-2022-23599,are,CWE-79,4.3,2.8,10.0,187.0,187.0,0,0.0,0.0,MEDIUM
CVE-2021-44255,remote,CWE-306,7.2,1.2,1.0,,,0,,,HIGH
CVE-2022-21728,implementation,CWE-125,8.1,2.8,1.0,,,1,,,HIGH
CVE-2022-23586,malicious,CWE-617,6.5,2.8,3.0,,,1,,,MEDIUM
CVE-2022-23594,dialect,CWE-125,8.8,2.0,1.0,0.0,0.0,0,1.0,0.0,HIGH
CVE-2022-21712,twisted,CWE-200,7.5,3.9,1.0,1553.0,1553.0,0,10.0,0.33,HIGH
CVE-2022-0391,flaw,CWE-74,7.5,3.9,7.0,,,1,,,HIGH
CVE-2021-45082,issue,CWE-77,7.8,1.8,28.0,0.0,0.0,1,0.0,0.0,HIGH
CVE-2022-23651,python,CWE-367,4.7,1.0,2.0,,,0,,,MEDIUM
CVE-2022-21716,framework,CWE-120,7.5,3.9,4.0,,,1,,,HIGH
CVE-2021-3737,flaw,CWE-835,7.5,3.9,8.0,,,1,,,HIGH
CVE-2022-26488,before,CWE-426,7.0,1.0,30.0,642.0,642.0,0,0.0,0.0,HIGH
CVE-2022-24761,server,CWE-444,7.5,3.9,3.0,,,0,,,HIGH
CVE-2022-27177,format,CWE-134,9.8,3.9,1.0,0.0,0.0,0,0.0,0.0,CRITICAL
CVE-2022-24787,for,CWE-697,7.5,3.9,38.0,,,0,,,HIGH
CVE-2022-24801,framework,CWE-444,8.1,2.2,6.0,,,0,,,HIGH
CVE-2022-27271,before,CWE-78,9.8,3.9,29.0,611.0,611.0,1,0.0,0.0,CRITICAL
CVE-2015-20107,the,CWE-77,7.6,2.8,50.0,0.0,0.0,1,0.0,0.0,HIGH
CVE-2022-24788,pythonic,CWE-120,7.1,2.8,1.0,0.0,0.0,0,1.0,0.0,HIGH
CVE-2022-24845,pythonic,CWE-190,8.8,2.8,2.0,0.0,0.0,1,1.0,0.0,HIGH
CVE-2022-24859,open,CWE-835,6.2,2.5,28.0,,,1,,,MEDIUM
CVE-2022-30284,the,CWE-88,9.0,2.2,53.0,0.0,0.0,1,0.0,0.0,CRITICAL
CVE-2022-30286,pyscriptjs,NVD-CWE-noinfo,7.5,3.9,1.0,,,1,,,HIGH
CVE-2022-30688,needrestart,NVD-CWE-Other,7.8,1.8,1.0,,,0,,,HIGH
CVE-2022-29217,implementation,CWE-327,7.4,2.2,2.0,,,0,,,HIGH
CVE-2022-31015,server,CWE-248,6.5,2.8,3.0,,,1,,,MEDIUM
CVE-2022-30034,web,CWE-287,8.6,3.9,7.0,,,1,,,HIGH
CVE-2022-24065,package,CWE-78,8.1,2.2,4.0,0.0,0.0,1,0.0,0.0,HIGH
CVE-2022-29255,for,CWE-670,8.2,3.9,36.0,,,1,,,HIGH
CVE-2022-32151,httplib,CWE-295,7.4,2.2,1.0,,,0,,,HIGH
CVE-2017-20052,vulnerability,CWE-427,5.0,1.6,51.0,,,1,,,MEDIUM
CVE-2021-46823,before,CWE-1333,6.5,2.8,25.0,542.0,542.0,0,0.0,0.0,MEDIUM
CVE-2022-32552,products,NVD-CWE-noinfo,8.8,2.8,4.0,923.0,923.0,0,0.0,0.0,HIGH
CVE-2022-31116,fast,CWE-670,7.5,3.9,1.0,723.0,723.0,1,0.0,0.0,HIGH
CVE-2022-31117,fast,CWE-415,5.9,2.2,2.0,723.0,723.0,0,0.0,0.0,MEDIUM
CVE-2022-31124,open,CWE-209,7.7,3.1,29.0,,,1,,,HIGH
CVE-2021-36667,injection,CWE-78,7.8,1.8,1.0,,,1,,,HIGH
CVE-2022-36126,issue,CWE-863,7.2,1.2,29.0,0.0,0.0,1,0.0,0.0,HIGH
CVE-2022-35861,pyenv,CWE-22,7.8,1.8,1.0,0.0,0.0,0,0.0,0.0,HIGH
CVE-2022-35871,vulnerability,CWE-306,7.8,1.8,54.0,,,0,,,HIGH
CVE-2022-35873,vulnerability,CWE-356,7.8,1.8,55.0,,,0,,,HIGH
CVE-2022-31471,untangle,CWE-611,7.5,3.9,1.0,0.0,0.0,0,0.0,0.0,HIGH
CVE-2022-33977,untangle,CWE-776,7.5,3.9,2.0,0.0,0.0,0,0.0,0.0,HIGH
CVE-2022-31177,application,CWE-200,2.7,1.2,6.0,0.0,0.0,0,0.0,0.0,LOW
CVE-2022-35918,data,CWE-22,6.5,2.8,1.0,0.0,0.0,0,0.0,0.0,MEDIUM
CVE-2022-35920,opensource,CWE-22,8.3,3.9,1.0,0.0,0.0,1,0.0,0.0,HIGH
CVE-2022-2634,attacker,CWE-250,10.0,3.9,2.0,,,0,,,CRITICAL
CVE-2022-36024,wrapper,CWE-284,7.5,3.9,1.0,0.0,0.0,0,0.0,0.0,HIGH
CVE-2022-28696,search,CWE-427,7.8,1.8,1.0,,,0,,,HIGH
CVE-2021-28861,through,CWE-601,7.4,2.8,22.0,,,0,,,HIGH
CVE-2021-4189,flaw,CWE-252,5.3,3.9,5.0,,,0,,,MEDIUM
CVE-2022-0718,flaw,CWE-522,4.9,1.2,6.0,,,1,,,MEDIUM
CVE-2022-2996,flaw,CWE-295,7.4,2.2,7.0,,,0,,,HIGH
CVE-2022-30298,improper,CWE-269,7.0,1.0,4.0,,,0,,,HIGH
CVE-2022-36065,platform,CWE-22,7.5,1.6,2.0,,,0,,,HIGH
CVE-2022-36069,dependency,CWE-94,7.3,1.3,2.0,0.0,0.0,1,0.0,0.0,HIGH
CVE-2022-36070,dependency,CWE-426,7.3,1.3,3.0,0.0,0.0,0,0.0,0.0,HIGH
CVE-2022-36099,software,CWE-94,9.9,3.1,2.0,0.0,0.0,1,0.0,0.0,CRITICAL
CVE-2022-36100,and,CWE-94,9.9,3.1,62.0,,,1,,,CRITICAL
CVE-2020-10735,flaw,CWE-704,7.5,3.9,8.0,,,0,,,HIGH
CVE-2022-36087,implementation,CWE-20,5.7,2.1,4.0,,,1,,,MEDIUM
CVE-2022-36027,open,CWE-20,5.9,2.2,29.0,,,1,,,MEDIUM
CVE-2022-28802,before,CWE-732,9.9,3.1,29.0,447.0,447.0,0,0.0,0.0,CRITICAL
CVE-2022-39227,module,CWE-290,9.1,3.9,3.0,,,0,,,CRITICAL
CVE-2022-39254,client,CWE-287,8.6,3.9,3.0,,,0,,,HIGH
CVE-2022-39280,dparse,CWE-400,5.9,2.2,1.0,763.0,763.0,0,1.0,0.0,MEDIUM
CVE-2022-42969,library,CWE-1333,5.3,3.9,7.0,1366.0,1366.0,1,7.0,5.83,MEDIUM
CVE-2022-33684,does,CWE-295,8.1,2.2,2.0,,,1,,,HIGH
CVE-2022-42919,before,NVD-CWE-noinfo,7.8,1.8,30.0,401.0,401.0,0,0.0,0.0,HIGH
CVE-2022-45061,issue,CWE-407,7.5,3.9,40.0,0.0,0.0,1,0.0,0.0,HIGH
CVE-2022-31255,vulnerability,CWE-22,4.3,2.8,63.0,,,0,,,MEDIUM
CVE-2022-43753,vulnerability,CWE-22,4.3,2.8,64.0,,,1,,,MEDIUM
CVE-2022-43754,vulnerability,CWE-79,2.6,1.2,65.0,,,0,,,LOW
CVE-2022-41607,versions,CWE-22,6.2,1.7,75.0,472.0,472.0,0,1.0,0.0,MEDIUM
CVE-2022-27896,vulnerability,CWE-532,4.2,0.6,66.0,,,0,,,MEDIUM
CVE-2022-41931,vulnerable,CWE-95,9.9,3.1,25.0,,,1,,,CRITICAL
CVE-2022-41934,generic,CWE-74,9.9,3.1,1.0,1201.0,1201.0,1,1.0,0.33,CRITICAL
CVE-2022-45305,permissions,CWE-732,4.3,2.8,1.0,,,0,,,MEDIUM
CVE-2022-23472,open,CWE-338,5.9,2.2,25.0,,,0,,,MEDIUM
CVE-2022-44900,directory,CWE-22,9.1,3.9,1.0,0.0,0.0,1,0.0,0.0,CRITICAL
CVE-2022-23485,error,CWE-269,6.4,1.6,2.0,,,0,,,MEDIUM
CVE-2022-46609,commit,NVD-CWE-noinfo,9.8,3.9,1.0,0.0,0.0,1,0.0,0.0,CRITICAL
CVE-2022-40897,setuptools,CWE-1333,5.9,2.2,1.0,1289.0,1289.0,1,10.0,1.33,MEDIUM
CVE-2022-40898,issue,NVD-CWE-noinfo,7.5,3.9,41.0,0.0,0.0,1,0.0,0.0,HIGH
CVE-2022-40899,issue,NVD-CWE-noinfo,7.5,3.9,42.0,0.0,0.0,1,0.0,0.0,HIGH
CVE-2022-46179,small,CWE-639,9.2,2.5,1.0,,,1,,,CRITICAL
CVE-2014-125028,vulnerability,CWE-352,4.3,2.8,70.0,,,0,,,MEDIUM
CVE-2022-42268,contains,CWE-74,7.8,1.8,2.0,,,0,,,HIGH
CVE-2023-23608,light,CWE-22,0.0,2.8,1.0,0.0,0.0,1,0.0,0.0,NONE
CVE-2023-24622,the,CWE-918,5.3,3.9,43.0,0.0,0.0,1,0.0,0.0,MEDIUM
CVE-2022-45786,are,CWE-89,8.1,2.2,2.0,0.0,0.0,0,0.0,0.0,HIGH
CVE-2023-23931,cryptography,CWE-754,4.8,2.2,1.0,1269.0,1269.0,1,10.0,60.42,MEDIUM
CVE-2023-24816,command,CWE-20,4.5,1.0,1.0,0.0,0.0,1,0.0,0.0,MEDIUM
CVE-2023-25577,comprehensive,CWE-770,7.5,3.9,1.0,,,0,,,HIGH
CVE-2022-26032,search,CWE-427,6.7,0.8,2.0,,,0,,,MEDIUM
CVE-2023-24329,issue,CWE-20,7.5,3.9,47.0,0.0,0.0,1,0.0,0.0,HIGH
CVE-2023-25823,library,CWE-798,5.4,2.2,7.0,1235.0,1235.0,0,7.0,5.83,MEDIUM
CVE-2023-26477,generic,CWE-95,10.0,3.9,2.0,1102.0,1102.0,1,1.0,0.33,CRITICAL
CVE-2023-26051,headless,CWE-209,6.5,2.8,1.0,366.0,366.0,0,6.0,0.0,MEDIUM
CVE-2023-26052,headless,CWE-209,3.7,2.2,2.0,366.0,366.0,0,6.0,0.0,LOW
CVE-2023-27479,generic,CWE-74,9.9,3.1,3.0,1097.0,1097.0,1,1.0,0.33,CRITICAL
CVE-2023-27476,package,CWE-611,8.2,3.9,43.0,0.0,0.0,0,0.0,0.0,HIGH
CVE-2023-27482,homeassistant,CWE-287,10.0,3.9,1.0,1240.0,1240.0,0,10.0,23.0,CRITICAL
CVE-2023-1306,authenticated,CWE-94,8.8,2.8,4.0,,,1,,,HIGH
CVE-2018-25082,vulnerability,CWE-611,6.3,2.8,59.0,,,0,,,MEDIUM
CVE-2023-28117,the,CWE-201,7.6,2.3,43.0,0.0,0.0,0,0.0,0.0,HIGH
CVE-2023-26485,fork,CWE-400,5.3,3.9,1.0,0.0,0.0,1,0.0,0.0,MEDIUM
CVE-2023-29374,through,CWE-74,9.8,3.9,20.0,,,1,,,CRITICAL
CVE-2023-29209,are,CWE-95,9.9,3.1,7.0,0.0,0.0,1,0.0,0.0,CRITICAL
CVE-2023-29210,are,CWE-95,9.9,3.1,8.0,0.0,0.0,1,0.0,0.0,CRITICAL
CVE-2023-29211,are,CWE-95,9.9,3.1,9.0,0.0,0.0,1,0.0,0.0,CRITICAL
CVE-2023-29212,are,CWE-95,9.9,3.1,10.0,0.0,0.0,1,0.0,0.0,CRITICAL
CVE-2023-29214,are,CWE-95,9.9,3.1,11.0,0.0,0.0,1,0.0,0.0,CRITICAL
CVE-2023-29509,are,CWE-95,9.9,3.1,12.0,0.0,0.0,1,0.0,0.0,CRITICAL
CVE-2023-29511,generic,CWE-95,9.9,3.1,4.0,1058.0,1058.0,1,1.0,0.33,CRITICAL
CVE-2023-30537,generic,CWE-95,9.9,3.1,5.0,1058.0,1058.0,1,1.0,0.33,CRITICAL
CVE-2023-30608,sqlparse,CWE-1333,5.5,1.8,1.0,975.0,975.0,0,2.0,0.33,MEDIUM
CVE-2023-27043,email,CWE-20,5.3,3.9,2.0,0.0,0.0,1,0.0,0.0,MEDIUM
CVE-2023-29512,generic,CWE-74,9.9,3.1,6.0,1055.0,1055.0,1,1.0,0.33,CRITICAL
CVE-2023-29516,generic,CWE-74,9.9,3.1,8.0,1055.0,1055.0,1,1.0,0.33,CRITICAL
CVE-2023-29518,generic,CWE-74,9.9,3.1,9.0,1055.0,1055.0,1,1.0,0.33,CRITICAL
CVE-2023-29521,generic,CWE-74,8.4,1.8,10.0,1055.0,1055.0,1,1.0,0.33,HIGH
CVE-2023-29522,generic,CWE-74,9.9,3.1,11.0,1055.0,1055.0,1,1.0,0.33,CRITICAL
CVE-2023-29523,generic,CWE-74,9.9,3.1,12.0,1055.0,1055.0,1,1.0,0.33,CRITICAL
CVE-2023-25601,version,CWE-287,4.3,2.8,43.0,0.0,0.0,0,0.0,0.0,MEDIUM
CVE-2023-30798,usage,CWE-400,7.5,3.9,1.0,0.0,0.0,0,0.0,0.0,HIGH
CVE-2023-30629,for,CWE-670,7.5,3.9,56.0,,,1,,,HIGH
CVE-2023-30837,pythonic,CWE-789,7.5,3.9,1.0,0.0,0.0,1,1.0,0.0,HIGH
CVE-2023-31146,smart,CWE-787,7.5,3.9,1.0,,,1,,,HIGH
CVE-2023-32058,smart,CWE-190,7.5,3.9,2.0,,,1,,,HIGH
CVE-2023-32059,smart,CWE-683,7.5,3.9,3.0,,,1,,,HIGH
CVE-2023-32675,pythonic,CWE-670,3.7,2.2,2.0,0.0,0.0,1,1.0,0.0,LOW
CVE-2023-33175,package,CWE-914,9.1,3.9,42.0,0.0,0.0,0,0.0,0.0,CRITICAL
CVE-2023-32682,protocol,CWE-287,5.4,2.8,1.0,275.0,275.0,0,0.0,0.0,MEDIUM
CVE-2023-32683,protocol,CWE-863,3.5,2.1,2.0,275.0,275.0,0,0.0,0.0,LOW
CVE-2023-34239,library,CWE-20,7.3,3.9,7.0,1131.0,1131.0,0,7.0,5.83,HIGH
CVE-2023-34233,for,CWE-77,8.8,2.8,59.0,,,0,,,HIGH
CVE-2023-35932,jcvi,CWE-77,7.1,1.6,1.0,1093.0,1093.0,0,5.0,1.83,HIGH
CVE-2023-36632,legacy,CWE-674,7.5,3.9,1.0,148.0,148.0,1,0.0,0.0,HIGH
CVE-2023-36467,open,CWE-94,8.0,2.1,35.0,,,0,,,HIGH
CVE-2023-36469,generic,CWE-74,9.9,3.1,21.0,983.0,983.0,1,1.0,0.33,CRITICAL
CVE-2023-36814,are,CWE-770,7.5,3.9,14.0,0.0,0.0,0,0.0,0.0,HIGH
CVE-2023-36258,issue,NVD-CWE-noinfo,9.8,3.9,47.0,0.0,0.0,1,0.0,0.0,CRITICAL
CVE-2023-34457,library,CWE-20,5.9,2.2,8.0,1103.0,1103.0,1,7.0,5.83,MEDIUM
CVE-2023-36188,issue,CWE-74,9.8,3.9,48.0,0.0,0.0,1,0.0,0.0,CRITICAL
CVE-2023-36830,version,CWE-74,6.3,2.0,43.0,0.0,0.0,1,0.0,0.0,MEDIUM
CVE-2023-36456,authentik,CWE-436,8.3,3.9,1.0,,,0,,,HIGH
CVE-2021-42079,authenticated,CWE-918,6.2,1.7,3.0,,,0,,,MEDIUM
CVE-2023-37271,tool,CWE-913,8.4,1.8,4.0,0.0,0.0,0,0.0,0.0,HIGH
CVE-2023-37273,experimental,CWE-94,8.1,1.5,1.0,0.0,0.0,0,0.0,0.0,HIGH
CVE-2023-37274,experimental,CWE-94,7.5,0.8,2.0,0.0,0.0,0,0.0,0.0,HIGH
CVE-2023-38325,cryptography,CWE-295,7.5,3.9,2.0,1112.0,1112.0,1,10.0,60.42,HIGH
CVE-2023-37462,generic,CWE-74,9.9,3.1,23.0,968.0,968.0,1,1.0,0.33,CRITICAL
CVE-2023-37276,aiohttp,CWE-444,5.3,3.9,1.0,1099.0,1099.0,1,10.0,99.67,MEDIUM
CVE-2023-37902,programming,CWE-252,5.3,3.9,1.0,,,1,,,MEDIUM
CVE-2023-36095,issue,CWE-94,9.8,3.9,38.0,0.0,0.0,1,0.0,0.0,CRITICAL
CVE-2023-39363,for,CWE-863,5.9,2.2,61.0,,,1,,,MEDIUM
CVE-2023-38898,issue,NVD-CWE-Other,5.3,3.9,39.0,0.0,0.0,1,0.0,0.0,MEDIUM
CVE-2023-39659,issue,CWE-74,9.8,3.9,40.0,0.0,0.0,1,0.0,0.0,CRITICAL
CVE-2023-37914,generic,CWE-94,9.9,3.1,24.0,934.0,934.0,1,1.0,0.33,CRITICAL
CVE-2022-25024,package,CWE-754,7.5,3.9,21.0,0.0,0.0,1,0.0,0.0,HIGH
CVE-2022-48560,exists,CWE-416,7.5,3.9,2.0,,,1,,,HIGH
CVE-2022-48564,through,CWE-400,6.5,2.8,17.0,,,1,,,MEDIUM
CVE-2022-48565,issue,CWE-611,9.8,3.9,42.0,0.0,0.0,1,0.0,0.0,CRITICAL
CVE-2022-48566,issue,CWE-362,5.9,2.2,43.0,0.0,0.0,1,0.0,0.0,MEDIUM
CVE-2023-41105,issue,CWE-426,7.5,3.9,44.0,0.0,0.0,0,0.0,0.0,HIGH
CVE-2023-40217,issue,NVD-CWE-noinfo,5.3,3.9,45.0,0.0,0.0,0,0.0,0.0,MEDIUM
CVE-2023-40587,open,CWE-22,4.3,2.8,34.0,,,0,,,MEDIUM
CVE-2023-40590,python,CWE-426,7.8,1.8,1.0,,,1,,,HIGH
CVE-2023-41039,restricted,CWE-74,8.3,1.7,1.0,638.0,638.0,0,0.0,0.0,HIGH
CVE-2023-41040,python,CWE-22,4.0,2.5,2.0,,,1,,,MEDIUM
CVE-2023-40015,the,CWE-670,3.7,2.2,48.0,0.0,0.0,1,0.0,0.0,LOW
CVE-2023-41052,affected,CWE-670,3.7,2.2,1.0,940.0,940.0,1,0.0,1.25,LOW
CVE-2023-37941,attacker,CWE-502,6.6,0.7,6.0,,,0,,,MEDIUM
CVE-2023-41050,provides,CWE-200,6.8,2.3,4.0,0.0,0.0,0,0.0,0.0,MEDIUM
CVE-2023-41319,privacy,CWE-94,8.8,2.8,1.0,,,0,,,HIGH
CVE-2023-41328,low,CWE-89,4.2,1.6,1.0,0.0,0.0,0,0.0,0.0,MEDIUM
CVE-2023-41329,tool,CWE-290,3.9,0.5,5.0,0.0,0.0,0,0.0,0.0,LOW
CVE-2023-4785,error,CWE-248,7.5,3.9,5.0,,,0,,,HIGH
CVE-2023-42441,for,CWE-833,5.3,3.9,63.0,,,1,,,MEDIUM
CVE-2023-42443,for,CWE-787,8.1,2.2,64.0,,,1,,,HIGH
CVE-2019-19450,paraparser,CWE-91,9.8,3.9,1.0,0.0,0.0,0,0.0,0.0,CRITICAL
CVE-2023-40581,fork,CWE-78,8.3,1.6,4.0,0.0,0.0,1,0.0,0.0,HIGH
CVE-2023-42460,for,CWE-682,5.3,1.6,38.0,,,1,,,MEDIUM
CVE-2023-26145,affects,CWE-78,7.4,2.2,1.0,,,1,,,HIGH
CVE-2023-3361,flaw,CWE-200,7.7,3.1,1.0,,,0,,,HIGH
CVE-2023-43804,client,CWE-200,5.9,0.7,3.0,,,0,,,MEDIUM
CVE-2023-4570,improper,CWE-420,8.8,2.8,3.0,,,0,,,HIGH
CVE-2023-38703,free,CWE-416,9.8,3.9,3.0,0.0,0.0,0,0.0,0.0,CRITICAL
CVE-2023-44467,before,NVD-CWE-noinfo,9.8,3.9,11.0,64.0,64.0,0,0.0,0.0,CRITICAL
CVE-2023-45803,client,CWE-200,4.2,0.5,4.0,,,0,,,MEDIUM
CVE-2023-45813,open,CWE-1333,4.6,0.9,41.0,,,1,,,MEDIUM
CVE-2023-46127,web,CWE-79,5.4,2.8,2.0,,,0,,,MEDIUM
CVE-2023-37909,generic,CWE-95,9.9,3.1,27.0,865.0,865.0,1,1.0,0.33,CRITICAL
CVE-2023-46128,built,CWE-200,6.5,2.8,1.0,0.0,0.0,1,0.0,0.0,MEDIUM
CVE-2023-46666,issue,CWE-284,5.3,1.6,48.0,0.0,0.0,0,0.0,0.0,MEDIUM
CVE-2023-5625,regression,CWE-770,5.3,3.9,1.0,347.0,347.0,0,0.0,0.0,MEDIUM
CVE-2023-47204,deserialization,CWE-502,9.8,3.9,3.0,,,0,,,CRITICAL
CVE-2023-46404,page,NVD-CWE-noinfo,9.9,3.1,1.0,387.0,387.0,1,0.0,0.0,CRITICAL
CVE-2023-45167,implementation,CWE-20,6.2,2.5,3.0,,,0,,,MEDIUM
CVE-2023-47627,aiohttp,CWE-444,5.3,3.9,2.0,981.0,981.0,1,10.0,99.67,MEDIUM
CVE-2023-47641,aiohttp,CWE-444,3.4,1.6,3.0,981.0,981.0,1,10.0,99.67,LOW
CVE-2023-48224,privacy,CWE-338,8.2,3.9,4.0,,,0,,,HIGH
CVE-2023-48699,fastbots,CWE-95,8.4,2.5,1.0,,,1,,,HIGH
CVE-2023-49083,cryptography,CWE-476,5.9,2.2,3.0,974.0,974.0,1,10.0,60.42,MEDIUM
CVE-2023-49082,aiohttp,CWE-20,5.3,3.9,4.0,966.0,966.0,1,10.0,99.67,MEDIUM
CVE-2023-49081,aiohttp,CWE-20,7.2,3.9,5.0,965.0,965.0,1,10.0,99.67,HIGH
CVE-2023-49277,dpaste,CWE-79,8.3,2.8,1.0,0.0,0.0,0,1.0,0.0,HIGH
CVE-2023-6568,reflected,CWE-79,6.1,2.8,26.0,,,1,,,MEDIUM
CVE-2023-49797,bundles,CWE-379,8.8,2.0,1.0,665.0,665.0,0,0.0,0.17,HIGH
CVE-2023-50263,and,CWE-200,3.7,2.2,46.0,,,0,,,LOW
CVE-2023-46247,for,CWE-193,7.5,3.9,27.0,,,0,,,HIGH
CVE-2023-51649,and,CWE-863,3.5,1.8,45.0,,,0,,,LOW
CVE-2023-51449,package,CWE-22,5.6,2.2,4.0,0.0,0.0,0,0.0,0.0,MEDIUM
CVE-2023-49438,open,CWE-601,6.1,2.8,48.0,,,1,,,MEDIUM
CVE-2020-17163,,NVD-CWE-noinfo,7.8,1.8,,,,0,,,HIGH
CVE-2023-51663,data,CWE-289,5.3,3.9,1.0,0.0,0.0,0,0.0,0.0,MEDIUM
CVE-2024-21644,the,CWE-284,7.5,3.9,37.0,0.0,0.0,1,0.0,0.0,HIGH
CVE-2024-21645,the,CWE-74,5.3,3.9,38.0,0.0,0.0,1,0.0,0.0,MEDIUM
CVE-2023-45139,library,CWE-611,7.5,3.9,8.0,914.0,914.0,1,7.0,5.83,HIGH
CVE-2024-22190,python,CWE-426,7.8,1.8,3.0,,,0,,,HIGH
CVE-2024-22194,project,CWE-215,2.2,0.8,2.0,,,1,,,LOW
CVE-2024-22195,extensible,CWE-79,5.4,2.8,1.0,101.0,101.0,0,0.0,0.0,MEDIUM
CVE-2024-21669,foundation,CWE-347,9.9,3.1,1.0,0.0,0.0,1,0.0,0.0,CRITICAL
CVE-2023-52288,issue,CWE-22,7.5,3.9,49.0,0.0,0.0,0,0.0,0.0,HIGH
CVE-2023-52289,issue,CWE-22,7.5,3.9,50.0,0.0,0.0,0,0.0,0.0,HIGH
CVE-2024-22416,free,CWE-352,9.6,2.8,2.0,0.0,0.0,1,0.0,0.0,CRITICAL
CVE-2024-22419,for,CWE-120,7.3,3.9,29.0,,,1,,,HIGH
CVE-2024-23752,through,CWE-862,9.8,3.9,9.0,,,1,,,CRITICAL
CVE-2024-23334,aiohttp,CWE-22,5.9,2.2,6.0,905.0,905.0,1,10.0,99.67,MEDIUM
CVE-2024-23829,aiohttp,CWE-444,6.5,3.9,7.0,905.0,905.0,1,10.0,99.67,MEDIUM
CVE-2024-24567,pythonic,CWE-754,4.8,2.2,3.0,0.0,0.0,1,1.0,0.0,MEDIUM
CVE-2024-1141,vulnerability,CWE-779,5.5,1.8,99.0,,,0,,,MEDIUM
CVE-2024-24561,pythonic,CWE-119,9.8,3.9,4.0,0.0,0.0,1,1.0,0.0,CRITICAL
CVE-2024-24560,for,CWE-119,3.7,2.2,31.0,,,1,,,LOW
CVE-2024-24762,streaming,CWE-400,7.5,3.9,1.0,0.0,0.0,1,0.0,0.0,HIGH
CVE-2023-50782,flaw,CWE-203,7.5,3.9,2.0,,,0,,,HIGH
CVE-2024-24559,for,CWE-327,3.7,2.2,32.0,,,0,,,LOW
CVE-2024-24808,written,CWE-601,4.7,2.8,1.0,36.0,36.0,1,0.0,0.0,MEDIUM
CVE-2024-24812,web,CWE-79,5.4,2.3,3.0,,,0,,,MEDIUM
CVE-2024-24563,for,CWE-129,9.8,3.9,33.0,,,1,,,CRITICAL
CVE-2024-21624,asynchronous,CWE-200,5.7,2.1,1.0,0.0,0.0,0,0.0,0.0,MEDIUM
CVE-2024-23346,library,CWE-77,9.3,2.5,9.0,872.0,872.0,1,7.0,5.83,CRITICAL
CVE-2024-26130,cryptography,CWE-476,7.5,3.9,3.0,890.0,890.0,0,10.0,60.42,HIGH
CVE-2024-27444,before,CWE-749,9.8,3.9,17.0,0.0,0.0,0,0.0,0.0,CRITICAL
CVE-2024-24564,pythonic,CWE-125,3.7,2.2,5.0,0.0,0.0,1,1.0,0.0,LOW
CVE-2024-26149,pythonic,CWE-119,3.7,2.2,6.0,0.0,0.0,1,1.0,0.0,LOW
CVE-2024-25723,the,NVD-CWE-noinfo,8.8,2.8,46.0,0.0,0.0,0,0.0,0.0,HIGH
CVE-2021-47076,the,NVD-CWE-noinfo,5.5,1.8,47.0,0.0,0.0,0,0.0,0.0,MEDIUM
CVE-2024-27305,aiosmtpd,CWE-345,5.3,3.9,1.0,66.0,66.0,0,1.0,0.0,MEDIUM
CVE-2023-41334,project,CWE-77,8.4,2.5,3.0,,,1,,,HIGH
CVE-2024-28102,implements,CWE-770,6.8,2.3,2.0,0.0,0.0,1,0.0,0.0,MEDIUM
CVE-2024-29189,client,CWE-78,7.4,1.4,6.0,,,1,,,HIGH
CVE-2024-30248,admin,CWE-79,7.7,1.3,1.0,,,0,,,HIGH
CVE-2024-26703,the,CWE-476,5.5,1.8,48.0,0.0,0.0,0,0.0,0.0,MEDIUM
CVE-2024-26725,the,CWE-667,5.5,1.8,49.0,0.0,0.0,0,0.0,0.0,MEDIUM
CVE-2024-31871,through,CWE-295,7.5,1.6,12.0,,,0,,,HIGH
CVE-2021-47197,the,NVD-CWE-noinfo,5.5,1.8,51.0,0.0,0.0,0,0.0,0.0,MEDIUM
CVE-2024-31988,generic,CWE-352,9.6,2.8,28.0,697.0,697.0,1,1.0,0.33,CRITICAL
CVE-2024-32005,local,CWE-22,8.2,3.9,2.0,0.0,0.0,0,0.0,0.0,HIGH
CVE-2024-26870,the,NVD-CWE-noinfo,5.5,1.8,62.0,0.0,0.0,0,0.0,0.0,MEDIUM
CVE-2024-27306,aiohttp,CWE-79,6.1,2.8,8.0,825.0,825.0,0,10.0,99.67,MEDIUM
CVE-2024-32879,social,CWE-178,4.9,1.8,1.0,0.0,0.0,0,0.0,0.0,MEDIUM
CVE-2024-32481,pythonic,CWE-681,5.3,3.9,7.0,0.0,0.0,1,1.0,0.0,MEDIUM
CVE-2024-32645,pythonic,CWE-20,5.3,3.9,8.0,0.0,0.0,0,1.0,0.0,MEDIUM
CVE-2024-32646,pythonic,CWE-20,5.3,3.9,9.0,0.0,0.0,0,1.0,0.0,MEDIUM
CVE-2024-32647,pythonic,CWE-95,5.3,3.9,10.0,0.0,0.0,0,1.0,0.0,MEDIUM
CVE-2024-32648,pythonic,CWE-667,5.3,3.9,11.0,0.0,0.0,0,1.0,0.0,MEDIUM
CVE-2024-32649,pythonic,CWE-95,5.3,3.9,12.0,0.0,0.0,0,1.0,0.0,MEDIUM
CVE-2024-33663,through,CWE-327,6.5,3.9,19.0,,,1,,,MEDIUM
CVE-2024-33664,through,CWE-400,5.3,3.9,20.0,,,1,,,MEDIUM
CVE-2024-32880,pyload,CWE-434,9.1,2.3,1.0,0.0,0.0,1,0.0,0.0,CRITICAL
CVE-2024-32979,and,CWE-79,7.5,1.6,51.0,,,0,,,HIGH
CVE-2024-30251,aiohttp,CWE-835,7.5,3.9,9.0,811.0,811.0,0,10.0,99.67,HIGH
CVE-2023-50202,flupl,CWE-78,8.8,2.8,1.0,,,0,,,HIGH
CVE-2023-50204,flupl,CWE-78,8.8,2.8,2.0,,,0,,,HIGH
CVE-2024-34062,tqdm,CWE-74,4.8,1.3,1.0,815.0,815.0,0,10.0,1.67,MEDIUM
CVE-2024-27453,through,CWE-266,8.6,3.9,21.0,,,1,,,HIGH
CVE-2024-4030,directory,CWE-276,7.1,1.8,1.0,0.0,0.0,0,0.0,0.0,HIGH
CVE-2023-46870,for,CWE-276,7.3,1.3,27.0,,,0,,,HIGH
CVE-2024-34359,the,CWE-76,9.6,2.8,54.0,0.0,0.0,0,0.0,0.0,CRITICAL
CVE-2024-3126,command,CWE-78,8.4,2.5,1.0,0.0,0.0,1,0.0,0.0,HIGH
CVE-2024-34083,aiosmptd,CWE-349,5.4,2.8,1.0,,,0,,,MEDIUM
CVE-2024-35969,the,CWE-770,5.5,1.8,55.0,0.0,0.0,0,0.0,0.0,MEDIUM
CVE-2021-47274,the,CWE-125,9.8,3.9,56.0,0.0,0.0,0,0.0,0.0,CRITICAL
CVE-2023-52745,the,CWE-476,5.5,1.8,57.0,0.0,0.0,0,0.0,0.0,MEDIUM
CVE-2024-35059,issue,CWE-319,7.5,1.6,57.0,0.0,0.0,1,0.0,0.0,HIGH
CVE-2024-35060,issue,CWE-319,7.5,1.6,58.0,0.0,0.0,1,0.0,0.0,HIGH
CVE-2024-36105,dbt,CWE-1327,5.3,3.9,1.0,792.0,792.0,0,10.0,6.33,MEDIUM
CVE-2024-5565,library,CWE-94,8.1,2.2,14.0,772.0,772.0,0,7.0,5.83,HIGH
CVE-2024-37065,untrusted,CWE-502,7.8,1.8,2.0,0.0,0.0,0,0.0,0.0,HIGH
CVE-2022-28657,does,NVD-CWE-noinfo,7.8,1.8,3.0,,,0,,,HIGH
CVE-2024-2965,vulnerability,CWE-674,4.7,1.0,116.0,,,1,,,MEDIUM
CVE-2024-5124,timing,CWE-203,7.5,3.9,1.0,332.0,332.0,1,1.0,0.0,HIGH
CVE-2024-5278,vulnerable,CWE-434,6.1,2.8,36.0,,,1,,,MEDIUM
CVE-2024-37014,through,NVD-CWE-noinfo,9.8,3.9,28.0,,,1,,,CRITICAL
CVE-2024-27171,remote,CWE-276,7.4,1.4,1.0,,,0,,,HIGH
CVE-2024-27173,program,CWE-22,9.8,3.9,1.0,0.0,0.0,0,0.0,0.0,CRITICAL
CVE-2024-38459,before,CWE-276,7.8,1.8,23.0,0.0,0.0,0,0.0,0.0,HIGH
CVE-2024-0397,defect,CWE-362,7.4,2.2,1.0,,,0,,,HIGH
CVE-2024-37891,client,CWE-669,4.4,0.7,7.0,,,1,,,MEDIUM
CVE-2024-3121,remote,CWE-94,3.3,1.8,2.0,,,1,,,LOW
CVE-2024-38526,pdoc,,7.2,3.9,1.0,488.0,488.0,0,7.0,0.17,HIGH
CVE-2024-39705,through,CWE-502,9.8,3.9,30.0,,,0,,,CRITICAL
CVE-2024-39934,before,CWE-284,7.8,1.8,22.0,0.0,0.0,0,0.0,0.0,HIGH
CVE-2024-5753,version,CWE-89,7.5,3.9,16.0,0.0,0.0,0,0.0,0.0,HIGH
CVE-2024-39903,pure,CWE-22,8.6,3.9,1.0,0.0,0.0,0,0.0,0.0,HIGH
CVE-2024-21513,the,CWE-94,8.5,1.8,58.0,0.0,0.0,0,0.0,0.0,HIGH
CVE-2024-40647,the,CWE-200,5.3,0.8,58.0,0.0,0.0,0,0.0,0.0,MEDIUM
CVE-2024-41129,ops,CWE-532,4.4,0.8,1.0,737.0,737.0,0,7.0,2.67,MEDIUM
CVE-2024-41065,the,NVD-CWE-noinfo,5.5,1.8,59.0,0.0,0.0,0,0.0,0.0,MEDIUM
CVE-2024-41671,framework,CWE-444,8.3,3.9,9.0,,,0,,,HIGH
CVE-2024-41810,framework,CWE-79,6.1,2.8,10.0,,,0,,,MEDIUM
CVE-2024-41951,application,CWE-323,4.4,1.8,14.0,0.0,0.0,0,0.0,0.0,MEDIUM
CVE-2024-6891,with,CWE-94,8.8,2.8,4.0,0.0,0.0,1,0.0,0.0,HIGH
CVE-2024-0115,for,CWE-400,6.1,1.8,21.0,,,0,,,MEDIUM
CVE-2024-42367,aiohttp,CWE-61,4.8,2.2,9.0,709.0,709.0,0,10.0,99.67,MEDIUM
CVE-2024-42474,data,CWE-22,6.5,2.8,3.0,0.0,0.0,0,0.0,0.0,MEDIUM
CVE-2024-42353,provides,CWE-601,6.1,2.8,8.0,0.0,0.0,1,0.0,0.0,MEDIUM
CVE-2024-43404,fully,CWE-95,9.8,3.9,1.0,,,0,,,CRITICAL
CVE-2024-20284,vulnerability,CWE-693,5.3,1.8,122.0,,,0,,,MEDIUM
CVE-2024-20285,vulnerability,CWE-653,5.3,1.8,123.0,,,0,,,MEDIUM
CVE-2024-20286,vulnerability,CWE-693,5.3,1.8,124.0,,,0,,,MEDIUM
CVE-2024-45388,lightweight,CWE-200,7.5,3.9,1.0,0.0,0.0,1,4.0,0.0,HIGH
CVE-2024-8374,slicer,CWE-94,7.8,1.8,1.0,0.0,0.0,0,0.0,0.0,HIGH
CVE-2024-27320,arbitrary,CWE-95,7.8,1.8,3.0,,,0,,,HIGH
CVE-2024-27321,arbitrary,CWE-95,7.8,1.8,4.0,,,0,,,HIGH
CVE-2024-45846,arbitrary,CWE-95,8.8,2.8,5.0,,,1,,,HIGH
CVE-2024-45847,arbitrary,CWE-95,8.8,2.8,6.0,,,1,,,HIGH
CVE-2024-45848,arbitrary,CWE-95,8.8,2.8,7.0,,,1,,,HIGH
CVE-2024-45849,arbitrary,CWE-95,8.8,2.8,8.0,,,1,,,HIGH
CVE-2024-45850,arbitrary,CWE-95,8.8,2.8,9.0,,,1,,,HIGH
CVE-2024-45851,arbitrary,CWE-95,8.8,2.8,10.0,,,1,,,HIGH
CVE-2024-8864,vulnerability,CWE-94,5.5,2.1,127.0,,,1,,,MEDIUM
CVE-2024-45858,arbitrary,CWE-95,7.8,1.8,11.0,,,0,,,HIGH
CVE-2024-45601,framework,CWE-20,7.5,3.9,8.0,,,0,,,HIGH
CVE-2024-47532,restricted,CWE-200,6.5,2.8,1.0,241.0,241.0,1,0.0,0.0,MEDIUM
CVE-2024-47833,library,CWE-614,6.5,3.9,12.0,641.0,641.0,1,7.0,5.83,MEDIUM
CVE-2024-47084,package,CWE-285,8.3,2.8,8.0,0.0,0.0,0,0.0,0.0,HIGH
CVE-2024-47164,package,CWE-22,6.5,3.9,9.0,0.0,0.0,0,0.0,0.0,MEDIUM
CVE-2024-47165,package,CWE-285,5.4,2.8,10.0,0.0,0.0,0,0.0,0.0,MEDIUM
CVE-2024-47166,package,CWE-22,5.3,3.9,11.0,0.0,0.0,0,0.0,0.0,MEDIUM
CVE-2024-47167,package,CWE-918,9.8,3.9,12.0,0.0,0.0,0,0.0,0.0,CRITICAL
CVE-2024-47168,package,CWE-670,4.3,2.8,13.0,0.0,0.0,0,0.0,0.0,MEDIUM
CVE-2024-47867,package,CWE-345,7.5,3.9,14.0,0.0,0.0,0,0.0,0.0,HIGH
CVE-2024-47868,package,CWE-200,7.5,3.9,15.0,0.0,0.0,1,0.0,0.0,HIGH
CVE-2024-47869,package,CWE-203,3.7,2.2,16.0,0.0,0.0,0,0.0,0.0,LOW
CVE-2024-47870,package,CWE-362,8.1,2.2,17.0,0.0,0.0,0,0.0,0.0,HIGH
CVE-2024-47871,package,CWE-311,9.1,3.9,18.0,0.0,0.0,0,0.0,0.0,CRITICAL
CVE-2024-47872,package,CWE-79,5.4,2.3,19.0,0.0,0.0,0,0.0,0.0,MEDIUM
CVE-2024-9979,flaw,CWE-416,5.3,1.8,5.0,,,0,,,MEDIUM
CVE-2024-47716,the,NVD-CWE-noinfo,5.5,1.8,62.0,0.0,0.0,0,0.0,0.0,MEDIUM
CVE-2024-47879,free,CWE-94,7.6,2.1,9.0,0.0,0.0,1,0.0,0.0,HIGH
CVE-2024-49750,for,CWE-532,5.5,1.8,20.0,,,0,,,MEDIUM
CVE-2024-49766,web,CWE-22,5.3,3.9,3.0,,,0,,,MEDIUM
CVE-2024-39205,issue,,9.8,3.9,38.0,0.0,0.0,0,0.0,0.0,CRITICAL
CVE-2024-49768,server,CWE-367,9.1,3.9,1.0,,,0,,,CRITICAL
CVE-2024-49769,server,CWE-772,7.5,3.9,2.0,,,0,,,HIGH
CVE-2024-42835,langflow,NVD-CWE-noinfo,9.8,3.9,1.0,639.0,639.0,1,10.0,10.25,CRITICAL
CVE-2024-51751,package,CWE-22,6.5,2.8,20.0,0.0,0.0,1,0.0,0.0,MEDIUM
CVE-2024-52288,libosdp,CWE-924,5.1,1.4,1.0,605.0,605.0,0,10.0,22.67,MEDIUM
CVE-2024-50636,contains,CWE-94,9.8,3.9,1.0,,,0,,,CRITICAL
CVE-2024-52296,libosdp,CWE-476,6.5,2.8,2.0,604.0,604.0,0,10.0,22.67,MEDIUM
CVE-2024-49050,,CWE-501,8.8,2.8,,,,0,,,HIGH
CVE-2024-29083,default,CWE-276,6.7,0.8,1.0,,,0,,,MEDIUM
CVE-2024-4343,command,CWE-78,9.8,3.9,2.0,0.0,0.0,1,0.0,0.0,CRITICAL
CVE-2024-50647,ordering,CWE-863,7.5,3.9,1.0,0.0,0.0,0,0.0,0.0,HIGH
CVE-2024-50649,user,CWE-22,9.8,3.9,3.0,,,1,,,CRITICAL
CVE-2024-50650,vulnerable,CWE-863,7.5,3.9,43.0,,,1,,,HIGH
CVE-2024-52303,aiohttp,CWE-772,7.5,3.9,8.0,611.0,611.0,0,10.0,99.67,HIGH
CVE-2024-52304,aiohttp,CWE-444,7.5,3.9,9.0,611.0,611.0,0,10.0,99.67,HIGH
CVE-2024-48990,discovered,CWE-427,7.8,1.8,1.0,0.0,0.0,0,0.0,0.0,HIGH
CVE-2024-48991,discovered,CWE-362,7.8,1.8,2.0,0.0,0.0,0,0.0,0.0,HIGH
CVE-2024-52804,web,CWE-400,7.5,3.9,7.0,,,0,,,HIGH
CVE-2024-52338,untrusted,CWE-502,9.8,3.9,2.0,0.0,0.0,0,0.0,0.0,CRITICAL
CVE-2024-53861,pyjwt,CWE-697,2.2,0.7,1.0,538.0,538.0,1,6.0,0.67,LOW
CVE-2024-53865,zhmcclient,CWE-312,8.2,1.5,1.0,597.0,597.0,0,10.0,1.5,HIGH
CVE-2024-53981,streaming,CWE-770,7.5,3.9,2.0,0.0,0.0,0,0.0,0.0,HIGH
CVE-2024-12254,the,CWE-400,7.5,3.9,66.0,0.0,0.0,0,0.0,0.0,HIGH
CVE-2024-55587,through,CWE-22,8.8,2.8,34.0,,,0,,,HIGH
CVE-2024-56327,pyrage,CWE-94,9.8,3.9,1.0,176.0,176.0,0,3.0,0.0,CRITICAL
CVE-2024-56201,extensible,CWE-150,8.8,2.0,2.0,0.0,0.0,0,0.0,0.0,HIGH
CVE-2024-56326,extensible,CWE-693,7.8,1.8,3.0,0.0,0.0,0,0.0,0.0,HIGH
CVE-2024-56363,and,CWE-97,7.8,1.8,46.0,,,0,,,HIGH
CVE-2024-12745,injection,CWE-89,8.0,2.1,1.0,,,0,,,HIGH
CVE-2024-9774,vulnerability,CWE-150,6.5,1.2,110.0,,,0,,,MEDIUM
CVE-2025-22275,through,CWE-532,9.3,3.9,36.0,,,0,,,CRITICAL
CVE-2025-21618,authenticating,CWE-287,7.5,3.9,1.0,,,0,,,HIGH
CVE-2025-21607,for,CWE-670,7.5,3.9,18.0,,,1,,,HIGH
CVE-2025-23042,package,CWE-285,7.5,3.9,22.0,0.0,0.0,1,0.0,0.0,HIGH
CVE-2025-22153,tool,CWE-843,7.9,1.3,1.0,0.0,0.0,0,0.0,0.0,HIGH
CVE-2025-24359,evaluator,CWE-134,8.4,2.5,1.0,,,0,,,HIGH
CVE-2025-24793,for,CWE-89,7.0,1.0,16.0,,,0,,,HIGH
CVE-2025-24794,for,CWE-502,6.7,0.8,17.0,,,0,,,MEDIUM
CVE-2025-24795,for,CWE-276,4.4,1.8,18.0,,,0,,,MEDIUM
CVE-2025-25183,and,CWE-354,2.6,1.2,50.0,,,0,,,LOW
CVE-2025-24016,free,CWE-502,9.9,3.1,14.0,0.0,0.0,1,0.0,0.0,CRITICAL
CVE-2025-26411,authenticated,CWE-434,8.8,2.8,3.0,,,0,,,HIGH
CVE-2024-12366,uses,,9.8,3.9,2.0,,,0,,,CRITICAL
CVE-2025-24836,specially,CWE-248,7.1,1.6,1.0,,,0,,,HIGH
CVE-2025-26622,vyper,CWE-682,7.5,3.9,1.0,477.0,477.0,0,7.0,0.5,HIGH
CVE-2025-27104,vyper,CWE-662,7.5,3.9,2.0,477.0,477.0,1,7.0,0.5,HIGH
CVE-2025-27105,vyper,CWE-787,9.1,3.9,3.0,477.0,477.0,1,7.0,0.5,CRITICAL
CVE-2022-49685,the,CWE-416,7.8,1.8,57.0,0.0,0.0,0,0.0,0.0,HIGH
CVE-2025-27154,lightweight,CWE-276,9.8,3.9,3.0,0.0,0.0,1,4.0,0.0,CRITICAL
CVE-2025-21801,the,NVD-CWE-noinfo,7.8,1.8,58.0,0.0,0.0,0,0.0,0.0,HIGH
CVE-2025-27516,extensible,CWE-1336,8.8,2.0,3.0,0.0,0.0,0,0.0,0.0,HIGH
CVE-2025-27607,for,CWE-829,8.8,2.8,22.0,,,1,,,HIGH
CVE-2025-1497,vulnerability,CWE-94,9.8,3.9,123.0,,,0,,,CRITICAL
CVE-2025-1550,function,CWE-94,9.8,3.9,1.0,0.0,0.0,1,0.0,0.0,CRITICAL
CVE-2025-2000,maliciously,CWE-502,9.8,3.9,1.0,,,0,,,CRITICAL
CVE-2024-10188,vulnerability,CWE-400,7.5,3.9,136.0,,,0,,,HIGH
CVE-2024-10252,vulnerability,CWE-94,7.2,1.2,137.0,,,1,,,HIGH
CVE-2024-10624,vulnerability,CWE-1333,7.5,3.9,138.0,,,1,,,HIGH
CVE-2024-10901,version,CWE-434,9.8,3.9,9.0,0.0,0.0,1,0.0,0.0,CRITICAL
CVE-2024-10902,version,CWE-22,9.8,3.9,10.0,0.0,0.0,1,0.0,0.0,CRITICAL
CVE-2024-10955,vulnerability,CWE-1333,6.5,2.8,139.0,,,1,,,MEDIUM
CVE-2024-12389,path,CWE-29,8.8,2.8,6.0,129.0,129.0,1,3.0,0.0,HIGH
CVE-2024-12390,vulnerability,CWE-59,8.8,2.8,140.0,,,1,,,HIGH
CVE-2024-12391,vulnerability,CWE-1333,6.5,2.8,141.0,,,1,,,MEDIUM
CVE-2024-6982,remote,CWE-94,8.4,2.5,3.0,,,0,,,HIGH
CVE-2024-7806,vulnerability,CWE-352,8.8,2.8,144.0,,,1,,,HIGH
CVE-2024-8055,vulnerable,CWE-89,7.5,3.9,38.0,,,0,,,HIGH
CVE-2024-8238,version,CWE-1336,8.1,2.2,11.0,0.0,0.0,1,0.0,0.0,HIGH
CVE-2024-9701,vulnerability,CWE-502,9.8,3.9,149.0,,,0,,,CRITICAL
CVE-2025-20233,the,CWE-732,2.5,1.0,58.0,0.0,0.0,0,0.0,0.0,LOW
CVE-2025-21886,the,NVD-CWE-Other,5.5,1.8,59.0,0.0,0.0,0,0.0,0.0,MEDIUM
CVE-2025-30358,framework,CWE-915,8.1,2.8,7.0,,,0,,,HIGH
CVE-2025-21973,the,NVD-CWE-noinfo,7.1,1.8,60.0,0.0,0.0,0,0.0,0.0,HIGH
CVE-2024-39780,deserialization,CWE-20,7.8,1.8,1.0,,,0,,,HIGH
CVE-2025-2945,security,CWE-94,9.9,3.1,4.0,0.0,0.0,1,0.0,0.0,CRITICAL
CVE-2025-27520,library,CWE-502,9.8,3.9,9.0,464.0,464.0,1,7.0,5.83,CRITICAL
CVE-2025-32414,before,CWE-393,5.6,1.4,16.0,0.0,0.0,1,0.0,0.0,MEDIUM
CVE-2025-32375,library,CWE-502,9.8,3.9,10.0,459.0,459.0,1,7.0,5.83,CRITICAL
CVE-2025-24375,operator,CWE-256,5.0,1.3,1.0,,,0,,,MEDIUM
CVE-2025-31490,platform,CWE-918,7.5,3.9,2.0,,,1,,,HIGH
CVE-2025-31491,platform,CWE-200,8.6,3.9,3.0,,,1,,,HIGH
CVE-2025-22058,the,CWE-401,5.5,1.8,60.0,0.0,0.0,0,0.0,0.0,MEDIUM
CVE-2025-32434,package,CWE-502,9.8,3.9,21.0,0.0,0.0,0,0.0,0.0,CRITICAL
CVE-2025-43948,allows,CWE-77,7.3,3.9,13.0,0.0,0.0,0,0.0,0.0,HIGH
CVE-2025-43859,implementation,CWE-444,9.1,3.9,1.0,,,0,,,CRITICAL
CVE-2025-46656,before,CWE-1284,2.9,1.4,16.0,0.0,0.0,1,0.0,0.0,LOW
CVE-2025-23254,for,CWE-502,8.8,2.0,24.0,,,0,,,HIGH
CVE-2022-49832,the,CWE-476,5.5,1.8,47.0,0.0,0.0,0,0.0,0.0,MEDIUM
CVE-2025-46719,artificial,CWE-79,5.4,2.3,2.0,0.0,0.0,1,0.0,0.0,MEDIUM
CVE-2025-1752,vulnerability,CWE-674,7.5,3.9,151.0,,,1,,,HIGH
CVE-2025-47928,library,CWE-488,9.1,3.9,10.0,423.0,423.0,0,7.0,5.83,CRITICAL
CVE-2025-47287,web,CWE-770,7.5,3.9,11.0,,,0,,,HIGH
CVE-2025-47273,setuptools,CWE-22,8.8,2.8,1.0,412.0,412.0,1,10.0,1.33,HIGH
CVE-2025-46724,framework,CWE-94,9.8,3.9,8.0,,,1,,,CRITICAL
CVE-2025-46725,framework,CWE-94,9.8,3.9,9.0,,,0,,,CRITICAL
CVE-2025-47942,learning,CWE-862,5.3,3.9,1.0,0.0,0.0,0,0.0,0.0,MEDIUM
CVE-2025-48889,package,CWE-434,5.3,3.9,20.0,0.0,0.0,1,0.0,0.0,MEDIUM
CVE-2024-12718,modifying,CWE-22,5.3,3.9,1.0,,,0,,,MEDIUM
CVE-2025-4138,the,CWE-22,7.5,3.9,44.0,0.0,0.0,0,0.0,0.0,HIGH
CVE-2025-4330,the,CWE-22,7.5,3.9,45.0,0.0,0.0,0,0.0,0.0,HIGH
CVE-2025-4517,arbitrary,CWE-22,9.4,3.9,10.0,,,0,,,CRITICAL
CVE-2025-49000,version,CWE-400,3.5,2.1,13.0,0.0,0.0,0,0.0,0.0,LOW
CVE-2025-5874,vulnerability,CWE-264,4.6,1.2,154.0,,,0,,,MEDIUM
CVE-2025-49131,project,CWE-732,6.3,2.8,6.0,,,0,,,MEDIUM
CVE-2025-49142,and,CWE-1336,7.1,2.8,39.0,,,0,,,HIGH
CVE-2025-49581,generic,CWE-94,8.8,2.8,4.0,268.0,268.0,1,1.0,0.33,HIGH
CVE-2025-49582,generic,CWE-357,8.0,2.1,5.0,268.0,268.0,1,1.0,0.33,HIGH
CVE-2025-4565,project,CWE-674,5.3,3.9,7.0,,,0,,,MEDIUM
CVE-2025-6167,vulnerability,CWE-22,5.5,2.1,163.0,,,1,,,MEDIUM
CVE-2025-23170,orchestration,CWE-77,6.7,0.8,1.0,0.0,0.0,0,1.0,0.0,MEDIUM
CVE-2025-50181,client,CWE-601,5.3,1.6,1.0,,,1,,,MEDIUM
CVE-2025-50182,client,CWE-601,5.3,1.6,2.0,,,0,,,MEDIUM
CVE-2025-52467,pgai,CWE-200,9.1,3.9,1.0,116.0,116.0,0,3.0,0.33,CRITICAL
CVE-2025-23264,for,CWE-94,7.8,1.8,24.0,,,0,,,HIGH
CVE-2025-23265,for,CWE-94,7.8,1.8,25.0,,,0,,,HIGH
CVE-2025-48379,imaging,CWE-122,7.1,1.8,1.0,,,1,,,HIGH
CVE-2025-38161,the,CWE-191,7.8,1.8,45.0,0.0,0.0,0,0.0,0.0,HIGH
CVE-2025-3108,critical,CWE-1112,7.5,1.6,1.0,,,1,,,HIGH
CVE-2025-3264,vulnerability,CWE-1333,5.3,3.9,169.0,,,1,,,MEDIUM
CVE-2025-6386,repository,CWE-203,7.5,3.9,3.0,,,0,,,HIGH
CVE-2025-38236,the,CWE-416,7.8,1.8,46.0,0.0,0.0,0,0.0,0.0,HIGH
CVE-2025-49714,boundary,CWE-501,7.8,1.8,1.0,0.0,0.0,0,0.0,0.0,HIGH
CVE-2025-27614,based,CWE-78,8.6,1.8,1.0,,,0,,,HIGH
CVE-2025-53643,asynchronous,CWE-444,7.5,3.9,1.0,0.0,0.0,0,0.0,0.0,HIGH
CVE-2025-53890,pyload,CWE-94,9.8,3.9,1.0,0.0,0.0,0,0.0,0.0,CRITICAL
CVE-2025-53927,assistant,CWE-94,4.6,1.2,1.0,284.0,284.0,1,4.0,1.67,MEDIUM
CVE-2024-39289,code,CWE-94,7.8,1.8,2.0,,,0,,,HIGH
CVE-2024-39835,code,CWE-94,7.8,1.8,3.0,,,0,,,HIGH
CVE-2024-41148,code,CWE-94,7.8,1.8,4.0,,,0,,,HIGH
CVE-2024-41921,code,CWE-94,7.8,1.8,5.0,,,0,,,HIGH
CVE-2025-3753,code,CWE-94,7.8,1.8,6.0,,,0,,,HIGH
CVE-2025-54121,lightweight,CWE-770,5.3,3.9,4.0,0.0,0.0,0,4.0,0.0,MEDIUM
CVE-2025-51482,allows,CWE-94,8.8,2.8,17.0,0.0,0.0,1,0.0,0.0,HIGH
CVE-2025-51464,aimhubio,CWE-79,8.8,2.8,1.0,,,1,,,HIGH
CVE-2025-51472,allows,CWE-77,6.5,3.9,18.0,0.0,0.0,1,0.0,0.0,MEDIUM
CVE-2025-54140,free,CWE-22,7.5,3.9,18.0,0.0,0.0,0,0.0,0.0,HIGH
CVE-2025-38373,the,CWE-667,5.5,1.8,46.0,0.0,0.0,0,0.0,0.0,MEDIUM
CVE-2025-5120,sandbox,CWE-94,10.0,3.9,1.0,,,1,,,CRITICAL
CVE-2025-54381,library,CWE-918,9.9,3.9,9.0,348.0,348.0,1,7.0,5.83,CRITICAL
CVE-2025-54430,dedupe,CWE-78,9.1,3.9,1.0,0.0,0.0,0,10.0,0.0,CRITICAL
CVE-2025-50460,remote,CWE-502,9.8,3.9,2.0,,,0,,,CRITICAL
CVE-2025-54802,the,CWE-22,9.8,3.9,47.0,0.0,0.0,1,0.0,0.0,CRITICAL
CVE-2025-23318,for,CWE-805,8.1,2.2,26.0,,,0,,,HIGH
CVE-2025-23319,for,CWE-805,8.1,2.2,27.0,,,0,,,HIGH
CVE-2025-23320,for,CWE-209,7.5,3.9,28.0,,,0,,,HIGH
CVE-2025-23333,for,CWE-125,5.9,2.2,29.0,,,0,,,MEDIUM
CVE-2025-23334,for,CWE-125,5.9,2.2,30.0,,,0,,,MEDIUM
CVE-2025-54886,skops,CWE-502,8.4,2.5,1.0,255.0,255.0,0,1.0,0.33,HIGH
CVE-2025-8672,version,CWE-276,7.8,1.8,18.0,0.0,0.0,0,0.0,0.0,HIGH
CVE-2025-26470,default,CWE-276,6.7,0.8,5.0,,,0,,,MEDIUM
CVE-2025-23295,for,CWE-94,7.8,1.8,30.0,,,0,,,HIGH
CVE-2025-23296,for,CWE-94,7.8,1.8,31.0,,,0,,,HIGH
CVE-2025-23298,for,CWE-94,7.8,1.8,32.0,,,0,,,HIGH
CVE-2025-50817,vulnerability,CWE-77,5.4,2.8,169.0,,,0,,,MEDIUM
CVE-2025-38520,the,CWE-667,5.5,1.8,46.0,0.0,0.0,0,0.0,0.0,MEDIUM
CVE-2025-5302,denial,CWE-674,8.6,3.9,2.0,240.0,240.0,0,1.0,2.33,HIGH
CVE-2025-58068,concurrent,CWE-444,9.1,3.9,1.0,,,0,,,CRITICAL
CVE-2025-9959,validation,CWE-94,7.6,2.8,1.0,0.0,0.0,0,0.0,0.0,HIGH
CVE-2025-58760,based,CWE-23,8.6,3.9,3.0,,,1,,,HIGH
CVE-2025-58761,based,CWE-27,8.6,3.9,4.0,,,1,,,HIGH
CVE-2025-58762,based,CWE-73,9.1,2.3,5.0,,,1,,,CRITICAL
CVE-2025-58763,based,CWE-78,8.0,1.3,6.0,,,1,,,HIGH
CVE-2023-53286,the,NVD-CWE-noinfo,7.8,1.8,50.0,0.0,0.0,0,0.0,0.0,HIGH
CVE-2023-53343,the,CWE-476,5.5,1.8,52.0,0.0,0.0,0,0.0,0.0,MEDIUM
CVE-2025-23316,for,CWE-78,9.8,3.9,36.0,,,0,,,CRITICAL
CVE-2025-23329,for,CWE-284,7.5,3.9,37.0,,,0,,,HIGH
CVE-2023-49565,container,CWE-77,8.4,1.7,1.0,,,0,,,HIGH
CVE-2025-9905,method,CWE-913,7.3,1.3,1.0,,,1,,,HIGH
CVE-2025-9906,method,CWE-502,7.3,1.3,2.0,,,0,,,HIGH
CVE-2025-34193,versions,CWE-755,9.8,3.9,358.0,0.0,0.0,1,1.0,0.0,CRITICAL
CVE-2025-59420,library,CWE-345,7.5,3.9,11.0,293.0,293.0,1,7.0,5.83,HIGH
CVE-2025-48868,free,CWE-95,7.2,1.2,16.0,0.0,0.0,1,0.0,0.0,HIGH
CVE-2022-50457,the,NVD-CWE-Other,5.5,1.8,54.0,0.0,0.0,0,0.0,0.0,MEDIUM
CVE-2025-53354,and,CWE-79,6.1,2.8,43.0,,,0,,,MEDIUM
CVE-2025-61677,warehouse,CWE-502,2.5,1.0,1.0,,,0,,,LOW
CVE-2025-61765,implementation,CWE-502,6.4,0.9,2.0,,,0,,,MEDIUM
CVE-2025-61773,free,CWE-74,8.1,2.8,21.0,0.0,0.0,0,0.0,0.0,HIGH
CVE-2025-61152,thru,CWE-269,6.5,3.9,1.0,0.0,0.0,0,0.0,0.0,MEDIUM
CVE-2025-61920,library,CWE-20,7.5,3.9,11.0,275.0,275.0,1,7.0,5.83,HIGH
CVE-2025-61911,lightweight,CWE-75,6.5,3.9,4.0,0.0,0.0,1,4.0,0.0,MEDIUM
CVE-2025-61912,lightweight,CWE-116,5.3,3.9,5.0,0.0,0.0,1,4.0,0.0,MEDIUM
CVE-2025-62379,library,CWE-601,3.1,1.6,12.0,270.0,270.0,0,7.0,5.83,LOW
CVE-2025-62706,library,CWE-400,6.5,2.8,13.0,263.0,263.0,1,7.0,5.83,MEDIUM
CVE-2025-61385,injection,CWE-89,9.6,2.8,3.0,,,0,,,CRITICAL
CVE-2025-64458,issue,CWE-407,7.5,3.9,21.0,0.0,0.0,0,0.0,0.0,HIGH
CVE-2025-12967,issue,CWE-470,8.0,2.1,21.0,0.0,0.0,0,0.0,0.0,HIGH
CVE-2025-63397,input,CWE-20,6.5,3.9,2.0,0.0,0.0,1,0.0,0.0,MEDIUM
CVE-2025-64182,provides,CWE-120,7.8,1.8,9.0,0.0,0.0,1,0.0,0.0,HIGH
CVE-2025-30182,search,CWE-427,6.7,0.8,1.0,,,0,,,MEDIUM
CVE-2025-64511,assistant,CWE-918,7.4,3.1,2.0,164.0,164.0,0,4.0,1.67,HIGH
CVE-2025-64703,assistant,CWE-200,6.3,2.8,3.0,164.0,164.0,0,4.0,1.67,MEDIUM
CVE-2025-41736,low,CWE-35,8.8,2.8,1.0,0.0,0.0,0,0.0,0.0,HIGH
CVE-2025-63603,command,CWE-77,6.5,3.9,2.0,0.0,0.0,1,0.0,0.0,MEDIUM
CVE-2025-63604,code,CWE-77,6.5,3.9,8.0,,,1,,,MEDIUM
CVE-2025-33183,for,CWE-94,7.8,1.8,40.0,,,0,,,HIGH
CVE-2025-33184,for,CWE-94,7.8,1.8,41.0,,,0,,,HIGH
CVE-2025-64076,vulnerabilities,CWE-191,7.5,3.9,2.0,0.0,0.0,1,0.0,0.0,HIGH
CVE-2025-65015,joserfc,CWE-770,7.5,3.9,1.0,242.0,242.0,1,4.0,4.0,HIGH
CVE-2025-62703,unified,CWE-502,8.8,2.8,1.0,0.0,0.0,1,0.0,0.0,HIGH
CVE-2025-66040,library,CWE-79,3.6,1.0,15.0,228.0,228.0,0,7.0,5.83,LOW
CVE-2025-12638,version,CWE-22,8.0,2.1,20.0,0.0,0.0,0,0.0,0.0,HIGH
CVE-2025-66034,library,CWE-91,6.3,1.0,16.0,226.0,226.0,1,7.0,5.83,MEDIUM
CVE-2025-66448,inference,CWE-94,7.1,1.2,1.0,241.0,241.0,0,10.0,6.5,HIGH
CVE-2025-6966,pointer,CWE-476,5.5,1.8,2.0,0.0,0.0,1,0.0,0.0,MEDIUM
CVE-2025-66418,client,CWE-770,7.5,3.9,3.0,,,0,,,HIGH
CVE-2025-66471,client,CWE-409,7.5,3.9,4.0,,,0,,,HIGH
CVE-2025-66469,and,CWE-79,6.1,2.8,50.0,,,1,,,MEDIUM
CVE-2025-66470,and,CWE-79,6.1,2.8,51.0,,,1,,,MEDIUM
CVE-2025-13428,vulnerability,CWE-20,7.2,1.2,174.0,,,0,,,HIGH
CVE-2025-66645,and,CWE-22,7.5,3.9,52.0,,,1,,,HIGH
CVE-2025-67485,proxy,CWE-693,5.3,3.9,1.0,0.0,0.0,0,0.0,0.0,MEDIUM
CVE-2025-66474,generic,CWE-95,8.8,2.8,5.0,88.0,88.0,1,1.0,0.33,HIGH
CVE-2025-67724,web,CWE-79,5.4,2.8,17.0,,,0,,,MEDIUM
CVE-2025-67725,web,CWE-400,7.5,3.9,18.0,,,0,,,HIGH
CVE-2025-67726,web,CWE-400,7.5,3.9,19.0,,,0,,,HIGH
CVE-2025-65213,through,CWE-502,9.8,3.9,55.0,,,1,,,CRITICAL
CVE-2025-67747,pickling,CWE-184,7.8,1.8,1.0,,,1,,,HIGH
CVE-2025-67748,pickling,CWE-94,7.8,1.8,2.0,,,1,,,HIGH
CVE-2025-68175,the,,7.8,1.8,54.0,0.0,0.0,0,0.0,0.0,HIGH
CVE-2025-68146,filelock,CWE-59,6.3,1.0,1.0,225.0,225.0,1,10.0,6.0,MEDIUM
CVE-2024-29370,vulnerability,CWE-409,5.3,3.9,174.0,,,1,,,MEDIUM
CVE-2025-13911,vulnerability,CWE-250,6.4,0.5,173.0,,,0,,,MEDIUM
CVE-2025-68480,lightweight,CWE-405,5.3,3.9,5.0,0.0,0.0,0,4.0,0.0,MEDIUM
CVE-2025-14926,vulnerability,CWE-94,7.8,1.8,175.0,,,0,,,HIGH
CVE-2025-14927,vulnerability,CWE-94,7.8,1.8,176.0,,,0,,,HIGH
CVE-2025-14928,vulnerability,CWE-94,7.8,1.8,177.0,,,0,,,HIGH
CVE-2025-14931,smolagents,CWE-502,10.0,3.9,1.0,156.0,156.0,0,4.0,1.5,CRITICAL
CVE-2025-68668,open,CWE-693,9.9,3.1,29.0,,,0,,,CRITICAL
CVE-2025-54322,through,CWE-95,10.0,3.9,56.0,,,1,,,CRITICAL
CVE-2025-69257,theshit,CWE-269,6.7,0.8,1.0,,,0,,,MEDIUM
CVE-2025-68700,versions,CWE-78,8.8,2.8,412.0,0.0,0.0,1,1.0,0.0,HIGH
CVE-2025-11157,remote,CWE-502,7.8,1.8,3.0,,,0,,,HIGH
CVE-2026-21428,cross,CWE-93,7.5,3.9,1.0,0.0,0.0,1,0.0,0.0,HIGH
CVE-2026-21436,eopkg,CWE-24,5.5,1.8,1.0,,,0,,,MEDIUM
CVE-2026-21437,eopkg,CWE-353,5.5,1.8,2.0,,,0,,,MEDIUM
CVE-2025-69223,asynchronous,CWE-409,7.5,3.9,2.0,0.0,0.0,0,0.0,0.0,HIGH
CVE-2025-69224,asynchronous,CWE-444,6.5,3.9,3.0,0.0,0.0,0,0.0,0.0,MEDIUM
CVE-2025-69226,asynchronous,CWE-22,5.3,3.9,4.0,0.0,0.0,0,0.0,0.0,MEDIUM
CVE-2025-69225,asynchronous,CWE-444,5.3,3.9,5.0,0.0,0.0,0,0.0,0.0,MEDIUM
CVE-2025-69227,asynchronous,CWE-835,7.5,3.9,6.0,0.0,0.0,0,0.0,0.0,HIGH
CVE-2025-69228,asynchronous,CWE-770,7.5,3.9,7.0,0.0,0.0,0,0.0,0.0,HIGH
CVE-2025-69229,asynchronous,CWE-770,5.3,3.9,8.0,0.0,0.0,0,0.0,0.0,MEDIUM
CVE-2025-69230,asynchronous,CWE-779,5.3,3.9,9.0,0.0,0.0,0,0.0,0.0,MEDIUM
CVE-2025-14026,version,NVD-CWE-noinfo,7.8,1.8,21.0,0.0,0.0,0,0.0,0.0,HIGH
CVE-2026-22188,component,CWE-457,5.5,1.8,3.0,0.0,0.0,1,0.0,0.0,MEDIUM
CVE-2026-21441,client,CWE-409,7.5,3.9,5.0,,,0,,,HIGH
CVE-2026-21883,interactive,CWE-1385,5.4,2.8,1.0,0.0,0.0,1,0.0,0.0,MEDIUM
CVE-2026-21871,versions,CWE-79,6.1,2.8,414.0,0.0,0.0,1,1.0,0.0,MEDIUM
CVE-2026-21872,versions,CWE-79,6.1,2.8,415.0,0.0,0.0,1,1.0,0.0,MEDIUM
CVE-2026-21873,versions,CWE-79,7.2,3.9,416.0,0.0,0.0,1,1.0,0.0,HIGH
CVE-2026-21874,versions,CWE-772,5.3,3.9,417.0,0.0,0.0,1,1.0,0.0,MEDIUM
CVE-2026-21892,parallel,CWE-89,5.3,3.9,1.0,0.0,0.0,1,0.0,0.0,MEDIUM
CVE-2026-22041,library,CWE-704,5.3,3.9,17.0,185.0,185.0,1,7.0,5.83,MEDIUM
CVE-2025-68158,library,CWE-352,5.7,2.1,18.0,185.0,185.0,1,7.0,5.83,MEDIUM
CVE-2026-22606,pickling,CWE-184,7.8,1.8,3.0,,,1,,,HIGH
CVE-2026-22607,pickling,CWE-184,7.8,1.8,4.0,,,1,,,HIGH
CVE-2026-22608,pickling,CWE-184,7.8,1.8,5.0,,,0,,,HIGH
CVE-2026-22609,pickling,CWE-184,7.8,1.8,6.0,,,1,,,HIGH
CVE-2026-22612,pickling,CWE-502,7.8,1.8,7.0,,,0,,,HIGH
CVE-2026-22701,filelock,CWE-59,5.3,1.0,2.0,200.0,200.0,0,10.0,6.0,MEDIUM
CVE-2026-22702,virtualenv,CWE-59,4.5,1.0,1.0,201.0,201.0,0,10.0,5.83,MEDIUM
CVE-2026-21226,untrusted,CWE-502,7.5,1.6,1.0,0.0,0.0,0,0.0,0.0,HIGH
CVE-2022-50919,contains,CWE-78,9.8,3.9,61.0,,,1,,,CRITICAL
CVE-2026-22779,asynchronous,CWE-113,5.3,3.9,10.0,0.0,0.0,0,0.0,0.0,MEDIUM
CVE-2026-0897,the,CWE-770,7.5,3.9,56.0,0.0,0.0,0,0.0,0.0,HIGH
CVE-2026-23528,distributed,CWE-79,6.1,2.8,1.0,178.0,178.0,0,10.0,2.67,MEDIUM
CVE-2026-23490,generic,CWE-770,7.5,3.9,6.0,51.0,51.0,0,1.0,0.33,HIGH
CVE-2026-0863,string,CWE-95,8.5,1.8,1.0,,,1,,,HIGH
CVE-2025-12781,passing,CWE-704,5.3,3.9,1.0,,,1,,,MEDIUM
CVE-2026-22807,inference,CWE-94,8.8,2.8,2.0,190.0,190.0,0,10.0,6.5,HIGH
CVE-2026-23946,open,CWE-94,6.8,0.9,39.0,,,1,,,MEDIUM
CVE-2026-24002,spreadsheet,CWE-74,9.0,2.2,1.0,0.0,0.0,0,0.0,0.0,CRITICAL
CVE-2026-24049,wheel,CWE-22,7.1,1.8,1.0,90.0,90.0,1,7.0,0.5,HIGH
CVE-2026-24130,web,CWE-90,5.3,3.9,23.0,,,0,,,MEDIUM
CVE-2026-0761,vulnerability,CWE-94,9.8,3.9,171.0,,,0,,,CRITICAL
CVE-2026-0766,vulnerability,CWE-94,8.8,2.8,172.0,,,0,,,HIGH
CVE-2026-0768,code,CWE-94,9.8,3.9,10.0,,,0,,,CRITICAL
CVE-2026-0769,vulnerability,CWE-95,9.8,3.9,173.0,,,0,,,CRITICAL
CVE-2026-0771,vulnerability,CWE-94,7.1,1.2,174.0,,,0,,,HIGH
CVE-2026-0994,vulnerability,CWE-674,7.5,3.9,175.0,,,0,,,HIGH
CVE-2026-24123,library,CWE-22,7.4,2.8,20.0,167.0,167.0,0,7.0,5.83,HIGH
CVE-2026-24408,tool,CWE-352,0.0,1.6,8.0,0.0,0.0,0,0.0,0.0,NONE
CVE-2026-24486,streaming,CWE-22,8.6,3.9,1.0,0.0,0.0,1,0.0,0.0,HIGH
CVE-2026-24489,client,CWE-93,5.3,3.9,6.0,,,0,,,MEDIUM
CVE-2026-24747,package,CWE-94,8.8,2.8,6.0,0.0,0.0,1,0.0,0.0,HIGH
CVE-2026-24779,inference,CWE-918,7.1,2.8,3.0,184.0,184.0,1,10.0,6.5,HIGH
CVE-2026-24780,platform,CWE-94,8.8,2.8,4.0,,,1,,,HIGH
CVE-2026-25153,open,CWE-94,7.7,1.8,41.0,,,0,,,HIGH
CVE-2024-2356,vulnerability,CWE-29,9.6,2.8,172.0,,,0,,,CRITICAL
CVE-2025-10279,mlflow,CWE-379,7.0,1.0,1.0,178.0,178.0,1,10.0,6.0,HIGH
CVE-2026-1777,before,CWE-319,7.2,1.2,26.0,0.0,0.0,0,0.0,0.0,HIGH
CVE-2026-1778,before,CWE-295,5.9,2.2,27.0,0.0,0.0,0,0.0,0.0,MEDIUM
CVE-2025-70559,before,CWE-502,6.5,3.9,28.0,0.0,0.0,0,0.0,0.0,MEDIUM
CVE-2025-70560,contains,CWE-502,8.4,2.5,96.0,,,0,,,HIGH
CVE-2026-25115,open,CWE-693,9.9,3.1,42.0,,,0,,,CRITICAL
CVE-2026-25640,agent,CWE-22,7.1,2.8,1.0,0.0,0.0,0,0.0,0.0,HIGH
CVE-2026-25580,agent,CWE-918,8.6,3.9,2.0,0.0,0.0,1,0.0,0.0,HIGH
CVE-2026-25632,package,CWE-502,10.0,3.9,7.0,0.0,0.0,0,0.0,0.0,CRITICAL
CVE-2026-25516,component,CWE-79,6.1,2.8,3.0,0.0,0.0,1,0.0,0.0,MEDIUM
CVE-2026-25732,property,CWE-22,7.5,3.9,1.0,0.0,0.0,1,0.0,0.0,HIGH
CVE-2026-25904,tool,CWE-918,5.8,1.6,8.0,0.0,0.0,0,0.0,0.0,MEDIUM
CVE-2026-25905,code,CWE-653,5.8,1.6,11.0,,,0,,,MEDIUM
CVE-2026-25528,provide,CWE-918,5.8,3.9,1.0,0.0,0.0,0,0.0,0.0,MEDIUM
CVE-2026-26007,cryptography,CWE-345,6.5,2.8,1.0,170.0,170.0,0,10.0,60.42,MEDIUM
CVE-2025-69872,through,CWE-94,9.8,3.9,44.0,,,0,,,CRITICAL
CVE-2026-25990,imaging,CWE-787,7.5,3.9,2.0,,,0,,,HIGH
CVE-2026-26216,versions,CWE-94,10.0,3.9,412.0,0.0,0.0,0,1.0,0.0,CRITICAL
CVE-2026-26020,platform,CWE-285,8.8,2.8,9.0,,,0,,,HIGH
CVE-2025-14009,critical,CWE-94,8.8,2.8,4.0,,,1,,,HIGH
CVE-2026-26030,semantic,CWE-94,9.9,3.1,1.0,0.0,0.0,0,0.0,0.0,CRITICAL
CVE-2026-26953,web,CWE-20,5.4,2.8,25.0,,,1,,,MEDIUM
CVE-2026-26975,media,CWE-22,8.8,2.8,1.0,0.0,0.0,1,0.0,0.0,HIGH
CVE-2026-27205,web,CWE-524,4.3,2.8,26.0,,,0,,,MEDIUM
CVE-2026-27469,lightweight,CWE-79,6.1,2.8,8.0,0.0,0.0,0,4.0,0.0,MEDIUM
CVE-2026-26198,async,CWE-89,9.8,3.9,1.0,0.0,0.0,1,0.0,0.0,CRITICAL
CVE-2026-26331,version,CWE-78,8.8,2.8,31.0,0.0,0.0,1,0.0,0.0,HIGH
CVE-2026-27156,version,CWE-79,6.1,2.8,32.0,0.0,0.0,0,0.0,0.0,MEDIUM
CVE-2026-27494,open,CWE-497,9.9,3.1,46.0,,,0,,,CRITICAL
CVE-2026-27809,package,CWE-190,9.1,3.9,8.0,0.0,0.0,1,0.0,0.0,CRITICAL
CVE-2026-27952,prior,CWE-94,8.8,2.8,3.0,0.0,0.0,1,2.0,0.0,HIGH
CVE-2026-27966,tool,CWE-94,9.8,3.9,9.0,0.0,0.0,1,0.0,0.0,CRITICAL
CVE-2026-27509,firmware,CWE-306,8.0,2.1,3.0,,,1,,,HIGH
CVE-2026-27510,firmware,CWE-345,9.6,2.8,4.0,,,1,,,CRITICAL
CVE-2026-28211,for,CWE-943,7.8,1.8,41.0,,,0,,,HIGH
CVE-2026-28231,library,CWE-125,9.1,3.9,29.0,135.0,135.0,1,7.0,5.83,CRITICAL
CVE-2026-27167,package,CWE-522,0.0,2.2,9.0,0.0,0.0,1,0.0,0.0,NONE
CVE-2026-28414,package,CWE-36,7.5,3.9,10.0,0.0,0.0,1,0.0,0.0,HIGH
CVE-2026-28415,package,CWE-200,4.3,2.8,11.0,0.0,0.0,0,0.0,0.0,MEDIUM
CVE-2026-28416,package,CWE-918,8.2,3.9,12.0,0.0,0.0,0,0.0,0.0,HIGH
CVE-2026-27905,library,CWE-59,7.8,1.8,31.0,131.0,131.0,1,7.0,5.83,HIGH
CVE-2026-27932,joserfc,CWE-770,7.5,3.9,2.0,137.0,137.0,1,4.0,4.0,HIGH
CVE-2025-69534,version,CWE-400,7.5,3.9,33.0,0.0,0.0,1,0.0,0.0,HIGH
CVE-2026-28277,implementation,CWE-502,6.8,0.9,4.0,,,0,,,MEDIUM
CVE-2026-28802,library,CWE-347,9.8,3.9,32.0,129.0,129.0,1,7.0,5.83,CRITICAL
CVE-2026-29075,library,CWE-94,8.3,3.9,33.0,128.0,128.0,0,7.0,5.83,HIGH
CVE-2026-29186,open,CWE-74,7.7,1.8,52.0,,,0,,,HIGH
CVE-2026-29778,free,CWE-23,7.1,2.8,21.0,0.0,0.0,1,0.0,0.0,HIGH
CVE-2026-29780,serves,CWE-22,5.5,1.8,1.0,,,1,,,MEDIUM
CVE-2026-29787,memory,CWE-200,5.3,3.9,3.0,0.0,0.0,1,0.0,0.0,MEDIUM
CVE-2026-31900,the,CWE-20,9.8,3.9,70.0,0.0,0.0,0,0.0,0.0,CRITICAL
CVE-2026-31958,web,CWE-400,7.5,3.9,28.0,,,0,,,HIGH
CVE-2026-32112,the,CWE-79,6.8,1.6,71.0,0.0,0.0,0,0.0,0.0,MEDIUM
CVE-2026-32128,building,CWE-184,6.3,2.8,2.0,0.0,0.0,1,0.0,0.0,MEDIUM
CVE-2026-28356,multipart,CWE-1333,7.5,3.9,1.0,127.0,127.0,0,1.0,0.5,HIGH
CVE-2026-32274,the,CWE-22,7.5,3.9,72.0,0.0,0.0,0,0.0,0.0,HIGH
CVE-2026-32597,implementation,CWE-345,7.5,3.9,5.0,,,1,,,HIGH
CVE-2026-32640,library,CWE-94,9.8,3.9,34.0,118.0,118.0,0,7.0,5.83,CRITICAL
CVE-2026-27962,library,CWE-347,9.1,3.9,35.0,118.0,118.0,1,7.0,5.83,CRITICAL
CVE-2026-28490,library,CWE-203,6.5,2.2,36.0,118.0,118.0,1,7.0,5.83,MEDIUM
CVE-2026-28498,library,CWE-354,7.5,3.9,37.0,118.0,118.0,1,7.0,5.83,HIGH
CVE-2026-4307,security,CWE-22,4.3,2.8,5.0,0.0,0.0,0,0.0,0.0,MEDIUM
CVE-2026-4308,weakness,CWE-918,6.3,2.8,1.0,,,0,,,MEDIUM
CVE-2026-27448,wrapper,CWE-636,5.3,3.9,1.0,0.0,0.0,0,0.0,0.0,MEDIUM
CVE-2026-27459,wrapper,CWE-120,9.8,3.9,2.0,0.0,0.0,0,0.0,0.0,CRITICAL
CVE-2026-30922,generic,CWE-674,7.5,3.9,7.0,0.0,0.0,1,1.0,0.33,HIGH
CVE-2026-32722,memory,CWE-79,3.6,1.8,4.0,0.0,0.0,1,0.0,0.0,LOW
CVE-2026-27953,ormar,CWE-20,7.1,2.8,1.0,80.0,80.0,1,8.0,1.17,HIGH
CVE-2026-32711,pydicom,CWE-22,7.8,1.8,1.0,0.0,0.0,1,3.0,0.33,HIGH
CVE-2026-32808,free,CWE-22,8.1,2.8,28.0,0.0,0.0,1,0.0,0.0,HIGH
CVE-2026-32874,fast,CWE-401,7.5,3.9,1.0,0.0,0.0,0,0.0,0.0,HIGH
CVE-2026-32875,fast,CWE-190,7.5,3.9,2.0,0.0,0.0,1,0.0,0.0,HIGH
CVE-2026-32889,tinytag,CWE-835,6.5,2.8,1.0,132.0,132.0,1,2.0,0.67,MEDIUM
CVE-2026-33017,tool,CWE-94,9.8,3.9,10.0,0.0,0.0,1,0.0,0.0,CRITICAL
CVE-2026-33054,framework,CWE-22,10.0,3.9,15.0,,,1,,,CRITICAL
CVE-2026-33057,framework,CWE-94,9.8,3.9,16.0,,,0,,,CRITICAL
CVE-2026-33139,static,CWE-184,7.8,1.8,1.0,0.0,0.0,1,1.0,0.0,HIGH
CVE-2026-33140,static,CWE-79,6.1,2.8,2.0,0.0,0.0,1,1.0,0.0,MEDIUM
CVE-2026-33154,dynaconf,CWE-94,7.5,1.6,1.0,130.0,130.0,1,9.0,1.17,HIGH
CVE-2026-33155,project,CWE-400,7.5,3.9,8.0,,,1,,,HIGH
CVE-2026-33230,suite,CWE-79,6.1,2.8,1.0,0.0,0.0,1,0.0,0.0,MEDIUM
CVE-2026-33231,suite,CWE-306,7.5,3.9,2.0,0.0,0.0,1,0.0,0.0,HIGH
CVE-2026-33236,suite,CWE-22,8.1,2.8,3.0,0.0,0.0,1,0.0,0.0,HIGH
CVE-2026-26209,provides,CWE-674,7.5,3.9,17.0,0.0,0.0,1,0.0,0.0,HIGH
CVE-2026-33314,free,CWE-287,6.5,3.9,29.0,0.0,0.0,1,0.0,0.0,MEDIUM
CVE-2026-33332,version,CWE-20,7.5,3.9,30.0,0.0,0.0,0,0.0,0.0,HIGH
CVE-2026-33509,free,CWE-269,7.5,1.6,30.0,0.0,0.0,1,0.0,0.0,HIGH
CVE-2026-33511,free,CWE-639,9.8,3.9,31.0,0.0,0.0,1,0.0,0.0,CRITICAL
CVE-2026-33430,tool,CWE-732,7.3,1.3,12.0,0.0,0.0,0,0.0,0.0,HIGH
CVE-2026-33545,mobile,CWE-89,5.3,1.6,2.0,,,1,,,MEDIUM
CVE-2026-33682,data,CWE-918,4.7,1.6,3.0,0.0,0.0,0,0.0,0.0,MEDIUM
CVE-2026-33744,library,CWE-94,7.8,1.8,39.0,108.0,108.0,1,7.0,5.83,HIGH
CVE-2026-33873,tool,CWE-94,9.9,3.1,13.0,0.0,0.0,1,0.0,0.0,CRITICAL
CVE-2026-33992,free,CWE-918,6.5,2.8,38.0,0.0,0.0,1,0.0,0.0,MEDIUM
CVE-2026-29872,information,CWE-200,8.2,3.9,1.0,0.0,0.0,1,2.0,0.0,HIGH
CVE-2026-28505,based,CWE-94,10.0,3.9,8.0,,,1,,,CRITICAL
CVE-2026-31799,based,CWE-20,4.9,1.2,9.0,,,1,,,MEDIUM
CVE-2026-31804,based,CWE-918,4.0,2.2,10.0,,,1,,,MEDIUM
CVE-2026-31831,based,CWE-23,7.5,3.9,11.0,,,1,,,HIGH
CVE-2026-32275,based,CWE-79,9.1,3.9,12.0,,,1,,,CRITICAL
CVE-2026-32714,reference,CWE-89,9.8,3.9,1.0,0.0,0.0,1,0.0,0.0,CRITICAL
CVE-2026-34073,cryptography,CWE-295,5.3,3.9,2.0,122.0,122.0,0,10.0,60.42,MEDIUM
CVE-2026-34172,library,CWE-1336,8.8,2.8,40.0,103.0,103.0,1,7.0,5.83,HIGH
CVE-2026-34406,and,CWE-915,8.8,2.8,71.0,,,1,,,HIGH
CVE-2026-34450,for,CWE-276,4.4,1.8,44.0,,,0,,,MEDIUM
CVE-2026-34452,for,CWE-59,5.3,1.0,46.0,,,0,,,MEDIUM
CVE-2026-34445,open,CWE-20,8.6,3.9,69.0,,,0,,,HIGH
CVE-2026-22815,asynchronous,CWE-400,7.5,3.9,11.0,0.0,0.0,0,0.0,0.0,HIGH
CVE-2026-34513,asynchronous,CWE-770,7.5,3.9,12.0,0.0,0.0,0,0.0,0.0,HIGH
CVE-2026-34514,asynchronous,CWE-113,5.3,3.9,13.0,0.0,0.0,0,0.0,0.0,MEDIUM
CVE-2026-34515,asynchronous,CWE-36,7.5,3.9,14.0,0.0,0.0,0,0.0,0.0,HIGH
CVE-2026-34516,asynchronous,CWE-770,7.5,3.9,15.0,0.0,0.0,0,0.0,0.0,HIGH
CVE-2026-34517,asynchronous,CWE-770,5.3,3.9,16.0,0.0,0.0,0,0.0,0.0,MEDIUM
CVE-2026-34518,asynchronous,CWE-200,5.3,3.9,17.0,0.0,0.0,0,0.0,0.0,MEDIUM
CVE-2026-34519,asynchronous,CWE-113,5.3,3.9,18.0,0.0,0.0,0,0.0,0.0,MEDIUM
CVE-2026-34520,asynchronous,CWE-113,9.1,3.9,19.0,0.0,0.0,0,0.0,0.0,CRITICAL
CVE-2026-34525,asynchronous,CWE-20,5.3,3.9,20.0,0.0,0.0,0,0.0,0.0,MEDIUM
CVE-2026-32871,way,CWE-918,10.0,3.9,1.0,0.0,0.0,1,0.0,0.0,CRITICAL
CVE-2026-35002,versions,CWE-95,9.8,3.9,461.0,0.0,0.0,0,1.0,0.0,CRITICAL
CVE-2026-34591,dependency,CWE-22,6.5,2.8,1.0,0.0,0.0,1,0.0,0.0,MEDIUM
CVE-2026-28797,versions,CWE-20,8.8,2.8,462.0,0.0,0.0,1,1.0,0.0,HIGH
CVE-2026-34824,framework,CWE-125,7.5,3.9,17.0,,,1,,,HIGH
CVE-2026-34937,teams,CWE-78,7.8,1.8,1.0,0.0,0.0,1,0.0,0.17,HIGH
CVE-2026-34938,teams,CWE-693,10.0,3.9,2.0,0.0,0.0,1,0.0,0.17,CRITICAL
CVE-2026-34939,teams,CWE-1333,6.5,2.8,3.0,0.0,0.0,1,0.0,0.17,MEDIUM
CVE-2026-33752,the,CWE-918,8.6,3.9,73.0,0.0,0.0,1,0.0,0.0,HIGH
CVE-2026-34756,inference,CWE-770,6.5,2.8,4.0,116.0,116.0,0,10.0,6.5,MEDIUM
CVE-2026-35029,proxy,CWE-863,8.8,2.8,2.0,0.0,0.0,0,0.0,0.0,HIGH
CVE-2026-35043,library,CWE-78,7.8,1.8,40.0,97.0,97.0,1,7.0,5.83,HIGH
CVE-2026-35044,library,CWE-1336,8.8,2.8,41.0,97.0,97.0,1,7.0,5.83,HIGH
CVE-2026-35050,web,CWE-22,9.1,2.3,31.0,,,1,,,CRITICAL
CVE-2026-35187,free,CWE-918,7.7,3.1,39.0,0.0,0.0,1,0.0,0.0,HIGH
CVE-2026-35459,free,CWE-918,9.1,3.9,40.0,0.0,0.0,1,0.0,0.0,CRITICAL
CVE-2026-35463,free,CWE-78,8.8,2.8,41.0,0.0,0.0,1,0.0,0.0,HIGH
CVE-2026-35464,free,CWE-502,7.5,1.6,42.0,0.0,0.0,1,0.0,0.0,HIGH
CVE-2026-35586,free,CWE-863,6.8,1.6,43.0,0.0,0.0,1,0.0,0.0,MEDIUM
CVE-2026-35592,free,CWE-22,5.3,1.6,44.0,0.0,0.0,1,0.0,0.0,MEDIUM
CVE-2026-39307,teams,CWE-22,8.1,2.8,4.0,0.0,0.0,1,0.0,0.17,HIGH
CVE-2026-39373,implements,CWE-409,5.3,3.9,1.0,0.0,0.0,1,0.0,0.0,MEDIUM
CVE-2026-39376,high,CWE-674,7.5,3.9,1.0,,,1,,,HIGH
CVE-2026-35533,mise,CWE-284,7.7,1.0,1.0,,,1,,,HIGH
CVE-2026-39847,web,CWE-22,9.1,3.9,34.0,,,0,,,CRITICAL
CVE-2026-33229,generic,CWE-862,9.8,3.9,8.0,0.0,0.0,1,1.0,0.33,CRITICAL
CVE-2026-33753,library,CWE-295,6.2,2.5,42.0,95.0,95.0,1,7.0,5.83,MEDIUM
CVE-2026-39844,only,CWE-22,5.9,2.2,1.0,0.0,0.0,0,1.0,0.0,MEDIUM
CVE-2026-39888,teams,CWE-657,9.9,3.1,5.0,0.0,0.0,0,0.0,0.17,CRITICAL
CVE-2026-39892,cryptography,CWE-119,9.8,3.9,3.0,113.0,113.0,0,10.0,60.42,CRITICAL
CVE-2026-39987,marimo,CWE-306,9.8,3.9,1.0,113.0,113.0,1,10.0,11.25,CRITICAL
CVE-2026-40071,free,CWE-863,5.4,2.8,45.0,0.0,0.0,1,0.0,0.0,MEDIUM
CVE-2026-40072,allows,CWE-918,7.2,3.9,23.0,0.0,0.0,1,0.0,0.0,HIGH
CVE-2026-40087,framework,CWE-1336,5.3,3.9,37.0,,,0,,,MEDIUM
CVE-2026-33793,with,CWE-250,7.8,1.8,5.0,0.0,0.0,0,0.0,0.0,HIGH
CVE-2026-40152,teams,CWE-22,5.3,3.9,8.0,0.0,0.0,1,0.0,0.17,MEDIUM
CVE-2026-40158,teams,CWE-94,8.6,1.8,9.0,0.0,0.0,1,0.0,0.17,HIGH
CVE-2026-40159,teams,CWE-200,5.5,1.8,10.0,0.0,0.0,0,0.0,0.17,MEDIUM
CVE-2026-39420,assistant,CWE-78,6.3,2.8,4.0,13.0,13.0,0,4.0,1.67,MEDIUM
CVE-2026-39421,assistant,CWE-94,6.3,2.8,5.0,13.0,13.0,0,4.0,1.67,MEDIUM
CVE-2026-39419,assistant,CWE-74,3.1,1.6,8.0,13.0,13.0,0,4.0,1.67,LOW
CVE-2026-40287,teams,CWE-94,8.4,2.5,11.0,0.0,0.0,1,0.0,0.17,HIGH
CVE-2026-40288,teams,CWE-78,9.8,3.9,12.0,0.0,0.0,1,0.0,0.17,CRITICAL
CVE-2026-40683,before,CWE-843,7.7,1.8,34.0,0.0,0.0,0,0.0,0.0,HIGH
CVE-2026-40192,imaging,CWE-400,7.5,3.9,3.0,,,0,,,HIGH
CVE-2026-40316,testing,CWE-94,8.8,2.8,2.0,,,1,,,HIGH
CVE-2026-40947,before,CWE-426,2.9,1.4,35.0,0.0,0.0,0,0.0,0.0,LOW
CVE-2026-40319,testing,CWE-1333,5.5,1.8,3.0,,,0,,,MEDIUM
CVE-2026-40258,for,CWE-22,9.1,2.3,49.0,,,0,,,CRITICAL
CVE-2026-40347,streaming,CWE-400,5.3,3.9,2.0,0.0,0.0,0,0.0,0.0,MEDIUM
CVE-2026-28684,reads,CWE-59,6.6,1.3,1.0,,,1,,,MEDIUM
CVE-2026-6550,algorithm,CWE-757,4.7,1.0,1.0,0.0,0.0,0,0.0,0.0,MEDIUM
CVE-2026-40594,free,CWE-346,4.8,2.2,47.0,0.0,0.0,1,0.0,0.0,MEDIUM
CVE-2026-40602,interface,CWE-94,5.6,0.3,2.0,0.0,0.0,0,0.0,0.0,MEDIUM
CVE-2026-41133,free,CWE-613,8.8,2.8,48.0,0.0,0.0,1,0.0,0.0,HIGH
CVE-2026-6859,flaw,CWE-829,8.8,2.8,6.0,,,0,,,HIGH
CVE-2026-41182,provide,CWE-200,5.3,3.9,3.0,0.0,0.0,0,0.0,0.0,MEDIUM
CVE-2026-41206,static,CWE-184,7.8,1.8,3.0,0.0,0.0,1,1.0,0.0,HIGH
CVE-2025-62373,framework,CWE-502,9.8,3.9,37.0,,,1,,,CRITICAL
CVE-2026-41205,template,CWE-22,7.5,3.9,5.0,0.0,0.0,0,0.0,0.0,HIGH
CVE-2026-41138,drag,CWE-94,8.8,2.8,3.0,0.0,0.0,1,0.0,0.0,HIGH
CVE-2026-41264,drag,CWE-184,9.8,3.9,4.0,0.0,0.0,1,0.0,0.0,CRITICAL
CVE-2026-41265,drag,CWE-77,9.8,3.9,5.0,0.0,0.0,1,0.0,0.0,CRITICAL
CVE-2026-33078,web,CWE-89,9.8,3.9,38.0,,,1,,,CRITICAL
CVE-2026-41066,lxml,CWE-611,7.5,3.9,1.0,53.0,53.0,1,10.0,97.75,HIGH
CVE-2026-41140,dependency,CWE-22,8.7,2.3,2.0,0.0,0.0,0,0.0,0.0,HIGH
CVE-2026-41425,library,CWE-352,5.4,2.8,43.0,79.0,79.0,1,7.0,5.83,MEDIUM
CVE-2026-41873,vulnerability,CWE-444,9.8,3.9,163.0,,,0,,,CRITICAL
CVE-2026-41391,before,CWE-184,5.3,1.0,39.0,0.0,0.0,0,0.0,0.0,MEDIUM
CVE-2026-30893,free,CWE-22,9.0,2.3,49.0,0.0,0.0,0,0.0,0.0,CRITICAL
CVE-2026-7466,contains,CWE-94,8.8,2.8,190.0,,,0,,,HIGH
CVE-2026-41016,provider,CWE-295,5.9,2.2,1.0,0.0,0.0,0,0.0,0.0,MEDIUM
CVE-2026-7584,serialization,CWE-502,7.8,1.8,1.0,0.0,0.0,0,0.0,0.0,HIGH
CVE-2026-43003,issue,CWE-829,8.0,1.3,18.0,0.0,0.0,0,0.0,0.0,HIGH
CVE-2026-7669,vulnerability,CWE-74,5.6,2.2,159.0,,,0,,,MEDIUM
CVE-2026-29514,versions,CWE-183,8.8,2.8,475.0,0.0,0.0,0,1.0,0.0,HIGH
CVE-2026-42079,agentic,CWE-95,8.6,1.8,1.0,0.0,0.0,0,0.0,0.0,HIGH
CVE-2026-42088,provides,CWE-250,9.6,3.1,26.0,0.0,0.0,1,0.0,0.0,CRITICAL
CVE-2026-42796,before,CWE-306,9.8,3.9,39.0,0.0,0.0,0,0.0,0.0,CRITICAL
CVE-2026-42234,open,CWE-94,8.8,2.8,81.0,,,0,,,HIGH
CVE-2026-7810,flaw,CWE-22,7.3,3.9,7.0,,,0,,,HIGH
CVE-2026-40110,the,CWE-777,7.3,2.1,85.0,0.0,0.0,0,0.0,0.0,HIGH
CVE-2026-29080,injection,CWE-89,8.8,2.8,7.0,,,0,,,HIGH
CVE-2026-29090,injection,CWE-89,8.8,2.8,8.0,,,0,,,HIGH
CVE-2026-33587,user,CWE-20,10.0,3.9,3.0,,,0,,,CRITICAL
CVE-2026-42215,python,CWE-78,8.8,2.8,1.0,,,1,,,HIGH
CVE-2026-42284,python,CWE-88,8.1,2.2,2.0,,,1,,,HIGH
CVE-2026-44243,python,CWE-22,7.1,1.8,3.0,,,1,,,HIGH
CVE-2026-44244,python,CWE-94,7.8,1.8,4.0,,,1,,,HIGH
CVE-2026-41497,teams,CWE-77,9.8,3.9,14.0,0.0,0.0,1,0.0,0.17,CRITICAL
CVE-2026-44336,teams,CWE-20,9.6,2.8,15.0,0.0,0.0,1,0.0,0.17,CRITICAL
CVE-2026-42351,pygeoapi,CWE-22,7.5,3.9,1.0,80.0,80.0,0,2.0,1.5,HIGH
CVE-2026-42352,pygeoapi,CWE-918,8.6,3.9,2.0,80.0,80.0,0,2.0,1.5,HIGH
CVE-2026-42308,imaging,CWE-190,5.5,1.8,4.0,,,0,,,MEDIUM
CVE-2026-42309,imaging,CWE-122,5.5,1.8,5.0,,,0,,,MEDIUM
CVE-2026-42310,imaging,CWE-835,5.5,1.8,6.0,,,0,,,MEDIUM
CVE-2026-42311,imaging,CWE-190,7.8,1.8,7.0,,,0,,,HIGH
CVE-2026-7818,untrusted,CWE-502,7.0,1.0,3.0,0.0,0.0,0,0.0,0.0,HIGH
CVE-2026-31249,thru,CWE-502,7.3,3.9,6.0,0.0,0.0,0,0.0,0.0,HIGH
CVE-2026-31250,thru,CWE-502,7.3,3.9,7.0,0.0,0.0,0,0.0,0.0,HIGH
CVE-2026-31251,thru,CWE-20,7.3,3.9,8.0,0.0,0.0,0,0.0,0.0,HIGH
CVE-2026-31252,thru,CWE-94,5.7,1.5,9.0,0.0,0.0,0,0.0,0.0,MEDIUM
CVE-2026-31253,training,CWE-94,7.3,3.9,1.0,,,0,,,HIGH
CVE-2026-31254,project,CWE-95,7.3,3.9,9.0,,,0,,,HIGH
CVE-2026-42312,free,CWE-295,6.8,1.6,50.0,0.0,0.0,1,0.0,0.0,MEDIUM
CVE-2026-42313,free,CWE-441,8.3,2.8,51.0,0.0,0.0,1,0.0,0.0,HIGH
CVE-2026-42314,free,CWE-22,6.5,2.8,52.0,0.0,0.0,1,0.0,0.0,MEDIUM
CVE-2026-42315,free,CWE-22,8.1,2.8,53.0,0.0,0.0,1,0.0,0.0,HIGH
CVE-2026-44226,free,CWE-209,5.3,3.9,54.0,0.0,0.0,1,0.0,0.0,MEDIUM
CVE-2026-42874,minimalistic,CWE-113,3.7,2.2,2.0,,,0,,,LOW
CVE-2026-31214,script,CWE-502,9.8,3.9,1.0,,,0,,,CRITICAL
CVE-2026-31217,function,CWE-94,9.8,3.9,1.0,0.0,0.0,0,0.0,0.0,CRITICAL
CVE-2026-31218,function,CWE-502,8.8,2.8,2.0,0.0,0.0,0,0.0,0.0,HIGH
CVE-2026-31219,function,CWE-502,8.8,2.8,3.0,0.0,0.0,0,0.0,0.0,HIGH
CVE-2026-31220,versions,CWE-94,9.8,3.9,480.0,0.0,0.0,0,1.0,0.0,CRITICAL
CVE-2026-31221,versions,CWE-502,7.8,1.8,481.0,0.0,0.0,1,1.0,0.0,HIGH
CVE-2026-31222,snorkel,CWE-502,8.8,2.8,1.0,0.0,0.0,0,1.0,0.0,HIGH
CVE-2026-31223,snorkel,CWE-502,8.8,2.8,2.0,0.0,0.0,0,1.0,0.0,HIGH
CVE-2026-31224,snorkel,CWE-502,8.8,2.8,3.0,0.0,0.0,0,1.0,0.0,HIGH
CVE-2026-31225,superduper,CWE-94,8.8,2.8,1.0,0.0,0.0,0,0.0,0.0,HIGH
CVE-2026-31228,thru,CWE-94,9.8,3.9,10.0,0.0,0.0,0,0.0,0.0,CRITICAL
CVE-2026-31229,thru,CWE-502,9.8,3.9,11.0,0.0,0.0,0,0.0,0.0,CRITICAL
CVE-2026-31230,thru,CWE-88,9.8,3.9,12.0,0.0,0.0,0,0.0,0.0,CRITICAL
CVE-2026-31231,thru,CWE-94,9.8,3.9,13.0,0.0,0.0,0,0.0,0.0,CRITICAL
CVE-2026-31232,project,CWE-502,8.8,2.8,10.0,,,0,,,HIGH
CVE-2026-31235,imgaug,CWE-502,9.8,3.9,1.0,0.0,0.0,0,0.0,0.0,CRITICAL
CVE-2026-31236,llm,CWE-94,9.8,3.9,1.0,79.0,79.0,0,6.0,2.17,CRITICAL
CVE-2026-31237,framework,CWE-502,9.8,3.9,39.0,,,0,,,CRITICAL
CVE-2026-31238,framework,CWE-502,9.8,3.9,40.0,,,0,,,CRITICAL
CVE-2026-31239,mamba,CWE-502,9.8,3.9,1.0,0.0,0.0,0,1.0,0.0,CRITICAL
CVE-2026-42544,server,CWE-20,7.5,3.9,5.0,,,0,,,HIGH
CVE-2026-42545,server,CWE-248,5.9,2.2,6.0,,,0,,,MEDIUM
CVE-2026-43948,wger,CWE-863,9.9,3.1,2.0,0.0,0.0,0,1.0,0.0,CRITICAL
CVE-2026-44304,manages,CWE-90,8.1,2.8,1.0,,,0,,,HIGH
CVE-2026-45227,before,CWE-693,8.8,2.8,40.0,0.0,0.0,0,0.0,0.0,HIGH
CVE-2026-44431,client,CWE-200,5.3,3.9,8.0,,,0,,,MEDIUM
CVE-2026-44432,client,CWE-409,7.5,3.9,9.0,,,0,,,HIGH
CVE-2026-42304,framework,CWE-400,7.5,3.9,42.0,,,1,,,HIGH
CVE-2026-42561,streaming,CWE-770,7.5,3.9,3.0,0.0,0.0,0,0.0,0.0,HIGH
CVE-2026-44827,the,CWE-94,8.8,2.8,89.0,0.0,0.0,1,0.0,0.0,HIGH
CVE-2026-8596,storage,CWE-312,7.2,1.2,1.0,0.0,0.0,0,0.0,0.0,HIGH
CVE-2026-8597,integrity,CWE-354,7.2,1.2,1.0,0.0,0.0,0,0.0,0.0,HIGH
CVE-2026-44661,the,CWE-918,4.7,1.6,90.0,0.0,0.0,0,0.0,0.0,MEDIUM
CVE-2026-45369,the,CWE-78,8.3,1.6,91.0,0.0,0.0,0,0.0,0.0,HIGH
CVE-2026-45370,the,CWE-526,7.7,3.1,92.0,0.0,0.0,0,0.0,0.0,HIGH
CVE-2026-46383,dependency,CWE-22,5.5,1.8,3.0,0.0,0.0,0,0.0,0.0,MEDIUM
CVE-2026-45395,artificial,CWE-269,7.2,1.2,7.0,0.0,0.0,1,0.0,0.0,HIGH
CVE-2026-45672,artificial,CWE-863,8.8,2.8,8.0,0.0,0.0,1,0.0,0.0,HIGH
CVE-2021-47952,python,CWE-94,9.8,3.9,5.0,,,0,,,CRITICAL
CVE-2026-7304,multimodal,CWE-502,9.8,3.9,1.0,0.0,0.0,0,1.0,0.0,CRITICAL
CVE-2026-45829,code,CWE-94,10.0,3.9,11.0,,,0,,,CRITICAL
CVE-2026-4137,versions,CWE-378,7.8,1.8,481.0,0.0,0.0,1,1.0,0.0,HIGH
CVE-2026-8838,use,CWE-94,9.8,3.9,2.0,0.0,0.0,0,0.0,0.0,CRITICAL
CVE-2026-33234,workflow,CWE-918,5.0,3.1,2.0,0.0,0.0,0,0.0,0.0,MEDIUM
CVE-2026-31072,and,CWE-502,9.8,3.9,80.0,,,0,,,CRITICAL
CVE-2026-48207,untrusted,CWE-502,9.8,3.9,4.0,0.0,0.0,0,0.0,0.0,CRITICAL
CVE-2026-40610,library,CWE-59,5.5,1.8,48.0,51.0,51.0,1,7.0,5.83,MEDIUM
CVE-2026-5817,inference,CWE-829,8.2,1.5,5.0,69.0,69.0,0,10.0,6.5,HIGH
CVE-2026-5843,inference,CWE-829,8.2,1.5,6.0,69.0,69.0,0,10.0,6.5,HIGH
CVE-2026-4372,critical,CWE-1066,7.8,1.8,7.0,,,1,,,HIGH
CVE-2026-44502,error,CWE-918,4.3,2.8,2.0,,,0,,,MEDIUM
CVE-2026-44723,machine,CWE-78,5.0,3.1,1.0,0.0,0.0,1,0.0,0.0,MEDIUM
CVE-2026-44450,chat,CWE-88,9.9,3.1,3.0,0.0,0.0,0,3.0,0.0,CRITICAL
CVE-2026-44708,parser,CWE-79,6.1,2.8,4.0,,,1,,,MEDIUM
CVE-2026-44843,framework,CWE-502,8.2,3.9,41.0,,,0,,,HIGH
CVE-2026-44896,parser,CWE-79,6.1,2.8,5.0,,,0,,,MEDIUM
CVE-2026-44897,parser,CWE-79,6.1,2.8,6.0,,,1,,,MEDIUM
CVE-2026-44898,parser,CWE-79,6.1,2.8,7.0,,,1,,,MEDIUM
CVE-2026-44899,parser,CWE-79,4.7,2.8,8.0,,,1,,,MEDIUM
CVE-2026-44345,library,CWE-78,8.8,2.8,50.0,46.0,46.0,1,7.0,5.83,HIGH
CVE-2026-44346,library,CWE-78,8.8,2.8,51.0,46.0,46.0,1,7.0,5.83,HIGH
CVE-2026-42197,courseware,CWE-79,8.7,2.3,1.0,,,0,,,HIGH
CVE-2026-44681,library,CWE-601,6.1,2.8,52.0,46.0,46.0,1,7.0,5.83,MEDIUM
CVE-2026-44887,intruder,CWE-94,9.8,3.9,1.0,0.0,0.0,0,0.0,0.0,CRITICAL
CVE-2026-44888,intruder,CWE-94,9.8,3.9,2.0,0.0,0.0,0,0.0,0.0,CRITICAL
CVE-2026-45134,provide,CWE-502,7.1,2.8,4.0,0.0,0.0,0,0.0,0.0,HIGH
CVE-2026-44660,fast,CWE-401,7.5,3.9,3.0,0.0,0.0,1,0.0,0.0,HIGH
CVE-2026-45136,cache,CWE-78,7.8,1.8,1.0,0.0,0.0,1,0.0,0.0,HIGH
CVE-2026-45017,engine,CWE-22,7.5,3.9,3.0,,,0,,,HIGH
CVE-2026-48522,implementation,CWE-441,4.2,1.6,9.0,,,1,,,MEDIUM
CVE-2026-48523,implementation,CWE-347,5.4,2.8,10.0,,,1,,,MEDIUM
CVE-2026-48524,implementation,CWE-460,3.7,2.2,11.0,,,0,,,LOW
CVE-2026-48525,implementation,CWE-400,5.3,3.9,12.0,,,1,,,MEDIUM
CVE-2026-48526,implementation,CWE-287,7.4,2.2,13.0,,,1,,,HIGH
CVE-2026-45296,session,CWE-284,7.7,3.1,1.0,,,0,,,HIGH
CVE-2026-45306,free,CWE-706,6.5,1.2,53.0,0.0,0.0,0,0.0,0.0,MEDIUM
CVE-2026-45348,free,CWE-79,8.7,2.3,54.0,0.0,0.0,0,0.0,0.0,HIGH
CVE-2026-46561,free,CWE-918,5.0,3.1,55.0,0.0,0.0,0,0.0,0.0,MEDIUM
CVE-2026-45426,requires,CWE-863,3.1,1.6,1.0,0.0,0.0,0,2.0,0.33,LOW
CVE-2026-10300,security,CWE-617,3.7,2.2,4.0,0.0,0.0,0,0.0,0.0,LOW
CVE-2026-45553,version,CWE-200,7.5,3.9,60.0,0.0,0.0,0,0.0,0.0,HIGH
CVE-2026-45554,version,CWE-248,5.3,3.9,61.0,0.0,0.0,0,0.0,0.0,MEDIUM
CVE-2026-34993,asynchronous,CWE-502,6.4,0.6,21.0,0.0,0.0,0,0.0,0.0,MEDIUM
CVE-2026-47265,asynchronous,CWE-346,7.5,3.9,22.0,0.0,0.0,0,0.0,0.0,HIGH
CVE-2026-5241,vulnerability,CWE-829,9.6,2.8,157.0,,,1,,,CRITICAL
CVE-2026-43984,based,CWE-79,8.9,2.3,14.0,,,0,,,HIGH
CVE-2026-43985,based,CWE-352,8.8,2.8,15.0,,,0,,,HIGH
CVE-2026-43986,based,CWE-918,9.9,3.1,16.0,,,0,,,CRITICAL
CVE-2026-45409,for,CWE-1333,5.3,3.9,59.0,,,0,,,MEDIUM
CVE-2026-11393,neutralization,CWE-94,9.0,2.3,4.0,,,0,,,CRITICAL
CVE-2026-44716,framework,CWE-22,7.5,3.9,42.0,,,1,,,HIGH
CVE-2026-20251,versions,CWE-502,8.8,2.8,538.0,0.0,0.0,0,1.0,0.0,HIGH
CVE-2026-11816,versions,CWE-22,8.1,2.8,319.0,0.0,0.0,1,1.0,0.0,HIGH
CVE-2026-47157,aiograpi,CWE-918,6.5,2.8,1.0,47.0,47.0,0,10.0,24.33,MEDIUM
CVE-2026-52858,open,CWE-94,7.8,1.8,95.0,,,0,,,HIGH
CVE-2026-52860,open,CWE-94,7.8,1.8,96.0,,,0,,,HIGH
CVE-2026-45830,lack,CWE-639,8.8,2.8,1.0,0.0,0.0,0,0.0,0.0,HIGH
CVE-2026-45831,authorization,CWE-863,8.8,2.8,2.0,,,0,,,HIGH
CVE-2026-45832,endpoints,CWE-639,8.8,2.8,1.0,0.0,0.0,0,5.0,1.0,HIGH
CVE-2026-45833,code,CWE-94,8.8,2.8,12.0,,,0,,,HIGH
CVE-2026-42851,based,CWE-94,7.8,1.8,18.0,,,1,,,HIGH
CVE-2026-12210,vulnerability,CWE-918,6.3,2.8,154.0,,,0,,,MEDIUM
CVE-2026-48775,implementation,CWE-502,6.8,0.9,15.0,,,0,,,MEDIUM
CVE-2026-53842,before,CWE-426,7.1,1.8,80.0,0.0,0.0,0,0.0,0.0,HIGH
CVE-2026-48776,used,CWE-22,4.2,1.6,4.0,,,0,,,MEDIUM
CVE-2026-48782,agent,CWE-918,6.8,2.2,3.0,0.0,0.0,0,0.0,0.0,MEDIUM
CVE-2026-47103,versions,CWE-95,9.8,3.9,318.0,0.0,0.0,1,1.0,0.0,CRITICAL
CVE-2025-26240,the,CWE-120,8.4,2.5,102.0,0.0,0.0,0,0.0,0.0,HIGH
CVE-2026-53873,picklescan,CWE-184,9.8,3.9,1.0,13.0,13.0,0,4.0,2.5,CRITICAL
CVE-2026-53805,contains,CWE-502,9.8,3.9,238.0,,,0,,,CRITICAL
CVE-2026-12530,neutralization,CWE-88,7.3,2.1,5.0,,,0,,,HIGH
CVE-2026-48990,joserfc,CWE-400,5.3,3.9,3.0,31.0,31.0,0,4.0,4.0,MEDIUM
CVE-2026-38714,and,CWE-77,9.8,3.9,85.0,,,0,,,CRITICAL
CVE-2026-38716,and,CWE-77,9.8,3.9,86.0,,,0,,,CRITICAL
CVE-2026-49257,server,CWE-306,10.0,3.9,7.0,,,0,,,CRITICAL
CVE-2026-10561,through,CWE-94,10.0,3.9,52.0,,,0,,,CRITICAL
CVE-2026-53655,for,CWE-436,5.5,1.8,66.0,,,1,,,MEDIUM
CVE-2026-50269,asynchronous,CWE-93,7.5,3.9,23.0,0.0,0.0,0,0.0,0.0,HIGH
CVE-2026-53537,streaming,CWE-20,3.7,2.2,4.0,0.0,0.0,0,0.0,0.0,LOW
CVE-2026-53538,streaming,CWE-436,3.7,2.2,5.0,0.0,0.0,0,0.0,0.0,LOW
CVE-2026-53539,streaming,CWE-400,7.5,3.9,6.0,0.0,0.0,0,0.0,0.0,HIGH
CVE-2026-53540,streaming,CWE-1284,3.7,2.2,7.0,0.0,0.0,0,0.0,0.0,LOW
CVE-2026-54273,asynchronous,CWE-770,7.5,3.9,24.0,0.0,0.0,0,0.0,0.0,HIGH
CVE-2026-54274,asynchronous,CWE-770,7.5,3.9,25.0,0.0,0.0,0,0.0,0.0,HIGH
CVE-2026-54275,asynchronous,CWE-297,7.5,3.9,26.0,0.0,0.0,0,0.0,0.0,HIGH
CVE-2026-54276,asynchronous,CWE-200,6.1,2.8,27.0,0.0,0.0,0,0.0,0.0,MEDIUM
CVE-2026-54277,asynchronous,CWE-770,7.5,3.9,28.0,0.0,0.0,0,0.0,0.0,HIGH
CVE-2026-54278,asynchronous,CWE-409,7.5,3.9,29.0,0.0,0.0,0,0.0,0.0,HIGH
CVE-2026-54279,asynchronous,CWE-665,7.5,3.9,30.0,0.0,0.0,0,0.0,0.0,HIGH
CVE-2026-54280,asynchronous,CWE-404,7.5,3.9,31.0,0.0,0.0,0,0.0,0.0,HIGH
CVE-2026-54293,suite,CWE-22,7.5,3.9,4.0,0.0,0.0,1,0.0,0.0,HIGH
CVE-2026-41479,library,CWE-601,5.4,2.8,54.0,20.0,20.0,1,7.0,5.83,MEDIUM
CVE-2025-71339,before,CWE-502,8.1,2.8,85.0,0.0,0.0,0,0.0,0.0,HIGH
CVE-2026-44889,provides,CWE-601,6.1,2.8,33.0,0.0,0.0,0,0.0,0.0,MEDIUM
CVE-2026-54911,fast,CWE-20,6.5,3.9,4.0,0.0,0.0,0,0.0,0.0,MEDIUM
CVE-2026-41523,inference,CWE-94,7.5,1.6,7.0,38.0,38.0,1,10.0,6.5,HIGH
CVE-2026-54235,inference,CWE-1287,6.5,3.9,9.0,38.0,38.0,1,10.0,6.5,MEDIUM
CVE-2026-56315,picklescan,CWE-184,9.8,3.9,2.0,7.0,7.0,0,4.0,2.5,CRITICAL
CVE-2026-48519,tool,CWE-94,9.6,2.8,18.0,0.0,0.0,1,0.0,0.0,CRITICAL
CVE-2026-49444,open,CWE-20,8.5,3.1,101.0,,,0,,,HIGH
CVE-2026-53753,friendly,CWE-94,9.8,3.9,1.0,0.0,0.0,0,10.0,0.0,CRITICAL
CVE-2026-56121,before,CWE-502,9.8,3.9,85.0,0.0,0.0,0,0.0,0.0,CRITICAL
CVE-2026-44017,simplifies,CWE-22,7.5,1.6,2.0,,,0,,,HIGH
CVE-2026-49851,parser,CWE-400,7.5,3.9,11.0,,,0,,,HIGH
CVE-2026-23879,library,CWE-59,8.0,2.1,55.0,18.0,18.0,0,7.0,5.83,HIGH
CVE-2026-33235,workflow,CWE-400,7.7,3.1,4.0,0.0,0.0,0,0.0,0.0,HIGH
CVE-2026-53194,the,CWE-787,7.8,1.8,105.0,0.0,0.0,0,0.0,0.0,HIGH
CVE-2026-57456,open,CWE-94,7.8,1.8,106.0,,,0,,,HIGH
CVE-2025-71340,picklescan,CWE-502,8.1,2.8,3.0,5.0,5.0,0,4.0,2.5,HIGH
CVE-2026-33646,mise,CWE-94,9.6,2.8,2.0,,,0,,,CRITICAL
CVE-2026-54557,mise,CWE-22,5.5,1.8,3.0,,,0,,,MEDIUM
CVE-2026-55441,mise,CWE-78,8.6,1.8,4.0,,,0,,,HIGH
CVE-2026-55448,mise,CWE-78,6.3,1.0,5.0,,,0,,,MEDIUM
CVE-2026-29509,before,CWE-22,5.4,2.8,87.0,0.0,0.0,0,0.0,0.0,MEDIUM
CVE-2026-13749,neutralization,CWE-94,8.8,2.8,6.0,,,0,,,HIGH
CVE-2026-12243,version,CWE-22,7.5,3.9,61.0,0.0,0.0,1,0.0,0.0,HIGH
CVE-2026-58116,through,CWE-94,9.8,3.9,54.0,,,1,,,CRITICAL
CVE-2026-58138,before,CWE-94,9.8,3.9,88.0,0.0,0.0,0,0.0,0.0,CRITICAL
CVE-2026-57585,the,CWE-416,7.5,3.9,107.0,0.0,0.0,0,0.0,0.0,HIGH
CVE-2025-71352,picklescan,CWE-693,8.1,2.8,4.0,0.0,0.0,0,4.0,2.5,HIGH
CVE-2025-71374,picklescan,CWE-502,8.1,2.8,5.0,0.0,0.0,0,4.0,2.5,HIGH
CVE-2026-56777,before,CWE-184,5.0,3.1,90.0,0.0,0.0,0,0.0,0.0,MEDIUM
CVE-2025-71372,before,CWE-502,8.1,2.8,93.0,0.0,0.0,0,0.0,0.0,HIGH
CVE-2026-14534,fickling,CWE-184,8.8,2.8,1.0,0.0,0.0,1,1.0,1.33,HIGH
CVE-2026-54059,imaging,CWE-789,7.5,3.9,7.0,,,1,,,HIGH
CVE-2026-54060,imaging,CWE-789,7.5,3.9,8.0,,,1,,,HIGH
CVE-2026-55379,imaging,CWE-789,7.5,3.9,9.0,,,1,,,HIGH
CVE-2026-55380,imaging,CWE-789,7.5,3.9,10.0,,,1,,,HIGH
CVE-2026-55798,imaging,CWE-78,4.5,1.0,11.0,,,1,,,MEDIUM
CVE-2026-15062,injection,CWE-89,9.6,3.1,13.0,,,0,,,CRITICAL
CVE-2026-59890,setuptools,CWE-176,6.1,1.8,1.0,0.0,0.0,1,10.0,1.33,MEDIUM
CVE-2026-59922,parser,CWE-407,7.5,3.9,15.0,,,1,,,HIGH
CVE-2026-59923,parser,CWE-79,6.1,2.8,16.0,,,1,,,MEDIUM
CVE-2026-59924,parser,CWE-22,5.9,2.2,17.0,,,1,,,MEDIUM
CVE-2026-59925,parser,CWE-407,7.5,3.9,18.0,,,1,,,HIGH
CVE-2026-59926,parser,CWE-79,6.1,2.8,19.0,,,0,,,MEDIUM
CVE-2026-59927,parser,CWE-674,5.3,3.9,20.0,,,1,,,MEDIUM
CVE-2026-59928,parser,CWE-407,7.5,3.9,21.0,,,1,,,HIGH
CVE-2026-59929,parser,CWE-79,6.1,2.8,22.0,,,1,,,MEDIUM
CVE-2026-59930,parser,CWE-345,4.3,2.8,23.0,,,1,,,MEDIUM
CVE-2026-58501,before,CWE-918,5.9,2.2,97.0,0.0,0.0,0,0.0,0.0,MEDIUM
CVE-2026-59821,proxy,CWE-94,7.2,1.2,3.0,0.0,0.0,0,0.0,0.0,HIGH
CVE-2026-59939,comprehensive,CWE-409,7.5,3.9,1.0,,,1,,,HIGH
CVE-2026-54590,package,CWE-22,5.9,2.2,15.0,0.0,0.0,0,0.0,0.0,MEDIUM
CVE-2026-54591,package,CWE-22,8.1,2.8,16.0,0.0,0.0,0,0.0,0.0,HIGH
CVE-2026-55830,tool,CWE-184,8.3,1.7,19.0,0.0,0.0,0,0.0,0.0,HIGH
CVE-2026-54499,library,CWE-502,7.5,1.6,58.0,4.0,4.0,1,7.0,5.83,HIGH
CVE-2026-59214,extensible,CWE-79,7.3,2.1,3.0,0.0,0.0,0,0.0,0.0,HIGH
CVE-2026-59216,extensible,CWE-94,7.7,1.3,4.0,0.0,0.0,0,0.0,0.0,HIGH
CVE-2026-54695,framework,CWE-862,7.5,2.2,44.0,,,1,,,HIGH
CVE-2026-54769,framework,CWE-94,10.0,3.9,45.0,,,0,,,CRITICAL
CVE-2026-61437,package,CWE-693,7.8,1.8,17.0,0.0,0.0,0,0.0,0.0,HIGH
CVE-2026-61444,versions,CWE-94,9.1,2.3,317.0,0.0,0.0,0,1.0,0.0,CRITICAL
CVE-2026-55659,spreadsheet,CWE-79,7.7,1.3,2.0,0.0,0.0,0,0.0,0.0,HIGH
CVE-2026-55664,spreadsheet,CWE-200,4.3,2.8,3.0,0.0,0.0,0,0.0,0.0,MEDIUM
CVE-2026-14480,contains,CWE-73,9.9,3.1,244.0,,,0,,,CRITICAL
CVE-2026-61447,before,CWE-94,10.0,3.9,101.0,0.0,0.0,0,0.0,0.0,CRITICAL
CVE-2026-12482,vulnerability,CWE-22,3.1,1.6,156.0,,,0,,,LOW
CVE-2026-59198,imaging,CWE-125,6.5,2.2,12.0,,,1,,,MEDIUM
CVE-2026-59199,imaging,CWE-190,7.5,3.9,13.0,,,1,,,HIGH
CVE-2026-59203,imaging,CWE-835,5.3,3.9,14.0,,,1,,,MEDIUM
CVE-2026-59204,imaging,CWE-789,7.5,3.9,15.0,,,1,,,HIGH
CVE-2026-59205,imaging,CWE-787,7.5,3.9,16.0,,,1,,,HIGH
CVE-2026-59197,imaging,CWE-190,8.2,3.9,17.0,,,1,,,HIGH
CVE-2026-59200,imaging,CWE-400,7.5,3.9,18.0,,,1,,,HIGH
CVE-2026-59884,generic,CWE-400,7.5,3.9,8.0,0.0,0.0,0,1.0,0.33,HIGH
CVE-2026-59885,generic,CWE-400,7.5,3.9,9.0,0.0,0.0,0,1.0,0.33,HIGH
CVE-2026-59886,generic,CWE-400,7.5,3.9,10.0,0.0,0.0,0,1.0,0.33,HIGH
CVE-2026-49853,web,CWE-200,7.7,3.1,41.0,,,0,,,HIGH
CVE-2026-49854,web,CWE-126,5.3,3.9,42.0,,,0,,,MEDIUM
CVE-2026-49855,web,CWE-409,7.5,3.9,43.0,,,0,,,HIGH
CVE-2026-61433,before,CWE-94,7.8,1.8,106.0,0.0,0.0,0,0.0,0.0,HIGH
CVE-2026-61446,before,CWE-94,8.4,2.5,107.0,0.0,0.0,0,0.0,0.0,HIGH
CVE-2026-15746,for,CWE-918,6.5,2.8,66.0,,,0,,,MEDIUM
CVE-2026-11386,input,CWE-20,9.0,2.2,3.0,0.0,0.0,0,0.0,0.0,CRITICAL
CVE-2026-59862,based,CWE-94,7.5,3.9,18.0,,,0,,,HIGH
CVE-2026-45568,zrok,CWE-22,9.1,3.9,2.0,0.0,0.0,0,3.0,1.67,CRITICAL
CVE-2026-46621,mission,CWE-94,9.1,2.3,3.0,0.0,0.0,1,0.0,0.0,CRITICAL
CVE-2026-15737,library,CWE-532,5.7,2.1,61.0,0.0,0.0,0,7.0,5.83,MEDIUM
CVE-2026-46338,set,CWE-22,4.3,2.8,2.0,,,1,,,MEDIUM
CVE-2026-44722,pyzipper,CWE-480,6.2,2.5,1.0,0.0,0.0,0,1.0,0.17,MEDIUM
CVE-2026-45309,package,CWE-22,7.5,3.9,18.0,0.0,0.0,1,0.0,0.0,HIGH
CVE-2026-47180,pure,CWE-674,6.5,2.8,1.0,0.0,0.0,0,0.0,0.0,MEDIUM
CVE-2026-47183,pure,CWE-400,6.5,2.8,2.0,0.0,0.0,0,0.0,0.0,MEDIUM
CVE-2026-47184,pure,CWE-770,6.5,2.8,3.0,0.0,0.0,0,0.0,0.0,MEDIUM
CVE-2026-48045,pure,CWE-770,6.5,2.8,4.0,0.0,0.0,0,0.0,0.0,MEDIUM
CVE-2026-9135,through,CWE-94,9.9,3.1,55.0,,,0,,,CRITICAL
CVE-2026-14499,through,CWE-78,8.8,2.8,56.0,,,0,,,HIGH
CVE-2026-8476,through,CWE-502,9.9,3.1,57.0,,,0,,,CRITICAL
CVE-2026-8481,through,CWE-94,9.9,3.1,58.0,,,0,,,CRITICAL
CVE-2026-50271,the,CWE-770,7.5,3.9,108.0,0.0,0.0,0,0.0,0.0,HIGH
CVE-2026-9147,uproot,CWE-94,7.8,1.8,1.0,0.0,0.0,0,10.0,1.83,HIGH
CVE-2026-9323,urwid,CWE-338,8.1,2.2,1.0,7.0,7.0,0,10.0,2.0,HIGH
CVE-2026-42566,open,CWE-20,7.5,3.9,113.0,,,0,,,HIGH
CVE-2026-47391,teams,CWE-95,9.8,3.9,16.0,0.0,0.0,0,0.0,0.17,CRITICAL
CVE-2026-47392,teams,CWE-184,9.9,3.1,17.0,0.0,0.0,0,0.0,0.17,CRITICAL
CVE-2026-64824,before,CWE-22,8.4,1.7,110.0,0.0,0.0,0,0.0,0.0,HIGH
CVE-2026-46556,written,CWE-918,6.5,2.8,1.0,0.0,0.0,0,0.0,0.0,MEDIUM
CVE-2026-47731,the,CWE-22,9.1,3.9,117.0,0.0,0.0,0,0.0,0.0,CRITICAL
CVE-2026-65908,before,CWE-829,8.6,1.8,114.0,0.0,0.0,0,0.0,0.0,HIGH
CVE-2026-16796,neutralization,CWE-88,7.3,2.1,7.0,,,0,,,HIGH
CVE-2026-54422,through,CWE-522,5.5,1.0,61.0,,,0,,,MEDIUM
CVE-2026-66138,through,CWE-78,7.2,1.2,62.0,,,0,,,HIGH
CVE-2025-71408,before,CWE-95,7.8,1.8,119.0,0.0,0.0,0,0.0,0.0,HIGH
CVE-2026-63720,prior,CWE-94,7.5,1.6,6.0,0.0,0.0,0,2.0,0.0,HIGH
CVE-2026-17497,before,CWE-78,8.3,1.6,121.0,0.0,0.0,0,0.0,0.0,HIGH
CVE-2026-41608,vulnerability,CWE-409,7.5,3.9,156.0,,,0,,,HIGH
CVE-2026-43871,with,CWE-835,7.5,3.9,7.0,0.0,0.0,0,0.0,0.0,HIGH
CVE-2026-48586,vulnerability,CWE-409,7.5,3.9,158.0,,,0,,,HIGH
CVE-2026-66053,with,CWE-297,5.9,2.2,8.0,0.0,0.0,0,0.0,0.0,MEDIUM
CVE-2026-67182,through,CWE-444,7.5,2.2,67.0,,,0,,,HIGH
CVE-2026-54635,pytonapi,CWE-287,7.5,3.9,1.0,0.0,0.0,0,5.0,1.0,HIGH
CVE-2026-54621,generates,CWE-94,7.8,1.8,3.0,0.0,0.0,0,0.0,0.0,HIGH
CVE-2026-54653,generates,CWE-94,8.8,2.8,4.0,0.0,0.0,0,0.0,0.0,HIGH
CVE-2026-54654,generates,CWE-94,7.8,1.8,5.0,0.0,0.0,0,0.0,0.0,HIGH
CVE-2026-54655,generates,CWE-94,7.8,1.8,6.0,0.0,0.0,0,0.0,0.0,HIGH
CVE-2026-54656,generates,CWE-94,7.8,1.8,7.0,0.0,0.0,0,0.0,0.0,HIGH
CVE-2026-54691,generates,CWE-918,8.2,2.8,8.0,0.0,0.0,0,0.0,0.0,HIGH
CVE-2026-55390,generates,CWE-22,7.5,3.9,9.0,0.0,0.0,0,0.0,0.0,HIGH
CVE-2026-55403,generates,CWE-200,3.7,2.2,10.0,0.0,0.0,0,0.0,0.0,LOW
CVE-2026-55415,generates,CWE-94,7.5,1.6,11.0,0.0,0.0,0,0.0,0.0,HIGH
CVE-2026-46678,agent,CWE-918,6.8,2.2,4.0,0.0,0.0,0,0.0,0.0,MEDIUM
CVE-2026-54249,agent,CWE-918,6.8,2.2,5.0,0.0,0.0,0,0.0,0.0,MEDIUM
CVE-2026-65975,agent,CWE-863,6.5,3.9,6.0,0.0,0.0,0,0.0,0.0,MEDIUM
CVE-2026-62663,generates,CWE-22,7.5,3.9,13.0,0.0,0.0,0,0.0,0.0,HIGH
CVE-2026-13435,through,CWE-94,9.9,3.1,70.0,,,0,,,CRITICAL
CVE-2026-61536,generates,CWE-94,7.5,1.6,14.0,0.0,0.0,0,0.0,0.0,HIGH
CVE-2026-53501,photo,CWE-347,8.2,3.9,1.0,,,0,,,HIGH
CVE-2026-68770,contains,CWE-94,9.8,3.9,249.0,,,0,,,CRITICAL
CVE-2026-68771,contains,CWE-502,9.8,3.9,250.0,,,0,,,CRITICAL
CVE-2013-0253,default,CWE-16,5.8,8.6,2.0,,,0,,,MEDIUM
CVE-2013-2034,request,CWE-352,6.8,8.6,2.0,,,0,,,MEDIUM
CVE-2017-1000397,and,CWE-20,5.9,2.2,143.0,,,0,,,MEDIUM
CVE-2018-1999030,exposure,CWE-200,5.4,2.8,1.0,947.0,947.0,0,0.0,0.0,MEDIUM
CVE-2018-11804,build,NVD-CWE-noinfo,7.5,3.9,2.0,2814.0,2814.0,0,3.0,1.33,HIGH
CVE-2019-10240,versions,CWE-494,8.1,2.2,42.0,1789.0,1789.0,1,1.0,0.0,HIGH
CVE-2019-10248,versions,CWE-494,8.1,2.2,40.0,1770.0,1770.0,0,1.0,0.0,HIGH
CVE-2019-10324,request,CWE-352,6.5,2.8,1.0,,,0,,,MEDIUM
CVE-2019-10327,external,CWE-611,8.1,2.8,3.0,197.0,197.0,0,0.0,0.0,HIGH
CVE-2019-9843,before,CWE-611,7.5,1.6,19.0,1628.0,1628.0,0,0.0,0.0,HIGH
CVE-2019-10358,and,CWE-532,6.5,2.8,68.0,,,0,,,MEDIUM
CVE-2019-10359,request,CWE-352,6.3,2.8,2.0,,,0,,,MEDIUM
CVE-2019-10360,stored,CWE-79,5.4,2.3,10.0,,,0,,,MEDIUM
CVE-2019-10361,and,CWE-522,5.5,1.8,69.0,,,0,,,MEDIUM
CVE-2019-16549,and,CWE-611,8.1,2.2,64.0,,,0,,,HIGH
CVE-2019-16550,request,CWE-352,8.8,2.8,3.0,,,0,,,HIGH
CVE-2019-19628,through,CWE-22,9.8,3.9,53.0,,,0,,,CRITICAL
CVE-2019-20343,plugin,CWE-94,9.8,3.9,10.0,,,0,,,CRITICAL
CVE-2020-7904,before,CWE-295,7.4,2.2,36.0,1412.0,1412.0,0,0.0,0.0,HIGH
CVE-2020-15525,through,NVD-CWE-noinfo,5.3,3.9,38.0,,,0,,,MEDIUM
CVE-2020-2233,missing,CWE-863,6.5,2.8,1.0,2094.0,2094.0,0,1.0,0.5,MEDIUM
CVE-2020-2234,missing,CWE-862,6.5,2.8,2.0,2094.0,2094.0,0,1.0,0.5,MEDIUM
CVE-2020-2235,request,CWE-352,6.5,2.8,2.0,,,0,,,MEDIUM
CVE-2020-15777,issue,CWE-502,7.8,1.8,53.0,540.0,540.0,0,0.0,0.0,HIGH
CVE-2020-2256,and,CWE-79,5.4,2.3,69.0,,,0,,,MEDIUM
CVE-2020-2294,and,,6.5,2.8,63.0,,,0,,,MEDIUM
CVE-2020-2295,request,CWE-352,6.5,2.8,3.0,,,0,,,MEDIUM
CVE-2020-10721,flaw,CWE-502,7.8,1.8,6.0,,,0,,,HIGH
CVE-2021-21234,library,CWE-22,7.7,3.1,5.0,2014.0,2014.0,0,7.0,5.83,HIGH
CVE-2021-28472,for,NVD-CWE-noinfo,7.8,1.8,13.0,,,0,,,HIGH
CVE-2021-26291,will,CWE-346,9.1,3.9,1.0,0.0,0.0,1,3.0,0.0,CRITICAL
CVE-2021-21429,allows,CWE-552,4.0,2.5,13.0,0.0,0.0,0,0.0,0.0,MEDIUM
CVE-2021-39940,issue,CWE-1333,4.3,2.8,32.0,65.0,65.0,0,0.0,0.0,MEDIUM
CVE-2021-36739,and,CWE-79,6.1,2.8,54.0,,,0,,,MEDIUM
CVE-2022-0552,flaw,CWE-444,5.9,2.2,9.0,,,0,,,MEDIUM
CVE-2022-29599,prior,CWE-116,9.8,3.9,11.0,112.0,112.0,0,2.0,0.0,CRITICAL
CVE-2022-34190,for,CWE-79,5.4,2.3,36.0,,,0,,,MEDIUM
CVE-2022-34195,and,CWE-79,5.4,2.3,53.0,,,0,,,MEDIUM
CVE-2022-36905,for,CWE-79,5.4,2.3,30.0,,,0,,,MEDIUM
CVE-2022-48431,before,CWE-345,4.5,1.0,27.0,258.0,258.0,0,0.0,0.0,MEDIUM
CVE-2023-35143,and,CWE-79,5.4,2.3,53.0,,,0,,,MEDIUM
CVE-2023-35144,and,CWE-79,5.4,2.3,54.0,,,0,,,MEDIUM
CVE-2023-40347,and,CWE-522,6.5,2.8,44.0,,,0,,,MEDIUM
CVE-2022-46751,vulnerability,CWE-91,8.2,3.9,58.0,,,0,,,HIGH
CVE-2023-41934,and,NVD-CWE-noinfo,5.3,3.9,45.0,,,0,,,MEDIUM
CVE-2023-4759,all,CWE-59,8.8,2.8,2.0,,,0,,,HIGH
CVE-2023-42445,build,CWE-611,6.8,1.6,1.0,1006.0,1006.0,0,3.0,1.33,MEDIUM
CVE-2023-49898,streampark,CWE-77,7.2,1.2,1.0,,,0,,,HIGH
CVE-2024-23686,for,CWE-532,5.3,3.9,30.0,,,0,,,MEDIUM
CVE-2024-31139,before,CWE-611,5.9,0.7,21.0,0.0,0.0,0,0.0,0.0,MEDIUM
CVE-2024-33748,scripting,CWE-79,4.1,2.3,27.0,,,0,,,MEDIUM
CVE-2024-36115,open,CWE-79,7.1,1.2,45.0,,,0,,,HIGH
CVE-2024-36116,open,CWE-22,7.5,1.6,46.0,,,1,,,HIGH
CVE-2024-36117,open,CWE-22,8.6,3.9,47.0,,,1,,,HIGH
CVE-2024-36404,open,CWE-95,9.8,3.9,48.0,,,0,,,CRITICAL
CVE-2023-52291,streampark,CWE-77,4.7,1.2,2.0,,,0,,,MEDIUM
CVE-2024-29737,streampark,CWE-77,4.7,1.2,3.0,,,0,,,MEDIUM
CVE-2024-8635,request,CWE-918,7.7,3.1,1.0,,,0,,,HIGH
CVE-2024-47197,vulnerability,CWE-200,7.5,3.9,132.0,,,0,,,HIGH
CVE-2025-24355,tool,CWE-359,7.1,2.5,2.0,0.0,0.0,0,0.0,0.0,HIGH
CVE-2024-34520,authorization,CWE-639,8.8,2.8,1.0,,,0,,,HIGH
CVE-2024-34521,directory,CWE-22,3.5,0.9,2.0,0.0,0.0,0,0.0,0.0,LOW
CVE-2025-46392,vulnerability,CWE-400,6.5,2.8,150.0,,,0,,,MEDIUM
CVE-2024-48988,vulnerability,CWE-564,7.6,2.8,173.0,,,0,,,HIGH
CVE-2025-64134,and,CWE-611,7.1,2.8,49.0,,,0,,,HIGH
CVE-2025-68113,software,CWE-115,6.5,3.9,3.0,0.0,0.0,0,0.0,0.0,MEDIUM
CVE-2025-68162,before,CWE-829,2.7,1.2,21.0,0.0,0.0,0,0.0,0.0,LOW
CVE-2026-22750,configuring,CWE-15,7.5,3.9,1.0,,,0,,,HIGH
CVE-2026-5952,has,CWE-863,4.3,2.8,16.0,0.0,0.0,0,0.0,0.0,MEDIUM
CVE-2026-13502,flaw,CWE-362,4.5,1.0,15.0,,,0,,,MEDIUM
CVE-2026-9563,published,CWE-400,7.5,3.9,1.0,0.0,0.0,0,0.0,0.0,HIGH
CVE-2026-64609,read,CWE-125,9.1,3.9,1.0,0.0,0.0,0,0.0,0.0,CRITICAL
CVE-1999-0142,implementation,NVD-CWE-Other,7.5,10.0,1.0,,,0,,,HIGH
CVE-1999-0141,allows,NVD-CWE-Other,3.7,1.9,1.0,8464.0,8464.0,0,0.0,0.0,LOW
CVE-1999-0031,and,NVD-CWE-Other,2.6,4.9,1.0,,,0,,,LOW
CVE-1999-1262,does,NVD-CWE-Other,5.1,4.9,1.0,,,0,,,MEDIUM
CVE-1999-0060,can,NVD-CWE-Other,5.0,10.0,1.0,8124.0,8124.0,0,0.0,0.0,MEDIUM
CVE-1999-0537,configuration,NVD-CWE-Other,7.5,10.0,1.0,5842.0,5842.0,0,0.0,0.0,HIGH
CVE-1999-0283,would,NVD-CWE-Other,10.0,10.0,1.0,,,0,,,HIGH
CVE-1999-0347,allows,NVD-CWE-Other,10.0,10.0,1.0,7431.0,7431.0,0,0.0,0.0,HIGH
CVE-1999-0440,byte,NVD-CWE-Other,7.5,10.0,1.0,6657.0,6657.0,0,0.0,0.0,HIGH
CVE-1999-0762,embedded,NVD-CWE-Other,2.6,4.9,1.0,,,0,,,LOW
CVE-1999-0809,with,NVD-CWE-Other,5.0,10.0,1.0,7263.0,7263.0,0,0.0,0.0,MEDIUM
CVE-1999-0750,allows,NVD-CWE-Other,5.1,4.9,2.0,7201.0,7201.0,0,0.0,0.0,MEDIUM
CVE-1999-0766,allows,CWE-16,9.3,8.6,4.0,7163.0,7163.0,0,0.0,0.0,HIGH
CVE-2000-0327,allows,NVD-CWE-Other,7.6,4.9,4.0,7163.0,7163.0,0,0.0,0.0,HIGH
CVE-1999-0793,allows,NVD-CWE-Other,2.6,4.9,5.0,7136.0,7136.0,0,0.0,0.0,LOW
CVE-1999-1527,server,NVD-CWE-Other,7.5,10.0,1.0,,,1,,,HIGH
CVE-1999-1167,scripting,NVD-CWE-Other,6.4,10.0,1.0,,,0,,,MEDIUM
CVE-2000-0085,does,NVD-CWE-Other,7.5,10.0,1.0,,,0,,,HIGH
CVE-2000-0061,does,NVD-CWE-Other,10.0,10.0,2.0,,,0,,,HIGH
CVE-2000-0081,does,NVD-CWE-Other,10.0,10.0,3.0,,,0,,,HIGH
CVE-2000-0132,allows,CWE-200,2.6,4.9,5.0,7061.0,7061.0,0,0.0,0.0,LOW
CVE-2000-0146,the,NVD-CWE-Other,5.0,10.0,1.0,5007.0,5007.0,1,0.0,0.0,MEDIUM
CVE-2000-0162,virtual,NVD-CWE-Other,5.1,4.9,1.0,,,0,,,MEDIUM
CVE-2000-0237,with,NVD-CWE-Other,6.4,10.0,2.0,7017.0,7017.0,1,0.0,0.0,MEDIUM
CVE-1999-0790,remote,NVD-CWE-Other,2.6,4.9,1.0,,,0,,,LOW
CVE-2000-0266,allows,NVD-CWE-Other,2.6,4.9,6.0,6983.0,6983.0,0,0.0,0.0,LOW
CVE-2000-0629,default,NVD-CWE-Other,7.5,10.0,1.0,,,1,,,HIGH
CVE-2000-0563,function,NVD-CWE-Other,10.0,10.0,1.0,5245.0,5245.0,1,0.0,0.0,HIGH
CVE-2000-0676,and,NVD-CWE-Other,5.0,10.0,1.0,,,1,,,MEDIUM
CVE-2000-0684,does,NVD-CWE-Other,10.0,10.0,5.0,,,1,,,HIGH
CVE-2000-0685,does,NVD-CWE-Other,10.0,10.0,5.0,,,1,,,HIGH
CVE-2000-0774,sample,NVD-CWE-Other,5.0,10.0,1.0,,,0,,,MEDIUM
CVE-2000-0812,administration,NVD-CWE-Other,10.0,10.0,1.0,,,1,,,HIGH
CVE-2000-1024,and,NVD-CWE-Other,10.0,10.0,2.0,,,0,,,HIGH
CVE-2000-0958,allows,NVD-CWE-Other,5.0,10.0,3.0,6738.0,6738.0,1,0.0,0.0,MEDIUM
CVE-2000-0965,plugins,NVD-CWE-Other,5.0,10.0,1.0,,,0,,,MEDIUM
CVE-2000-1099,and,NVD-CWE-Other,5.1,4.9,3.0,,,0,,,MEDIUM
CVE-2000-1117,feature,CWE-203,5.0,10.0,1.0,,,1,,,MEDIUM
CVE-2001-0068,for,NVD-CWE-Other,2.6,4.9,1.0,,,0,,,LOW
CVE-2001-0126,servlet,NVD-CWE-Other,7.5,10.0,1.0,,,0,,,HIGH
CVE-2001-0137,allows,NVD-CWE-Other,5.1,4.9,3.0,6655.0,6655.0,1,0.0,0.0,MEDIUM
CVE-2001-0186,traversal,NVD-CWE-Other,5.0,10.0,2.0,,,1,,,MEDIUM
CVE-2001-0297,traversal,NVD-CWE-Other,5.0,10.0,2.0,,,1,,,MEDIUM
CVE-2001-0324,and,NVD-CWE-Other,2.6,4.9,4.0,,,1,,,LOW
CVE-2001-0326,for,NVD-CWE-Other,7.5,10.0,2.0,,,1,,,HIGH
CVE-2001-0148,allows,NVD-CWE-Other,7.5,10.0,3.0,6573.0,6573.0,1,0.0,0.0,HIGH
CVE-2001-0149,and,NVD-CWE-Other,5.0,10.0,5.0,,,1,,,MEDIUM
CVE-2001-0399,and,NVD-CWE-Other,5.0,10.0,6.0,,,1,,,MEDIUM
CVE-2001-0404,traversal,NVD-CWE-Other,5.0,10.0,3.0,,,0,,,MEDIUM
CVE-2001-0365,before,NVD-CWE-Other,7.5,10.0,1.0,8204.0,8204.0,1,0.0,0.0,HIGH
CVE-2001-1084,scripting,NVD-CWE-Other,7.5,10.0,3.0,,,1,,,HIGH
CVE-2001-1161,scripting,NVD-CWE-Other,7.5,10.0,3.0,,,0,,,HIGH
CVE-2001-1441,scripting,NVD-CWE-Other,6.8,8.6,3.0,,,1,,,MEDIUM
CVE-2001-1265,traversal,NVD-CWE-Other,7.5,10.0,4.0,,,1,,,HIGH
CVE-2001-1257,scripting,NVD-CWE-Other,7.5,10.0,4.0,,,1,,,HIGH
CVE-2001-0987,scripting,NVD-CWE-Other,7.5,10.0,5.0,,,1,,,HIGH
CVE-2001-1024,and,NVD-CWE-Other,7.5,10.0,7.0,,,1,,,HIGH
CVE-2001-0596,before,NVD-CWE-Other,7.5,10.0,2.0,8168.0,8168.0,0,0.0,0.0,HIGH
CVE-2001-1157,and,NVD-CWE-Other,7.5,10.0,8.0,,,0,,,HIGH
CVE-2001-1008,for,NVD-CWE-Other,7.5,10.0,3.0,,,1,,,HIGH
CVE-2001-1254,component,NVD-CWE-Other,7.5,10.0,1.0,4329.0,4329.0,0,0.0,0.0,HIGH
CVE-2001-0743,function,NVD-CWE-Other,5.0,10.0,2.0,4882.0,4882.0,1,0.0,0.0,MEDIUM
CVE-2001-0745,allows,NVD-CWE-Other,5.0,10.0,4.0,6435.0,6435.0,1,0.0,0.0,MEDIUM
CVE-2001-0723,and,NVD-CWE-Other,6.4,10.0,9.0,,,1,,,MEDIUM
CVE-2001-0898,and,NVD-CWE-Other,5.0,10.0,10.0,,,0,,,MEDIUM
CVE-2001-1350,scripting,NVD-CWE-Other,7.5,10.0,6.0,,,0,,,HIGH
CVE-2001-0919,with,NVD-CWE-Other,5.1,4.9,1.0,6392.0,6392.0,0,0.0,0.0,MEDIUM
CVE-2001-0926,and,NVD-CWE-Other,5.0,10.0,11.0,,,0,,,MEDIUM
CVE-2001-0722,and,NVD-CWE-Other,6.4,10.0,12.0,,,1,,,MEDIUM
CVE-2001-0824,scripting,NVD-CWE-Other,7.5,10.0,9.0,,,1,,,HIGH
CVE-2001-0828,scripting,NVD-CWE-Other,5.1,4.9,9.0,,,1,,,MEDIUM
CVE-2001-0829,scripting,NVD-CWE-Other,5.1,4.9,9.0,,,1,,,MEDIUM
CVE-2001-1199,scripting,NVD-CWE-Other,7.5,10.0,10.0,,,1,,,HIGH
CVE-2001-1212,scripting,NVD-CWE-Other,5.0,10.0,11.0,,,0,,,MEDIUM
CVE-2001-1219,and,NVD-CWE-Other,5.0,10.0,12.0,,,0,,,MEDIUM
CVE-2001-1351,scripting,NVD-CWE-Other,7.5,10.0,12.0,,,0,,,HIGH
CVE-2001-1352,scripting,NVD-CWE-Other,7.5,10.0,13.0,,,0,,,HIGH
CVE-2001-1202,scripting,NVD-CWE-Other,7.5,10.0,14.0,,,0,,,HIGH
CVE-2001-1480,and,NVD-CWE-Other,7.5,10.0,14.0,,,1,,,HIGH
CVE-2001-1511,and,NVD-CWE-Other,5.0,10.0,14.0,,,1,,,MEDIUM
CVE-2001-1512,vulnerability,NVD-CWE-Other,6.4,10.0,1.0,,,0,,,MEDIUM
CVE-2001-1539,consumption,CWE-119,5.0,10.0,1.0,,,0,,,MEDIUM
CVE-2002-0058,allows,NVD-CWE-Other,5.0,10.0,3.0,6287.0,6287.0,0,0.0,0.0,MEDIUM
CVE-2002-0076,allows,NVD-CWE-Other,7.5,10.0,4.0,6283.0,6283.0,0,0.0,0.0,HIGH
CVE-2002-0117,scripting,NVD-CWE-Other,7.5,10.0,16.0,,,1,,,HIGH
CVE-2002-0118,scripting,NVD-CWE-Other,7.5,10.0,16.0,,,1,,,HIGH
CVE-2002-0136,allows,NVD-CWE-Other,5.0,10.0,5.0,6277.0,6277.0,0,0.0,0.0,MEDIUM
CVE-2002-0160,administration,NVD-CWE-Other,5.0,10.0,1.0,,,0,,,MEDIUM
CVE-2002-0166,scripting,NVD-CWE-Other,7.5,10.0,17.0,,,0,,,HIGH
CVE-2002-0217,scripting,NVD-CWE-Other,7.5,10.0,19.0,,,1,,,HIGH
CVE-2002-0228,allows,NVD-CWE-Other,5.0,10.0,6.0,6225.0,6225.0,0,0.0,0.0,MEDIUM
CVE-2002-0230,scripting,NVD-CWE-Other,5.0,10.0,19.0,,,0,,,MEDIUM
CVE-2002-0375,scripting,NVD-CWE-Other,5.0,10.0,20.0,,,1,,,MEDIUM
CVE-2002-0281,scripting,NVD-CWE-Other,5.1,4.9,22.0,,,0,,,MEDIUM
CVE-2002-0292,scripting,NVD-CWE-Other,2.6,4.9,22.0,,,0,,,LOW
CVE-2002-0319,scripting,NVD-CWE-Other,7.5,10.0,28.0,,,1,,,HIGH
CVE-2002-0326,scripting,NVD-CWE-Other,7.5,10.0,28.0,,,0,,,HIGH
CVE-2002-0328,scripting,NVD-CWE-Other,7.5,10.0,28.0,,,0,,,HIGH
CVE-2002-0329,scripting,NVD-CWE-Other,7.5,10.0,28.0,,,1,,,HIGH
CVE-2002-0330,scripting,NVD-CWE-Other,7.5,10.0,28.0,,,1,,,HIGH
CVE-2002-0346,scripting,NVD-CWE-Other,7.5,10.0,28.0,,,0,,,HIGH
CVE-2002-0563,default,CWE-287,5.0,10.0,1.0,,,0,,,MEDIUM
CVE-2002-0439,scripting,NVD-CWE-Other,7.5,10.0,24.0,,,0,,,HIGH
CVE-2002-0411,scripting,NVD-CWE-Other,7.5,10.0,33.0,,,1,,,HIGH
CVE-2002-0413,scripting,NVD-CWE-Other,7.5,10.0,33.0,,,1,,,HIGH
CVE-2002-0457,scripting,NVD-CWE-Other,7.6,4.9,33.0,,,0,,,HIGH
CVE-2002-0458,scripting,NVD-CWE-Other,7.6,4.9,33.0,,,0,,,HIGH
CVE-2002-0459,scripting,NVD-CWE-Other,7.6,4.9,33.0,,,0,,,HIGH
CVE-2002-0461,through,NVD-CWE-Other,5.0,10.0,1.0,,,1,,,MEDIUM
CVE-2002-0474,scripting,NVD-CWE-Other,5.1,4.9,33.0,,,0,,,MEDIUM
CVE-2002-0475,scripting,NVD-CWE-Other,5.1,4.9,33.0,,,0,,,MEDIUM
CVE-2002-0481,interaction,NVD-CWE-Other,5.1,4.9,1.0,6035.0,6035.0,0,0.0,0.0,MEDIUM
CVE-2002-0487,stores,NVD-CWE-Other,4.6,3.9,1.0,8338.0,8338.0,1,1.0,0.0,MEDIUM
CVE-2002-0494,scripting,NVD-CWE-Other,7.5,10.0,33.0,,,0,,,HIGH
CVE-2002-0730,scripting,NVD-CWE-Other,7.5,10.0,33.0,,,1,,,HIGH
CVE-2002-0738,and,NVD-CWE-Other,7.5,10.0,11.0,,,0,,,HIGH
CVE-2002-0783,and,NVD-CWE-Other,7.5,10.0,11.0,,,1,,,HIGH
CVE-2002-0815,implemented,NVD-CWE-Other,7.5,10.0,1.0,,,0,,,HIGH
CVE-2002-0979,logging,NVD-CWE-Other,7.5,10.0,1.0,3906.0,3906.0,0,0.0,0.0,HIGH
CVE-2002-0902,scripting,NVD-CWE-Other,7.5,10.0,34.0,,,1,,,HIGH
CVE-2002-0936,engine,NVD-CWE-Other,5.0,10.0,2.0,,,1,,,MEDIUM
CVE-2002-0937,engine,NVD-CWE-Other,5.0,10.0,2.0,,,1,,,MEDIUM
CVE-2002-0706,the,NVD-CWE-Other,7.5,10.0,1.0,4031.0,4031.0,0,0.0,0.0,HIGH
CVE-2002-0865,certain,NVD-CWE-Other,7.5,10.0,1.0,6637.0,6637.0,0,0.0,0.0,HIGH
CVE-2002-0866,classes,NVD-CWE-Other,7.5,10.0,1.0,7122.0,7122.0,0,0.0,0.0,HIGH
CVE-2002-0867,and,NVD-CWE-Other,5.0,10.0,11.0,,,0,,,MEDIUM
CVE-2002-1286,implementation,NVD-CWE-Other,7.5,10.0,8.0,,,0,,,HIGH
CVE-2002-1287,buffer,NVD-CWE-Other,5.0,10.0,1.0,6555.0,6555.0,0,0.0,0.0,MEDIUM
CVE-2002-1288,implementation,NVD-CWE-Other,5.0,10.0,8.0,,,0,,,MEDIUM
CVE-2002-1289,implementation,NVD-CWE-Other,7.5,10.0,8.0,,,0,,,HIGH
CVE-2002-1290,implementation,NVD-CWE-Other,6.4,10.0,8.0,,,0,,,MEDIUM
CVE-2002-1291,implementation,NVD-CWE-Other,5.0,10.0,8.0,,,0,,,MEDIUM
CVE-2002-1292,virtual,NVD-CWE-Other,7.5,10.0,1.0,,,0,,,HIGH
CVE-2002-1293,implementation,NVD-CWE-Other,7.5,10.0,8.0,,,0,,,HIGH
CVE-2002-1294,implementation,NVD-CWE-Other,7.5,10.0,8.0,,,0,,,HIGH
CVE-2002-1295,implementation,NVD-CWE-Other,7.5,10.0,8.0,,,0,,,HIGH
CVE-2002-1187,scripting,NVD-CWE-Other,6.8,8.6,31.0,,,0,,,MEDIUM
CVE-2002-1257,and,NVD-CWE-Other,10.0,10.0,7.0,,,0,,,HIGH
CVE-2002-1258,vulnerabilities,NVD-CWE-Other,5.0,10.0,1.0,7072.0,7072.0,0,0.0,0.0,MEDIUM
CVE-2002-1260,and,NVD-CWE-Other,7.5,10.0,7.0,,,0,,,HIGH
CVE-2002-1325,build,NVD-CWE-Other,5.0,10.0,1.0,8599.0,8599.0,0,3.0,1.33,MEDIUM
CVE-2002-1649,scripting,NVD-CWE-Other,4.3,8.6,45.0,,,1,,,MEDIUM
CVE-2002-1688,browser,NVD-CWE-Other,5.0,10.0,1.0,,,1,,,MEDIUM
CVE-2002-1762,stores,NVD-CWE-Other,5.0,10.0,2.0,8197.0,8197.0,1,1.0,0.0,MEDIUM
CVE-2002-1770,allows,NVD-CWE-Other,5.0,10.0,9.0,5996.0,5996.0,1,0.0,0.0,MEDIUM
CVE-2002-1802,scripting,NVD-CWE-Other,4.3,8.6,45.0,,,1,,,MEDIUM
CVE-2002-1803,scripting,NVD-CWE-Other,4.3,8.6,45.0,,,1,,,MEDIUM
CVE-2002-1804,scripting,NVD-CWE-Other,4.3,8.6,45.0,,,1,,,MEDIUM
CVE-2002-1805,scripting,NVD-CWE-Other,4.3,8.6,45.0,,,1,,,MEDIUM
CVE-2002-1806,scripting,NVD-CWE-Other,4.3,8.6,45.0,,,1,,,MEDIUM
CVE-2002-1807,scripting,NVD-CWE-Other,4.3,8.6,45.0,,,1,,,MEDIUM
CVE-2002-1808,scripting,NVD-CWE-Other,4.3,8.6,45.0,,,1,,,MEDIUM
CVE-2002-1822,allows,NVD-CWE-Other,5.0,10.0,9.0,5996.0,5996.0,0,0.0,0.0,MEDIUM
CVE-2002-1855,through,NVD-CWE-Other,5.0,10.0,4.0,,,0,,,MEDIUM
CVE-2002-1856,when,NVD-CWE-Other,5.0,10.0,5.0,8326.0,8326.0,0,0.0,0.17,MEDIUM
CVE-2002-1857,when,NVD-CWE-Other,5.0,10.0,5.0,8326.0,8326.0,0,0.0,0.17,MEDIUM
CVE-2002-1858,and,NVD-CWE-Other,5.0,10.0,12.0,,,0,,,MEDIUM
CVE-2002-1859,when,NVD-CWE-Other,5.0,10.0,5.0,8326.0,8326.0,0,0.0,0.17,MEDIUM
CVE-2002-1860,when,NVD-CWE-Other,5.0,10.0,5.0,8326.0,8326.0,0,0.0,0.17,MEDIUM
CVE-2002-1861,when,NVD-CWE-Other,5.0,10.0,5.0,8326.0,8326.0,0,0.0,0.17,MEDIUM
CVE-2002-1931,scripting,NVD-CWE-Other,4.3,8.6,45.0,,,0,,,MEDIUM
CVE-2002-1958,scripting,CWE-79,4.3,8.6,45.0,,,0,,,MEDIUM
CVE-2002-1965,scripting,NVD-CWE-Other,4.3,8.6,45.0,,,1,,,MEDIUM
CVE-2002-1990,through,NVD-CWE-Other,5.0,10.0,4.0,,,0,,,MEDIUM
CVE-2002-2005,vulnerability,NVD-CWE-Other,7.5,10.0,2.0,,,0,,,HIGH
CVE-2002-2007,default,NVD-CWE-Other,5.0,10.0,2.0,,,1,,,MEDIUM
CVE-2002-2022,string,NVD-CWE-Other,7.2,3.9,1.0,,,1,,,HIGH
CVE-2002-2031,and,NVD-CWE-Other,5.0,10.0,12.0,,,1,,,MEDIUM
CVE-2002-2072,and,NVD-CWE-Other,5.0,10.0,12.0,,,1,,,MEDIUM
CVE-2002-2086,scripting,NVD-CWE-Other,4.3,8.6,45.0,,,1,,,MEDIUM
CVE-2002-2101,allows,NVD-CWE-Other,7.5,10.0,9.0,5996.0,5996.0,0,0.0,0.0,HIGH
CVE-2002-2141,and,NVD-CWE-Other,7.5,10.0,12.0,,,0,,,HIGH
CVE-2002-2178,scripting,NVD-CWE-Other,4.3,8.6,45.0,,,1,,,MEDIUM
CVE-2002-2230,scripting,CWE-79,4.3,8.6,45.0,,,0,,,MEDIUM
CVE-2002-2231,scripting,CWE-79,4.3,8.6,45.0,,,0,,,MEDIUM
CVE-2002-2248,overflow,CWE-119,10.0,10.0,1.0,6883.0,6883.0,0,0.0,0.0,HIGH
CVE-2002-2281,for,NVD-CWE-Other,10.0,10.0,1.0,,,1,,,HIGH
CVE-2002-2284,through,NVD-CWE-Other,6.4,10.0,4.0,,,0,,,MEDIUM
CVE-2002-2303,uses,CWE-310,7.8,10.0,1.0,,,0,,,HIGH
CVE-2002-2311,and,CWE-264,6.4,10.0,12.0,,,1,,,MEDIUM
CVE-2002-2312,allows,NVD-CWE-Other,5.8,8.6,9.0,5996.0,5996.0,1,0.0,0.0,MEDIUM
CVE-2002-2314,allows,CWE-20,5.0,10.0,9.0,5996.0,5996.0,1,0.0,0.0,MEDIUM
CVE-2002-2339,scripting,CWE-79,4.3,8.6,45.0,,,1,,,MEDIUM
CVE-2002-2347,scripting,CWE-79,4.3,8.6,45.0,,,0,,,MEDIUM
CVE-2002-2386,scripting,CWE-79,4.3,8.6,45.0,,,0,,,MEDIUM
CVE-2002-2424,scripting,CWE-79,4.3,8.6,45.0,,,1,,,MEDIUM
CVE-2003-0111,component,NVD-CWE-Other,7.5,10.0,1.0,3744.0,3744.0,0,0.0,0.0,HIGH
CVE-2003-0208,scripting,NVD-CWE-Other,4.3,8.6,43.0,,,0,,,MEDIUM
CVE-2003-0284,does,NVD-CWE-Other,7.5,10.0,1.0,,,0,,,HIGH
CVE-2003-0413,scripting,NVD-CWE-Other,6.8,8.6,33.0,,,1,,,MEDIUM
CVE-2001-1410,and,NVD-CWE-Other,5.0,10.0,9.0,,,1,,,MEDIUM
CVE-2003-0525,function,NVD-CWE-Other,5.0,10.0,1.0,4204.0,4204.0,0,0.0,0.0,MEDIUM
CVE-2003-0791,functionality,CWE-502,9.8,3.9,1.0,,,0,,,CRITICAL
CVE-2003-1136,scripting,NVD-CWE-Other,4.3,8.6,23.0,,,1,,,MEDIUM
CVE-2003-0871,vulnerability,NVD-CWE-Other,7.5,10.0,2.0,,,0,,,HIGH
CVE-2003-0838,allows,NVD-CWE-Other,7.5,10.0,6.0,5675.0,5675.0,0,0.0,0.0,HIGH
CVE-2003-0845,vulnerability,CWE-89,7.5,10.0,3.0,,,0,,,HIGH
CVE-2003-0846,the,NVD-CWE-Other,4.6,3.9,1.0,3628.0,3628.0,0,0.0,0.0,MEDIUM
CVE-2003-0896,method,NVD-CWE-Other,7.5,10.0,1.0,,,0,,,HIGH
CVE-2003-1123,and,NVD-CWE-Other,7.5,10.0,12.0,,,1,,,HIGH
CVE-2003-1134,and,NVD-CWE-Other,2.1,3.9,12.0,,,1,,,LOW
CVE-2003-1156,and,NVD-CWE-Other,4.6,3.9,12.0,,,1,,,MEDIUM
CVE-2003-1222,and,NVD-CWE-Other,5.0,10.0,12.0,,,0,,,MEDIUM
CVE-2003-1229,and,CWE-295,7.5,10.0,12.0,,,0,,,HIGH
CVE-2003-1275,allows,NVD-CWE-Other,5.0,10.0,9.0,5631.0,5631.0,1,0.0,0.0,MEDIUM
CVE-2003-1290,and,NVD-CWE-Other,5.0,10.0,12.0,,,0,,,MEDIUM
CVE-2003-1301,before,NVD-CWE-Other,5.0,10.0,1.0,7287.0,7287.0,1,0.0,0.0,MEDIUM
CVE-2003-1305,allows,NVD-CWE-Other,5.0,10.0,9.0,5631.0,5631.0,1,0.0,0.0,MEDIUM
CVE-2003-1419,allows,CWE-20,4.3,8.6,9.0,5631.0,5631.0,1,0.0,0.0,MEDIUM
CVE-2003-1453,scripting,CWE-79,4.3,8.6,24.0,,,1,,,MEDIUM
CVE-2003-1511,scripting,CWE-79,4.3,8.6,24.0,,,1,,,MEDIUM
CVE-2003-1516,class,NVD-CWE-Other,6.8,8.6,1.0,4629.0,4629.0,1,0.0,0.0,MEDIUM
CVE-2003-1521,through,NVD-CWE-Other,6.4,10.0,4.0,,,1,,,MEDIUM
CVE-2003-1026,through,CWE-264,9.3,8.6,2.0,,,0,,,HIGH
CVE-2003-0814,and,NVD-CWE-Other,7.5,10.0,9.0,,,0,,,HIGH
CVE-2003-0816,and,NVD-CWE-Other,7.5,10.0,9.0,,,0,,,HIGH
CVE-2004-0191,before,NVD-CWE-Other,6.8,8.6,2.0,7212.0,7212.0,1,0.0,0.0,MEDIUM
CVE-2004-1816,vulnerability,NVD-CWE-Other,5.0,10.0,3.0,,,0,,,MEDIUM
CVE-2004-1935,scripting,NVD-CWE-Other,4.3,8.6,6.0,,,1,,,MEDIUM
CVE-2004-1969,avatar,NVD-CWE-Other,7.5,10.0,1.0,5098.0,5098.0,0,0.0,0.0,HIGH
CVE-2004-0478,versions,CWE-399,2.6,4.9,1.0,7173.0,7173.0,0,1.0,0.0,LOW
CVE-2004-0479,allows,NVD-CWE-Other,5.0,10.0,5.0,5442.0,5442.0,0,0.0,0.0,MEDIUM
CVE-2004-0705,scripting,NVD-CWE-Other,6.8,8.6,5.0,,,0,,,MEDIUM
CVE-2004-0713,remove,NVD-CWE-Other,6.4,10.0,1.0,,,0,,,MEDIUM
CVE-2004-0723,virtual,NVD-CWE-Other,6.4,10.0,1.0,,,1,,,MEDIUM
CVE-2004-0726,control,NVD-CWE-Other,7.5,10.0,1.0,7648.0,7648.0,1,1.0,0.0,HIGH
CVE-2004-0742,allows,NVD-CWE-Other,10.0,10.0,6.0,5422.0,5422.0,0,0.0,0.0,HIGH
CVE-2004-0549,control,NVD-CWE-Other,10.0,10.0,2.0,7638.0,7638.0,0,1.0,0.0,HIGH
CVE-2004-0651,vulnerability,NVD-CWE-Other,5.0,10.0,4.0,,,0,,,MEDIUM
CVE-2004-1712,scripting,NVD-CWE-Other,4.3,8.6,6.0,,,0,,,MEDIUM
CVE-2004-0759,before,NVD-CWE-Other,6.4,10.0,3.0,7056.0,7056.0,0,0.0,0.0,MEDIUM
CVE-2004-0763,and,NVD-CWE-Other,5.0,10.0,9.0,,,0,,,MEDIUM
CVE-2004-0905,before,NVD-CWE-Other,4.6,3.9,4.0,7029.0,7029.0,1,0.0,0.0,MEDIUM
CVE-2004-1686,allows,NVD-CWE-Other,5.0,10.0,7.0,5372.0,5372.0,0,0.0,0.0,MEDIUM
CVE-2004-1350,buffer,NVD-CWE-Other,7.5,10.0,1.0,5855.0,5855.0,0,0.0,0.0,HIGH
CVE-2004-0310,scripting,NVD-CWE-Other,6.8,8.6,6.0,,,0,,,MEDIUM
CVE-2004-0361,engine,NVD-CWE-Other,5.0,10.0,1.0,,,1,,,MEDIUM
CVE-2004-1145,vulnerabilities,NVD-CWE-Other,5.0,10.0,1.0,6349.0,6349.0,0,0.0,0.0,MEDIUM
CVE-2005-0441,buffer,NVD-CWE-Other,10.0,10.0,2.0,5801.0,5801.0,0,0.0,0.0,HIGH
CVE-2004-0908,before,NVD-CWE-Other,4.0,4.9,5.0,6921.0,6921.0,1,0.0,0.0,MEDIUM
CVE-2004-1043,allows,NVD-CWE-Other,5.0,10.0,7.0,5265.0,5265.0,0,0.0,0.0,MEDIUM
CVE-2004-1173,allows,NVD-CWE-Other,7.5,10.0,7.0,5265.0,5265.0,0,0.0,0.0,HIGH
CVE-2004-1198,allows,NVD-CWE-Other,5.0,10.0,7.0,5265.0,5265.0,1,0.0,0.0,MEDIUM
CVE-2004-1200,and,NVD-CWE-Other,5.0,10.0,8.0,,,1,,,MEDIUM
CVE-2004-1489,and,CWE-668,2.6,4.9,8.0,,,1,,,LOW
CVE-2004-1503,overflow,NVD-CWE-Other,5.0,10.0,3.0,6152.0,6152.0,0,0.0,0.0,MEDIUM
CVE-2004-1534,and,NVD-CWE-Other,5.0,10.0,8.0,,,0,,,MEDIUM
CVE-2004-1753,plugin,NVD-CWE-Other,2.6,4.9,1.0,,,1,,,LOW
CVE-2004-1810,engine,NVD-CWE-noinfo,5.0,10.0,2.0,,,1,,,MEDIUM
CVE-2004-2109,scripting,NVD-CWE-Other,6.8,8.6,11.0,,,0,,,MEDIUM
CVE-2004-2174,scripting,NVD-CWE-Other,4.3,8.6,11.0,,,1,,,MEDIUM
CVE-2004-2216,vulnerability,NVD-CWE-Other,5.0,10.0,3.0,,,0,,,MEDIUM
CVE-2004-2219,allows,NVD-CWE-Other,2.6,4.9,7.0,5265.0,5265.0,1,0.0,0.0,LOW
CVE-2004-2280,overflow,NVD-CWE-Other,5.0,10.0,3.0,6152.0,6152.0,0,0.0,0.0,MEDIUM
CVE-2004-2281,unknown,NVD-CWE-Other,10.0,10.0,1.0,,,0,,,HIGH
CVE-2004-2331,and,CWE-470,5.5,1.8,8.0,,,0,,,MEDIUM
CVE-2004-2334,scripting,NVD-CWE-Other,4.3,8.6,11.0,,,1,,,MEDIUM
CVE-2004-2383,through,NVD-CWE-Other,5.1,4.9,3.0,,,1,,,MEDIUM
CVE-2004-2393,through,NVD-CWE-Other,7.5,10.0,3.0,,,0,,,HIGH
CVE-2004-2411,function,NVD-CWE-Other,4.3,8.6,1.0,3712.0,3712.0,1,0.0,0.0,MEDIUM
CVE-2004-2540,and,NVD-CWE-Other,5.0,10.0,8.0,,,0,,,MEDIUM
CVE-2004-2570,before,CWE-74,5.0,10.0,5.0,6921.0,6921.0,1,0.0,0.0,MEDIUM
CVE-2004-2585,scripting,NVD-CWE-Other,4.3,8.6,11.0,,,1,,,MEDIUM
CVE-2004-2625,scripting,NVD-CWE-Other,5.1,4.9,11.0,,,1,,,MEDIUM
CVE-2004-2626,overlay,NVD-CWE-Other,3.7,1.9,1.0,5656.0,5656.0,1,0.0,0.0,LOW
CVE-2004-2627,does,NVD-CWE-Other,10.0,10.0,1.0,,,0,,,HIGH
CVE-2004-2720,scripting,CWE-79,4.3,8.6,11.0,,,1,,,MEDIUM
CVE-2004-2735,scripting,CWE-79,4.3,8.6,11.0,,,0,,,MEDIUM
CVE-2004-1199,allows,NVD-CWE-Other,5.0,10.0,9.0,5255.0,5255.0,1,0.0,0.0,MEDIUM
CVE-2004-1201,allows,CWE-400,5.0,10.0,9.0,5255.0,5255.0,1,0.0,0.0,MEDIUM
CVE-2005-0145,before,NVD-CWE-Other,2.6,4.9,6.0,6897.0,6897.0,0,0.0,0.0,LOW
CVE-2005-0231,does,NVD-CWE-Other,2.6,4.9,2.0,,,1,,,LOW
CVE-2004-1029,capability,CWE-264,9.3,8.6,1.0,7782.0,7782.0,0,0.0,0.17,HIGH
CVE-2005-0692,scripting,NVD-CWE-Other,4.3,8.6,12.0,,,0,,,MEDIUM
CVE-2005-0471,through,NVD-CWE-Other,5.0,10.0,3.0,,,0,,,MEDIUM
CVE-2005-0752,before,NVD-CWE-Other,7.5,10.0,6.0,6813.0,6813.0,0,0.0,0.0,HIGH
CVE-2005-0055,and,NVD-CWE-Other,7.5,10.0,9.0,,,0,,,HIGH
CVE-2005-0146,before,NVD-CWE-Other,5.0,10.0,10.0,6799.0,6799.0,0,0.0,0.0,MEDIUM
CVE-2005-0148,before,NVD-CWE-Other,5.0,10.0,10.0,6799.0,6799.0,0,0.0,0.0,MEDIUM
CVE-2005-0402,before,NVD-CWE-Other,2.6,4.9,10.0,6799.0,6799.0,0,0.0,0.0,LOW
CVE-2005-0418,injection,NVD-CWE-Other,7.5,10.0,2.0,,,0,,,HIGH
CVE-2005-0425,vulnerability,NVD-CWE-Other,5.0,10.0,4.0,,,0,,,MEDIUM
CVE-2005-0742,scripting,NVD-CWE-Other,4.3,8.6,14.0,,,0,,,MEDIUM
CVE-2005-0778,does,NVD-CWE-Other,5.0,10.0,3.0,,,0,,,MEDIUM
CVE-2005-0836,injection,NVD-CWE-Other,10.0,10.0,2.0,,,0,,,HIGH
CVE-2005-0976,and,NVD-CWE-Other,5.0,10.0,9.0,,,1,,,MEDIUM
CVE-2005-0989,function,NVD-CWE-noinfo,5.0,10.0,2.0,3590.0,3590.0,1,0.0,0.0,MEDIUM
CVE-2005-1016,scripting,NVD-CWE-Other,4.3,8.6,14.0,,,0,,,MEDIUM
CVE-2005-1022,places,NVD-CWE-Other,5.0,10.0,1.0,4902.0,4902.0,0,0.0,0.0,MEDIUM
CVE-2005-1068,scripting,NVD-CWE-Other,4.3,8.6,14.0,,,0,,,MEDIUM
CVE-2005-1080,traversal,NVD-CWE-Other,5.0,10.0,2.0,,,1,,,MEDIUM
CVE-2005-1105,traversal,NVD-CWE-Other,5.0,10.0,2.0,,,0,,,MEDIUM
CVE-2005-1112,and,NVD-CWE-Other,5.0,10.0,9.0,,,0,,,MEDIUM
CVE-2005-1150,vulnerability,NVD-CWE-Other,5.0,10.0,4.0,,,0,,,MEDIUM
CVE-2005-1153,before,NVD-CWE-Other,7.5,10.0,10.0,6799.0,6799.0,0,0.0,0.0,HIGH
CVE-2005-1155,favicon,CWE-94,7.5,10.0,1.0,5234.0,5234.0,1,0.0,0.0,HIGH
CVE-2005-1158,security,NVD-CWE-Other,5.0,10.0,1.0,6997.0,6997.0,0,0.0,0.0,MEDIUM
CVE-2005-1159,native,NVD-CWE-Other,7.5,10.0,1.0,,,0,,,HIGH
CVE-2005-1232,overflow,NVD-CWE-Other,7.5,10.0,3.0,6030.0,6030.0,0,0.0,0.0,HIGH
CVE-2005-0918,control,CWE-203,5.0,10.0,3.0,7366.0,7366.0,1,1.0,0.0,MEDIUM
CVE-2005-1476,allows,NVD-CWE-Other,5.1,4.9,11.0,5136.0,5136.0,1,0.0,0.0,MEDIUM
CVE-2005-1477,install,NVD-CWE-Other,5.1,4.9,1.0,,,1,,,MEDIUM
CVE-2005-1531,before,NVD-CWE-Other,7.5,10.0,12.0,6789.0,6789.0,0,0.0,0.0,HIGH
CVE-2005-1532,before,CWE-264,7.5,10.0,12.0,6789.0,6789.0,0,0.0,0.0,HIGH
CVE-2005-1569,scripting,NVD-CWE-Other,4.3,8.6,15.0,,,0,,,MEDIUM
CVE-2005-1193,and,NVD-CWE-Other,7.5,10.0,10.0,,,0,,,HIGH
CVE-2005-1592,vulerabilities,NVD-CWE-Other,7.5,10.0,1.0,,,1,,,HIGH
CVE-2005-1659,scripting,NVD-CWE-Other,4.3,8.6,16.0,,,1,,,MEDIUM
CVE-2005-1682,used,CWE-20,2.1,3.9,1.0,,,0,,,LOW
CVE-2005-0150,before,NVD-CWE-Other,5.0,10.0,13.0,6775.0,6775.0,0,0.0,0.0,MEDIUM
CVE-2005-1790,and,CWE-399,2.6,4.9,12.0,,,0,,,LOW
CVE-2005-0563,scripting,CWE-79,4.3,8.6,17.0,,,0,,,MEDIUM
CVE-2005-1937,regression,NVD-CWE-Other,2.6,4.9,1.0,7062.0,7062.0,0,0.0,0.0,LOW
CVE-2005-1306,control,CWE-611,7.5,3.9,4.0,7325.0,7325.0,1,1.0,0.0,HIGH
CVE-2005-1973,and,NVD-CWE-Other,5.1,4.9,13.0,,,0,,,MEDIUM
CVE-2005-1974,vulnerability,NVD-CWE-noinfo,5.1,4.9,5.0,,,0,,,MEDIUM
CVE-2005-2022,vulnerability,CWE-79,4.3,8.6,6.0,,,0,,,MEDIUM
CVE-2005-2114,and,NVD-CWE-Other,5.0,10.0,14.0,,,1,,,MEDIUM
CVE-2005-2138,scripting,NVD-CWE-Other,4.3,8.6,18.0,,,1,,,MEDIUM
CVE-2005-2261,before,NVD-CWE-Other,7.5,10.0,16.0,6727.0,6727.0,1,0.0,0.0,HIGH
CVE-2005-2262,and,NVD-CWE-Other,5.1,4.9,16.0,,,0,,,MEDIUM
CVE-2005-2267,before,NVD-CWE-Other,7.5,10.0,16.0,6727.0,6727.0,0,0.0,0.0,HIGH
CVE-2005-2268,before,NVD-CWE-Other,2.6,4.9,16.0,6727.0,6727.0,1,0.0,0.0,LOW
CVE-2005-2271,does,NVD-CWE-Other,2.6,4.9,5.0,,,1,,,LOW
CVE-2005-2272,version,NVD-CWE-Other,2.6,4.9,1.0,3299.0,3299.0,1,0.0,0.0,LOW
CVE-2005-2273,and,NVD-CWE-noinfo,2.6,4.9,16.0,,,0,,,LOW
CVE-2005-2274,does,NVD-CWE-Other,2.6,4.9,5.0,,,1,,,LOW
CVE-2005-2297,buffer,NVD-CWE-Other,4.6,3.9,3.0,5593.0,5593.0,0,0.0,0.0,MEDIUM
CVE-2005-2276,scripting,NVD-CWE-Other,4.3,8.6,19.0,,,1,,,MEDIUM
CVE-2005-2438,scripting,NVD-CWE-Other,4.3,8.6,19.0,,,0,,,MEDIUM
CVE-2005-2442,vulnerability,NVD-CWE-Other,5.0,10.0,7.0,,,1,,,MEDIUM
CVE-2005-2594,allows,NVD-CWE-Other,5.0,10.0,10.0,5036.0,5036.0,1,0.0,0.0,MEDIUM
CVE-2005-2595,scripting,NVD-CWE-Other,4.3,8.6,19.0,,,0,,,MEDIUM
CVE-2005-2688,scripting,NVD-CWE-Other,4.3,8.6,20.0,,,1,,,MEDIUM
CVE-2005-2990,before,NVD-CWE-Other,2.1,3.9,15.0,6658.0,6658.0,0,0.0,0.0,LOW
CVE-2005-2705,overflow,NVD-CWE-Other,7.5,10.0,5.0,5886.0,5886.0,0,0.0,0.0,HIGH
CVE-2005-2706,before,NVD-CWE-Other,6.4,10.0,16.0,6654.0,6654.0,0,0.0,0.0,MEDIUM
CVE-2005-3164,connector,CWE-200,2.6,4.9,1.0,,,0,,,LOW
CVE-2005-2715,string,NVD-CWE-Other,10.0,10.0,1.0,,,1,,,HIGH
CVE-2005-2759,jlucaller,NVD-CWE-Other,7.2,3.9,1.0,,,0,,,HIGH
CVE-2005-3269,buffer,CWE-119,7.5,10.0,4.0,5499.0,5499.0,0,0.0,0.0,HIGH
CVE-2005-3292,scripting,NVD-CWE-Other,4.3,8.6,21.0,,,0,,,MEDIUM
CVE-2005-2743,extensions,NVD-CWE-Other,7.5,10.0,1.0,1664.0,1664.0,0,0.0,0.0,HIGH
CVE-2005-3337,scripting,NVD-CWE-Other,4.3,8.6,22.0,,,0,,,MEDIUM
CVE-2005-3412,scripting,NVD-CWE-Other,4.3,8.6,23.0,,,1,,,MEDIUM
CVE-2005-3472,vulnerability,NVD-CWE-Other,5.0,10.0,7.0,,,0,,,MEDIUM
CVE-2005-3505,scripting,NVD-CWE-Other,4.3,8.6,24.0,,,1,,,MEDIUM
CVE-2005-3560,through,NVD-CWE-Other,7.5,10.0,4.0,,,1,,,HIGH
CVE-2005-3583,and,NVD-CWE-Other,7.8,10.0,16.0,,,0,,,HIGH
CVE-2005-3754,scripting,NVD-CWE-Other,4.3,8.6,26.0,,,1,,,MEDIUM
CVE-2005-3757,parser,NVD-CWE-Other,7.5,10.0,1.0,,,1,,,HIGH
CVE-2005-3758,scripting,NVD-CWE-Other,4.3,8.6,26.0,,,0,,,MEDIUM
CVE-2005-3761,scripting,NVD-CWE-Other,4.3,8.6,27.0,,,0,,,MEDIUM
CVE-2005-3896,allows,NVD-CWE-Other,7.8,10.0,13.0,4931.0,4931.0,1,0.0,0.0,HIGH
CVE-2005-3897,allows,NVD-CWE-Other,7.8,10.0,13.0,4931.0,4931.0,0,0.0,0.0,HIGH
CVE-2005-3904,vulnerability,NVD-CWE-Other,7.5,10.0,10.0,,,0,,,HIGH
CVE-2005-3905,vulnerability,NVD-CWE-noinfo,7.5,10.0,10.0,,,0,,,HIGH
CVE-2005-3906,unspecified,NVD-CWE-noinfo,7.5,10.0,1.0,,,0,,,HIGH
CVE-2005-3907,vulnerability,NVD-CWE-noinfo,7.5,10.0,10.0,,,0,,,HIGH
CVE-2005-3946,allows,CWE-20,5.0,10.0,14.0,4930.0,4930.0,1,0.0,0.0,MEDIUM
CVE-2005-3966,scripting,NVD-CWE-Other,4.3,8.6,27.0,,,1,,,MEDIUM
CVE-2005-4022,scripting,NVD-CWE-Other,4.3,8.6,28.0,,,0,,,MEDIUM
CVE-2005-4045,vulnerability,NVD-CWE-noinfo,7.5,10.0,12.0,,,0,,,HIGH
CVE-2005-4046,vulnerability,NVD-CWE-Other,4.0,4.9,12.0,,,0,,,MEDIUM
CVE-2005-4150,scripting,NVD-CWE-Other,4.3,8.6,29.0,,,0,,,MEDIUM
CVE-2005-4197,allows,NVD-CWE-Other,7.5,10.0,15.0,4918.0,4918.0,1,0.0,0.0,HIGH
CVE-2005-4204,scripting,NVD-CWE-Other,4.3,8.6,30.0,,,0,,,MEDIUM
CVE-2005-4357,scripting,NVD-CWE-Other,2.6,4.9,31.0,,,1,,,LOW
CVE-2005-4501,before,NVD-CWE-Other,4.3,8.6,17.0,6564.0,6564.0,0,0.0,0.0,MEDIUM
CVE-2005-1753,through,CWE-264,5.0,10.0,6.0,,,0,,,MEDIUM
CVE-2005-1754,through,CWE-200,5.0,10.0,6.0,,,1,,,MEDIUM
CVE-2005-2343,web,NVD-CWE-Other,2.6,4.9,1.0,,,0,,,LOW
CVE-2005-2527,condition,CWE-59,1.2,1.9,1.0,5569.0,5569.0,0,0.0,0.0,LOW
CVE-2005-2529,vulnerability,NVD-CWE-Other,10.0,10.0,16.0,,,0,,,HIGH
CVE-2005-2530,vulnerability,NVD-CWE-Other,10.0,10.0,16.0,,,0,,,HIGH
CVE-2005-2738,before,NVD-CWE-Other,5.0,10.0,18.0,6556.0,6556.0,0,0.0,0.0,MEDIUM
CVE-2005-4644,scripting,NVD-CWE-Other,4.3,8.6,36.0,,,1,,,MEDIUM
CVE-2005-4665,scripting,NVD-CWE-Other,4.3,8.6,36.0,,,0,,,MEDIUM
CVE-2005-4666,scripting,NVD-CWE-Other,4.3,8.6,36.0,,,0,,,MEDIUM
CVE-2005-4705,and,NVD-CWE-Other,5.0,10.0,19.0,,,0,,,MEDIUM
CVE-2005-4709,method,NVD-CWE-Other,5.0,10.0,1.0,,,0,,,MEDIUM
CVE-2005-4761,and,NVD-CWE-Other,1.2,1.9,19.0,,,0,,,LOW
CVE-2005-4780,scripting,NVD-CWE-Other,3.7,2.2,36.0,,,1,,,LOW
CVE-2005-4804,vulnerability,NVD-CWE-Other,5.0,10.0,16.0,,,0,,,MEDIUM
CVE-2005-4805,vulnerability,NVD-CWE-Other,5.0,10.0,16.0,,,0,,,MEDIUM
CVE-2005-4806,unspecified,NVD-CWE-Other,5.0,10.0,2.0,,,0,,,MEDIUM
CVE-2005-4845,and,CWE-16,5.0,10.0,19.0,,,0,,,MEDIUM
CVE-2005-4877,scripting,CWE-79,4.3,8.6,36.0,,,0,,,MEDIUM
CVE-2006-0070,allows,NVD-CWE-Other,4.3,8.6,12.0,4896.0,4896.0,1,0.0,0.0,MEDIUM
CVE-2006-0102,scripting,NVD-CWE-Other,4.3,8.6,30.0,,,1,,,MEDIUM
CVE-2006-0155,scripting,NVD-CWE-Other,4.3,8.6,32.0,,,1,,,MEDIUM
CVE-2006-0156,scripting,NVD-CWE-Other,4.3,8.6,32.0,,,1,,,MEDIUM
CVE-2006-0165,scripting,NVD-CWE-Other,4.3,8.6,33.0,,,0,,,MEDIUM
CVE-2006-0185,scripting,NVD-CWE-Other,5.0,10.0,34.0,,,1,,,MEDIUM
CVE-2006-0198,scripting,NVD-CWE-Other,4.3,8.6,35.0,,,1,,,MEDIUM
CVE-2006-0233,scripting,CWE-79,4.3,8.6,36.0,,,0,,,MEDIUM
CVE-2006-0285,vulnerability,NVD-CWE-noinfo,10.0,10.0,16.0,,,0,,,HIGH
CVE-2006-0310,scripting,NVD-CWE-Other,4.3,8.6,37.0,,,1,,,MEDIUM
CVE-2006-0019,buffer,NVD-CWE-Other,7.5,10.0,3.0,5407.0,5407.0,0,0.0,0.0,HIGH
CVE-2006-0361,scripting,NVD-CWE-Other,4.3,8.6,41.0,,,1,,,MEDIUM
CVE-2006-0364,scripting,CWE-79,4.3,8.6,41.0,,,1,,,MEDIUM
CVE-2006-0365,scripting,NVD-CWE-Other,4.3,8.6,41.0,,,0,,,MEDIUM
CVE-2006-0366,scripting,NVD-CWE-Other,4.3,8.6,41.0,,,0,,,MEDIUM
CVE-2006-0443,scripting,NVD-CWE-Other,4.3,8.6,42.0,,,1,,,MEDIUM
CVE-2006-0469,scripting,NVD-CWE-Other,4.3,8.6,43.0,,,0,,,MEDIUM
CVE-2006-0471,scripting,NVD-CWE-Other,4.3,8.6,46.0,,,1,,,MEDIUM
CVE-2006-0472,scripting,NVD-CWE-Other,4.3,8.6,46.0,,,1,,,MEDIUM
CVE-2006-0473,scripting,NVD-CWE-Other,4.3,8.6,46.0,,,1,,,MEDIUM
CVE-2006-0292,interpreter,NVD-CWE-Other,7.5,10.0,1.0,,,0,,,HIGH
CVE-2006-0294,before,NVD-CWE-Other,7.5,10.0,16.0,6522.0,6522.0,0,0.0,0.0,HIGH
CVE-2006-0295,enabled,NVD-CWE-Other,5.1,4.9,1.0,,,0,,,MEDIUM
CVE-2006-0296,function,NVD-CWE-Other,5.0,10.0,2.0,3313.0,3313.0,0,0.0,0.0,MEDIUM
CVE-2006-0297,integer,NVD-CWE-Other,5.1,4.9,1.0,2303.0,2303.0,0,0.0,0.0,MEDIUM
CVE-2006-0299,implementation,NVD-CWE-Other,6.4,10.0,1.0,,,0,,,MEDIUM
CVE-2006-0531,vulnerability,NVD-CWE-Other,7.2,3.9,17.0,,,0,,,HIGH
CVE-2006-0532,scripting,NVD-CWE-Other,4.3,8.6,47.0,,,1,,,MEDIUM
CVE-2006-0437,scripting,NVD-CWE-Other,4.3,8.6,48.0,,,1,,,MEDIUM
CVE-2006-0585,and,NVD-CWE-noinfo,5.0,10.0,15.0,,,1,,,MEDIUM
CVE-2006-0613,vulnerability,NVD-CWE-Other,4.0,4.9,20.0,,,0,,,MEDIUM
CVE-2006-0614,vulnerability,NVD-CWE-Other,6.4,10.0,20.0,,,0,,,MEDIUM
CVE-2006-0615,unspecified,NVD-CWE-Other,4.0,4.9,4.0,,,0,,,MEDIUM
CVE-2006-0616,vulnerability,NVD-CWE-Other,4.0,4.9,20.0,,,0,,,MEDIUM
CVE-2006-0617,unspecified,NVD-CWE-Other,4.0,4.9,4.0,,,0,,,MEDIUM
CVE-2006-0647,service,NVD-CWE-Other,5.0,10.0,1.0,4822.0,4822.0,1,0.0,0.0,MEDIUM
CVE-2006-0663,scripting,CWE-79,4.3,8.6,49.0,,,1,,,MEDIUM
CVE-2006-0735,scripting,NVD-CWE-Other,4.3,8.6,50.0,,,1,,,MEDIUM
CVE-2006-0753,leak,NVD-CWE-Other,2.6,4.9,1.0,7146.0,7146.0,0,1.0,0.17,LOW
CVE-2006-0830,scripting,NVD-CWE-Other,7.5,10.0,51.0,,,0,,,HIGH
CVE-2006-0842,scripting,CWE-79,4.3,8.6,52.0,,,0,,,MEDIUM
CVE-2006-0884,rendering,CWE-20,9.3,8.6,1.0,5051.0,5051.0,1,0.0,0.0,HIGH
CVE-2006-0897,injection,CWE-89,7.5,10.0,5.0,,,0,,,HIGH
CVE-2006-0933,scripting,NVD-CWE-Other,4.3,8.6,53.0,,,1,,,MEDIUM
CVE-2006-0388,before,CWE-94,2.6,1.9,17.0,6493.0,6493.0,0,0.0,0.0,LOW
CVE-2006-0389,scripting,NVD-CWE-Other,2.6,4.9,54.0,,,0,,,LOW
CVE-2006-0387,buffer,NVD-CWE-Other,6.4,10.0,4.0,5362.0,5362.0,0,0.0,0.0,MEDIUM
CVE-2006-1016,overflow,NVD-CWE-Other,7.5,10.0,4.0,5722.0,5722.0,1,0.0,0.0,HIGH
CVE-2006-1130,scripting,NVD-CWE-Other,4.3,8.6,54.0,,,1,,,MEDIUM
CVE-2006-0400,allows,NVD-CWE-Other,7.5,10.0,11.0,4827.0,4827.0,0,0.0,0.0,HIGH
CVE-2006-1223,scripting,NVD-CWE-Other,4.3,8.6,55.0,,,1,,,MEDIUM
CVE-2006-1264,scripting,NVD-CWE-Other,4.3,8.6,56.0,,,1,,,MEDIUM
CVE-2006-1344,scripting,NVD-CWE-Other,4.3,8.6,57.0,,,1,,,MEDIUM
CVE-2006-1477,remote,NVD-CWE-Other,7.5,10.0,1.0,,,1,,,HIGH
CVE-2006-1625,scripting,NVD-CWE-Other,6.8,8.6,58.0,,,0,,,MEDIUM
CVE-2006-1672,installation,NVD-CWE-Other,7.5,10.0,1.0,,,0,,,HIGH
CVE-2006-1716,scripting,NVD-CWE-Other,5.1,4.9,59.0,,,0,,,MEDIUM
CVE-2006-1735,and,CWE-264,9.3,8.6,16.0,,,1,,,HIGH
CVE-2006-1741,before,CWE-79,4.3,8.6,18.0,6451.0,6451.0,1,0.0,0.0,MEDIUM
CVE-2006-1742,engine,NVD-CWE-Other,5.0,10.0,1.0,,,0,,,MEDIUM
CVE-2006-1737,overflow,CWE-189,9.3,8.6,5.0,5683.0,5683.0,0,0.0,0.0,HIGH
CVE-2006-1830,when,NVD-CWE-Other,3.7,1.9,1.0,7120.0,7120.0,0,0.0,0.17,LOW
CVE-2006-1981,vulnerability,NVD-CWE-Other,2.1,3.9,21.0,,,0,,,LOW
CVE-2006-1993,when,CWE-399,5.1,4.9,2.0,7114.0,7114.0,1,0.0,0.17,MEDIUM
CVE-2006-2143,scripting,NVD-CWE-Other,4.3,8.6,57.0,,,1,,,MEDIUM
CVE-2006-2167,scripting,NVD-CWE-Other,4.3,8.6,58.0,,,0,,,MEDIUM
CVE-2006-2228,scripting,NVD-CWE-Other,4.3,8.6,60.0,,,1,,,MEDIUM
CVE-2006-2234,scripting,NVD-CWE-Other,6.8,8.6,60.0,,,0,,,MEDIUM
CVE-2006-2269,scripting,NVD-CWE-Other,4.3,8.6,61.0,,,1,,,MEDIUM
CVE-2006-2282,scripting,NVD-CWE-Other,4.3,8.6,62.0,,,0,,,MEDIUM
CVE-2006-2426,and,NVD-CWE-Other,6.4,10.0,12.0,,,1,,,MEDIUM
CVE-2006-2501,scripting,NVD-CWE-Other,6.8,8.6,61.0,,,0,,,MEDIUM
CVE-2006-2513,vulnerability,NVD-CWE-Other,7.5,10.0,20.0,,,0,,,HIGH
CVE-2006-2533,scripting,NVD-CWE-Other,5.8,8.6,62.0,,,0,,,MEDIUM
CVE-2006-2538,plugin,NVD-CWE-Other,2.6,4.9,1.0,,,0,,,LOW
CVE-2006-2539,for,NVD-CWE-Other,3.5,1.5,1.0,,,0,,,LOW
CVE-2006-2567,scripting,NVD-CWE-Other,4.3,8.6,63.0,,,0,,,MEDIUM
CVE-2006-2611,scripting,NVD-CWE-Other,4.3,8.6,64.0,,,1,,,MEDIUM
CVE-2006-2637,scripting,NVD-CWE-Other,4.3,8.6,66.0,,,0,,,MEDIUM
CVE-2006-2639,scripting,NVD-CWE-Other,4.3,8.6,66.0,,,0,,,MEDIUM
CVE-2006-2764,scripting,NVD-CWE-Other,4.3,8.6,67.0,,,0,,,MEDIUM
CVE-2006-2784,functionality,CWE-264,5.1,4.9,1.0,,,0,,,MEDIUM
CVE-2006-2785,scripting,NVD-CWE-Other,4.3,8.6,68.0,,,0,,,MEDIUM
CVE-2006-2787,and,NVD-CWE-Other,9.3,8.6,12.0,,,0,,,HIGH
CVE-2006-2788,free,CWE-119,7.5,10.0,1.0,4065.0,4065.0,1,0.0,0.0,HIGH
CVE-2006-2806,server,NVD-CWE-Other,7.8,10.0,1.0,,,1,,,HIGH
CVE-2006-2808,scripting,NVD-CWE-Other,6.8,8.6,71.0,,,0,,,MEDIUM
CVE-2006-2812,scripting,NVD-CWE-Other,6.8,8.6,71.0,,,0,,,MEDIUM
CVE-2006-2820,scripting,NVD-CWE-Other,4.3,8.6,71.0,,,0,,,MEDIUM
CVE-2006-2894,before,CWE-20,4.0,4.9,11.0,6397.0,6397.0,1,0.0,0.0,MEDIUM
CVE-2006-2900,allows,CWE-200,4.0,4.9,10.0,4742.0,4742.0,0,0.0,0.0,MEDIUM
CVE-2006-2969,scripting,NVD-CWE-Other,4.3,8.6,72.0,,,0,,,MEDIUM
CVE-2006-2975,scripting,NVD-CWE-Other,2.6,4.9,73.0,,,0,,,LOW
CVE-2006-2991,scripting,NVD-CWE-Other,4.3,8.6,74.0,,,0,,,MEDIUM
CVE-2006-3072,before,NVD-CWE-Other,4.6,3.9,12.0,6385.0,6385.0,0,0.0,0.0,MEDIUM
CVE-2006-3108,scripting,NVD-CWE-Other,4.3,8.6,74.0,,,1,,,MEDIUM
CVE-2006-3127,leak,CWE-399,7.8,10.0,2.0,7022.0,7022.0,0,1.0,0.17,HIGH
CVE-2006-3014,allows,CWE-20,5.1,4.9,11.0,4727.0,4727.0,1,0.0,0.0,MEDIUM
CVE-2006-3211,scripting,CWE-79,4.3,8.6,75.0,,,0,,,MEDIUM
CVE-2006-3224,allows,NVD-CWE-Other,5.4,4.9,12.0,4723.0,4723.0,0,0.0,0.0,MEDIUM
CVE-2006-3225,scripting,NVD-CWE-Other,2.6,4.9,76.0,,,0,,,LOW
CVE-2006-2199,vulnerability,NVD-CWE-noinfo,7.6,4.9,19.0,,,0,,,HIGH
CVE-2006-3353,allows,CWE-119,5.0,10.0,13.0,4713.0,4713.0,1,0.0,0.0,MEDIUM
CVE-2006-3383,scripting,NVD-CWE-Other,5.8,8.6,77.0,,,0,,,MEDIUM
CVE-2006-3399,scripting,NVD-CWE-Other,2.6,4.9,77.0,,,1,,,LOW
CVE-2006-3423,and,CWE-20,9.3,8.6,11.0,,,0,,,HIGH
CVE-2006-3539,scripting,CWE-79,4.3,8.6,80.0,,,0,,,MEDIUM
CVE-2006-3548,scripting,NVD-CWE-Other,4.3,8.6,80.0,,,1,,,MEDIUM
CVE-2006-3555,scripting,NVD-CWE-Other,5.8,8.6,80.0,,,0,,,MEDIUM
CVE-2006-3609,scripting,NVD-CWE-Other,4.3,8.6,82.0,,,0,,,MEDIUM
CVE-2006-3617,scripting,NVD-CWE-Other,5.8,8.6,82.0,,,1,,,MEDIUM
CVE-2006-3733,the,CWE-264,7.5,10.0,1.0,2651.0,2651.0,0,0.0,0.0,HIGH
CVE-2006-3761,scripting,CWE-79,4.3,8.6,83.0,,,1,,,MEDIUM
CVE-2006-3677,before,CWE-16,7.5,10.0,11.0,6347.0,6347.0,0,0.0,0.0,HIGH
CVE-2006-3803,condition,NVD-CWE-Other,5.1,4.9,2.0,5361.0,5361.0,0,0.0,0.0,MEDIUM
CVE-2006-3806,integer,CWE-189,7.5,10.0,2.0,2128.0,2128.0,0,0.0,0.0,HIGH
CVE-2006-3807,before,NVD-CWE-Other,7.5,10.0,11.0,6347.0,6347.0,0,0.0,0.0,HIGH
CVE-2006-3801,before,NVD-CWE-Other,7.5,10.0,12.0,6347.0,6347.0,0,0.0,0.0,HIGH
CVE-2006-3805,engine,NVD-CWE-Other,7.5,10.0,2.0,,,0,,,HIGH
CVE-2006-3811,vulnerabilities,NVD-CWE-Other,7.5,10.0,1.0,5759.0,5759.0,0,0.0,0.0,HIGH
CVE-2006-3914,scripting,NVD-CWE-Other,6.0,6.8,83.0,,,0,,,MEDIUM
CVE-2006-3921,through,NVD-CWE-Other,4.0,8.0,4.0,,,0,,,MEDIUM
CVE-2006-3946,and,CWE-119,7.5,10.0,10.0,,,1,,,HIGH
CVE-2006-3504,for,NVD-CWE-Other,5.1,4.9,2.0,,,0,,,MEDIUM
CVE-2006-3450,allows,CWE-20,7.5,10.0,14.0,4679.0,4679.0,0,0.0,0.0,HIGH
CVE-2006-4092,does,NVD-CWE-Other,3.6,3.9,1.0,,,0,,,LOW
CVE-2006-4253,vulnerability,CWE-264,7.6,4.9,19.0,,,0,,,HIGH
CVE-2006-4273,scripting,NVD-CWE-Other,6.8,8.6,82.0,,,1,,,MEDIUM
CVE-2006-4302,through,CWE-264,5.0,10.0,5.0,,,0,,,MEDIUM
CVE-2006-4308,scripting,CWE-79,4.3,8.6,83.0,,,0,,,MEDIUM
CVE-2006-4317,scripting,NVD-CWE-Other,6.8,8.6,84.0,,,1,,,MEDIUM
CVE-2006-4353,vulnerability,NVD-CWE-Other,5.0,10.0,20.0,,,0,,,MEDIUM
CVE-2006-4449,scripting,NVD-CWE-Other,5.1,4.9,84.0,,,1,,,MEDIUM
CVE-2006-4464,possibly,NVD-CWE-Other,5.0,10.0,1.0,,,1,,,MEDIUM
CVE-2006-4480,blacklist,NVD-CWE-Other,4.3,8.6,1.0,,,0,,,MEDIUM
CVE-2006-4560,allows,NVD-CWE-Other,7.5,10.0,15.0,4651.0,4651.0,1,0.0,0.0,HIGH
CVE-2006-4561,allows,NVD-CWE-Other,7.5,10.0,15.0,4651.0,4651.0,1,0.0,0.0,HIGH
CVE-2006-4706,scripting,NVD-CWE-Other,6.8,8.6,86.0,,,1,,,MEDIUM
CVE-2006-4712,scripting,CWE-79,6.8,8.6,86.0,,,1,,,MEDIUM
CVE-2006-4797,scripting,NVD-CWE-Other,4.3,8.6,87.0,,,0,,,MEDIUM
CVE-2006-4565,buffer,CWE-119,9.3,8.6,5.0,5169.0,5169.0,0,0.0,0.0,HIGH
CVE-2006-4566,before,NVD-CWE-Other,5.0,10.0,13.0,6297.0,6297.0,0,0.0,0.0,MEDIUM
CVE-2006-4570,before,NVD-CWE-Other,2.6,4.9,14.0,6297.0,6297.0,0,0.0,0.0,LOW
CVE-2006-4571,unspecified,NVD-CWE-noinfo,10.0,10.0,5.0,,,0,,,HIGH
CVE-2006-4951,for,NVD-CWE-Other,7.5,10.0,3.0,,,1,,,HIGH
CVE-2006-4952,updatemail,NVD-CWE-Other,7.5,10.0,1.0,,,1,,,HIGH
CVE-2006-4953,injection,NVD-CWE-Other,7.5,10.0,3.0,,,1,,,HIGH
CVE-2006-4954,updateuser,NVD-CWE-Other,7.5,10.0,1.0,,,1,,,HIGH
CVE-2006-4955,traversal,NVD-CWE-Other,5.0,10.0,1.0,,,1,,,MEDIUM
CVE-2006-4956,scripting,NVD-CWE-Other,6.8,8.6,88.0,,,1,,,MEDIUM
CVE-2006-4965,and,CWE-94,5.0,10.0,11.0,,,1,,,MEDIUM
CVE-2006-4975,for,NVD-CWE-Other,2.6,4.9,4.0,,,1,,,LOW
CVE-2006-5159,buffer,NVD-CWE-Other,7.5,10.0,6.0,5150.0,5150.0,0,0.0,0.0,HIGH
CVE-2006-5201,packages,NVD-CWE-Other,4.0,4.9,1.0,6080.0,6080.0,0,0.0,0.0,MEDIUM
CVE-2006-5402,remote,CWE-94,7.5,10.0,2.0,,,1,,,HIGH
CVE-2006-5442,and,NVD-CWE-Other,6.8,8.6,12.0,,,0,,,MEDIUM
CVE-2006-5486,scripting,CWE-79,4.3,8.6,88.0,,,0,,,MEDIUM
CVE-2006-5653,scripting,NVD-CWE-Other,4.3,8.6,87.0,,,1,,,MEDIUM
CVE-2006-5654,vulnerability,NVD-CWE-noinfo,4.0,8.0,21.0,,,0,,,MEDIUM
CVE-2006-5747,vulnerability,NVD-CWE-Other,7.5,10.0,21.0,,,0,,,HIGH
CVE-2006-5748,unspecified,NVD-CWE-noinfo,5.0,10.0,6.0,,,0,,,MEDIUM
CVE-2006-5463,vulnerability,NVD-CWE-Other,7.5,10.0,22.0,,,0,,,HIGH
CVE-2006-6009,vulnerability,NVD-CWE-Other,5.0,10.0,23.0,,,0,,,MEDIUM
CVE-2006-6015,overflow,NVD-CWE-Other,5.0,10.0,4.0,5462.0,5462.0,1,0.0,0.0,MEDIUM
CVE-2006-6163,scripting,CWE-79,4.3,8.6,84.0,,,0,,,MEDIUM
CVE-2006-6257,file,NVD-CWE-Other,6.8,8.6,1.0,3986.0,3986.0,1,0.0,0.0,MEDIUM
CVE-2006-6276,request,CWE-444,6.8,8.6,1.0,,,0,,,MEDIUM
CVE-2006-6311,allows,NVD-CWE-Other,5.0,10.0,11.0,4559.0,4559.0,0,0.0,0.0,MEDIUM
CVE-2006-5579,allows,CWE-119,9.3,8.6,12.0,4553.0,4553.0,0,0.0,0.0,HIGH
CVE-2006-6607,for,NVD-CWE-Other,2.7,5.1,5.0,,,0,,,LOW
CVE-2006-6626,scripting,NVD-CWE-Other,6.8,8.6,81.0,,,1,,,MEDIUM
CVE-2006-6498,unspecified,NVD-CWE-noinfo,6.8,8.6,6.0,,,0,,,MEDIUM
CVE-2006-6501,vulnerability,CWE-264,6.8,8.6,19.0,,,0,,,MEDIUM
CVE-2006-6503,before,CWE-254,6.8,8.6,13.0,6202.0,6202.0,0,0.0,0.0,MEDIUM
CVE-2006-5681,for,NVD-CWE-Other,2.6,4.9,6.0,,,0,,,LOW
CVE-2006-6703,scripting,NVD-CWE-Other,6.8,8.6,81.0,,,0,,,MEDIUM
CVE-2006-6731,buffer,NVD-CWE-Other,9.3,8.6,6.0,5067.0,5067.0,0,0.0,0.0,HIGH
CVE-2006-6736,vulnerability,NVD-CWE-noinfo,4.3,8.6,21.0,,,0,,,MEDIUM
CVE-2006-6737,vulnerability,NVD-CWE-noinfo,4.3,8.6,21.0,,,0,,,MEDIUM
CVE-2006-6745,unspecified,NVD-CWE-Other,9.3,8.6,7.0,,,0,,,HIGH
CVE-2006-6779,scripting,NVD-CWE-Other,6.8,8.6,82.0,,,1,,,MEDIUM
CVE-2006-4577,scripting,NVD-CWE-Other,6.8,8.6,83.0,,,1,,,MEDIUM
CVE-2007-0045,scripting,CWE-79,4.3,8.6,79.0,,,1,,,MEDIUM
CVE-2007-0046,free,NVD-CWE-Other,7.5,10.0,2.0,3850.0,3850.0,1,0.0,0.0,HIGH
CVE-2007-0047,injection,NVD-CWE-Other,6.8,8.6,3.0,,,0,,,MEDIUM
CVE-2007-0083,scripting,NVD-CWE-Other,6.8,8.6,80.0,,,0,,,MEDIUM
CVE-2007-0099,condition,CWE-362,9.3,8.6,2.0,5196.0,5196.0,0,0.0,0.0,HIGH
CVE-2007-0114,and,NVD-CWE-Other,5.0,10.0,9.0,,,0,,,MEDIUM
CVE-2007-0127,support,CWE-94,9.3,8.6,1.0,2989.0,2989.0,0,0.0,0.0,HIGH
CVE-2007-0148,string,NVD-CWE-Other,6.8,8.6,1.0,,,0,,,MEDIUM
CVE-2006-6919,extension,NVD-CWE-Other,6.8,8.6,1.0,4614.0,4614.0,1,0.0,0.0,MEDIUM
CVE-2007-0186,scripting,NVD-CWE-Other,6.8,8.6,77.0,,,0,,,MEDIUM
CVE-2007-0014,allows,CWE-310,4.4,3.4,11.0,4518.0,4518.0,0,0.0,0.0,MEDIUM
CVE-2007-0243,overflow,CWE-119,6.8,8.6,5.0,5405.0,5405.0,0,0.0,0.0,MEDIUM
CVE-2007-0341,scripting,NVD-CWE-Other,6.8,8.6,75.0,,,1,,,MEDIUM
CVE-2007-0628,scripting,NVD-CWE-Other,4.3,8.6,66.0,,,0,,,MEDIUM
CVE-2007-0768,scripting,NVD-CWE-Other,4.3,8.6,66.0,,,0,,,MEDIUM
CVE-2007-0788,scripting,NVD-CWE-Other,4.3,8.6,67.0,,,0,,,MEDIUM
CVE-2006-6969,before,NVD-CWE-Other,6.8,8.6,11.0,6152.0,6152.0,0,0.0,0.0,MEDIUM
CVE-2007-0811,and,NVD-CWE-Other,4.3,8.6,10.0,,,1,,,MEDIUM
CVE-2007-0827,control,NVD-CWE-Other,6.8,8.6,1.0,6722.0,6722.0,1,1.0,0.0,MEDIUM
CVE-2006-6977,scripting,CWE-79,4.3,8.6,68.0,,,1,,,MEDIUM
CVE-2006-6978,scripting,CWE-79,4.3,8.6,68.0,,,1,,,MEDIUM
CVE-2007-0651,scripting,NVD-CWE-Other,4.3,8.6,68.0,,,0,,,MEDIUM
CVE-2006-7043,scripting,NVD-CWE-Other,3.5,6.8,67.0,,,0,,,LOW
CVE-2006-7050,scripting,NVD-CWE-Other,6.8,8.6,67.0,,,0,,,MEDIUM
CVE-2007-1091,allows,NVD-CWE-Other,6.8,8.6,12.0,4478.0,4478.0,0,0.0,0.0,MEDIUM
CVE-2007-1092,and,NVD-CWE-Other,9.3,8.6,10.0,,,1,,,HIGH
CVE-2007-1094,allows,NVD-CWE-Other,7.8,10.0,13.0,4478.0,4478.0,0,0.0,0.0,HIGH
CVE-2007-1095,before,NVD-CWE-Other,6.8,8.6,12.0,6133.0,6133.0,0,0.0,0.0,MEDIUM
CVE-2007-0777,engine,CWE-119,9.3,8.6,3.0,,,0,,,HIGH
CVE-2007-0008,underflow,CWE-189,6.8,8.6,1.0,4796.0,4796.0,0,0.0,0.0,MEDIUM
CVE-2007-0009,buffer,CWE-119,6.8,8.6,6.0,5005.0,5005.0,0,0.0,0.0,MEDIUM
CVE-2007-0780,before,CWE-79,6.8,8.6,13.0,6133.0,6133.0,0,0.0,0.0,MEDIUM
CVE-2007-1116,function,CWE-200,5.0,10.0,1.0,2924.0,2924.0,0,0.0,0.0,MEDIUM
CVE-2007-0994,regression,CWE-94,6.8,8.6,1.0,6432.0,6432.0,1,0.0,0.0,MEDIUM
CVE-2007-1308,used,CWE-399,4.3,8.6,1.0,,,1,,,MEDIUM
CVE-2007-1331,scripting,NVD-CWE-Other,4.3,8.6,66.0,,,1,,,MEDIUM
CVE-2007-1332,request,NVD-CWE-Other,9.3,8.6,2.0,,,0,,,HIGH
CVE-2007-1395,blacklist,NVD-CWE-Other,4.3,8.6,2.0,,,1,,,MEDIUM
CVE-2007-1419,over,NVD-CWE-Other,4.3,3.1,1.0,,,0,,,MEDIUM
CVE-2007-1488,vulnerability,NVD-CWE-noinfo,7.5,10.0,13.0,,,0,,,HIGH
CVE-2007-1526,before,NVD-CWE-Other,6.0,6.8,13.0,6111.0,6111.0,0,0.0,0.0,MEDIUM
CVE-2007-1565,allows,NVD-CWE-Other,7.8,10.0,13.0,4454.0,4454.0,0,0.0,0.0,HIGH
CVE-2006-4175,server,CWE-824,7.8,10.0,2.0,,,0,,,HIGH
CVE-2007-1794,engine,NVD-CWE-Other,10.0,10.0,4.0,,,0,,,HIGH
CVE-2007-1944,before,CWE-119,5.0,10.0,14.0,6090.0,6090.0,0,0.0,0.0,MEDIUM
CVE-2007-1947,scripting,NVD-CWE-Other,3.5,6.8,62.0,,,0,,,LOW
CVE-2007-2060,scripting,NVD-CWE-Other,6.8,8.6,62.0,,,0,,,MEDIUM
CVE-2007-1681,string,NVD-CWE-Other,7.5,10.0,2.0,,,0,,,HIGH
CVE-2007-2161,allows,NVD-CWE-Other,4.3,8.6,15.0,4422.0,4422.0,0,0.0,0.0,MEDIUM
CVE-2007-2162,and,NVD-CWE-Other,7.8,10.0,10.0,,,0,,,HIGH
CVE-2007-2163,allows,NVD-CWE-Other,5.0,10.0,15.0,4422.0,4422.0,0,0.0,0.0,MEDIUM
CVE-2007-2164,release,NVD-CWE-Other,5.0,10.0,1.0,,,0,,,MEDIUM
CVE-2007-2175,extensions,NVD-CWE-Other,7.6,4.9,1.0,1118.0,1118.0,0,0.0,0.0,HIGH
CVE-2007-2176,vulnerability,NVD-CWE-noinfo,10.0,10.0,13.0,,,0,,,HIGH
CVE-2007-2376,framework,NVD-CWE-Other,5.0,10.0,10.0,,,0,,,MEDIUM
CVE-2007-2377,framework,NVD-CWE-Other,5.0,10.0,10.0,,,0,,,MEDIUM
CVE-2007-2378,framework,NVD-CWE-Other,5.0,10.0,10.0,,,0,,,MEDIUM
CVE-2007-2379,framework,CWE-200,5.0,10.0,10.0,,,0,,,MEDIUM
CVE-2007-2380,framework,NVD-CWE-Other,5.0,10.0,10.0,,,0,,,MEDIUM
CVE-2007-2381,framework,NVD-CWE-Other,5.0,10.0,10.0,,,0,,,MEDIUM
CVE-2007-2382,framework,NVD-CWE-Other,5.0,10.0,10.0,,,0,,,MEDIUM
CVE-2007-2383,framework,NVD-CWE-Other,5.0,10.0,10.0,,,0,,,MEDIUM
CVE-2007-2384,framework,NVD-CWE-Other,7.8,10.0,10.0,,,0,,,HIGH
CVE-2007-2385,framework,NVD-CWE-Other,5.0,10.0,10.0,,,0,,,MEDIUM
CVE-2007-2435,and,CWE-264,10.0,10.0,11.0,,,0,,,HIGH
CVE-2007-2466,vulnerability,NVD-CWE-Other,7.8,10.0,14.0,,,0,,,HIGH
CVE-2007-2580,vulnerability,NVD-CWE-Other,1.9,3.4,15.0,,,0,,,LOW
CVE-2007-2649,uses,NVD-CWE-Other,7.8,10.0,1.0,,,0,,,HIGH
CVE-2007-2788,overflow,CWE-189,6.8,8.6,4.0,5281.0,5281.0,0,0.0,0.0,MEDIUM
CVE-2007-2789,image,CWE-399,4.3,8.6,1.0,4907.0,4907.0,0,3.0,0.0,MEDIUM
CVE-2007-2843,vulnerability,NVD-CWE-Other,10.0,10.0,15.0,,,1,,,HIGH
CVE-2007-2881,buffer,NVD-CWE-Other,10.0,10.0,6.0,4913.0,4913.0,0,0.0,0.0,HIGH
CVE-2007-2388,for,CWE-264,9.3,8.6,7.0,,,0,,,HIGH
CVE-2007-2389,for,NVD-CWE-Other,7.1,8.6,7.0,,,0,,,HIGH
CVE-2007-2904,scripting,NVD-CWE-Other,4.3,8.6,51.0,,,0,,,MEDIUM
CVE-2007-2906,allows,NVD-CWE-Other,5.0,10.0,16.0,4385.0,4385.0,0,0.0,0.0,MEDIUM
CVE-2007-2907,vulnerability,CWE-119,4.9,6.8,16.0,,,0,,,MEDIUM
CVE-2007-2868,vulnerabilities,CWE-94,9.3,8.6,2.0,5451.0,5451.0,0,0.0,0.0,HIGH
CVE-2007-3089,before,NVD-CWE-Other,4.3,8.6,14.0,6033.0,6033.0,0,0.0,0.0,MEDIUM
CVE-2007-3150,allows,NVD-CWE-Other,9.3,8.6,16.0,4372.0,4372.0,1,0.0,0.0,HIGH
CVE-2007-3202,scripting,NVD-CWE-Other,4.3,8.6,45.0,,,0,,,MEDIUM
CVE-2007-3225,vulnerability,NVD-CWE-Other,6.4,10.0,17.0,,,0,,,MEDIUM
CVE-2007-3101,scripting,NVD-CWE-Other,4.3,8.6,45.0,,,0,,,MEDIUM
CVE-2007-3274,and,CWE-399,4.3,8.6,10.0,,,0,,,MEDIUM
CVE-2007-3331,request,NVD-CWE-Other,5.0,10.0,3.0,,,0,,,MEDIUM
CVE-2007-3342,scripting,NVD-CWE-Other,4.3,8.6,45.0,,,0,,,MEDIUM
CVE-2007-2400,condition,CWE-79,4.3,8.6,3.0,5028.0,5028.0,0,0.0,0.0,MEDIUM
CVE-2007-3481,vulnerability,CWE-119,5.0,10.0,19.0,,,0,,,MEDIUM
CVE-2007-3482,vulnerability,CWE-79,7.8,10.0,19.0,,,0,,,HIGH
CVE-2007-3484,scripting,CWE-79,6.1,2.8,44.0,,,0,,,MEDIUM
CVE-2007-3496,scripting,NVD-CWE-Other,4.3,8.6,45.0,,,0,,,MEDIUM
CVE-2007-3497,allows,NVD-CWE-Other,5.0,10.0,15.0,4354.0,4354.0,0,0.0,0.0,MEDIUM
CVE-2007-3503,tool,CWE-79,4.3,8.6,1.0,1609.0,1609.0,0,0.0,0.0,MEDIUM
CVE-2007-3504,traversal,CWE-22,9.3,8.6,2.0,,,0,,,HIGH
CVE-2007-3514,vulnerability,NVD-CWE-Other,8.5,10.0,19.0,,,0,,,HIGH
CVE-2007-3550,and,CWE-94,7.8,10.0,11.0,,,0,,,HIGH
CVE-2007-3576,executes,NVD-CWE-Other,4.3,8.6,1.0,,,1,,,MEDIUM
CVE-2007-3640,aka,NVD-CWE-Other,4.3,8.6,1.0,3120.0,3120.0,0,0.0,0.0,MEDIUM
CVE-2007-3655,buffer,CWE-119,6.8,8.6,7.0,4871.0,4871.0,1,0.0,0.0,MEDIUM
CVE-2007-3698,and,NVD-CWE-Other,7.8,10.0,11.0,,,0,,,HIGH
CVE-2007-3700,before,NVD-CWE-Other,1.7,3.1,13.0,5998.0,5998.0,0,0.0,0.0,LOW
CVE-2007-3715,and,CWE-20,9.3,8.6,12.0,,,0,,,HIGH
CVE-2007-3716,implementation,CWE-20,9.3,8.6,1.0,,,0,,,HIGH
CVE-2007-2393,design,NVD-CWE-Other,9.3,8.6,1.0,2187.0,2187.0,0,0.0,0.0,HIGH
CVE-2007-2396,support,NVD-CWE-Other,9.3,8.6,2.0,2801.0,2801.0,0,0.0,0.0,HIGH
CVE-2007-2397,for,NVD-CWE-Other,9.3,8.6,9.0,,,0,,,HIGH
CVE-2007-2402,for,CWE-200,4.3,8.6,9.0,,,0,,,MEDIUM
CVE-2007-3794,overflow,NVD-CWE-Other,10.0,10.0,5.0,5226.0,5226.0,0,0.0,0.0,HIGH
CVE-2007-3017,editor,NVD-CWE-Other,4.0,8.0,1.0,6871.0,6871.0,1,2.0,0.33,MEDIUM
CVE-2007-3818,scripting,NVD-CWE-Other,3.5,6.8,41.0,,,0,,,LOW
CVE-2007-3827,allows,NVD-CWE-Other,5.0,10.0,15.0,4336.0,4336.0,0,0.0,0.0,MEDIUM
CVE-2007-3839,scripting,NVD-CWE-Other,4.0,4.9,42.0,,,1,,,MEDIUM
CVE-2007-3735,unspecified,NVD-CWE-noinfo,9.3,8.6,5.0,,,0,,,HIGH
CVE-2007-3853,unspecified,NVD-CWE-Other,6.5,8.0,7.0,,,0,,,MEDIUM
CVE-2007-3857,unspecified,NVD-CWE-Other,6.5,8.0,7.0,,,0,,,MEDIUM
CVE-2007-3910,scripting,CWE-79,4.3,8.6,41.0,,,0,,,MEDIUM
CVE-2007-3922,vulnerability,NVD-CWE-noinfo,6.8,8.6,20.0,,,0,,,MEDIUM
CVE-2007-3930,conflict,NVD-CWE-Other,4.3,8.6,2.0,5178.0,5178.0,0,0.0,0.0,MEDIUM
CVE-2007-3944,buffer,CWE-119,9.3,8.6,8.0,4858.0,4858.0,0,0.0,0.0,HIGH
CVE-2007-4025,vulnerability,NVD-CWE-Other,4.3,8.6,21.0,,,0,,,MEDIUM
CVE-2007-3745,interface,NVD-CWE-Other,6.8,8.6,3.0,368.0,368.0,0,0.0,0.0,MEDIUM
CVE-2007-3746,interface,NVD-CWE-Other,6.8,8.6,3.0,368.0,368.0,0,0.0,0.0,MEDIUM
CVE-2007-3747,interface,NVD-CWE-Other,6.8,8.6,3.0,368.0,368.0,0,0.0,0.0,MEDIUM
CVE-2007-2408,before,CWE-20,6.8,8.6,11.0,5975.0,5975.0,0,0.0,0.0,MEDIUM
CVE-2007-4164,injection,NVD-CWE-Other,7.5,10.0,4.0,,,0,,,HIGH
CVE-2007-3844,and,NVD-CWE-Other,4.3,8.6,12.0,,,1,,,MEDIUM
CVE-2007-4259,and,NVD-CWE-Other,5.0,10.0,13.0,,,0,,,MEDIUM
CVE-2007-4289,does,NVD-CWE-Other,6.8,8.6,2.0,,,0,,,MEDIUM
CVE-2007-4364,before,CWE-287,8.5,6.8,12.0,5963.0,5963.0,0,0.0,0.0,HIGH
CVE-2007-4367,before,CWE-763,9.3,8.6,13.0,5963.0,5963.0,1,0.0,0.0,HIGH
CVE-2007-4431,vulnerability,NVD-CWE-Other,6.8,8.6,22.0,,,1,,,MEDIUM
CVE-2007-4745,scripting,CWE-79,4.3,8.6,36.0,,,0,,,MEDIUM
CVE-2007-4758,buffer,CWE-119,10.0,10.0,9.0,4811.0,4811.0,0,0.0,0.0,HIGH
CVE-2007-4759,unspecified,CWE-119,5.0,10.0,8.0,,,0,,,MEDIUM
CVE-2007-4760,javadoc,CWE-79,4.3,8.6,1.0,,,0,,,MEDIUM
CVE-2007-4848,through,NVD-CWE-Other,4.3,8.6,1.0,,,1,,,MEDIUM
CVE-2007-4944,function,NVD-CWE-Other,5.0,10.0,2.0,2720.0,2720.0,0,0.0,0.0,MEDIUM
CVE-2007-4980,method,CWE-189,4.3,8.6,1.0,,,0,,,MEDIUM
CVE-2007-5019,overflow,CWE-119,10.0,10.0,6.0,5159.0,5159.0,1,0.0,0.0,HIGH
CVE-2007-5046,scripting,CWE-79,4.3,8.6,33.0,,,0,,,MEDIUM
CVE-2007-3758,and,CWE-79,4.3,8.6,13.0,,,0,,,MEDIUM
CVE-2007-3759,when,CWE-16,6.8,8.6,1.0,6594.0,6594.0,0,0.0,0.17,MEDIUM
CVE-2007-3761,scripting,CWE-79,4.3,8.6,34.0,,,0,,,MEDIUM
CVE-2007-4671,vulnerability,CWE-20,6.8,8.6,21.0,,,0,,,MEDIUM
CVE-2007-5152,when,CWE-287,7.5,10.0,2.0,6591.0,6591.0,0,0.0,0.17,HIGH
CVE-2007-5153,vulnerability,CWE-94,6.8,8.6,22.0,,,0,,,MEDIUM
CVE-2007-5158,focus,NVD-CWE-Other,4.3,8.6,1.0,1879.0,1879.0,0,0.0,0.0,MEDIUM
CVE-2007-5232,and,NVD-CWE-Other,4.0,4.9,14.0,,,0,,,MEDIUM
CVE-2007-5236,and,CWE-264,5.4,4.9,18.0,,,0,,,MEDIUM
CVE-2007-5237,and,CWE-264,7.1,4.9,18.0,,,0,,,HIGH
CVE-2007-5238,and,CWE-264,2.6,4.9,18.0,,,0,,,LOW
CVE-2007-5239,and,CWE-264,4.0,4.9,18.0,,,0,,,MEDIUM
CVE-2007-5240,truncation,NVD-CWE-Other,5.0,10.0,1.0,,,0,,,MEDIUM
CVE-2007-5273,and,NVD-CWE-Other,2.6,4.9,20.0,,,0,,,LOW
CVE-2007-5274,and,NVD-CWE-Other,2.6,4.9,20.0,,,0,,,LOW
CVE-2007-5281,the,CWE-20,5.0,10.0,1.0,2206.0,2206.0,0,0.0,0.0,MEDIUM
CVE-2007-5366,through,CWE-22,5.0,10.0,2.0,,,0,,,MEDIUM
CVE-2007-5375,conflict,CWE-16,2.6,4.9,3.0,5096.0,5096.0,0,0.0,0.0,LOW
CVE-2007-5340,vulnerabilities,CWE-20,4.3,8.6,2.0,5308.0,5308.0,0,0.0,0.0,MEDIUM
CVE-2007-5338,before,CWE-16,9.3,8.6,12.0,5896.0,5896.0,0,0.0,0.0,HIGH
CVE-2007-5689,and,NVD-CWE-noinfo,10.0,10.0,20.0,,,0,,,HIGH
CVE-2007-3751,vulnerability,NVD-CWE-noinfo,9.3,8.6,22.0,,,0,,,HIGH
CVE-2007-5896,allows,CWE-399,7.1,8.6,13.0,4222.0,4222.0,0,0.0,0.0,HIGH
CVE-2007-4698,before,CWE-79,4.3,8.6,13.0,5872.0,5872.0,0,0.0,0.0,MEDIUM
CVE-2007-6059,does,CWE-399,5.0,10.0,2.0,,,1,,,MEDIUM
CVE-2007-6102,scripting,CWE-79,4.3,8.6,33.0,,,0,,,MEDIUM
CVE-2007-4575,before,CWE-94,9.3,8.6,14.0,5851.0,5851.0,0,0.0,0.0,HIGH
CVE-2007-3903,and,CWE-399,6.8,8.6,21.0,,,0,,,MEDIUM
CVE-2007-5344,through,CWE-94,6.8,8.6,4.0,,,0,,,MEDIUM
CVE-2007-6375,injection,CWE-89,7.5,10.0,4.0,,,1,,,HIGH
CVE-2007-6382,before,NVD-CWE-Other,6.8,8.6,15.0,5842.0,5842.0,0,0.0,0.0,MEDIUM
CVE-2007-5862,through,CWE-287,9.4,10.0,5.0,,,1,,,HIGH
CVE-2007-6461,scripting,CWE-79,4.3,8.6,32.0,,,0,,,MEDIUM
CVE-2007-6524,before,CWE-200,7.8,10.0,15.0,5832.0,5832.0,0,0.0,0.0,HIGH
CVE-2007-6569,scripting,CWE-79,4.3,8.6,34.0,,,0,,,MEDIUM
CVE-2007-6570,scripting,CWE-79,4.3,8.6,34.0,,,0,,,MEDIUM
CVE-2007-6571,scripting,CWE-79,4.3,8.6,34.0,,,0,,,MEDIUM
CVE-2007-6572,scripting,CWE-79,4.3,8.6,34.0,,,0,,,MEDIUM
CVE-2008-0239,scripting,CWE-79,4.3,8.6,32.0,,,1,,,MEDIUM
CVE-2008-0240,through,CWE-79,4.3,8.6,6.0,,,1,,,MEDIUM
CVE-2008-0241,redirect,CWE-20,5.8,8.6,1.0,,,1,,,MEDIUM
CVE-2008-0628,parsing,CWE-264,7.8,8.6,1.0,5769.0,5769.0,0,5.0,0.0,HIGH
CVE-2008-0657,unspecified,CWE-264,10.0,10.0,5.0,,,0,,,HIGH
CVE-2008-0413,engine,CWE-399,9.3,8.6,3.0,,,0,,,HIGH
CVE-2008-0418,traversal,CWE-22,4.3,8.6,3.0,,,0,,,MEDIUM
CVE-2008-0667,function,CWE-399,4.3,8.6,3.0,2574.0,2574.0,0,0.0,0.0,MEDIUM
CVE-2007-5659,buffer,CWE-120,7.8,1.8,7.0,4654.0,4654.0,0,0.0,0.0,HIGH
CVE-2007-5663,and,CWE-94,9.3,8.6,20.0,,,0,,,HIGH
CVE-2008-0729,and,CWE-399,7.1,8.6,21.0,,,1,,,HIGH
CVE-2008-1185,vulnerability,CWE-264,9.3,8.6,24.0,,,0,,,HIGH
CVE-2008-1186,vulnerability,CWE-264,9.3,8.6,24.0,,,0,,,HIGH
CVE-2008-1187,vulnerability,CWE-264,6.8,8.6,24.0,,,0,,,MEDIUM
CVE-2008-1188,buffer,CWE-119,9.3,8.6,8.0,4631.0,4631.0,0,0.0,0.0,HIGH
CVE-2008-1189,overflow,CWE-119,6.8,8.6,4.0,4991.0,4991.0,0,0.0,0.0,MEDIUM
CVE-2008-1190,vulnerability,CWE-264,9.3,8.6,24.0,,,0,,,HIGH
CVE-2008-1191,vulnerability,NVD-CWE-noinfo,6.8,8.6,24.0,,,0,,,MEDIUM
CVE-2008-1192,vulnerability,CWE-254,6.8,8.6,24.0,,,0,,,MEDIUM
CVE-2008-1193,vulnerability,CWE-264,9.3,8.6,24.0,,,0,,,HIGH
CVE-2008-1195,vulnerability,CWE-254,9.3,8.6,24.0,,,0,,,HIGH
CVE-2008-1196,buffer,CWE-119,6.8,8.6,8.0,4631.0,4631.0,0,0.0,0.0,MEDIUM
CVE-2008-1204,scripting,CWE-79,4.3,8.6,23.0,,,0,,,MEDIUM
CVE-2008-1216,server,CWE-20,6.8,8.6,2.0,,,0,,,MEDIUM
CVE-2008-1285,scripting,CWE-79,4.3,8.6,24.0,,,0,,,MEDIUM
CVE-2008-1286,vulnerability,NVD-CWE-noinfo,7.8,10.0,25.0,,,0,,,HIGH
CVE-2008-1318,vulnerability,CWE-200,5.0,10.0,26.0,,,0,,,MEDIUM
CVE-2008-1356,vulnerability,CWE-287,6.3,3.4,26.0,,,0,,,MEDIUM
CVE-2008-0060,and,CWE-94,6.8,8.6,21.0,,,0,,,MEDIUM
CVE-2008-1002,scripting,CWE-79,4.3,8.6,26.0,,,0,,,MEDIUM
CVE-2008-1007,used,CWE-79,4.3,8.6,1.0,,,0,,,MEDIUM
CVE-2008-1009,scripting,CWE-79,4.3,8.6,26.0,,,0,,,MEDIUM
CVE-2008-1010,overflow,CWE-119,6.8,8.6,5.0,4979.0,4979.0,0,0.0,0.0,MEDIUM
CVE-2008-1235,vulnerability,NVD-CWE-noinfo,9.3,8.6,27.0,,,0,,,HIGH
CVE-2008-1237,unspecified,CWE-399,6.8,8.6,6.0,,,0,,,MEDIUM
CVE-2008-1240,before,NVD-CWE-Other,5.0,10.0,12.0,5738.0,5738.0,0,0.0,0.0,MEDIUM
CVE-2008-1013,before,NVD-CWE-Other,6.8,8.6,13.0,5730.0,5730.0,0,0.0,0.0,MEDIUM
CVE-2008-1617,free,CWE-189,9.3,8.6,1.0,3390.0,3390.0,1,0.0,0.0,HIGH
CVE-2008-1380,engine,CWE-399,9.3,8.6,2.0,,,0,,,HIGH
CVE-2008-1883,server,CWE-287,6.8,8.6,2.0,,,1,,,MEDIUM
CVE-2008-1894,scripting,CWE-79,4.3,8.6,25.0,,,1,,,MEDIUM
CVE-2008-1966,buffer,CWE-119,4.0,8.0,8.0,4579.0,4579.0,0,0.0,0.0,MEDIUM
CVE-2008-1995,and,CWE-264,7.5,10.0,22.0,,,0,,,HIGH
CVE-2008-2000,vulnerability,CWE-399,4.3,8.6,27.0,,,1,,,MEDIUM
CVE-2008-2014,beta,CWE-399,5.0,10.0,1.0,,,0,,,MEDIUM
CVE-2008-2042,and,CWE-20,9.3,8.6,22.0,,,0,,,HIGH
CVE-2008-2120,vulnerability,CWE-200,5.0,10.0,26.0,,,0,,,MEDIUM
CVE-2008-2123,scripting,CWE-79,4.3,8.6,26.0,,,1,,,MEDIUM
CVE-2008-2166,scripting,CWE-79,4.3,8.6,27.0,,,0,,,MEDIUM
CVE-2008-2221,vulnerability,NVD-CWE-noinfo,10.0,10.0,27.0,,,0,,,HIGH
CVE-2008-2267,blacklist,CWE-20,7.5,10.0,1.0,,,1,,,HIGH
CVE-2008-2281,scripting,NVD-CWE-Other,9.3,8.6,28.0,,,1,,,HIGH
CVE-2008-1104,buffer,CWE-119,9.3,8.6,9.0,4555.0,4555.0,0,0.0,0.0,HIGH
CVE-2008-2419,allows,CWE-399,4.3,8.6,7.0,4026.0,4026.0,1,0.0,0.0,MEDIUM
CVE-2008-2518,scripting,CWE-79,4.3,8.6,28.0,,,0,,,MEDIUM
CVE-2008-2401,before,CWE-20,7.5,10.0,15.0,5669.0,5669.0,0,0.0,0.0,HIGH
CVE-2008-2402,before,CWE-264,5.0,10.0,15.0,5669.0,5669.0,0,0.0,0.0,MEDIUM
CVE-2008-2403,directory,CWE-22,10.0,10.0,1.0,3018.0,3018.0,0,0.0,0.0,HIGH
CVE-2008-2404,buffer,CWE-119,10.0,10.0,9.0,4541.0,4541.0,0,0.0,0.0,HIGH
CVE-2008-2405,before,CWE-20,7.5,10.0,15.0,5669.0,5669.0,0,0.0,0.0,HIGH
CVE-2008-2406,administration,CWE-287,7.5,10.0,1.0,,,0,,,HIGH
CVE-2008-2705,vulnerability,CWE-287,9.3,8.6,25.0,,,0,,,HIGH
CVE-2008-2749,vulnerability,NVD-CWE-noinfo,7.1,8.6,26.0,,,0,,,HIGH
CVE-2008-2751,scripting,CWE-79,4.3,8.6,27.0,,,0,,,MEDIUM
CVE-2008-2307,vulnerability,CWE-399,9.3,8.6,27.0,,,0,,,HIGH
CVE-2008-2641,vulnerability,NVD-CWE-noinfo,10.0,10.0,28.0,,,0,,,HIGH
CVE-2008-2945,through,CWE-20,7.5,10.0,7.0,,,0,,,HIGH
CVE-2008-2947,vulnerability,CWE-284,6.8,8.6,27.0,,,1,,,MEDIUM
CVE-2008-2310,string,CWE-134,6.8,8.6,1.0,,,0,,,MEDIUM
CVE-2008-2799,unspecified,CWE-399,10.0,10.0,7.0,,,0,,,HIGH
CVE-2008-2801,before,CWE-287,7.5,10.0,16.0,5636.0,5636.0,0,0.0,0.0,HIGH
CVE-2008-2806,before,CWE-20,7.5,10.0,16.0,5636.0,5636.0,0,0.0,0.0,HIGH
CVE-2008-3078,before,CWE-200,7.8,10.0,17.0,5635.0,5635.0,0,0.0,0.0,HIGH
CVE-2008-3103,vulnerability,CWE-264,9.3,8.6,34.0,,,0,,,HIGH
CVE-2008-3104,unspecified,CWE-264,6.8,8.6,8.0,,,0,,,MEDIUM
CVE-2008-3105,vulnerability,CWE-264,8.3,8.6,34.0,,,0,,,HIGH
CVE-2008-3106,vulnerability,CWE-264,4.3,8.6,34.0,,,0,,,MEDIUM
CVE-2008-3107,vulnerability,CWE-264,10.0,10.0,34.0,,,0,,,HIGH
CVE-2008-3108,overflow,CWE-119,10.0,10.0,5.0,4866.0,4866.0,0,0.0,0.0,HIGH
CVE-2008-3109,vulnerability,CWE-264,7.5,10.0,34.0,,,0,,,HIGH
CVE-2008-3110,vulnerability,CWE-264,4.3,8.6,34.0,,,0,,,MEDIUM
CVE-2008-3111,buffer,CWE-20,10.0,10.0,9.0,4506.0,4506.0,0,0.0,0.0,HIGH
CVE-2008-3112,traversal,CWE-264,10.0,10.0,3.0,,,0,,,HIGH
CVE-2008-3113,vulnerability,CWE-264,10.0,10.0,34.0,,,0,,,HIGH
CVE-2008-3114,vulnerability,CWE-200,5.0,10.0,34.0,,,0,,,MEDIUM
CVE-2008-3115,and,CWE-16,7.5,10.0,21.0,,,0,,,HIGH
CVE-2008-1590,before,CWE-399,6.8,8.6,17.0,5629.0,5629.0,0,0.0,0.0,MEDIUM
CVE-2008-2303,signedness,CWE-189,10.0,10.0,2.0,,,0,,,HIGH
CVE-2008-2317,does,CWE-399,9.3,8.6,3.0,,,0,,,HIGH
CVE-2008-3425,vulnerability,CWE-287,6.5,8.0,33.0,,,0,,,MEDIUM
CVE-2008-3440,and,CWE-94,7.5,10.0,20.0,,,0,,,HIGH
CVE-2008-3551,unspecified,NVD-CWE-noinfo,10.0,10.0,6.0,,,0,,,HIGH
CVE-2008-3567,scripting,CWE-79,4.3,8.6,22.0,,,0,,,MEDIUM
CVE-2008-3683,vulnerability,NVD-CWE-noinfo,5.0,10.0,34.0,,,0,,,MEDIUM
CVE-2008-3931,javareconf,CWE-59,6.9,3.4,1.0,,,0,,,MEDIUM
CVE-2008-3622,scripting,CWE-79,4.3,8.6,22.0,,,0,,,MEDIUM
CVE-2008-3950,error,CWE-189,5.0,10.0,1.0,,,0,,,MEDIUM
CVE-2008-4166,overflow,CWE-189,4.3,8.6,5.0,4791.0,4791.0,1,0.0,0.0,MEDIUM
CVE-2008-3835,function,CWE-264,7.5,10.0,2.0,2348.0,2348.0,0,0.0,0.0,HIGH
CVE-2008-4062,unspecified,CWE-399,10.0,10.0,6.0,,,0,,,HIGH
CVE-2008-4065,before,CWE-79,4.3,8.6,17.0,5557.0,5557.0,1,0.0,0.0,MEDIUM
CVE-2008-3637,provider,CWE-665,8.8,2.8,1.0,5324.0,5324.0,0,0.0,0.0,HIGH
CVE-2008-3638,and,CWE-94,9.3,8.6,20.0,,,0,,,HIGH
CVE-2008-4199,before,CWE-200,5.0,10.0,18.0,5554.0,5554.0,0,0.0,0.0,MEDIUM
CVE-2008-4339,vulnerability,CWE-264,6.5,8.0,32.0,,,0,,,MEDIUM
CVE-2008-4368,default,CWE-310,5.0,10.0,1.0,,,0,,,MEDIUM
CVE-2008-4381,allows,CWE-399,5.0,10.0,4.0,3893.0,3893.0,0,0.0,0.0,MEDIUM
CVE-2008-4382,allows,CWE-399,5.0,10.0,5.0,3893.0,3893.0,0,0.0,0.0,MEDIUM
CVE-2008-4410,function,CWE-20,4.9,3.9,3.0,2339.0,2339.0,0,0.0,0.0,MEDIUM
CVE-2008-4515,relies,CWE-287,7.5,10.0,1.0,,,0,,,HIGH
CVE-2008-4541,buffer,CWE-119,10.0,10.0,9.0,4410.0,4410.0,0,0.0,0.0,HIGH
CVE-2008-4385,used,CWE-94,9.3,8.6,2.0,,,0,,,HIGH
CVE-2008-4571,scripting,CWE-79,4.3,8.6,21.0,,,1,,,MEDIUM
CVE-2008-4695,before,CWE-200,9.3,8.6,18.0,5528.0,5528.0,0,0.0,0.0,HIGH
CVE-2008-4697,feature,CWE-79,4.3,8.6,1.0,,,0,,,MEDIUM
CVE-2008-4747,vulnerability,CWE-200,2.1,3.9,33.0,,,0,,,LOW
CVE-2008-4795,links,CWE-79,4.3,8.6,1.0,82.0,82.0,1,0.0,0.0,MEDIUM
CVE-2008-4910,allows,CWE-20,10.0,10.0,6.0,3861.0,3861.0,0,0.0,0.0,HIGH
CVE-2008-2992,buffer,CWE-787,7.8,1.8,10.0,4388.0,4388.0,1,0.0,0.0,HIGH
CVE-2008-4928,scripting,CWE-79,4.3,8.6,22.0,,,1,,,MEDIUM
CVE-2008-4814,vulnerability,CWE-20,9.3,8.6,34.0,,,0,,,HIGH
CVE-2008-5013,before,CWE-399,9.3,8.6,19.0,5507.0,5507.0,0,0.0,0.0,HIGH
CVE-2008-5015,before,CWE-94,5.1,4.9,20.0,5507.0,5507.0,0,0.0,0.0,MEDIUM
CVE-2008-5018,engine,CWE-399,10.0,10.0,3.0,,,0,,,HIGH
CVE-2008-5019,session,CWE-79,4.3,8.6,1.0,,,0,,,MEDIUM
CVE-2008-5052,function,CWE-399,10.0,10.0,4.0,2298.0,2298.0,0,0.0,0.0,HIGH
CVE-2008-5059,scripting,CWE-79,4.3,8.6,23.0,,,0,,,MEDIUM
CVE-2008-5098,scripting,CWE-79,4.3,8.6,24.0,,,0,,,MEDIUM
CVE-2008-5108,vulnerability,CWE-94,6.8,8.6,34.0,,,0,,,MEDIUM
CVE-2008-5114,scripting,CWE-79,4.3,8.6,25.0,,,0,,,MEDIUM
CVE-2008-5115,request,CWE-352,6.8,8.6,1.0,,,0,,,MEDIUM
CVE-2008-5116,traversal,CWE-22,7.8,10.0,3.0,,,1,,,HIGH
CVE-2008-5117,redirect,CWE-20,6.4,10.0,3.0,,,0,,,MEDIUM
CVE-2008-5118,through,NVD-CWE-Other,4.3,8.6,6.0,,,0,,,MEDIUM
CVE-2008-5266,scripting,CWE-79,4.3,8.6,25.0,,,0,,,MEDIUM
CVE-2008-2086,and,CWE-94,9.3,8.6,15.0,,,0,,,HIGH
CVE-2008-5339,vulnerability,NVD-CWE-Other,5.0,10.0,35.0,,,0,,,MEDIUM
CVE-2008-5340,vulnerability,CWE-264,10.0,10.0,36.0,,,0,,,HIGH
CVE-2008-5341,vulnerability,CWE-200,5.0,10.0,37.0,,,0,,,MEDIUM
CVE-2008-5342,vulnerability,CWE-200,5.0,10.0,38.0,,,0,,,MEDIUM
CVE-2008-5343,and,NVD-CWE-noinfo,9.0,10.0,16.0,,,0,,,HIGH
CVE-2008-5344,vulnerability,NVD-CWE-Other,7.5,10.0,39.0,,,0,,,HIGH
CVE-2008-5345,vulnerability,NVD-CWE-noinfo,7.5,10.0,40.0,,,0,,,HIGH
CVE-2008-5346,vulnerability,CWE-200,7.1,8.6,41.0,,,0,,,HIGH
CVE-2008-5347,unspecified,CWE-264,7.5,10.0,7.0,,,0,,,HIGH
CVE-2008-5348,vulnerability,NVD-CWE-noinfo,7.1,8.6,42.0,,,0,,,HIGH
CVE-2008-5349,vulnerability,NVD-CWE-noinfo,7.1,8.6,43.0,,,0,,,HIGH
CVE-2008-5350,vulnerability,CWE-200,5.0,10.0,44.0,,,0,,,MEDIUM
CVE-2008-5351,for,CWE-264,7.5,10.0,1.0,,,0,,,HIGH
CVE-2008-5352,overflow,CWE-189,9.3,8.6,6.0,4717.0,4717.0,0,0.0,0.0,HIGH
CVE-2008-5353,for,NVD-CWE-Other,10.0,10.0,2.0,,,0,,,HIGH
CVE-2008-5354,buffer,CWE-119,9.3,8.6,11.0,4357.0,4357.0,0,0.0,0.0,HIGH
CVE-2008-5355,feature,CWE-287,10.0,10.0,2.0,,,0,,,HIGH
CVE-2008-5356,buffer,CWE-119,9.3,8.6,12.0,4357.0,4357.0,0,0.0,0.0,HIGH
CVE-2008-5357,overflow,CWE-189,9.3,8.6,7.0,4717.0,4717.0,0,0.0,0.0,HIGH
CVE-2008-5358,for,CWE-119,9.3,8.6,3.0,,,0,,,HIGH
CVE-2008-5359,overflow,CWE-119,9.3,8.6,8.0,4717.0,4717.0,0,0.0,0.0,HIGH
CVE-2008-5360,for,NVD-CWE-Other,6.4,10.0,4.0,,,0,,,MEDIUM
CVE-2008-5495,vulnerability,NVD-CWE-noinfo,9.3,8.6,45.0,,,0,,,HIGH
CVE-2008-5549,vulnerability,CWE-264,5.0,10.0,46.0,,,0,,,MEDIUM
CVE-2008-5550,redirect,NVD-CWE-Other,4.3,8.6,4.0,,,0,,,MEDIUM
CVE-2008-5662,buffer,CWE-119,9.3,8.6,13.0,4345.0,4345.0,0,0.0,0.0,HIGH
CVE-2008-5504,before,CWE-264,7.5,10.0,18.0,5473.0,5473.0,0,0.0,0.0,HIGH
CVE-2008-5507,before,CWE-200,6.0,6.8,19.0,5473.0,5473.0,0,0.0,0.0,MEDIUM
CVE-2008-5512,unspecified,CWE-264,6.8,8.6,8.0,,,0,,,MEDIUM
CVE-2008-5715,allows,CWE-20,5.0,10.0,6.0,3810.0,3810.0,0,0.0,0.0,MEDIUM
CVE-2009-0070,signedness,CWE-189,9.3,8.6,3.0,,,0,,,HIGH
CVE-2009-0169,allows,CWE-264,9.0,8.0,7.0,3787.0,3787.0,0,0.0,0.0,HIGH
CVE-2009-0170,and,CWE-255,6.0,6.8,16.0,,,0,,,MEDIUM
CVE-2008-5912,unspecified,NVD-CWE-Other,2.1,3.9,9.0,,,0,,,LOW
CVE-2008-5913,function,NVD-CWE-Other,4.9,6.8,5.0,2230.0,2230.0,0,0.0,0.0,MEDIUM
CVE-2008-5914,unspecified,NVD-CWE-Other,2.1,3.9,10.0,,,0,,,LOW
CVE-2008-5915,unspecified,NVD-CWE-noinfo,2.1,3.9,11.0,,,0,,,LOW
CVE-2008-5939,scripting,CWE-79,4.3,8.6,20.0,,,1,,,MEDIUM
CVE-2009-0278,and,CWE-200,5.0,10.0,17.0,,,0,,,MEDIUM
CVE-2009-0303,scripting,CWE-79,4.3,8.6,21.0,,,0,,,MEDIUM
CVE-2009-0348,login,CWE-200,5.0,10.0,1.0,3832.0,3832.0,0,0.0,0.0,MEDIUM
CVE-2009-0276,vulnerability,NVD-CWE-Other,5.0,10.0,47.0,,,0,,,MEDIUM
CVE-2009-0353,vulnerability,CWE-399,10.0,10.0,48.0,,,0,,,HIGH
CVE-2009-0481,before,CWE-79,3.5,6.8,19.0,5419.0,5419.0,0,0.0,0.0,LOW
CVE-2009-0435,vulnerability,NVD-CWE-noinfo,5.0,10.0,49.0,,,0,,,MEDIUM
CVE-2009-0137,unspecified,CWE-20,10.0,10.0,11.0,,,0,,,HIGH
CVE-2009-0576,vulnerability,NVD-CWE-noinfo,7.8,10.0,50.0,,,0,,,HIGH
CVE-2009-0609,through,CWE-20,7.8,10.0,4.0,,,0,,,HIGH
CVE-2008-6192,scripting,CWE-79,4.3,8.6,22.0,,,0,,,MEDIUM
CVE-2009-0649,web,NVD-CWE-Other,7.8,10.0,1.0,,,1,,,HIGH
CVE-2009-0506,vulnerability,NVD-CWE-noinfo,6.2,1.9,51.0,,,0,,,MEDIUM
CVE-2009-0618,vulnerability,NVD-CWE-Other,8.5,10.0,52.0,,,0,,,HIGH
CVE-2008-6364,injection,CWE-89,7.5,10.0,1.0,,,1,,,HIGH
CVE-2008-6365,injection,CWE-89,7.5,10.0,2.0,,,1,,,HIGH
CVE-2008-6366,injection,CWE-89,7.5,10.0,3.0,,,1,,,HIGH
CVE-2009-0801,when,CWE-264,5.4,4.9,1.0,6070.0,6070.0,0,0.0,0.17,MEDIUM
CVE-2009-0802,when,CWE-264,5.4,4.9,2.0,6070.0,6070.0,0,0.0,0.17,MEDIUM
CVE-2009-0803,used,CWE-264,5.4,4.9,3.0,,,0,,,MEDIUM
CVE-2009-0804,when,CWE-264,5.4,4.9,3.0,6070.0,6070.0,0,0.0,0.17,MEDIUM
CVE-2009-0773,engine,CWE-399,10.0,10.0,3.0,,,1,,,HIGH
CVE-2009-0877,scripting,CWE-79,4.3,8.6,20.0,,,1,,,MEDIUM
CVE-2009-1074,through,CWE-310,5.0,10.0,5.0,,,1,,,MEDIUM
CVE-2009-1075,through,CWE-255,5.0,10.0,6.0,,,1,,,MEDIUM
CVE-2009-1076,through,CWE-200,5.0,10.0,7.0,,,0,,,MEDIUM
CVE-2009-1077,implementation,CWE-264,6.5,8.0,1.0,,,1,,,MEDIUM
CVE-2009-1078,through,CWE-264,4.0,8.0,8.0,,,1,,,MEDIUM
CVE-2009-1079,scripting,CWE-79,4.3,8.6,19.0,,,1,,,MEDIUM
CVE-2009-1080,scripting,CWE-79,4.3,8.6,20.0,,,1,,,MEDIUM
CVE-2009-1081,scripting,CWE-79,4.3,8.6,21.0,,,1,,,MEDIUM
CVE-2009-1082,through,CWE-20,9.0,8.0,9.0,,,0,,,HIGH
CVE-2009-1083,through,CWE-94,9.0,8.0,10.0,,,0,,,HIGH
CVE-2009-1084,through,CWE-264,6.4,10.0,11.0,,,0,,,MEDIUM
CVE-2009-1088,and,CWE-94,9.0,8.0,15.0,,,0,,,HIGH
CVE-2009-1093,the,CWE-16,5.0,10.0,2.0,1672.0,1672.0,0,0.0,0.0,MEDIUM
CVE-2009-1094,vulnerability,NVD-CWE-noinfo,10.0,10.0,42.0,,,0,,,HIGH
CVE-2009-1095,overflow,CWE-189,10.0,10.0,7.0,4607.0,4607.0,0,0.0,0.0,HIGH
CVE-2009-1096,overflow,CWE-119,10.0,10.0,8.0,4607.0,4607.0,0,0.0,0.0,HIGH
CVE-2009-1097,buffer,CWE-119,9.3,8.6,11.0,4247.0,4247.0,0,0.0,0.0,HIGH
CVE-2009-1098,overflow,CWE-119,9.3,8.6,9.0,4607.0,4607.0,0,0.0,0.0,HIGH
CVE-2009-1099,signedness,CWE-189,7.5,10.0,4.0,,,0,,,HIGH
CVE-2009-1100,unspecified,NVD-CWE-noinfo,5.0,10.0,12.0,,,0,,,MEDIUM
CVE-2009-1101,vulnerability,NVD-CWE-noinfo,5.0,10.0,43.0,,,0,,,MEDIUM
CVE-2009-1102,vulnerability,CWE-94,6.4,10.0,44.0,,,0,,,MEDIUM
CVE-2009-1103,vulnerability,NVD-CWE-noinfo,6.4,10.0,45.0,,,0,,,MEDIUM
CVE-2009-1104,and,CWE-16,5.8,8.6,16.0,,,0,,,MEDIUM
CVE-2009-1105,and,NVD-CWE-Other,7.5,10.0,17.0,,,0,,,HIGH
CVE-2009-1106,and,CWE-20,6.4,10.0,18.0,,,0,,,MEDIUM
CVE-2009-1107,and,NVD-CWE-Other,4.3,8.6,19.0,,,0,,,MEDIUM
CVE-2007-6721,the,NVD-CWE-noinfo,10.0,10.0,3.0,1668.0,1668.0,0,0.0,0.0,HIGH
CVE-2009-1211,when,CWE-16,5.8,8.6,4.0,6042.0,6042.0,0,0.0,0.17,MEDIUM
CVE-2009-1218,scripting,CWE-79,4.3,8.6,22.0,,,1,,,MEDIUM
CVE-2009-1219,and,CWE-20,5.0,10.0,20.0,,,1,,,MEDIUM
CVE-2008-6620,scripting,CWE-79,4.3,8.6,23.0,,,1,,,MEDIUM
CVE-2009-1332,feature,NVD-CWE-noinfo,5.0,10.0,3.0,,,0,,,MEDIUM
CVE-2009-1304,engine,CWE-399,5.0,10.0,3.0,,,1,,,MEDIUM
CVE-2009-1305,engine,CWE-399,5.0,10.0,4.0,,,1,,,MEDIUM
CVE-2009-1308,scripting,CWE-79,4.3,8.6,23.0,,,1,,,MEDIUM
CVE-2009-1310,scripting,CWE-79,4.3,8.6,24.0,,,1,,,MEDIUM
CVE-2009-1312,before,CWE-16,4.3,8.6,18.0,5347.0,5347.0,0,0.0,0.0,MEDIUM
CVE-2009-1357,injection,CWE-20,6.8,8.6,4.0,,,1,,,MEDIUM
CVE-2009-1408,scripting,CWE-79,4.3,8.6,25.0,,,1,,,MEDIUM
CVE-2009-1412,injection,CWE-200,7.8,10.0,5.0,,,1,,,HIGH
CVE-2009-1413,does,CWE-264,4.3,8.6,2.0,,,0,,,MEDIUM
CVE-2009-1190,complexity,CWE-399,5.0,10.0,1.0,1680.0,1680.0,1,0.0,0.0,MEDIUM
CVE-2009-1492,method,CWE-399,9.3,8.6,1.0,,,1,,,HIGH
CVE-2009-1493,spell,CWE-399,6.8,8.6,1.0,4731.0,4731.0,1,10.0,0.0,MEDIUM
CVE-2008-4828,buffer,CWE-119,10.0,10.0,11.0,4206.0,4206.0,0,0.0,0.0,HIGH
CVE-2009-1521,vulnerability,NVD-CWE-noinfo,7.5,10.0,44.0,,,0,,,HIGH
CVE-2009-1597,executes,CWE-264,9.3,8.6,1.0,,,1,,,HIGH
CVE-2009-1598,executes,NVD-CWE-noinfo,9.3,8.6,2.0,,,1,,,HIGH
CVE-2009-1599,executes,CWE-264,9.3,8.6,3.0,,,0,,,HIGH
CVE-2009-1600,executes,CWE-264,9.3,8.6,4.0,,,0,,,HIGH
CVE-2009-1629,and,CWE-287,6.8,8.6,18.0,,,1,,,MEDIUM
CVE-2009-1671,buffer,CWE-119,9.3,8.6,12.0,4193.0,4193.0,1,0.0,0.0,HIGH
CVE-2009-1672,control,CWE-119,9.3,8.6,1.0,5892.0,5892.0,1,1.0,0.0,HIGH
CVE-2009-1729,scripting,CWE-79,4.3,8.6,23.0,,,1,,,MEDIUM
CVE-2009-1635,scripting,CWE-79,4.3,8.6,24.0,,,0,,,MEDIUM
CVE-2009-1776,scripting,CWE-79,4.3,8.6,25.0,,,0,,,MEDIUM
CVE-2009-1796,scripting,CWE-79,4.3,8.6,26.0,,,0,,,MEDIUM
CVE-2009-1472,client,CWE-310,10.0,10.0,1.0,,,0,,,HIGH
CVE-2009-1473,and,CWE-310,10.0,10.0,19.0,,,0,,,HIGH
CVE-2009-1828,allows,CWE-399,5.0,10.0,6.0,3654.0,3654.0,1,0.0,0.0,MEDIUM
CVE-2003-1572,through,NVD-CWE-noinfo,9.3,8.6,12.0,,,0,,,HIGH
CVE-2004-2764,and,CWE-264,10.0,10.0,20.0,,,0,,,HIGH
CVE-2009-0033,through,CWE-20,5.0,10.0,13.0,,,0,,,MEDIUM
CVE-2009-1934,scripting,CWE-79,4.3,8.6,26.0,,,0,,,MEDIUM
CVE-2008-6830,disconnection,NVD-CWE-Other,4.0,4.9,1.0,,,0,,,MEDIUM
CVE-2009-1686,before,CWE-20,9.3,8.6,16.0,5298.0,5298.0,1,0.0,0.0,HIGH
CVE-2009-1687,garbage,CWE-399,9.3,8.6,1.0,2685.0,2685.0,1,0.0,0.0,HIGH
CVE-2009-1691,scripting,CWE-79,4.3,8.6,27.0,,,1,,,MEDIUM
CVE-2009-1696,before,CWE-310,5.0,10.0,17.0,5298.0,5298.0,1,0.0,0.0,MEDIUM
CVE-2009-1701,vulnerability,CWE-399,9.3,8.6,43.0,,,1,,,HIGH
CVE-2009-1704,before,CWE-94,9.3,8.6,18.0,5298.0,5298.0,1,0.0,0.0,HIGH
CVE-2009-1712,before,CWE-94,9.3,8.6,19.0,5298.0,5298.0,1,0.0,0.0,HIGH
CVE-2009-1833,engine,CWE-94,9.3,8.6,5.0,,,1,,,HIGH
CVE-2009-1837,condition,CWE-362,7.5,1.6,1.0,4310.0,4310.0,1,0.0,0.0,HIGH
CVE-2009-1838,implementation,CWE-94,9.3,8.6,2.0,,,0,,,HIGH
CVE-2009-2011,and,CWE-78,9.3,8.6,21.0,,,1,,,HIGH
CVE-2009-1719,and,CWE-94,7.5,10.0,22.0,,,0,,,HIGH
CVE-2009-2268,scripting,CWE-79,2.6,4.9,27.0,,,0,,,LOW
CVE-2009-2274,allows,CWE-200,7.8,10.0,7.0,3622.0,3622.0,0,0.0,0.0,HIGH
CVE-2009-2283,scripting,CWE-79,4.3,8.6,28.0,,,0,,,MEDIUM
CVE-2009-2320,web,CWE-20,7.5,10.0,2.0,,,0,,,HIGH
CVE-2009-2350,and,CWE-79,4.3,8.6,23.0,,,1,,,MEDIUM
CVE-2009-2351,and,CWE-79,4.3,8.6,24.0,,,1,,,MEDIUM
CVE-2009-2352,and,CWE-79,4.3,8.6,25.0,,,1,,,MEDIUM
CVE-2009-2419,vulnerability,CWE-399,4.3,8.6,39.0,,,1,,,MEDIUM
CVE-2009-2445,before,CWE-200,5.0,10.0,17.0,5265.0,5265.0,1,0.0,0.0,MEDIUM
CVE-2009-2477,the,CWE-94,9.3,8.6,4.0,1561.0,1561.0,1,0.0,0.0,HIGH
CVE-2009-2555,buffer,CWE-119,9.3,8.6,10.0,4129.0,4129.0,0,0.0,0.0,HIGH
CVE-2009-2466,engine,CWE-787,10.0,10.0,6.0,,,1,,,HIGH
CVE-2009-2471,function,NVD-CWE-Other,10.0,10.0,6.0,2047.0,2047.0,0,0.0,0.0,HIGH
CVE-2009-2597,module,NVD-CWE-noinfo,7.8,10.0,2.0,,,0,,,HIGH
CVE-2009-2655,and,CWE-20,4.3,8.6,24.0,,,0,,,MEDIUM
CVE-2009-2664,function,CWE-399,5.0,10.0,7.0,2034.0,2034.0,0,0.0,0.0,MEDIUM
CVE-2009-2665,function,CWE-94,10.0,10.0,8.0,2034.0,2034.0,0,0.0,0.0,HIGH
CVE-2009-2670,audio,CWE-264,5.0,10.0,1.0,1995.0,1995.0,0,0.0,0.0,MEDIUM
CVE-2009-2671,proxy,NVD-CWE-noinfo,5.0,10.0,1.0,2909.0,2909.0,0,0.0,0.0,MEDIUM
CVE-2009-2672,proxy,CWE-264,7.5,10.0,2.0,2909.0,2909.0,0,0.0,0.0,HIGH
CVE-2009-2673,proxy,CWE-264,7.5,10.0,3.0,2909.0,2909.0,0,0.0,0.0,HIGH
CVE-2009-2674,overflow,CWE-264,7.5,10.0,8.0,4474.0,4474.0,0,0.0,0.0,HIGH
CVE-2009-2675,overflow,CWE-264,10.0,10.0,9.0,4474.0,4474.0,0,0.0,0.0,HIGH
CVE-2009-2676,vulnerability,NVD-CWE-noinfo,6.8,8.6,31.0,,,0,,,MEDIUM
CVE-2009-2625,used,NVD-CWE-Other,5.0,10.0,3.0,,,0,,,MEDIUM
CVE-2009-1727,blacklist,NVD-CWE-Other,6.8,8.6,1.0,,,0,,,MEDIUM
CVE-2009-2712,and,CWE-264,2.1,3.9,25.0,,,0,,,LOW
CVE-2009-2713,component,NVD-CWE-noinfo,4.3,8.6,1.0,1457.0,1457.0,0,0.0,0.0,MEDIUM
CVE-2009-1896,framework,CWE-264,10.0,10.0,1.0,,,0,,,HIGH
CVE-2009-2475,before,CWE-200,7.8,10.0,17.0,5237.0,5237.0,0,0.0,0.0,HIGH
CVE-2009-2476,implementation,CWE-264,10.0,10.0,3.0,,,0,,,HIGH
CVE-2009-2689,before,CWE-264,10.0,10.0,18.0,5237.0,5237.0,0,0.0,0.0,HIGH
CVE-2009-2690,encoder,CWE-264,5.0,10.0,1.0,3930.0,3930.0,0,0.0,0.0,MEDIUM
CVE-2009-2716,plugin,NVD-CWE-noinfo,7.5,10.0,1.0,,,0,,,HIGH
CVE-2009-2717,implementation,CWE-264,6.8,8.6,4.0,,,0,,,MEDIUM
CVE-2009-2718,implementation,CWE-264,6.8,8.6,5.0,,,0,,,MEDIUM
CVE-2009-2719,implementation,CWE-119,5.0,10.0,6.0,,,0,,,MEDIUM
CVE-2009-2720,vulnerability,NVD-CWE-noinfo,5.0,10.0,33.0,,,0,,,MEDIUM
CVE-2009-2721,unspecified,NVD-CWE-noinfo,10.0,10.0,9.0,,,0,,,HIGH
CVE-2009-2722,unspecified,NVD-CWE-noinfo,10.0,10.0,10.0,,,0,,,HIGH
CVE-2009-2723,vulnerability,NVD-CWE-noinfo,10.0,10.0,34.0,,,0,,,HIGH
CVE-2009-2724,condition,CWE-362,9.3,8.6,2.0,4251.0,4251.0,0,0.0,0.0,HIGH
CVE-2008-6961,mailnews,CWE-200,4.3,8.6,1.0,,,0,,,MEDIUM
CVE-2009-2085,component,CWE-287,7.5,10.0,2.0,1451.0,1451.0,0,0.0,0.0,HIGH
CVE-2009-2090,vulnerability,NVD-CWE-Other,5.0,10.0,35.0,,,0,,,MEDIUM
CVE-2009-2953,through,CWE-399,5.0,10.0,12.0,,,0,,,MEDIUM
CVE-2009-2954,and,CWE-20,5.0,10.0,26.0,,,0,,,MEDIUM
CVE-2009-2955,and,CWE-20,5.0,10.0,27.0,,,0,,,MEDIUM
CVE-2008-7092,scripting,CWE-79,4.3,8.6,28.0,,,1,,,MEDIUM
CVE-2009-2935,used,CWE-264,10.0,10.0,4.0,,,0,,,HIGH
CVE-2009-3010,and,CWE-79,4.3,8.6,28.0,,,1,,,MEDIUM
CVE-2009-3011,and,CWE-79,4.3,8.6,29.0,,,1,,,MEDIUM
CVE-2009-3012,and,CWE-79,4.3,8.6,30.0,,,1,,,MEDIUM
CVE-2009-3013,and,CWE-79,4.3,8.6,31.0,,,1,,,MEDIUM
CVE-2009-3014,and,CWE-79,4.3,8.6,32.0,,,1,,,MEDIUM
CVE-2009-3015,and,CWE-79,4.3,8.6,33.0,,,1,,,MEDIUM
CVE-2009-3016,does,CWE-79,4.3,8.6,2.0,,,1,,,MEDIUM
CVE-2009-3017,build,CWE-79,4.3,8.6,1.0,6155.0,6155.0,1,3.0,1.33,MEDIUM
CVE-2009-3018,with,CWE-79,4.3,8.6,1.0,3557.0,3557.0,1,0.0,0.0,MEDIUM
CVE-2009-3019,and,CWE-94,5.0,10.0,34.0,,,0,,,MEDIUM
CVE-2009-3068,file,CWE-264,9.3,8.6,1.0,2981.0,2981.0,0,0.0,0.0,HIGH
CVE-2008-7190,vulnerability,NVD-CWE-noinfo,10.0,10.0,35.0,,,0,,,HIGH
CVE-2009-2205,buffer,CWE-119,6.8,8.6,10.0,4079.0,4079.0,0,0.0,0.0,MEDIUM
CVE-2009-3073,vulnerability,NVD-CWE-noinfo,10.0,10.0,36.0,,,0,,,HIGH
CVE-2009-3074,vulnerability,NVD-CWE-noinfo,10.0,10.0,37.0,,,0,,,HIGH
CVE-2009-3075,unspecified,NVD-CWE-noinfo,10.0,10.0,11.0,,,0,,,HIGH
CVE-2009-3079,vulnerability,CWE-94,10.0,10.0,38.0,,,0,,,HIGH
CVE-2008-7220,vulnerability,NVD-CWE-noinfo,7.5,10.0,39.0,,,0,,,HIGH
CVE-2009-3272,consumption,CWE-399,5.0,10.0,1.0,,,0,,,MEDIUM
CVE-2009-2897,scripting,CWE-79,4.3,8.6,28.0,,,1,,,MEDIUM
CVE-2009-2993,for,CWE-20,9.3,8.6,6.0,,,0,,,HIGH
CVE-2009-3371,vulnerability,CWE-399,10.0,10.0,38.0,,,1,,,HIGH
CVE-2009-3374,function,CWE-264,7.5,10.0,7.0,1948.0,1948.0,0,0.0,0.0,HIGH
CVE-2009-3383,unspecified,NVD-CWE-noinfo,10.0,10.0,11.0,,,0,,,HIGH
CVE-2009-3852,vulnerability,NVD-CWE-noinfo,7.5,10.0,39.0,,,0,,,HIGH
CVE-2009-3864,functionality,NVD-CWE-Other,7.5,10.0,1.0,,,0,,,HIGH
CVE-2009-3865,launch,CWE-94,9.3,8.6,1.0,2857.0,2857.0,0,0.0,0.0,HIGH
CVE-2009-3866,and,CWE-264,9.3,8.6,33.0,,,0,,,HIGH
CVE-2009-3867,buffer,CWE-119,9.3,8.6,9.0,4022.0,4022.0,0,0.0,0.0,HIGH
CVE-2009-3868,and,CWE-119,9.3,8.6,34.0,,,0,,,HIGH
CVE-2009-3869,buffer,CWE-119,9.3,8.6,10.0,4022.0,4022.0,0,0.0,0.0,HIGH
CVE-2009-3871,buffer,CWE-119,9.3,8.6,11.0,4022.0,4022.0,0,0.0,0.0,HIGH
CVE-2009-3872,vulnerability,NVD-CWE-noinfo,9.3,8.6,39.0,,,0,,,HIGH
CVE-2009-3873,and,CWE-119,9.3,8.6,35.0,,,0,,,HIGH
CVE-2009-3874,overflow,CWE-189,9.3,8.6,9.0,4382.0,4382.0,0,0.0,0.0,HIGH
CVE-2009-3875,function,CWE-310,5.0,10.0,9.0,1941.0,1941.0,0,0.0,0.0,MEDIUM
CVE-2009-3876,vulnerability,CWE-399,5.0,10.0,40.0,,,0,,,MEDIUM
CVE-2009-3877,vulnerability,CWE-399,5.0,10.0,41.0,,,0,,,MEDIUM
CVE-2009-3878,overflow,CWE-119,9.3,8.6,10.0,4382.0,4382.0,0,0.0,0.0,HIGH
CVE-2009-3728,traversal,CWE-22,5.0,10.0,2.0,,,0,,,MEDIUM
CVE-2009-3729,vulnerability,NVD-CWE-noinfo,5.0,10.0,42.0,,,0,,,MEDIUM
CVE-2009-3879,unspecified,NVD-CWE-noinfo,7.5,10.0,12.0,,,0,,,HIGH
CVE-2009-3880,before,CWE-264,5.0,10.0,14.0,5146.0,5146.0,0,0.0,0.0,MEDIUM
CVE-2009-3881,before,CWE-200,7.5,10.0,15.0,5146.0,5146.0,0,0.0,0.0,HIGH
CVE-2009-3882,unspecified,CWE-200,7.5,10.0,13.0,,,0,,,HIGH
CVE-2009-3883,unspecified,CWE-200,7.5,10.0,14.0,,,0,,,HIGH
CVE-2009-3884,method,NVD-CWE-Other,5.0,10.0,2.0,,,0,,,MEDIUM
CVE-2009-3885,before,NVD-CWE-noinfo,5.0,10.0,16.0,5146.0,5146.0,0,0.0,0.0,MEDIUM
CVE-2009-3886,implementation,NVD-CWE-noinfo,7.5,10.0,7.0,,,0,,,HIGH
CVE-2009-2831,allows,NVD-CWE-Other,5.8,6.5,5.0,3489.0,3489.0,0,0.0,0.0,MEDIUM
CVE-2009-3933,before,CWE-399,5.0,10.0,17.0,5143.0,5143.0,0,0.0,0.0,MEDIUM
CVE-2009-3936,vulnerability,CWE-310,5.8,8.6,43.0,,,0,,,MEDIUM
CVE-2009-3943,through,NVD-CWE-noinfo,5.0,10.0,13.0,,,1,,,MEDIUM
CVE-2009-3944,the,NVD-CWE-Other,5.0,10.0,4.0,1436.0,1436.0,0,0.0,0.0,MEDIUM
CVE-2009-4052,scripting,CWE-79,4.3,8.6,25.0,,,0,,,MEDIUM
CVE-2009-3576,and,CWE-94,9.3,8.6,34.0,,,1,,,HIGH
CVE-2009-4127,vulnerability,CWE-94,9.3,8.6,43.0,,,0,,,HIGH
CVE-2009-4187,scripting,CWE-79,4.3,8.6,25.0,,,0,,,MEDIUM
CVE-2009-4148,and,CWE-94,9.3,8.6,36.0,,,1,,,HIGH
CVE-2009-4211,script,CWE-264,9.3,8.6,1.0,,,0,,,HIGH
CVE-2009-2843,for,CWE-310,5.0,10.0,3.0,,,0,,,MEDIUM
CVE-2009-4129,condition,CWE-362,5.8,8.6,3.0,4125.0,4125.0,0,0.0,0.0,MEDIUM
CVE-2009-3982,unspecified,NVD-CWE-noinfo,9.3,8.6,14.0,,,0,,,HIGH
CVE-2009-3986,before,CWE-94,7.6,4.9,16.0,5108.0,5108.0,0,0.0,0.0,HIGH
CVE-2009-4440,through,CWE-362,6.8,8.6,13.0,,,0,,,MEDIUM
CVE-2009-4441,through,NVD-CWE-Other,5.0,10.0,14.0,,,0,,,MEDIUM
CVE-2009-4442,through,CWE-16,5.0,10.0,15.0,,,0,,,MEDIUM
CVE-2009-4443,vulnerability,NVD-CWE-noinfo,4.3,8.6,32.0,,,0,,,MEDIUM
CVE-2008-7250,scripting,CWE-79,4.3,8.6,26.0,,,0,,,MEDIUM
CVE-2010-0272,buffer,CWE-119,7.5,10.0,9.0,3958.0,3958.0,1,0.0,0.0,HIGH
CVE-2010-0273,vulnerability,NVD-CWE-noinfo,7.5,10.0,33.0,,,1,,,HIGH
CVE-2010-0311,vulnerability,NVD-CWE-noinfo,6.8,8.6,34.0,,,0,,,MEDIUM
CVE-2010-0313,function,NVD-CWE-Other,5.0,10.0,9.0,1871.0,1871.0,1,0.0,0.0,MEDIUM
CVE-2010-0360,allows,CWE-20,10.0,10.0,4.0,3419.0,3419.0,1,0.0,0.0,HIGH
CVE-2010-0361,buffer,CWE-119,10.0,10.0,10.0,3946.0,3946.0,1,0.0,0.0,HIGH
CVE-2010-0386,default,CWE-16,8.1,2.8,1.0,,,0,,,HIGH
CVE-2010-0387,buffer,CWE-119,7.5,10.0,11.0,3941.0,3941.0,1,0.0,0.0,HIGH
CVE-2010-0388,string,CWE-134,7.5,10.0,1.0,,,1,,,HIGH
CVE-2010-0389,admin,NVD-CWE-Other,5.0,10.0,1.0,,,1,,,MEDIUM
CVE-2010-0255,and,CWE-264,4.3,8.6,33.0,,,1,,,MEDIUM
CVE-2010-0645,integer,CWE-189,9.3,8.6,1.0,826.0,826.0,0,0.0,0.0,HIGH
CVE-2010-0646,integer,CWE-189,10.0,10.0,2.0,826.0,826.0,1,0.0,0.0,HIGH
CVE-2010-0011,function,CWE-264,7.5,10.0,9.0,1829.0,1829.0,0,0.0,0.0,HIGH
CVE-2010-0708,unspecified,NVD-CWE-noinfo,5.0,10.0,10.0,,,0,,,MEDIUM
CVE-2010-1082,directory,CWE-22,4.3,8.6,1.0,2361.0,2361.0,0,0.0,0.0,MEDIUM
CVE-2010-0165,function,CWE-119,9.3,8.6,10.0,1801.0,1801.0,0,0.0,0.0,HIGH
CVE-2010-1125,implementation,CWE-200,5.8,8.6,7.0,,,0,,,MEDIUM
CVE-2010-1126,implementation,CWE-200,5.8,8.6,8.0,,,0,,,MEDIUM
CVE-2010-1127,and,NVD-CWE-Other,5.0,10.0,29.0,,,1,,,MEDIUM
CVE-2010-1131,used,NVD-CWE-noinfo,4.3,8.6,3.0,,,1,,,MEDIUM
CVE-2010-1178,for,NVD-CWE-noinfo,4.3,8.6,4.0,,,1,,,MEDIUM
CVE-2010-0063,blacklist,NVD-CWE-Other,6.8,8.6,2.0,,,0,,,MEDIUM
CVE-2010-0523,does,CWE-200,5.0,10.0,3.0,,,0,,,MEDIUM
CVE-2010-0082,vulnerability,NVD-CWE-noinfo,5.1,4.9,25.0,,,0,,,MEDIUM
CVE-2010-0084,vulnerability,NVD-CWE-noinfo,5.0,10.0,26.0,,,0,,,MEDIUM
CVE-2010-0085,vulnerability,NVD-CWE-noinfo,5.1,4.9,27.0,,,0,,,MEDIUM
CVE-2010-0087,vulnerability,NVD-CWE-noinfo,7.5,10.0,28.0,,,0,,,HIGH
CVE-2010-0088,vulnerability,NVD-CWE-noinfo,6.8,8.6,29.0,,,0,,,MEDIUM
CVE-2010-0089,vulnerability,NVD-CWE-noinfo,5.0,10.0,30.0,,,0,,,MEDIUM
CVE-2010-0090,vulnerability,NVD-CWE-noinfo,5.8,8.6,31.0,,,0,,,MEDIUM
CVE-2010-0091,vulnerability,NVD-CWE-noinfo,4.3,8.6,32.0,,,0,,,MEDIUM
CVE-2010-0092,vulnerability,NVD-CWE-noinfo,5.1,4.9,33.0,,,0,,,MEDIUM
CVE-2010-0093,vulnerability,NVD-CWE-noinfo,5.1,4.9,34.0,,,0,,,MEDIUM
CVE-2010-0094,vulnerability,NVD-CWE-noinfo,7.5,10.0,35.0,,,0,,,HIGH
CVE-2010-0095,vulnerability,NVD-CWE-noinfo,6.8,8.6,36.0,,,0,,,MEDIUM
CVE-2010-0837,vulnerability,NVD-CWE-noinfo,7.5,10.0,37.0,,,0,,,HIGH
CVE-2010-0838,vulnerability,NVD-CWE-noinfo,7.5,10.0,38.0,,,0,,,HIGH
CVE-2010-0839,vulnerability,NVD-CWE-noinfo,7.5,10.0,39.0,,,0,,,HIGH
CVE-2010-0840,vulnerability,NVD-CWE-noinfo,9.8,3.9,40.0,,,0,,,CRITICAL
CVE-2010-0841,vulnerability,NVD-CWE-noinfo,7.5,10.0,41.0,,,0,,,HIGH
CVE-2010-0842,vulnerability,NVD-CWE-noinfo,7.5,10.0,42.0,,,0,,,HIGH
CVE-2010-0843,vulnerability,NVD-CWE-noinfo,7.5,10.0,43.0,,,0,,,HIGH
CVE-2010-0844,vulnerability,NVD-CWE-noinfo,7.5,10.0,44.0,,,0,,,HIGH
CVE-2010-0845,vulnerability,NVD-CWE-noinfo,5.1,4.9,45.0,,,0,,,MEDIUM
CVE-2010-0846,vulnerability,NVD-CWE-noinfo,7.5,10.0,46.0,,,0,,,HIGH
CVE-2010-0847,vulnerability,NVD-CWE-noinfo,7.5,10.0,47.0,,,0,,,HIGH
CVE-2010-0848,vulnerability,NVD-CWE-noinfo,7.5,10.0,48.0,,,0,,,HIGH
CVE-2010-0849,vulnerability,NVD-CWE-noinfo,7.5,10.0,49.0,,,0,,,HIGH
CVE-2010-0850,vulnerability,NVD-CWE-noinfo,7.5,10.0,50.0,,,0,,,HIGH
CVE-2010-1227,scripting,CWE-79,4.3,8.6,20.0,,,0,,,MEDIUM
CVE-2010-1233,integer,CWE-190,10.0,10.0,3.0,784.0,784.0,1,0.0,0.0,HIGH
CVE-2010-1236,function,CWE-79,4.3,8.6,10.0,,,1,,,MEDIUM
CVE-2010-0178,before,CWE-94,7.6,4.9,14.0,,,0,,,HIGH
CVE-2010-0179,before,CWE-94,5.1,4.9,15.0,,,0,,,MEDIUM
CVE-2010-0866,vulnerability,NVD-CWE-noinfo,6.5,8.0,51.0,,,0,,,MEDIUM
CVE-2010-0867,vulnerability,NVD-CWE-noinfo,4.0,8.0,52.0,,,0,,,MEDIUM
CVE-2010-0885,vulnerability,NVD-CWE-noinfo,6.8,8.0,53.0,,,0,,,MEDIUM
CVE-2010-0894,vulnerability,NVD-CWE-noinfo,5.8,8.6,54.0,,,0,,,MEDIUM
CVE-2010-0897,vulnerability,NVD-CWE-noinfo,7.5,10.0,55.0,,,0,,,HIGH
CVE-2010-1423,injection,CWE-78,9.3,8.6,3.0,,,1,,,HIGH
CVE-2010-0886,vulnerability,NVD-CWE-noinfo,10.0,10.0,56.0,,,0,,,HIGH
CVE-2010-0887,vulnerability,NVD-CWE-noinfo,10.0,10.0,57.0,,,0,,,HIGH
CVE-2009-4776,overflow,CWE-119,9.3,8.6,5.0,4215.0,4215.0,0,0.0,0.0,HIGH
CVE-2010-1585,method,CWE-20,9.3,8.6,3.0,,,1,,,HIGH
CVE-2010-1728,before,CWE-399,9.3,8.6,15.0,4968.0,4968.0,1,0.0,0.0,HIGH
CVE-2010-1729,used,CWE-399,4.3,8.6,4.0,,,1,,,MEDIUM
CVE-2010-1730,the,CWE-119,5.0,10.0,3.0,1266.0,1266.0,1,0.0,0.0,MEDIUM
CVE-2010-1731,the,NVD-CWE-noinfo,4.3,8.6,4.0,1266.0,1266.0,0,0.0,0.0,MEDIUM
CVE-2010-1867,injection,CWE-89,7.5,10.0,2.0,,,1,,,HIGH
CVE-2010-1986,allows,CWE-399,5.0,10.0,5.0,3299.0,3299.0,1,0.0,0.0,MEDIUM
CVE-2010-1987,allows,CWE-399,5.0,10.0,6.0,3299.0,3299.0,1,0.0,0.0,MEDIUM
CVE-2010-1988,allows,NVD-CWE-Other,10.0,10.0,7.0,3299.0,3299.0,1,0.0,0.0,HIGH
CVE-2010-0538,for,CWE-399,6.8,8.6,4.0,,,0,,,MEDIUM
CVE-2010-0539,signedness,CWE-189,6.8,8.6,1.0,,,0,,,MEDIUM
CVE-2010-2110,before,NVD-CWE-noinfo,7.5,10.0,16.0,4946.0,4946.0,0,0.0,0.0,HIGH
CVE-2010-2117,and,CWE-399,4.3,8.6,28.0,,,1,,,MEDIUM
CVE-2010-2118,and,CWE-399,4.3,8.6,29.0,,,1,,,MEDIUM
CVE-2010-2119,allows,CWE-399,4.3,8.6,7.0,3286.0,3286.0,1,0.0,0.0,MEDIUM
CVE-2010-2120,allows,CWE-399,4.3,8.6,8.0,3286.0,3286.0,1,0.0,0.0,MEDIUM
CVE-2010-2121,allows,CWE-399,4.3,8.6,9.0,3286.0,3286.0,1,0.0,0.0,MEDIUM
CVE-2010-1418,scripting,CWE-79,4.3,8.6,11.0,,,0,,,MEDIUM
CVE-2010-1421,function,NVD-CWE-Other,4.3,8.6,11.0,1723.0,1723.0,0,0.0,0.0,MEDIUM
CVE-2010-1387,vulnerability,CWE-399,9.3,8.6,56.0,,,0,,,HIGH
CVE-2010-1202,unspecified,NVD-CWE-noinfo,9.3,8.6,10.0,,,0,,,HIGH
CVE-2010-1203,engine,NVD-CWE-noinfo,9.3,8.6,2.0,,,0,,,HIGH
CVE-2010-2662,before,CWE-264,4.3,8.6,15.0,4905.0,4905.0,0,0.0,0.0,MEDIUM
CVE-2010-2385,vulnerability,NVD-CWE-noinfo,5.8,8.6,56.0,,,0,,,MEDIUM
CVE-2010-2397,vulnerability,NVD-CWE-noinfo,2.4,1.5,57.0,,,0,,,LOW
CVE-2010-1209,vulnerability,CWE-399,9.3,8.6,58.0,,,0,,,HIGH
CVE-2010-1213,method,CWE-20,4.3,8.6,3.0,,,0,,,MEDIUM
CVE-2010-1215,before,CWE-94,6.8,8.6,15.0,4883.0,4883.0,0,0.0,0.0,MEDIUM
CVE-2010-1789,buffer,CWE-119,9.3,8.6,9.0,3755.0,3755.0,0,0.0,0.0,HIGH
CVE-2010-1790,before,NVD-CWE-Other,9.3,8.6,16.0,4883.0,4883.0,0,0.0,0.0,HIGH
CVE-2010-1791,signedness,CWE-189,9.3,8.6,2.0,,,0,,,HIGH
CVE-2010-1796,feature,CWE-200,2.6,4.9,1.0,,,0,,,LOW
CVE-2010-2751,function,CWE-264,2.6,4.9,11.0,1674.0,1674.0,1,0.0,0.0,LOW
CVE-2010-1871,used,CWE-917,8.8,2.8,5.0,,,0,,,HIGH
CVE-2010-2762,class,CWE-264,6.8,8.6,1.0,2185.0,2185.0,0,0.0,0.0,MEDIUM
CVE-2010-0155,injection,CWE-94,3.5,6.8,3.0,,,0,,,LOW
CVE-2010-3171,function,CWE-310,5.8,8.6,10.0,1627.0,1627.0,1,0.0,0.0,MEDIUM
CVE-2010-3399,function,CWE-310,5.8,8.6,11.0,1627.0,1627.0,1,0.0,0.0,MEDIUM
CVE-2010-3400,function,CWE-310,5.8,8.6,12.0,1627.0,1627.0,0,0.0,0.0,MEDIUM
CVE-2010-3402,search,NVD-CWE-Other,9.3,8.6,2.0,,,0,,,HIGH
CVE-2010-2414,vulnerability,NVD-CWE-noinfo,2.6,4.9,49.0,,,0,,,LOW
CVE-2010-2419,vulnerability,NVD-CWE-noinfo,6.5,8.0,50.0,,,0,,,MEDIUM
CVE-2010-3512,vulnerability,NVD-CWE-noinfo,3.5,6.8,51.0,,,0,,,LOW
CVE-2010-3514,vulnerability,NVD-CWE-noinfo,4.3,8.6,52.0,,,0,,,MEDIUM
CVE-2010-3544,vulnerability,NVD-CWE-noinfo,5.8,8.6,53.0,,,0,,,MEDIUM
CVE-2010-3545,vulnerability,NVD-CWE-noinfo,5.8,8.6,54.0,,,0,,,MEDIUM
CVE-2010-3546,vulnerability,NVD-CWE-noinfo,5.8,8.6,55.0,,,0,,,MEDIUM
CVE-2010-3564,vulnerability,NVD-CWE-noinfo,6.4,10.0,56.0,,,0,,,MEDIUM
CVE-2010-3575,vulnerability,NVD-CWE-noinfo,6.4,10.0,57.0,,,0,,,MEDIUM
CVE-2010-3579,vulnerability,NVD-CWE-noinfo,6.4,10.0,58.0,,,0,,,MEDIUM
CVE-2010-3934,browser,CWE-264,6.8,8.6,1.0,,,1,,,MEDIUM
CVE-2010-3541,vulnerability,NVD-CWE-noinfo,5.1,4.9,59.0,,,0,,,MEDIUM
CVE-2010-3548,vulnerability,NVD-CWE-noinfo,5.0,10.0,60.0,,,0,,,MEDIUM
CVE-2010-3549,vulnerability,NVD-CWE-noinfo,6.8,8.6,61.0,,,0,,,MEDIUM
CVE-2010-3550,vulnerability,NVD-CWE-noinfo,9.3,8.6,62.0,,,0,,,HIGH
CVE-2010-3551,vulnerability,NVD-CWE-noinfo,5.0,10.0,63.0,,,0,,,MEDIUM
CVE-2010-3552,vulnerability,NVD-CWE-noinfo,10.0,10.0,64.0,,,0,,,HIGH
CVE-2010-3553,vulnerability,NVD-CWE-noinfo,10.0,10.0,65.0,,,0,,,HIGH
CVE-2010-3554,vulnerability,NVD-CWE-noinfo,10.0,10.0,66.0,,,0,,,HIGH
CVE-2010-3555,vulnerability,NVD-CWE-noinfo,9.3,8.6,67.0,,,0,,,HIGH
CVE-2010-3556,vulnerability,NVD-CWE-noinfo,10.0,10.0,68.0,,,0,,,HIGH
CVE-2010-3557,vulnerability,NVD-CWE-noinfo,6.8,8.6,69.0,,,0,,,MEDIUM
CVE-2010-3558,vulnerability,NVD-CWE-noinfo,10.0,10.0,70.0,,,0,,,HIGH
CVE-2010-3559,vulnerability,NVD-CWE-noinfo,10.0,10.0,71.0,,,0,,,HIGH
CVE-2010-3560,vulnerability,NVD-CWE-noinfo,2.6,4.9,72.0,,,0,,,LOW
CVE-2010-3561,vulnerability,NVD-CWE-noinfo,7.5,10.0,73.0,,,0,,,HIGH
CVE-2010-3562,vulnerability,NVD-CWE-noinfo,10.0,10.0,74.0,,,0,,,HIGH
CVE-2010-3563,vulnerability,NVD-CWE-noinfo,10.0,10.0,75.0,,,0,,,HIGH
CVE-2010-3565,vulnerability,NVD-CWE-noinfo,10.0,10.0,76.0,,,0,,,HIGH
CVE-2010-3566,vulnerability,NVD-CWE-noinfo,10.0,10.0,77.0,,,0,,,HIGH
CVE-2010-3567,vulnerability,NVD-CWE-noinfo,10.0,10.0,78.0,,,0,,,HIGH
CVE-2010-3568,vulnerability,NVD-CWE-noinfo,10.0,10.0,79.0,,,0,,,HIGH
CVE-2010-3569,vulnerability,NVD-CWE-noinfo,10.0,10.0,80.0,,,0,,,HIGH
CVE-2010-3570,vulnerability,NVD-CWE-noinfo,7.6,4.9,81.0,,,0,,,HIGH
CVE-2010-3571,vulnerability,NVD-CWE-noinfo,10.0,10.0,82.0,,,0,,,HIGH
CVE-2010-3572,vulnerability,NVD-CWE-noinfo,10.0,10.0,83.0,,,0,,,HIGH
CVE-2010-3573,vulnerability,NVD-CWE-noinfo,5.1,4.9,84.0,,,0,,,MEDIUM
CVE-2010-3574,vulnerability,NVD-CWE-noinfo,10.0,10.0,85.0,,,0,,,HIGH
CVE-2010-3178,before,CWE-264,5.8,8.6,15.0,4800.0,4800.0,0,0.0,0.0,MEDIUM
CVE-2010-4047,before,CWE-79,4.3,8.6,16.0,4800.0,4800.0,0,0.0,0.0,MEDIUM
CVE-2010-3765,through,CWE-119,9.8,3.9,5.0,,,1,,,CRITICAL
CVE-2010-0786,component,CWE-20,5.0,10.0,2.0,998.0,998.0,0,0.0,0.0,MEDIUM
CVE-2010-2635,injection,CWE-89,6.5,8.0,4.0,,,0,,,MEDIUM
CVE-2010-3894,buffer,CWE-119,9.3,8.6,6.0,3650.0,3650.0,1,0.0,0.0,HIGH
CVE-2010-3796,and,CWE-200,4.3,8.6,10.0,,,0,,,MEDIUM
CVE-2010-3978,before,CWE-200,5.0,10.0,14.0,4773.0,4773.0,1,0.0,0.0,MEDIUM
CVE-2010-3804,implementation,CWE-310,5.0,10.0,3.0,,,0,,,MEDIUM
CVE-2010-4172,scripting,CWE-79,4.3,8.6,6.0,,,1,,,MEDIUM
CVE-2010-3860,before,CWE-200,5.0,10.0,15.0,4752.0,4752.0,0,0.0,0.0,MEDIUM
CVE-2010-3767,overflow,CWE-189,9.3,8.6,4.0,3982.0,3982.0,0,0.0,0.0,HIGH
CVE-2010-3771,before,NVD-CWE-Other,6.8,8.6,17.0,4750.0,4750.0,0,0.0,0.0,MEDIUM
CVE-2010-3773,before,NVD-CWE-Other,6.8,8.6,18.0,4750.0,4750.0,0,0.0,0.0,MEDIUM
CVE-2010-3775,before,NVD-CWE-Other,9.3,8.6,19.0,4750.0,4750.0,0,0.0,0.0,HIGH
CVE-2010-4576,before,CWE-476,5.0,10.0,19.0,4739.0,4739.0,1,0.0,0.0,MEDIUM
CVE-2011-0003,before,CWE-20,5.8,8.6,20.0,4719.0,4719.0,0,0.0,0.0,MEDIUM
CVE-2010-4431,vulnerability,NVD-CWE-noinfo,1.0,1.5,75.0,,,0,,,LOW
CVE-2010-4438,vulnerability,NVD-CWE-noinfo,5.7,3.1,76.0,,,0,,,MEDIUM
CVE-2010-4444,vulnerability,NVD-CWE-noinfo,6.8,8.6,77.0,,,0,,,MEDIUM
CVE-2010-4456,vulnerability,NVD-CWE-noinfo,4.3,8.6,78.0,,,0,,,MEDIUM
CVE-2010-4071,scripting,CWE-79,2.6,4.9,5.0,,,0,,,LOW
CVE-2010-4351,before,CWE-264,6.8,8.6,21.0,4709.0,4709.0,0,0.0,0.0,MEDIUM
CVE-2011-0410,uses,CWE-310,5.0,10.0,1.0,,,0,,,MEDIUM
CVE-2010-4567,before,CWE-79,4.3,8.6,22.0,4701.0,4701.0,0,0.0,0.0,MEDIUM
CVE-2011-0048,before,CWE-79,4.3,8.6,23.0,4701.0,4701.0,0,0.0,0.0,MEDIUM
CVE-2011-0681,for,NVD-CWE-Other,4.3,8.6,3.0,,,0,,,MEDIUM
CVE-2011-0734,scripting,CWE-79,4.3,8.6,6.0,,,1,,,MEDIUM
CVE-2011-0276,and,NVD-CWE-Other,10.0,10.0,8.0,,,0,,,HIGH
CVE-2011-0902,untrusted,NVD-CWE-Other,6.9,3.4,1.0,2949.0,2949.0,1,0.0,0.0,MEDIUM
CVE-2011-0921,the,CWE-20,10.0,10.0,3.0,987.0,987.0,0,0.0,0.0,HIGH
CVE-2011-0446,scripting,CWE-79,4.3,8.6,7.0,,,0,,,MEDIUM
CVE-2010-4422,vulnerability,NVD-CWE-noinfo,7.6,4.9,79.0,,,0,,,HIGH
CVE-2010-4447,vulnerability,NVD-CWE-noinfo,4.3,8.6,80.0,,,0,,,MEDIUM
CVE-2010-4448,vulnerability,NVD-CWE-noinfo,2.6,4.9,81.0,,,0,,,LOW
CVE-2010-4450,vulnerability,NVD-CWE-noinfo,3.7,1.9,82.0,,,0,,,LOW
CVE-2010-4451,vulnerability,NVD-CWE-noinfo,7.6,4.9,83.0,,,0,,,HIGH
CVE-2010-4452,vulnerability,NVD-CWE-noinfo,10.0,10.0,84.0,,,0,,,HIGH
CVE-2010-4454,vulnerability,NVD-CWE-noinfo,10.0,10.0,85.0,,,0,,,HIGH
CVE-2010-4462,vulnerability,NVD-CWE-noinfo,10.0,10.0,86.0,,,0,,,HIGH
CVE-2010-4463,vulnerability,NVD-CWE-noinfo,10.0,10.0,87.0,,,0,,,HIGH
CVE-2010-4465,vulnerability,NVD-CWE-noinfo,10.0,10.0,88.0,,,0,,,HIGH
CVE-2010-4466,vulnerability,NVD-CWE-noinfo,5.0,10.0,89.0,,,0,,,MEDIUM
CVE-2010-4467,vulnerability,NVD-CWE-noinfo,10.0,10.0,90.0,,,0,,,HIGH
CVE-2010-4468,vulnerability,NVD-CWE-noinfo,4.0,4.9,91.0,,,0,,,MEDIUM
CVE-2010-4469,vulnerability,NVD-CWE-noinfo,10.0,10.0,92.0,,,0,,,HIGH
CVE-2010-4470,vulnerability,NVD-CWE-noinfo,5.0,10.0,93.0,,,0,,,MEDIUM
CVE-2010-4471,vulnerability,NVD-CWE-noinfo,5.0,10.0,94.0,,,0,,,MEDIUM
CVE-2010-4472,vulnerability,NVD-CWE-noinfo,2.6,4.9,95.0,,,0,,,LOW
CVE-2010-4473,vulnerability,NVD-CWE-noinfo,10.0,10.0,96.0,,,0,,,HIGH
CVE-2010-4474,vulnerability,NVD-CWE-noinfo,2.1,3.9,97.0,,,0,,,LOW
CVE-2010-4475,vulnerability,NVD-CWE-noinfo,4.3,8.6,98.0,,,0,,,MEDIUM
CVE-2010-4476,method,NVD-CWE-Other,5.0,10.0,3.0,,,0,,,MEDIUM
CVE-2011-1058,scripting,CWE-79,2.6,4.9,8.0,,,0,,,LOW
CVE-2011-0381,through,CWE-78,10.0,10.0,2.0,,,0,,,HIGH
CVE-2011-0383,framework,CWE-287,10.0,10.0,1.0,,,0,,,HIGH
CVE-2011-0384,framework,CWE-287,10.0,10.0,2.0,,,0,,,HIGH
CVE-2011-0388,devices,CWE-399,7.8,10.0,1.0,,,0,,,HIGH
CVE-2011-1108,before,NVD-CWE-noinfo,6.8,8.6,24.0,4669.0,4669.0,1,0.0,0.0,MEDIUM
CVE-2011-0054,overflow,CWE-119,10.0,10.0,5.0,3900.0,3900.0,0,0.0,0.0,HIGH
CVE-2011-0056,overflow,CWE-119,10.0,10.0,6.0,3900.0,3900.0,0,0.0,0.0,HIGH
CVE-2011-0057,vulnerability,CWE-399,10.0,10.0,99.0,,,0,,,HIGH
CVE-2011-0154,used,CWE-119,5.1,4.9,4.0,,,0,,,MEDIUM
CVE-2011-1317,leak,CWE-399,5.0,10.0,1.0,5301.0,5301.0,0,1.0,0.17,MEDIUM
CVE-2011-1318,leak,CWE-399,5.0,10.0,2.0,5301.0,5301.0,0,1.0,0.17,MEDIUM
CVE-2011-1322,with,CWE-399,5.0,10.0,1.0,3003.0,3003.0,0,0.0,0.0,MEDIUM
CVE-2011-1186,before,CWE-20,5.0,10.0,25.0,4660.0,4660.0,1,0.0,0.0,MEDIUM
CVE-2011-0158,before,CWE-20,4.3,8.6,26.0,4659.0,4659.0,0,0.0,0.0,MEDIUM
CVE-2011-1691,function,CWE-476,5.0,10.0,6.0,1416.0,1416.0,1,0.0,0.0,MEDIUM
CVE-2011-0807,vulnerability,NVD-CWE-noinfo,10.0,10.0,69.0,,,0,,,HIGH
CVE-2011-0844,vulnerability,NVD-CWE-noinfo,4.3,8.6,70.0,,,0,,,MEDIUM
CVE-2011-0846,vulnerability,NVD-CWE-noinfo,5.0,10.0,71.0,,,0,,,MEDIUM
CVE-2011-0847,vulnerability,NVD-CWE-noinfo,4.0,8.0,72.0,,,0,,,MEDIUM
CVE-2011-0849,vulnerability,NVD-CWE-noinfo,4.3,8.6,73.0,,,0,,,MEDIUM
CVE-2011-0067,before,CWE-20,5.0,10.0,24.0,4602.0,4602.0,1,0.0,0.0,MEDIUM
CVE-2011-0076,vulnerability,NVD-CWE-noinfo,7.5,10.0,72.0,,,0,,,HIGH
CVE-2011-2087,scripting,CWE-79,4.3,8.6,10.0,,,1,,,MEDIUM
CVE-2011-2088,and,CWE-200,5.0,10.0,7.0,,,0,,,MEDIUM
CVE-2011-2040,helper,CWE-20,9.3,8.6,1.0,3531.0,3531.0,0,0.0,0.0,HIGH
CVE-2011-2477,scripting,CWE-79,2.6,4.9,10.0,,,0,,,LOW
CVE-2011-0786,vulnerability,NVD-CWE-noinfo,7.6,4.9,73.0,,,0,,,HIGH
CVE-2011-0788,vulnerability,NVD-CWE-noinfo,7.6,4.9,74.0,,,0,,,HIGH
CVE-2011-0802,vulnerability,NVD-CWE-noinfo,10.0,10.0,75.0,,,0,,,HIGH
CVE-2011-0814,vulnerability,NVD-CWE-noinfo,10.0,10.0,76.0,,,0,,,HIGH
CVE-2011-0815,vulnerability,NVD-CWE-noinfo,10.0,10.0,77.0,,,0,,,HIGH
CVE-2011-0817,vulnerability,NVD-CWE-noinfo,10.0,10.0,78.0,,,0,,,HIGH
CVE-2011-0862,unspecified,NVD-CWE-noinfo,10.0,10.0,2.0,,,0,,,HIGH
CVE-2011-0863,vulnerability,NVD-CWE-noinfo,10.0,10.0,79.0,,,0,,,HIGH
CVE-2011-0864,vulnerability,NVD-CWE-noinfo,10.0,10.0,80.0,,,0,,,HIGH
CVE-2011-0865,vulnerability,NVD-CWE-noinfo,2.6,4.9,81.0,,,0,,,LOW
CVE-2011-0866,vulnerability,NVD-CWE-noinfo,7.6,4.9,82.0,,,0,,,HIGH
CVE-2011-0867,vulnerability,NVD-CWE-noinfo,5.0,10.0,83.0,,,0,,,MEDIUM
CVE-2011-0868,vulnerability,NVD-CWE-noinfo,5.0,10.0,84.0,,,0,,,MEDIUM
CVE-2011-0869,vulnerability,NVD-CWE-noinfo,5.0,10.0,85.0,,,0,,,MEDIUM
CVE-2011-0871,vulnerability,NVD-CWE-noinfo,10.0,10.0,86.0,,,0,,,HIGH
CVE-2011-0872,vulnerability,NVD-CWE-noinfo,5.0,10.0,87.0,,,0,,,MEDIUM
CVE-2011-0873,vulnerability,NVD-CWE-noinfo,10.0,10.0,88.0,,,0,,,HIGH
CVE-2011-2371,overflow,CWE-189,10.0,10.0,5.0,3780.0,3780.0,0,0.0,0.0,HIGH
CVE-2011-2373,vulnerability,CWE-399,7.6,4.9,88.0,,,0,,,HIGH
CVE-2011-2605,injection,CWE-94,4.3,8.6,3.0,,,0,,,MEDIUM
CVE-2011-2640,before,CWE-399,5.0,10.0,23.0,4547.0,4547.0,0,0.0,0.0,MEDIUM
CVE-2011-0219,before,CWE-264,5.8,8.6,22.0,4527.0,4527.0,0,0.0,0.0,MEDIUM
CVE-2011-1484,the,CWE-264,6.8,8.6,2.0,819.0,819.0,0,0.0,0.0,MEDIUM
CVE-2009-4139,flaw,CWE-346,6.8,1.6,1.0,,,0,,,MEDIUM
CVE-2011-2196,the,CWE-264,6.8,8.6,3.0,819.0,819.0,0,0.0,0.0,MEDIUM
CVE-2011-2745,the,CWE-264,6.5,8.0,4.0,819.0,819.0,1,0.0,0.0,MEDIUM
CVE-2011-1960,through,CWE-668,4.3,8.6,3.0,,,0,,,MEDIUM
CVE-2011-3138,module,NVD-CWE-Other,5.0,10.0,1.0,,,0,,,MEDIUM
CVE-2011-2357,scripting,CWE-20,4.3,8.6,11.0,,,0,,,MEDIUM
CVE-2011-2981,implementation,CWE-16,9.3,8.6,2.0,,,0,,,HIGH
CVE-2011-2984,before,CWE-94,10.0,10.0,22.0,4499.0,4499.0,0,0.0,0.0,HIGH
CVE-2011-2991,browser,CWE-119,10.0,10.0,2.0,,,0,,,HIGH
CVE-2011-2993,implementation,CWE-264,9.3,8.6,3.0,,,0,,,HIGH
CVE-2011-0311,class,CWE-119,3.5,6.8,2.0,1827.0,1827.0,0,0.0,0.0,LOW
CVE-2011-3387,class,CWE-20,4.0,8.0,3.0,1827.0,1827.0,0,0.0,0.0,MEDIUM
CVE-2011-3389,protocol,CWE-326,4.3,8.6,1.0,4566.0,4566.0,0,0.0,0.0,MEDIUM
CVE-2011-3391,relies,CWE-264,4.0,8.0,1.0,,,0,,,MEDIUM
CVE-2009-5097,and,CWE-94,7.1,8.6,5.0,,,0,,,HIGH
CVE-2011-3232,used,CWE-94,9.3,8.6,2.0,,,0,,,HIGH
CVE-2011-3866,before,CWE-264,4.3,8.6,23.0,4458.0,4458.0,0,0.0,0.0,MEDIUM
CVE-2011-2998,underflow,CWE-189,10.0,10.0,1.0,3120.0,3120.0,0,0.0,0.0,HIGH
CVE-2011-2894,through,CWE-502,6.8,8.6,4.0,,,0,,,MEDIUM
CVE-2011-2881,before,CWE-119,6.8,8.6,24.0,4452.0,4452.0,0,0.0,0.0,MEDIUM
CVE-2011-1827,unspecified,NVD-CWE-noinfo,9.3,8.6,2.0,,,0,,,HIGH
CVE-2011-1969,and,CWE-94,9.3,8.6,6.0,,,0,,,HIGH
CVE-2011-3229,traversal,CWE-22,6.8,8.6,1.0,,,0,,,MEDIUM
CVE-2011-2314,vulnerability,NVD-CWE-noinfo,4.3,8.6,77.0,,,0,,,MEDIUM
CVE-2011-3559,vulnerability,NVD-CWE-noinfo,7.8,10.0,78.0,,,0,,,HIGH
CVE-2011-4140,protection,CWE-352,6.8,8.6,1.0,,,0,,,MEDIUM
CVE-2011-3516,vulnerability,NVD-CWE-noinfo,7.6,4.9,79.0,,,0,,,HIGH
CVE-2011-3521,vulnerability,NVD-CWE-noinfo,10.0,10.0,80.0,,,0,,,HIGH
CVE-2011-3544,vulnerability,NVD-CWE-noinfo,9.8,3.9,81.0,,,0,,,CRITICAL
CVE-2011-3545,vulnerability,NVD-CWE-noinfo,10.0,10.0,82.0,,,0,,,HIGH
CVE-2011-3546,vulnerability,NVD-CWE-noinfo,5.8,8.6,83.0,,,0,,,MEDIUM
CVE-2011-3547,vulnerability,NVD-CWE-noinfo,5.0,10.0,84.0,,,0,,,MEDIUM
CVE-2011-3548,vulnerability,NVD-CWE-noinfo,10.0,10.0,85.0,,,0,,,HIGH
CVE-2011-3549,vulnerability,NVD-CWE-noinfo,10.0,10.0,86.0,,,0,,,HIGH
CVE-2011-3550,vulnerability,NVD-CWE-noinfo,7.6,4.9,87.0,,,0,,,HIGH
CVE-2011-3551,vulnerability,NVD-CWE-noinfo,9.3,8.6,88.0,,,0,,,HIGH
CVE-2011-3552,vulnerability,NVD-CWE-noinfo,2.6,4.9,89.0,,,0,,,LOW
CVE-2011-3553,vulnerability,NVD-CWE-noinfo,3.5,6.8,90.0,,,0,,,LOW
CVE-2011-3554,vulnerability,NVD-CWE-noinfo,10.0,10.0,91.0,,,0,,,HIGH
CVE-2011-3555,vulnerability,NVD-CWE-noinfo,6.1,4.9,92.0,,,0,,,MEDIUM
CVE-2011-3556,vulnerability,NVD-CWE-noinfo,7.5,10.0,93.0,,,0,,,HIGH
CVE-2011-3557,vulnerability,NVD-CWE-noinfo,6.8,8.6,94.0,,,0,,,MEDIUM
CVE-2011-3558,vulnerability,NVD-CWE-noinfo,5.0,10.0,95.0,,,0,,,MEDIUM
CVE-2011-3560,vulnerability,NVD-CWE-noinfo,6.4,10.0,96.0,,,0,,,MEDIUM
CVE-2011-3561,vulnerability,NVD-CWE-noinfo,1.8,3.2,97.0,,,0,,,LOW
CVE-2011-3881,used,CWE-79,4.3,8.6,3.0,,,0,,,MEDIUM
CVE-2011-3886,used,CWE-20,6.8,8.6,4.0,,,0,,,MEDIUM
CVE-2011-3887,before,CWE-565,5.0,10.0,23.0,4431.0,4431.0,0,0.0,0.0,MEDIUM
CVE-2011-1368,application,CWE-200,5.0,10.0,1.0,2670.0,2670.0,0,0.0,0.0,MEDIUM
CVE-2009-2747,and,CWE-264,5.0,10.0,7.0,,,0,,,MEDIUM
CVE-2011-3650,before,CWE-119,9.3,8.6,23.0,4416.0,4416.0,0,0.0,0.0,HIGH
CVE-2011-3898,before,CWE-269,7.5,10.0,24.0,4414.0,4414.0,0,0.0,0.0,HIGH
CVE-2011-4457,before,CWE-200,2.6,4.9,24.0,4408.0,4408.0,0,0.0,0.0,LOW
CVE-2002-2437,implementation,CWE-264,5.0,10.0,4.0,,,1,,,MEDIUM
CVE-2010-5070,implementation,CWE-264,5.0,10.0,5.0,,,1,,,MEDIUM
CVE-2010-5071,implementation,CWE-264,5.0,10.0,6.0,,,1,,,MEDIUM
CVE-2010-5072,implementation,CWE-264,5.0,10.0,7.0,,,1,,,MEDIUM
CVE-2010-5073,implementation,CWE-264,5.0,10.0,8.0,,,1,,,MEDIUM
CVE-2011-4682,engine,CWE-264,6.4,10.0,1.0,,,0,,,MEDIUM
CVE-2011-4688,and,CWE-264,5.0,10.0,7.0,,,1,,,MEDIUM
CVE-2011-4689,through,CWE-264,5.0,10.0,4.0,,,1,,,MEDIUM
CVE-2011-4690,and,CWE-264,5.0,10.0,8.0,,,1,,,MEDIUM
CVE-2011-4691,and,CWE-264,5.0,10.0,9.0,,,1,,,MEDIUM
CVE-2011-4692,used,CWE-264,5.0,10.0,5.0,,,1,,,MEDIUM
CVE-2011-4695,vulnerability,NVD-CWE-noinfo,6.9,3.4,71.0,,,1,,,MEDIUM
CVE-2011-4766,feature,CWE-200,5.0,10.0,1.0,,,0,,,MEDIUM
CVE-2011-3661,used,CWE-399,7.5,10.0,6.0,,,0,,,HIGH
CVE-2011-3663,through,CWE-200,4.3,8.6,5.0,,,0,,,MEDIUM
CVE-2011-5035,and,CWE-20,5.0,10.0,10.0,,,0,,,MEDIUM
CVE-2012-0391,component,CWE-94,9.8,3.9,1.0,573.0,573.0,1,0.0,0.0,CRITICAL
CVE-2012-0392,component,NVD-CWE-noinfo,6.8,8.6,2.0,573.0,573.0,1,0.0,0.0,MEDIUM
CVE-2012-0393,component,CWE-264,6.4,10.0,3.0,573.0,573.0,1,0.0,0.0,MEDIUM
CVE-2011-3571,vulnerability,NVD-CWE-noinfo,3.6,3.9,72.0,,,0,,,LOW
CVE-2012-0017,scripting,CWE-79,4.3,8.6,8.0,,,0,,,MEDIUM
CVE-2012-0144,scripting,CWE-79,4.3,8.6,9.0,,,0,,,MEDIUM
CVE-2012-0145,scripting,CWE-79,4.3,8.6,10.0,,,0,,,MEDIUM
CVE-2011-3563,vulnerability,NVD-CWE-noinfo,6.4,10.0,69.0,,,0,,,MEDIUM
CVE-2012-0497,vulnerability,NVD-CWE-noinfo,10.0,10.0,70.0,,,0,,,HIGH
CVE-2012-0498,vulnerability,NVD-CWE-noinfo,10.0,10.0,71.0,,,0,,,HIGH
CVE-2012-0499,vulnerability,NVD-CWE-noinfo,10.0,10.0,72.0,,,0,,,HIGH
CVE-2012-0500,vulnerability,NVD-CWE-noinfo,10.0,10.0,73.0,,,0,,,HIGH
CVE-2012-0501,vulnerability,NVD-CWE-noinfo,5.0,10.0,74.0,,,0,,,MEDIUM
CVE-2012-0502,vulnerability,NVD-CWE-noinfo,6.4,10.0,75.0,,,0,,,MEDIUM
CVE-2012-0503,vulnerability,NVD-CWE-noinfo,7.5,10.0,76.0,,,0,,,HIGH
CVE-2012-0504,vulnerability,NVD-CWE-noinfo,9.3,8.6,77.0,,,0,,,HIGH
CVE-2012-0505,vulnerability,NVD-CWE-noinfo,7.5,10.0,78.0,,,0,,,HIGH
CVE-2012-0506,vulnerability,NVD-CWE-noinfo,4.3,8.6,79.0,,,0,,,MEDIUM
CVE-2012-0508,vulnerability,NVD-CWE-noinfo,10.0,10.0,80.0,,,0,,,HIGH
CVE-2012-0585,feature,CWE-264,5.0,10.0,2.0,,,0,,,MEDIUM
CVE-2012-0455,before,CWE-79,4.3,8.6,13.0,4290.0,4290.0,0,0.0,0.0,MEDIUM
CVE-2012-0458,before,CWE-264,6.8,8.6,14.0,4290.0,4290.0,1,0.0,0.0,MEDIUM
CVE-2012-0775,implementation,CWE-119,10.0,10.0,9.0,,,0,,,HIGH
CVE-2012-0777,and,CWE-119,6.8,8.6,10.0,,,0,,,MEDIUM
CVE-2012-0522,vulnerability,NVD-CWE-noinfo,4.3,8.6,55.0,,,0,,,MEDIUM
CVE-2012-0551,vulnerability,NVD-CWE-noinfo,5.8,8.6,56.0,,,0,,,MEDIUM
CVE-2011-3103,used,CWE-399,7.5,10.0,6.0,,,0,,,HIGH
CVE-2011-3107,before,NVD-CWE-Other,7.5,10.0,14.0,4219.0,4219.0,0,0.0,0.0,HIGH
CVE-2012-1939,before,CWE-119,9.3,8.6,15.0,4207.0,4207.0,0,0.0,0.0,HIGH
CVE-2012-0507,vulnerability,NVD-CWE-noinfo,9.8,3.9,56.0,,,1,,,CRITICAL
CVE-2012-1826,before,CWE-264,6.0,6.8,16.0,4204.0,4204.0,0,0.0,0.0,MEDIUM
CVE-2012-3566,before,NVD-CWE-noinfo,4.3,8.6,17.0,4198.0,4198.0,0,0.0,0.0,MEDIUM
CVE-2012-1711,vulnerability,NVD-CWE-noinfo,7.5,10.0,41.0,,,0,,,HIGH
CVE-2012-1713,vulnerability,NVD-CWE-noinfo,10.0,10.0,42.0,,,0,,,HIGH
CVE-2012-1716,vulnerability,NVD-CWE-noinfo,10.0,10.0,43.0,,,0,,,HIGH
CVE-2012-1717,vulnerability,NVD-CWE-noinfo,2.1,3.9,44.0,,,0,,,LOW
CVE-2012-1718,vulnerability,NVD-CWE-noinfo,5.0,10.0,45.0,,,0,,,MEDIUM
CVE-2012-1719,vulnerability,NVD-CWE-noinfo,5.0,10.0,46.0,,,0,,,MEDIUM
CVE-2012-1720,vulnerability,NVD-CWE-noinfo,3.7,1.9,47.0,,,0,,,LOW
CVE-2012-1721,vulnerability,NVD-CWE-noinfo,10.0,10.0,48.0,,,0,,,HIGH
CVE-2012-1722,vulnerability,NVD-CWE-noinfo,10.0,10.0,49.0,,,0,,,HIGH
CVE-2012-1723,vulnerability,NVD-CWE-noinfo,9.8,3.9,50.0,,,0,,,CRITICAL
CVE-2012-1724,vulnerability,NVD-CWE-noinfo,5.0,10.0,51.0,,,0,,,MEDIUM
CVE-2012-1725,vulnerability,NVD-CWE-noinfo,10.0,10.0,52.0,,,0,,,HIGH
CVE-2012-1726,vulnerability,NVD-CWE-noinfo,6.4,10.0,53.0,,,0,,,MEDIUM
CVE-2012-2493,downloader,CWE-20,9.3,8.6,1.0,1490.0,1490.0,0,0.0,0.0,HIGH
CVE-2012-2494,downloader,CWE-20,4.3,8.6,2.0,1490.0,1490.0,0,0.0,0.0,MEDIUM
CVE-2012-2495,downloader,CWE-20,4.3,8.6,3.0,1490.0,1490.0,0,0.0,0.0,MEDIUM
CVE-2012-2496,certain,CWE-20,6.8,8.6,1.0,3096.0,3096.0,0,0.0,0.0,MEDIUM
CVE-2012-2731,before,CWE-200,2.6,4.9,18.0,4186.0,4186.0,1,0.0,0.0,LOW
CVE-2012-1859,scripting,CWE-79,4.3,8.6,5.0,,,0,,,MEDIUM
CVE-2012-1861,scripting,CWE-79,4.3,8.6,6.0,,,0,,,MEDIUM
CVE-2012-1863,scripting,CWE-79,4.3,8.6,7.0,,,0,,,MEDIUM
CVE-2012-2844,functionality,NVD-CWE-Other,9.3,8.6,2.0,,,0,,,HIGH
CVE-2011-4293,theme,CWE-264,6.4,10.0,1.0,,,0,,,MEDIUM
CVE-2012-1738,vulnerability,NVD-CWE-noinfo,5.0,10.0,53.0,,,0,,,MEDIUM
CVE-2012-1966,through,CWE-264,4.3,8.6,5.0,,,0,,,MEDIUM
CVE-2012-1967,through,NVD-CWE-Other,10.0,10.0,6.0,,,0,,,HIGH
CVE-2012-2197,buffer,CWE-119,7.1,3.9,1.0,3029.0,3029.0,0,0.0,0.0,HIGH
CVE-2012-2202,traversal,CWE-22,3.5,6.8,2.0,,,0,,,LOW
CVE-2012-3413,function,CWE-16,4.3,8.6,2.0,935.0,935.0,0,0.0,0.0,MEDIUM
CVE-2012-3423,plugin,CWE-119,7.5,10.0,1.0,,,1,,,HIGH
CVE-2012-2649,application,CWE-94,6.8,8.6,2.0,2385.0,2385.0,0,0.0,0.0,MEDIUM
CVE-2010-5190,functionality,CWE-264,5.0,10.0,3.0,,,0,,,MEDIUM
CVE-2010-5192,scripting,CWE-79,4.3,8.6,7.0,,,0,,,MEDIUM
CVE-2012-4681,vulnerabilities,NVD-CWE-Other,9.8,3.9,1.0,3536.0,3536.0,1,0.0,0.0,CRITICAL
CVE-2012-3965,before,CWE-264,9.3,8.6,15.0,4122.0,4122.0,0,0.0,0.0,HIGH
CVE-2012-3979,before,NVD-CWE-noinfo,6.8,8.6,16.0,4122.0,4122.0,0,0.0,0.0,MEDIUM
CVE-2012-3980,web,CWE-94,9.3,8.6,1.0,,,0,,,HIGH
CVE-2012-0547,vulnerability,NVD-CWE-noinfo,0.0,10.0,54.0,,,0,,,LOW
CVE-2012-1682,vulnerability,NVD-CWE-noinfo,10.0,10.0,55.0,,,0,,,HIGH
CVE-2012-3136,vulnerability,NVD-CWE-noinfo,10.0,10.0,56.0,,,0,,,HIGH
CVE-2012-4008,application,CWE-94,6.8,8.6,3.0,2362.0,2362.0,0,0.0,0.0,MEDIUM
CVE-2012-4009,class,CWE-94,6.8,8.6,3.0,1463.0,1463.0,0,0.0,0.0,MEDIUM
CVE-2012-3530,blacklist,NVD-CWE-Other,4.3,8.6,1.0,,,0,,,MEDIUM
CVE-2010-5205,untrusted,NVD-CWE-Other,6.9,3.4,1.0,2373.0,2373.0,0,0.0,0.0,MEDIUM
CVE-2010-5207,untrusted,NVD-CWE-Other,6.9,3.4,2.0,2373.0,2373.0,0,0.0,0.0,MEDIUM
CVE-2012-4011,application,CWE-78,9.3,8.6,4.0,2355.0,2355.0,0,0.0,0.0,HIGH
CVE-2012-4012,class,CWE-200,4.3,8.6,2.0,1455.0,1455.0,0,0.0,0.0,MEDIUM
CVE-2012-1579,resource,CWE-200,5.0,10.0,1.0,1810.0,1810.0,1,0.0,0.0,MEDIUM
CVE-2012-4907,before,CWE-264,9.3,8.6,17.0,4107.0,4107.0,0,0.0,0.0,HIGH
CVE-2012-4013,class,CWE-200,4.3,8.6,3.0,1449.0,1449.0,0,0.0,0.0,MEDIUM
CVE-2012-2578,scripting,CWE-79,4.3,8.6,8.0,,,1,,,MEDIUM
CVE-2012-2586,scripting,CWE-79,4.3,8.6,9.0,,,1,,,MEDIUM
CVE-2012-4655,feature,CWE-20,9.3,8.6,3.0,,,0,,,HIGH
CVE-2012-5352,allows,CWE-287,5.8,8.6,1.0,2425.0,2425.0,0,0.0,0.0,MEDIUM
CVE-2012-5353,for,CWE-287,5.8,8.6,1.0,,,0,,,MEDIUM
CVE-2012-3986,before,CWE-20,4.3,8.6,19.0,4080.0,4080.0,0,0.0,0.0,MEDIUM
CVE-2012-3989,before,CWE-119,9.3,8.6,20.0,4080.0,4080.0,0,0.0,0.0,HIGH
CVE-2012-3993,implementation,CWE-269,9.3,8.6,8.0,,,0,,,HIGH
CVE-2012-4184,implementation,CWE-79,4.3,8.6,9.0,,,0,,,MEDIUM
CVE-2012-4193,before,CWE-346,6.8,8.6,21.0,4078.0,4078.0,1,0.0,0.0,MEDIUM
CVE-2012-1531,vulnerability,NVD-CWE-noinfo,10.0,10.0,56.0,,,0,,,HIGH
CVE-2012-1532,vulnerability,NVD-CWE-noinfo,10.0,10.0,57.0,,,0,,,HIGH
CVE-2012-1533,vulnerability,NVD-CWE-noinfo,10.0,10.0,58.0,,,0,,,HIGH
CVE-2012-3143,vulnerability,NVD-CWE-noinfo,10.0,10.0,59.0,,,0,,,HIGH
CVE-2012-3159,vulnerability,NVD-CWE-noinfo,7.5,10.0,60.0,,,0,,,HIGH
CVE-2012-3216,vulnerability,NVD-CWE-noinfo,2.6,4.9,61.0,,,0,,,LOW
CVE-2012-4416,vulnerability,NVD-CWE-noinfo,6.4,10.0,62.0,,,0,,,MEDIUM
CVE-2012-5067,vulnerability,NVD-CWE-noinfo,5.0,10.0,63.0,,,0,,,MEDIUM
CVE-2012-5068,vulnerability,NVD-CWE-noinfo,7.5,10.0,64.0,,,0,,,HIGH
CVE-2012-5069,vulnerability,NVD-CWE-noinfo,5.8,8.6,65.0,,,0,,,MEDIUM
CVE-2012-5070,vulnerability,NVD-CWE-noinfo,5.0,10.0,66.0,,,0,,,MEDIUM
CVE-2012-5071,vulnerability,NVD-CWE-noinfo,6.4,10.0,67.0,,,0,,,MEDIUM
CVE-2012-5072,vulnerability,NVD-CWE-noinfo,5.0,10.0,68.0,,,0,,,MEDIUM
CVE-2012-5073,vulnerability,NVD-CWE-noinfo,5.0,10.0,69.0,,,0,,,MEDIUM
CVE-2012-5074,vulnerability,NVD-CWE-noinfo,6.4,10.0,70.0,,,0,,,MEDIUM
CVE-2012-5075,vulnerability,NVD-CWE-noinfo,5.0,10.0,71.0,,,0,,,MEDIUM
CVE-2012-5076,vulnerability,NVD-CWE-Other,9.8,3.9,72.0,,,0,,,CRITICAL
CVE-2012-5077,vulnerability,NVD-CWE-noinfo,2.6,4.9,73.0,,,0,,,LOW
CVE-2012-5078,vulnerability,NVD-CWE-noinfo,10.0,10.0,74.0,,,0,,,HIGH
CVE-2012-5079,vulnerability,NVD-CWE-noinfo,5.0,10.0,75.0,,,0,,,MEDIUM
CVE-2012-5080,vulnerability,NVD-CWE-noinfo,7.6,4.9,76.0,,,0,,,HIGH
CVE-2012-5081,vulnerability,NVD-CWE-noinfo,5.0,10.0,77.0,,,0,,,MEDIUM
CVE-2012-5082,vulnerability,NVD-CWE-noinfo,5.0,10.0,78.0,,,0,,,MEDIUM
CVE-2012-5083,vulnerability,NVD-CWE-noinfo,10.0,10.0,79.0,,,0,,,HIGH
CVE-2012-5084,vulnerability,NVD-CWE-noinfo,7.6,4.9,80.0,,,0,,,HIGH
CVE-2012-5085,vulnerability,NVD-CWE-Other,0.0,6.8,81.0,,,0,,,LOW
CVE-2012-5086,vulnerability,NVD-CWE-noinfo,10.0,10.0,82.0,,,0,,,HIGH
CVE-2012-5087,vulnerability,NVD-CWE-noinfo,10.0,10.0,83.0,,,0,,,HIGH
CVE-2012-5088,vulnerability,NVD-CWE-noinfo,10.0,10.0,84.0,,,0,,,HIGH
CVE-2012-5089,vulnerability,NVD-CWE-noinfo,7.6,4.9,85.0,,,0,,,HIGH
CVE-2012-3155,vulnerability,NVD-CWE-noinfo,5.0,10.0,86.0,,,0,,,MEDIUM
CVE-2012-4751,scripting,CWE-79,4.3,8.6,10.0,,,1,,,MEDIUM
CVE-2012-5368,before,CWE-79,4.3,8.6,22.0,4065.0,4065.0,0,0.0,0.0,MEDIUM
CVE-2012-4195,function,CWE-79,4.3,8.6,3.0,852.0,852.0,0,0.0,0.0,MEDIUM
CVE-2012-3748,condition,CWE-362,5.1,4.9,1.0,3070.0,3070.0,0,0.0,0.0,MEDIUM
CVE-2012-5783,used,CWE-295,5.8,8.6,4.0,,,0,,,MEDIUM
CVE-2012-5784,and,CWE-20,5.8,8.6,6.0,,,1,,,MEDIUM
CVE-2012-5817,and,CWE-295,7.4,2.2,7.0,,,1,,,HIGH
CVE-2012-5120,before,CWE-119,7.5,10.0,23.0,4052.0,4052.0,0,0.0,0.0,HIGH
CVE-2012-3315,servlets,CWE-287,5.0,10.0,1.0,,,0,,,MEDIUM
CVE-2012-4776,functionality,CWE-20,9.3,8.6,3.0,,,0,,,HIGH
CVE-2012-4199,before,CWE-200,4.3,8.6,22.0,4043.0,4043.0,0,0.0,0.0,MEDIUM
CVE-2012-2733,the,CWE-20,5.0,10.0,2.0,340.0,340.0,0,0.0,0.0,MEDIUM
CVE-2012-4201,implementation,CWE-79,4.3,8.6,9.0,,,1,,,MEDIUM
CVE-2012-4203,page,CWE-264,6.8,8.6,1.0,4386.0,4386.0,0,0.0,0.0,MEDIUM
CVE-2012-4204,function,CWE-119,9.3,8.6,4.0,829.0,829.0,1,0.0,0.0,HIGH
CVE-2012-4210,before,CWE-264,9.3,8.6,22.0,4038.0,4038.0,0,0.0,0.0,HIGH
CVE-2011-5245,function,CWE-200,5.0,10.0,5.0,827.0,827.0,0,0.0,0.0,MEDIUM
CVE-2012-3431,socket,CWE-310,4.3,8.6,1.0,,,0,,,MEDIUM
CVE-2012-2739,before,CWE-310,5.0,10.0,23.0,4031.0,4031.0,1,0.0,0.0,MEDIUM
CVE-2012-5373,and,CWE-310,5.0,10.0,8.0,,,0,,,MEDIUM
CVE-2012-3317,before,CWE-264,6.9,3.4,24.0,4024.0,4024.0,0,0.0,0.0,MEDIUM
CVE-2012-4688,application,CWE-592,7.5,10.0,4.0,2240.0,2240.0,0,0.0,0.0,HIGH
CVE-2012-6464,scripting,CWE-79,4.3,8.6,11.0,,,0,,,MEDIUM
CVE-2012-4549,flaw,CWE-266,6.5,3.9,1.0,,,0,,,MEDIUM
CVE-2012-4550,flaw,CWE-280,5.3,3.9,2.0,,,0,,,MEDIUM
CVE-2013-0422,vulnerabilities,NVD-CWE-Other,9.8,3.9,2.0,3400.0,3400.0,0,0.0,0.0,CRITICAL
CVE-2012-4820,vulnerability,NVD-CWE-noinfo,9.3,8.6,65.0,,,0,,,HIGH
CVE-2012-4821,unspecified,NVD-CWE-noinfo,9.3,8.6,1.0,,,0,,,HIGH
CVE-2012-4822,unspecified,NVD-CWE-noinfo,9.3,8.6,2.0,,,0,,,HIGH
CVE-2012-4823,vulnerability,NVD-CWE-noinfo,9.3,8.6,66.0,,,0,,,HIGH
CVE-2013-0745,class,CWE-94,9.3,8.6,4.0,1328.0,1328.0,0,0.0,0.0,HIGH
CVE-2013-0746,before,NVD-CWE-noinfo,9.3,8.6,27.0,3985.0,3985.0,0,0.0,0.0,HIGH
CVE-2013-0747,function,CWE-20,6.8,8.6,6.0,776.0,776.0,1,0.0,0.0,MEDIUM
CVE-2013-0750,overflow,CWE-190,9.3,8.6,1.0,3217.0,3217.0,0,0.0,0.0,HIGH
CVE-2013-0756,vulnerability,CWE-416,9.3,8.6,67.0,,,0,,,HIGH
CVE-2013-0757,implementation,CWE-20,9.3,8.6,5.0,,,1,,,HIGH
CVE-2013-0758,before,CWE-94,9.3,8.6,28.0,3985.0,3985.0,0,0.0,0.0,HIGH
CVE-2012-3174,vulnerability,CWE-264,10.0,10.0,68.0,,,0,,,HIGH
CVE-2012-5151,overflow,CWE-189,6.8,8.6,2.0,3215.0,3215.0,0,0.0,0.0,MEDIUM
CVE-2012-5153,before,CWE-119,7.5,10.0,29.0,3983.0,3983.0,0,0.0,0.0,HIGH
CVE-2013-0836,before,CWE-399,6.8,8.6,30.0,3983.0,3983.0,0,0.0,0.0,MEDIUM
CVE-2013-0652,does,CWE-264,5.0,10.0,3.0,,,0,,,MEDIUM
CVE-2013-0974,before,NVD-CWE-Other,5.1,4.9,31.0,3970.0,3970.0,0,0.0,0.0,MEDIUM
CVE-2013-0431,vulnerability,NVD-CWE-Other,5.3,3.9,68.0,,,0,,,MEDIUM
CVE-2013-1489,vulnerability,NVD-CWE-noinfo,10.0,10.0,69.0,,,0,,,HIGH
CVE-2013-1490,vulnerability,NVD-CWE-noinfo,4.3,8.6,70.0,,,0,,,MEDIUM
CVE-2012-1541,vulnerability,NVD-CWE-noinfo,10.0,10.0,71.0,,,0,,,HIGH
CVE-2012-1543,vulnerability,NVD-CWE-noinfo,7.6,4.9,72.0,,,0,,,HIGH
CVE-2012-3213,vulnerability,NVD-CWE-noinfo,10.0,10.0,73.0,,,0,,,HIGH
CVE-2012-3342,vulnerability,NVD-CWE-noinfo,10.0,10.0,74.0,,,0,,,HIGH
CVE-2012-4301,vulnerability,NVD-CWE-noinfo,10.0,10.0,75.0,,,0,,,HIGH
CVE-2012-4305,vulnerability,NVD-CWE-noinfo,9.3,8.6,76.0,,,0,,,HIGH
CVE-2013-0351,vulnerability,NVD-CWE-noinfo,7.5,10.0,77.0,,,0,,,HIGH
CVE-2013-0409,vulnerability,NVD-CWE-noinfo,5.0,10.0,78.0,,,0,,,MEDIUM
CVE-2013-0419,vulnerability,NVD-CWE-noinfo,7.6,4.9,79.0,,,0,,,HIGH
CVE-2013-0423,vulnerability,NVD-CWE-noinfo,7.6,4.9,80.0,,,0,,,HIGH
CVE-2013-0424,vulnerability,NVD-CWE-noinfo,5.0,10.0,81.0,,,0,,,MEDIUM
CVE-2013-0425,vulnerability,NVD-CWE-noinfo,10.0,10.0,82.0,,,0,,,HIGH
CVE-2013-0426,vulnerability,NVD-CWE-noinfo,10.0,10.0,83.0,,,0,,,HIGH
CVE-2013-0427,vulnerability,NVD-CWE-noinfo,5.0,10.0,84.0,,,0,,,MEDIUM
CVE-2013-0428,vulnerability,NVD-CWE-noinfo,10.0,10.0,85.0,,,0,,,HIGH
CVE-2013-0429,vulnerability,NVD-CWE-noinfo,7.6,4.9,86.0,,,0,,,HIGH
CVE-2013-0430,vulnerability,NVD-CWE-noinfo,6.9,3.4,87.0,,,0,,,MEDIUM
CVE-2013-0432,vulnerability,NVD-CWE-noinfo,6.4,10.0,88.0,,,0,,,MEDIUM
CVE-2013-0433,vulnerability,NVD-CWE-noinfo,5.0,10.0,89.0,,,0,,,MEDIUM
CVE-2013-0434,vulnerability,NVD-CWE-noinfo,5.0,10.0,90.0,,,0,,,MEDIUM
CVE-2013-0435,vulnerability,NVD-CWE-noinfo,5.0,10.0,91.0,,,0,,,MEDIUM
CVE-2013-0436,vulnerability,NVD-CWE-noinfo,10.0,10.0,92.0,,,0,,,HIGH
CVE-2013-0437,vulnerability,NVD-CWE-noinfo,10.0,10.0,93.0,,,0,,,HIGH
CVE-2013-0438,vulnerability,NVD-CWE-noinfo,4.3,8.6,94.0,,,0,,,MEDIUM
CVE-2013-0439,vulnerability,NVD-CWE-noinfo,10.0,10.0,95.0,,,0,,,HIGH
CVE-2013-0440,vulnerability,NVD-CWE-noinfo,5.0,10.0,96.0,,,0,,,MEDIUM
CVE-2013-0441,vulnerability,NVD-CWE-noinfo,10.0,10.0,97.0,,,0,,,HIGH
CVE-2013-0442,vulnerability,NVD-CWE-noinfo,10.0,10.0,98.0,,,0,,,HIGH
CVE-2013-0443,vulnerability,NVD-CWE-noinfo,4.0,4.9,99.0,,,0,,,MEDIUM
CVE-2013-0444,vulnerability,NVD-CWE-noinfo,7.6,4.9,100.0,,,0,,,HIGH
CVE-2013-0445,vulnerability,NVD-CWE-noinfo,10.0,10.0,101.0,,,0,,,HIGH
CVE-2013-0446,vulnerability,NVD-CWE-noinfo,10.0,10.0,102.0,,,0,,,HIGH
CVE-2013-0447,vulnerability,NVD-CWE-noinfo,10.0,10.0,103.0,,,0,,,HIGH
CVE-2013-0448,vulnerability,NVD-CWE-noinfo,5.0,10.0,104.0,,,0,,,MEDIUM
CVE-2013-0449,vulnerability,NVD-CWE-noinfo,5.0,10.0,105.0,,,0,,,MEDIUM
CVE-2013-0450,vulnerability,NVD-CWE-noinfo,10.0,10.0,106.0,,,0,,,HIGH
CVE-2013-1472,vulnerability,NVD-CWE-noinfo,10.0,10.0,107.0,,,0,,,HIGH
CVE-2013-1473,vulnerability,NVD-CWE-noinfo,5.0,10.0,108.0,,,0,,,MEDIUM
CVE-2013-1474,vulnerability,NVD-CWE-noinfo,9.3,8.6,109.0,,,0,,,HIGH
CVE-2013-1475,vulnerability,NVD-CWE-noinfo,10.0,10.0,110.0,,,0,,,HIGH
CVE-2013-1476,vulnerability,NVD-CWE-noinfo,10.0,10.0,111.0,,,0,,,HIGH
CVE-2013-1477,vulnerability,NVD-CWE-noinfo,10.0,10.0,112.0,,,0,,,HIGH
CVE-2013-1478,vulnerability,NVD-CWE-noinfo,10.0,10.0,113.0,,,0,,,HIGH
CVE-2013-1479,vulnerability,NVD-CWE-noinfo,10.0,10.0,114.0,,,0,,,HIGH
CVE-2013-1480,vulnerability,NVD-CWE-noinfo,10.0,10.0,115.0,,,0,,,HIGH
CVE-2013-1481,vulnerability,NVD-CWE-noinfo,10.0,10.0,116.0,,,0,,,HIGH
CVE-2013-1482,vulnerability,NVD-CWE-noinfo,10.0,10.0,117.0,,,0,,,HIGH
CVE-2013-1483,vulnerability,NVD-CWE-noinfo,10.0,10.0,118.0,,,0,,,HIGH
CVE-2013-1624,implementation,CWE-310,4.0,4.9,6.0,,,0,,,MEDIUM
CVE-2013-0773,and,NVD-CWE-Other,9.3,8.6,6.0,,,0,,,HIGH
CVE-2013-0774,before,NVD-CWE-noinfo,4.3,8.6,32.0,3948.0,3948.0,1,0.0,0.0,MEDIUM
CVE-2013-1484,vulnerability,NVD-CWE-noinfo,10.0,10.0,107.0,,,0,,,HIGH
CVE-2013-1485,vulnerability,NVD-CWE-noinfo,5.0,10.0,108.0,,,0,,,MEDIUM
CVE-2013-1486,vulnerability,NVD-CWE-noinfo,10.0,10.0,109.0,,,0,,,HIGH
CVE-2013-1487,vulnerability,NVD-CWE-noinfo,10.0,10.0,110.0,,,0,,,HIGH
CVE-2012-4858,before,CWE-20,9.3,8.6,33.0,3935.0,3935.0,0,0.0,0.0,HIGH
CVE-2013-0809,vulnerability,NVD-CWE-noinfo,10.0,10.0,111.0,,,0,,,HIGH
CVE-2013-1493,color,CWE-119,10.0,10.0,1.0,1122.0,1122.0,0,0.0,0.0,HIGH
CVE-2013-0401,component,CWE-94,10.0,10.0,1.0,148.0,148.0,0,0.0,0.0,HIGH
CVE-2013-0402,buffer,CWE-119,10.0,10.0,2.0,2803.0,2803.0,0,0.0,0.0,HIGH
CVE-2013-1488,component,CWE-94,10.0,10.0,2.0,148.0,148.0,0,0.0,0.0,HIGH
CVE-2013-1491,component,CWE-94,10.0,10.0,3.0,148.0,148.0,0,0.0,0.0,HIGH
CVE-2013-0248,default,CWE-264,3.3,3.4,1.0,,,0,,,LOW
CVE-2013-0967,before,NVD-CWE-noinfo,4.3,8.6,33.0,3924.0,3924.0,0,0.0,0.0,MEDIUM
CVE-2013-2632,before,NVD-CWE-Other,6.8,8.6,34.0,3918.0,3918.0,1,0.0,0.0,MEDIUM
CVE-2013-0487,allows,CWE-287,8.5,6.8,2.0,2257.0,2257.0,0,0.0,0.0,HIGH
CVE-2013-0935,before,CWE-287,9.3,8.6,35.0,3911.0,3911.0,0,0.0,0.0,HIGH
CVE-2013-0795,implementation,CWE-264,10.0,10.0,7.0,,,0,,,HIGH
CVE-2013-2441,vulnerability,NVD-CWE-noinfo,4.0,8.0,112.0,,,0,,,MEDIUM
CVE-2013-1518,vulnerability,NVD-CWE-noinfo,10.0,10.0,113.0,,,0,,,HIGH
CVE-2013-1537,vulnerability,NVD-CWE-noinfo,10.0,10.0,114.0,,,0,,,HIGH
CVE-2013-1540,vulnerability,NVD-CWE-noinfo,4.3,8.6,115.0,,,0,,,MEDIUM
CVE-2013-1557,vulnerability,NVD-CWE-noinfo,10.0,10.0,116.0,,,0,,,HIGH
CVE-2013-1558,vulnerability,NVD-CWE-noinfo,10.0,10.0,117.0,,,0,,,HIGH
CVE-2013-1561,vulnerability,NVD-CWE-noinfo,5.0,10.0,118.0,,,0,,,MEDIUM
CVE-2013-1563,vulnerability,NVD-CWE-noinfo,7.6,4.9,119.0,,,0,,,HIGH
CVE-2013-1564,vulnerability,NVD-CWE-noinfo,5.0,10.0,120.0,,,0,,,MEDIUM
CVE-2013-1569,vulnerability,NVD-CWE-noinfo,10.0,10.0,121.0,,,0,,,HIGH
CVE-2013-2383,vulnerability,NVD-CWE-noinfo,10.0,10.0,122.0,,,0,,,HIGH
CVE-2013-2384,vulnerability,NVD-CWE-noinfo,10.0,10.0,123.0,,,0,,,HIGH
CVE-2013-2394,vulnerability,NVD-CWE-noinfo,7.6,4.9,124.0,,,0,,,HIGH
CVE-2013-2414,vulnerability,NVD-CWE-noinfo,10.0,10.0,125.0,,,0,,,HIGH
CVE-2013-2415,vulnerability,NVD-CWE-noinfo,2.1,3.9,126.0,,,0,,,LOW
CVE-2013-2416,vulnerability,NVD-CWE-noinfo,4.3,8.6,127.0,,,0,,,MEDIUM
CVE-2013-2417,vulnerability,NVD-CWE-noinfo,5.0,10.0,128.0,,,0,,,MEDIUM
CVE-2013-2418,vulnerability,NVD-CWE-noinfo,4.6,3.9,129.0,,,0,,,MEDIUM
CVE-2013-2419,vulnerability,NVD-CWE-noinfo,5.0,10.0,130.0,,,0,,,MEDIUM
CVE-2013-2420,vulnerability,NVD-CWE-noinfo,10.0,10.0,131.0,,,0,,,HIGH
CVE-2013-2421,vulnerability,NVD-CWE-noinfo,9.3,8.6,132.0,,,0,,,HIGH
CVE-2013-2422,vulnerability,NVD-CWE-noinfo,10.0,10.0,133.0,,,0,,,HIGH
CVE-2013-2423,vulnerability,NVD-CWE-noinfo,3.7,2.2,134.0,,,0,,,LOW
CVE-2013-2424,vulnerability,NVD-CWE-noinfo,5.0,10.0,135.0,,,0,,,MEDIUM
CVE-2013-2425,vulnerability,NVD-CWE-noinfo,10.0,10.0,136.0,,,0,,,HIGH
CVE-2013-2426,vulnerability,NVD-CWE-noinfo,9.3,8.6,137.0,,,0,,,HIGH
CVE-2013-2427,vulnerability,NVD-CWE-noinfo,10.0,10.0,138.0,,,0,,,HIGH
CVE-2013-2428,vulnerability,NVD-CWE-noinfo,10.0,10.0,139.0,,,0,,,HIGH
CVE-2013-2429,vulnerability,NVD-CWE-noinfo,7.6,4.9,140.0,,,0,,,HIGH
CVE-2013-2430,vulnerability,NVD-CWE-noinfo,7.6,4.9,141.0,,,0,,,HIGH
CVE-2013-2431,vulnerability,NVD-CWE-noinfo,10.0,10.0,142.0,,,0,,,HIGH
CVE-2013-2432,vulnerability,NVD-CWE-noinfo,10.0,10.0,143.0,,,0,,,HIGH
CVE-2013-2433,vulnerability,NVD-CWE-noinfo,4.3,8.6,144.0,,,0,,,MEDIUM
CVE-2013-2434,vulnerability,NVD-CWE-noinfo,10.0,10.0,145.0,,,0,,,HIGH
CVE-2013-2435,vulnerability,NVD-CWE-noinfo,10.0,10.0,146.0,,,0,,,HIGH
CVE-2013-2436,vulnerability,NVD-CWE-noinfo,9.3,8.6,147.0,,,0,,,HIGH
CVE-2013-2438,vulnerability,NVD-CWE-noinfo,5.0,10.0,148.0,,,0,,,MEDIUM
CVE-2013-2439,vulnerability,NVD-CWE-noinfo,6.9,3.4,149.0,,,0,,,MEDIUM
CVE-2013-2440,vulnerability,NVD-CWE-noinfo,10.0,10.0,150.0,,,0,,,HIGH
CVE-2013-1927,plugin,NVD-CWE-noinfo,6.8,8.6,2.0,,,0,,,MEDIUM
CVE-2013-0127,before,CWE-264,5.8,8.6,36.0,3877.0,3877.0,0,0.0,0.0,MEDIUM
CVE-2013-1157,scripting,CWE-79,4.3,8.6,9.0,,,0,,,MEDIUM
CVE-2009-5135,parser,CWE-20,5.0,10.0,1.0,,,1,,,MEDIUM
CVE-2013-0520,and,CWE-20,4.0,8.0,6.0,,,0,,,MEDIUM
CVE-2013-1244,scripting,CWE-79,3.5,6.8,10.0,,,0,,,LOW
CVE-2013-2737,and,CWE-200,5.0,10.0,7.0,,,0,,,MEDIUM
CVE-2013-2067,the,CWE-287,6.8,8.6,3.0,144.0,144.0,0,0.0,0.0,MEDIUM
CVE-2013-2071,before,CWE-200,2.6,4.9,36.0,3846.0,3846.0,1,0.0,0.0,LOW
CVE-2012-6565,scripting,CWE-79,3.5,6.8,11.0,,,0,,,LOW
CVE-2013-3646,application,CWE-17,6.8,8.6,5.0,2071.0,2071.0,0,0.0,0.0,MEDIUM
CVE-2013-3647,class,CWE-200,6.8,8.6,5.0,1172.0,1172.0,0,0.0,0.0,MEDIUM
CVE-2013-1500,vulnerability,NVD-CWE-noinfo,3.6,3.9,135.0,,,0,,,LOW
CVE-2013-1571,vulnerability,NVD-CWE-noinfo,4.3,8.6,136.0,,,1,,,MEDIUM
CVE-2013-2400,vulnerability,NVD-CWE-noinfo,5.0,10.0,137.0,,,0,,,MEDIUM
CVE-2013-2407,vulnerability,NVD-CWE-noinfo,6.4,10.0,138.0,,,0,,,MEDIUM
CVE-2013-2412,vulnerability,NVD-CWE-noinfo,5.0,10.0,139.0,,,0,,,MEDIUM
CVE-2013-2437,vulnerability,NVD-CWE-noinfo,5.0,10.0,140.0,,,0,,,MEDIUM
CVE-2013-2442,vulnerability,NVD-CWE-noinfo,7.5,10.0,141.0,,,0,,,HIGH
CVE-2013-2443,vulnerability,NVD-CWE-noinfo,5.0,10.0,142.0,,,0,,,MEDIUM
CVE-2013-2444,vulnerability,NVD-CWE-noinfo,5.0,10.0,143.0,,,0,,,MEDIUM
CVE-2013-2445,vulnerability,NVD-CWE-noinfo,7.8,10.0,144.0,,,0,,,HIGH
CVE-2013-2446,vulnerability,NVD-CWE-noinfo,5.0,10.0,145.0,,,0,,,MEDIUM
CVE-2013-2447,vulnerability,NVD-CWE-noinfo,5.0,10.0,146.0,,,0,,,MEDIUM
CVE-2013-2448,vulnerability,NVD-CWE-noinfo,7.6,4.9,147.0,,,0,,,HIGH
CVE-2013-2449,vulnerability,NVD-CWE-noinfo,4.3,8.6,148.0,,,0,,,MEDIUM
CVE-2013-2450,vulnerability,NVD-CWE-noinfo,5.0,10.0,149.0,,,0,,,MEDIUM
CVE-2013-2451,vulnerability,NVD-CWE-noinfo,3.7,1.9,150.0,,,0,,,LOW
CVE-2013-2452,vulnerability,NVD-CWE-noinfo,5.0,10.0,151.0,,,0,,,MEDIUM
CVE-2013-2453,vulnerability,NVD-CWE-noinfo,5.0,10.0,152.0,,,0,,,MEDIUM
CVE-2013-2454,vulnerability,NVD-CWE-noinfo,5.8,8.6,153.0,,,0,,,MEDIUM
CVE-2013-2455,vulnerability,NVD-CWE-noinfo,5.0,10.0,154.0,,,0,,,MEDIUM
CVE-2013-2456,vulnerability,NVD-CWE-noinfo,5.0,10.0,155.0,,,0,,,MEDIUM
CVE-2013-2457,vulnerability,NVD-CWE-noinfo,5.0,10.0,156.0,,,0,,,MEDIUM
CVE-2013-2458,vulnerability,NVD-CWE-noinfo,5.8,8.6,157.0,,,0,,,MEDIUM
CVE-2013-2459,vulnerability,NVD-CWE-noinfo,10.0,10.0,158.0,,,0,,,HIGH
CVE-2013-2460,vulnerability,NVD-CWE-noinfo,9.3,8.6,159.0,,,0,,,HIGH
CVE-2013-2461,vulnerability,NVD-CWE-noinfo,7.5,10.0,160.0,,,0,,,HIGH
CVE-2013-2462,vulnerability,NVD-CWE-noinfo,9.3,8.6,161.0,,,0,,,HIGH
CVE-2013-2463,vulnerability,NVD-CWE-noinfo,10.0,10.0,162.0,,,0,,,HIGH
CVE-2013-2464,vulnerability,NVD-CWE-noinfo,10.0,10.0,163.0,,,0,,,HIGH
CVE-2013-2465,vulnerability,NVD-CWE-noinfo,9.8,3.9,164.0,,,1,,,CRITICAL
CVE-2013-2466,vulnerability,NVD-CWE-noinfo,10.0,10.0,165.0,,,0,,,HIGH
CVE-2013-2467,vulnerability,NVD-CWE-noinfo,6.9,3.4,166.0,,,0,,,MEDIUM
CVE-2013-2468,vulnerability,NVD-CWE-noinfo,10.0,10.0,167.0,,,0,,,HIGH
CVE-2013-2469,vulnerability,NVD-CWE-noinfo,10.0,10.0,168.0,,,0,,,HIGH
CVE-2013-2470,vulnerability,NVD-CWE-noinfo,10.0,10.0,169.0,,,0,,,HIGH
CVE-2013-2471,vulnerability,NVD-CWE-noinfo,10.0,10.0,170.0,,,0,,,HIGH
CVE-2013-2472,vulnerability,NVD-CWE-noinfo,10.0,10.0,171.0,,,0,,,HIGH
CVE-2013-2473,vulnerability,NVD-CWE-noinfo,10.0,10.0,172.0,,,0,,,HIGH
CVE-2013-3743,vulnerability,NVD-CWE-noinfo,9.3,8.6,173.0,,,0,,,HIGH
CVE-2013-3744,vulnerability,NVD-CWE-noinfo,5.0,10.0,174.0,,,0,,,MEDIUM
CVE-2013-1687,and,CWE-264,9.3,8.6,8.0,,,0,,,HIGH
CVE-2013-1688,implementation,CWE-94,9.3,8.6,7.0,,,0,,,HIGH
CVE-2013-1697,implementation,CWE-264,9.3,8.6,8.0,,,0,,,HIGH
CVE-2013-3299,and,CWE-20,4.3,8.6,9.0,,,0,,,MEDIUM
CVE-2013-1613,injection,CWE-89,4.7,4.1,2.0,,,0,,,MEDIUM
CVE-2013-1614,scripting,CWE-79,4.3,8.6,12.0,,,0,,,MEDIUM
CVE-2013-1615,management,CWE-200,2.9,5.5,1.0,,,0,,,LOW
CVE-2013-3274,and,CWE-264,9.0,8.0,10.0,,,0,,,HIGH
CVE-2013-3006,vulnerability,NVD-CWE-noinfo,9.3,8.6,174.0,,,0,,,HIGH
CVE-2013-3007,vulnerability,NVD-CWE-noinfo,9.3,8.6,175.0,,,0,,,HIGH
CVE-2013-3008,vulnerability,NVD-CWE-noinfo,9.3,8.6,176.0,,,0,,,HIGH
CVE-2013-3009,class,NVD-CWE-noinfo,9.3,8.6,6.0,1137.0,1137.0,0,0.0,0.0,HIGH
CVE-2013-3010,vulnerability,NVD-CWE-noinfo,9.3,8.6,177.0,,,0,,,HIGH
CVE-2013-3011,vulnerability,NVD-CWE-noinfo,9.3,8.6,178.0,,,0,,,HIGH
CVE-2013-3012,vulnerability,NVD-CWE-noinfo,9.3,8.6,179.0,,,0,,,HIGH
CVE-2013-4002,before,NVD-CWE-noinfo,7.1,8.6,33.0,3794.0,3794.0,0,0.0,0.0,HIGH
CVE-2013-4997,scripting,CWE-79,4.3,8.6,10.0,,,0,,,MEDIUM
CVE-2013-2885,vulnerability,CWE-399,7.5,10.0,180.0,,,0,,,HIGH
CVE-2013-1710,function,CWE-20,10.0,10.0,6.0,571.0,571.0,0,0.0,0.0,HIGH
CVE-2013-1717,before,CWE-264,5.4,4.9,34.0,3780.0,3780.0,0,0.0,0.0,MEDIUM
CVE-2013-0150,traversal,CWE-22,9.3,8.6,1.0,,,0,,,HIGH
CVE-2013-2172,for,CWE-310,4.3,8.6,2.0,,,0,,,MEDIUM
CVE-2013-5570,scripting,CWE-79,4.3,8.6,11.0,,,0,,,MEDIUM
CVE-2013-2035,condition,CWE-94,4.4,3.4,3.0,2772.0,2772.0,1,0.0,0.0,MEDIUM
CVE-2013-1646,scripting,CWE-79,4.3,8.6,11.0,,,0,,,MEDIUM
CVE-2013-2583,scripting,CWE-79,4.3,8.6,12.0,,,0,,,MEDIUM
CVE-2013-3609,web,CWE-20,10.0,10.0,1.0,,,1,,,HIGH
CVE-2013-1725,before,CWE-119,6.8,8.6,32.0,3737.0,3737.0,0,0.0,0.0,MEDIUM
CVE-2013-1728,engine,CWE-119,4.3,8.6,1.0,,,0,,,MEDIUM
CVE-2013-3893,vulnerability,CWE-416,8.8,2.8,178.0,,,1,,,HIGH
CVE-2013-4820,vulnerability,NVD-CWE-noinfo,2.1,3.9,179.0,,,0,,,LOW
CVE-2013-5679,feature,CWE-310,2.6,1.9,1.0,,,1,,,LOW
CVE-2013-5960,feature,CWE-310,5.8,8.6,2.0,,,1,,,MEDIUM
CVE-2013-4378,scripting,CWE-79,4.3,8.6,11.0,,,1,,,MEDIUM
CVE-2013-2922,vulnerability,CWE-399,6.8,8.6,180.0,,,0,,,MEDIUM
CVE-2013-6044,function,CWE-79,4.3,8.6,8.0,512.0,512.0,0,0.0,0.0,MEDIUM
CVE-2013-3897,vulnerability,CWE-416,8.8,2.8,181.0,,,0,,,HIGH
CVE-2013-5325,and,CWE-94,9.3,8.6,11.0,,,0,,,HIGH
CVE-2013-4221,default,CWE-16,7.5,10.0,3.0,,,0,,,HIGH
CVE-2013-4271,default,CWE-502,7.5,10.0,4.0,,,0,,,HIGH
CVE-2013-5512,condition,CWE-362,7.1,8.6,4.0,2726.0,2726.0,0,0.0,0.0,HIGH
CVE-2013-3827,vulnerability,NVD-CWE-noinfo,5.0,10.0,182.0,,,0,,,MEDIUM
CVE-2013-3829,vulnerability,NVD-CWE-noinfo,6.4,10.0,183.0,,,0,,,MEDIUM
CVE-2013-5772,vulnerability,NVD-CWE-noinfo,2.6,4.9,184.0,,,0,,,LOW
CVE-2013-5774,vulnerability,NVD-CWE-noinfo,5.0,10.0,185.0,,,0,,,MEDIUM
CVE-2013-5775,vulnerability,NVD-CWE-noinfo,7.5,10.0,186.0,,,0,,,HIGH
CVE-2013-5776,vulnerability,NVD-CWE-noinfo,5.0,10.0,187.0,,,0,,,MEDIUM
CVE-2013-5777,vulnerability,NVD-CWE-noinfo,9.3,8.6,188.0,,,0,,,HIGH
CVE-2013-5778,vulnerability,NVD-CWE-noinfo,5.0,10.0,189.0,,,0,,,MEDIUM
CVE-2013-5780,vulnerability,NVD-CWE-noinfo,4.3,8.6,190.0,,,0,,,MEDIUM
CVE-2013-5782,vulnerability,NVD-CWE-noinfo,10.0,10.0,191.0,,,0,,,HIGH
CVE-2013-5783,vulnerability,NVD-CWE-noinfo,6.4,10.0,192.0,,,0,,,MEDIUM
CVE-2013-5784,vulnerability,NVD-CWE-noinfo,4.3,8.6,193.0,,,0,,,MEDIUM
CVE-2013-5787,vulnerability,NVD-CWE-noinfo,10.0,10.0,194.0,,,0,,,HIGH
CVE-2013-5788,vulnerability,NVD-CWE-noinfo,10.0,10.0,195.0,,,0,,,HIGH
CVE-2013-5789,vulnerability,NVD-CWE-noinfo,10.0,10.0,196.0,,,0,,,HIGH
CVE-2013-5790,vulnerability,NVD-CWE-noinfo,4.3,8.6,197.0,,,0,,,MEDIUM
CVE-2013-5797,vulnerability,NVD-CWE-noinfo,3.5,6.8,198.0,,,0,,,LOW
CVE-2013-5800,vulnerability,NVD-CWE-noinfo,4.3,8.6,199.0,,,0,,,MEDIUM
CVE-2013-5801,vulnerability,NVD-CWE-noinfo,5.0,10.0,200.0,,,0,,,MEDIUM
CVE-2013-5802,vulnerability,NVD-CWE-noinfo,7.5,10.0,201.0,,,0,,,HIGH
CVE-2013-5803,vulnerability,NVD-CWE-noinfo,2.6,4.9,202.0,,,0,,,LOW
CVE-2013-5804,vulnerability,NVD-CWE-noinfo,6.4,10.0,203.0,,,0,,,MEDIUM
CVE-2013-5805,vulnerability,NVD-CWE-noinfo,9.3,8.6,204.0,,,0,,,HIGH
CVE-2013-5806,vulnerability,NVD-CWE-noinfo,9.3,8.6,205.0,,,0,,,HIGH
CVE-2013-5809,vulnerability,NVD-CWE-noinfo,10.0,10.0,206.0,,,0,,,HIGH
CVE-2013-5810,vulnerability,NVD-CWE-noinfo,9.3,8.6,207.0,,,0,,,HIGH
CVE-2013-5812,vulnerability,NVD-CWE-noinfo,6.4,10.0,208.0,,,0,,,MEDIUM
CVE-2013-5814,vulnerability,NVD-CWE-noinfo,10.0,10.0,209.0,,,0,,,HIGH
CVE-2013-5817,vulnerability,NVD-CWE-noinfo,10.0,10.0,210.0,,,0,,,HIGH
CVE-2013-5818,vulnerability,NVD-CWE-noinfo,5.0,10.0,211.0,,,0,,,MEDIUM
CVE-2013-5819,vulnerability,NVD-CWE-noinfo,5.0,10.0,212.0,,,0,,,MEDIUM
CVE-2013-5820,vulnerability,NVD-CWE-noinfo,5.0,10.0,213.0,,,0,,,MEDIUM
CVE-2013-5823,vulnerability,NVD-CWE-noinfo,5.0,10.0,214.0,,,0,,,MEDIUM
CVE-2013-5824,vulnerability,NVD-CWE-noinfo,10.0,10.0,215.0,,,0,,,HIGH
CVE-2013-5825,vulnerability,NVD-CWE-noinfo,5.0,10.0,216.0,,,0,,,MEDIUM
CVE-2013-5829,vulnerability,NVD-CWE-noinfo,10.0,10.0,217.0,,,0,,,HIGH
CVE-2013-5830,vulnerability,NVD-CWE-noinfo,10.0,10.0,218.0,,,0,,,HIGH
CVE-2013-5831,vulnerability,NVD-CWE-noinfo,5.0,10.0,219.0,,,0,,,MEDIUM
CVE-2013-5832,vulnerability,NVD-CWE-noinfo,9.3,8.6,220.0,,,0,,,HIGH
CVE-2013-5838,vulnerability,NVD-CWE-noinfo,9.3,8.6,221.0,,,0,,,HIGH
CVE-2013-5839,vulnerability,NVD-CWE-noinfo,4.3,8.6,222.0,,,0,,,MEDIUM
CVE-2013-5840,vulnerability,NVD-CWE-noinfo,5.0,10.0,223.0,,,0,,,MEDIUM
CVE-2013-5842,vulnerability,NVD-CWE-noinfo,10.0,10.0,224.0,,,0,,,HIGH
CVE-2013-5843,vulnerability,NVD-CWE-noinfo,10.0,10.0,225.0,,,0,,,HIGH
CVE-2013-5844,vulnerability,NVD-CWE-noinfo,9.3,8.6,226.0,,,0,,,HIGH
CVE-2013-5846,vulnerability,NVD-CWE-noinfo,9.3,8.6,227.0,,,0,,,HIGH
CVE-2013-5848,vulnerability,NVD-CWE-noinfo,5.0,10.0,228.0,,,0,,,MEDIUM
CVE-2013-5849,vulnerability,NVD-CWE-noinfo,4.3,8.6,229.0,,,0,,,MEDIUM
CVE-2013-5850,vulnerability,NVD-CWE-noinfo,9.3,8.6,230.0,,,0,,,HIGH
CVE-2013-5851,vulnerability,NVD-CWE-noinfo,5.0,10.0,231.0,,,0,,,MEDIUM
CVE-2013-5852,vulnerability,NVD-CWE-noinfo,7.6,4.9,232.0,,,0,,,HIGH
CVE-2013-5854,vulnerability,NVD-CWE-noinfo,2.6,4.9,233.0,,,0,,,LOW
CVE-2013-5703,router,CWE-78,6.8,8.6,1.0,0.0,0.0,0,0.0,0.0,MEDIUM
CVE-2013-5595,engine,CWE-119,4.3,8.6,2.0,,,0,,,MEDIUM
CVE-2013-5598,before,CWE-264,8.3,8.6,26.0,3695.0,3695.0,0,0.0,0.0,HIGH
CVE-2013-5564,process,CWE-119,5.0,10.0,1.0,,,0,,,MEDIUM
CVE-2013-6626,function,NVD-CWE-noinfo,4.3,8.6,8.0,472.0,472.0,0,0.0,0.0,MEDIUM
CVE-2013-6797,request,CWE-352,6.8,8.6,1.0,,,1,,,MEDIUM
CVE-2013-6816,scripting,CWE-79,4.3,8.6,11.0,,,0,,,MEDIUM
CVE-2013-4041,vulnerability,NVD-CWE-noinfo,6.8,8.6,203.0,,,0,,,MEDIUM
CVE-2013-5375,vulnerability,NVD-CWE-noinfo,6.8,8.6,204.0,,,0,,,MEDIUM
CVE-2013-5456,class,NVD-CWE-noinfo,9.3,8.6,4.0,1013.0,1013.0,0,0.0,0.0,HIGH
CVE-2013-5457,vulnerability,NVD-CWE-noinfo,9.3,8.6,205.0,,,0,,,HIGH
CVE-2013-5458,vulnerability,NVD-CWE-noinfo,9.3,8.6,206.0,,,0,,,HIGH
CVE-2013-6635,vulnerability,CWE-399,6.8,8.6,207.0,,,0,,,MEDIUM
CVE-2013-6639,function,CWE-119,7.5,10.0,7.0,449.0,449.0,0,0.0,0.0,HIGH
CVE-2013-6640,function,CWE-119,7.5,10.0,8.0,449.0,449.0,0,0.0,0.0,HIGH
CVE-2013-5615,implementation,NVD-CWE-noinfo,9.8,3.9,6.0,,,1,,,CRITICAL
CVE-2013-5619,integer,CWE-190,7.5,10.0,1.0,0.0,0.0,0,0.0,0.0,HIGH
CVE-2013-6671,function,CWE-94,9.8,3.9,9.0,444.0,444.0,1,0.0,0.0,CRITICAL
CVE-2013-6735,through,CWE-264,5.0,10.0,2.0,,,1,,,MEDIUM
CVE-2013-4517,for,CWE-399,4.3,8.6,2.0,,,0,,,MEDIUM
CVE-2013-5893,vulnerability,NVD-CWE-noinfo,9.3,8.6,204.0,,,0,,,HIGH
CVE-2013-5895,vulnerability,NVD-CWE-noinfo,5.0,10.0,205.0,,,0,,,MEDIUM
CVE-2013-5896,vulnerability,NVD-CWE-noinfo,5.0,10.0,206.0,,,0,,,MEDIUM
CVE-2013-5898,vulnerability,NVD-CWE-noinfo,4.0,4.9,207.0,,,0,,,MEDIUM
CVE-2013-5899,vulnerability,NVD-CWE-noinfo,5.0,10.0,208.0,,,0,,,MEDIUM
CVE-2013-5902,vulnerability,NVD-CWE-noinfo,5.1,4.9,209.0,,,0,,,MEDIUM
CVE-2013-5904,vulnerability,NVD-CWE-noinfo,6.8,8.6,210.0,,,0,,,MEDIUM
CVE-2013-5905,vulnerability,NVD-CWE-noinfo,5.1,4.9,211.0,,,0,,,MEDIUM
CVE-2013-5906,vulnerability,NVD-CWE-noinfo,5.1,4.9,212.0,,,0,,,MEDIUM
CVE-2013-5907,vulnerability,NVD-CWE-noinfo,10.0,10.0,213.0,,,0,,,HIGH
CVE-2013-5910,vulnerability,NVD-CWE-noinfo,5.0,10.0,214.0,,,0,,,MEDIUM
CVE-2014-0368,vulnerability,NVD-CWE-noinfo,5.0,10.0,215.0,,,0,,,MEDIUM
CVE-2014-0369,vulnerability,NVD-CWE-noinfo,5.0,10.0,216.0,,,0,,,MEDIUM
CVE-2014-0373,vulnerability,NVD-CWE-noinfo,7.5,10.0,217.0,,,0,,,HIGH
CVE-2014-0375,vulnerability,NVD-CWE-noinfo,5.8,8.6,218.0,,,0,,,MEDIUM
CVE-2014-0376,vulnerability,NVD-CWE-noinfo,5.0,10.0,219.0,,,0,,,MEDIUM
CVE-2014-0382,vulnerability,NVD-CWE-noinfo,4.3,8.6,220.0,,,0,,,MEDIUM
CVE-2014-0385,vulnerability,NVD-CWE-noinfo,9.3,8.6,221.0,,,0,,,HIGH
CVE-2014-0387,vulnerability,NVD-CWE-noinfo,7.6,4.9,222.0,,,0,,,HIGH
CVE-2014-0390,vulnerability,NVD-CWE-noinfo,4.3,8.6,223.0,,,0,,,MEDIUM
CVE-2014-0403,vulnerability,NVD-CWE-noinfo,5.8,8.6,224.0,,,0,,,MEDIUM
CVE-2014-0408,vulnerability,NVD-CWE-noinfo,9.3,8.6,225.0,,,0,,,HIGH
CVE-2014-0410,vulnerability,NVD-CWE-noinfo,10.0,10.0,226.0,,,0,,,HIGH
CVE-2014-0411,vulnerability,NVD-CWE-noinfo,4.0,4.9,227.0,,,0,,,MEDIUM
CVE-2014-0415,vulnerability,NVD-CWE-noinfo,10.0,10.0,228.0,,,0,,,HIGH
CVE-2014-0416,vulnerability,NVD-CWE-noinfo,5.0,10.0,229.0,,,0,,,MEDIUM
CVE-2014-0417,vulnerability,NVD-CWE-noinfo,9.3,8.6,230.0,,,0,,,HIGH
CVE-2014-0418,vulnerability,NVD-CWE-noinfo,5.1,4.9,231.0,,,0,,,MEDIUM
CVE-2014-0422,vulnerability,NVD-CWE-noinfo,10.0,10.0,232.0,,,0,,,HIGH
CVE-2014-0423,vulnerability,NVD-CWE-noinfo,5.5,8.0,233.0,,,0,,,MEDIUM
CVE-2014-0424,vulnerability,NVD-CWE-noinfo,7.5,10.0,234.0,,,0,,,HIGH
CVE-2014-0428,vulnerability,NVD-CWE-noinfo,10.0,10.0,235.0,,,0,,,HIGH
CVE-2013-5870,vulnerability,NVD-CWE-noinfo,6.8,8.6,236.0,,,0,,,MEDIUM
CVE-2013-5878,vulnerability,NVD-CWE-noinfo,7.5,10.0,237.0,,,0,,,HIGH
CVE-2013-5884,vulnerability,NVD-CWE-noinfo,5.0,10.0,238.0,,,0,,,MEDIUM
CVE-2013-5887,vulnerability,NVD-CWE-noinfo,5.0,10.0,239.0,,,0,,,MEDIUM
CVE-2013-5888,vulnerability,NVD-CWE-noinfo,4.6,3.9,240.0,,,0,,,MEDIUM
CVE-2013-5889,vulnerability,NVD-CWE-noinfo,9.3,8.6,241.0,,,0,,,HIGH
CVE-2013-0244,scripting,CWE-79,2.6,4.9,11.0,,,0,,,LOW
CVE-2013-0485,vulnerability,NVD-CWE-noinfo,10.0,10.0,242.0,,,0,,,HIGH
CVE-2014-1202,import,CWE-94,9.3,8.6,1.0,,,1,,,HIGH
CVE-2013-6727,client,CWE-264,5.0,10.0,3.0,,,0,,,MEDIUM
CVE-2014-1481,before,NVD-CWE-noinfo,7.5,3.9,17.0,3597.0,3597.0,1,0.0,0.0,HIGH
CVE-2014-1876,function,CWE-59,4.4,3.4,9.0,383.0,383.0,0,0.0,0.0,MEDIUM
CVE-2014-0728,injection,CWE-89,7.5,10.0,2.0,,,0,,,HIGH
CVE-2014-0322,vulnerability,CWE-416,8.8,2.8,192.0,,,1,,,HIGH
CVE-2014-0731,administration,CWE-264,5.0,10.0,1.0,,,0,,,MEDIUM
CVE-2013-6655,vulnerability,CWE-399,7.5,10.0,189.0,,,0,,,HIGH
CVE-2013-6658,vulnerabilities,CWE-399,7.5,10.0,1.0,2991.0,2991.0,0,0.0,0.0,HIGH
CVE-2014-2067,scripting,CWE-79,3.5,6.8,12.0,,,0,,,LOW
CVE-2012-6636,before,CWE-264,6.8,8.6,18.0,3572.0,3572.0,1,0.0,0.0,MEDIUM
CVE-2013-4710,through,CWE-20,9.3,8.6,3.0,,,0,,,HIGH
CVE-2014-1882,and,CWE-264,7.5,10.0,7.0,,,0,,,HIGH
CVE-2014-1885,application,CWE-264,6.4,10.0,2.0,1814.0,1814.0,0,0.0,0.0,MEDIUM
CVE-2014-1886,application,CWE-264,6.8,8.6,3.0,1814.0,1814.0,1,0.0,0.0,MEDIUM
CVE-2014-1887,application,CWE-264,4.3,8.6,4.0,1814.0,1814.0,1,0.0,0.0,MEDIUM
CVE-2014-1939,before,CWE-94,7.5,10.0,19.0,3572.0,3572.0,0,0.0,0.0,HIGH
CVE-2013-6493,implementation,CWE-200,2.1,3.9,5.0,,,1,,,LOW
CVE-2013-2086,configuration,CWE-200,5.0,10.0,1.0,16.0,16.0,0,0.0,0.0,MEDIUM
CVE-2014-2121,software,CWE-20,5.0,10.0,1.0,2182.0,2182.0,0,0.0,0.0,MEDIUM
CVE-2014-1500,before,CWE-400,5.0,10.0,19.0,3555.0,3555.0,0,0.0,0.0,MEDIUM
CVE-2014-1510,implementation,CWE-269,9.8,3.9,6.0,,,1,,,CRITICAL
CVE-2014-1512,vulnerability,CWE-416,10.0,10.0,189.0,,,1,,,HIGH
CVE-2014-1979,mode,CWE-94,6.8,8.6,1.0,2384.0,2384.0,0,8.0,0.0,MEDIUM
CVE-2014-0003,component,CWE-264,7.5,10.0,1.0,0.0,0.0,1,0.0,0.0,HIGH
CVE-2014-0343,web,NVD-CWE-Other,4.9,4.4,3.0,,,0,,,MEDIUM
CVE-2014-0093,when,CWE-264,5.8,8.6,1.0,4214.0,4214.0,0,0.0,0.17,MEDIUM
CVE-2014-1717,used,CWE-189,7.5,10.0,1.0,,,0,,,HIGH
CVE-2014-1721,used,CWE-189,7.5,10.0,2.0,,,0,,,HIGH
CVE-2013-6468,before,CWE-94,6.5,8.0,18.0,3533.0,3533.0,0,0.0,0.0,MEDIUM
CVE-2014-0771,control,CWE-538,7.5,10.0,1.0,4102.0,4102.0,0,1.0,0.0,HIGH
CVE-2014-0772,control,CWE-538,5.0,10.0,2.0,4102.0,4102.0,0,1.0,0.0,MEDIUM
CVE-2014-0107,before,CWE-264,7.5,10.0,19.0,3528.0,3528.0,0,0.0,0.0,HIGH
CVE-2014-0514,application,CWE-264,9.3,8.6,5.0,1770.0,1770.0,1,0.0,0.0,HIGH
CVE-2014-2860,scripting,CWE-79,4.3,8.6,14.0,,,0,,,MEDIUM
CVE-2014-2866,before,CWE-94,10.0,10.0,20.0,3528.0,3528.0,0,0.0,0.0,HIGH
CVE-2014-0429,vulnerability,NVD-CWE-noinfo,10.0,10.0,190.0,,,0,,,HIGH
CVE-2014-0432,vulnerability,NVD-CWE-noinfo,9.3,8.6,191.0,,,0,,,HIGH
CVE-2014-0446,vulnerability,NVD-CWE-noinfo,7.5,10.0,192.0,,,0,,,HIGH
CVE-2014-0448,vulnerability,NVD-CWE-noinfo,7.6,4.9,193.0,,,0,,,HIGH
CVE-2014-0449,vulnerability,NVD-CWE-noinfo,5.0,10.0,194.0,,,0,,,MEDIUM
CVE-2014-0451,vulnerability,NVD-CWE-noinfo,7.5,10.0,195.0,,,0,,,HIGH
CVE-2014-0452,vulnerability,NVD-CWE-noinfo,7.5,10.0,196.0,,,0,,,HIGH
CVE-2014-0453,vulnerability,NVD-CWE-noinfo,4.0,4.9,197.0,,,0,,,MEDIUM
CVE-2014-0454,vulnerability,NVD-CWE-noinfo,7.5,10.0,198.0,,,0,,,HIGH
CVE-2014-0455,vulnerability,NVD-CWE-noinfo,9.3,8.6,199.0,,,0,,,HIGH
CVE-2014-0456,vulnerability,NVD-CWE-noinfo,10.0,10.0,200.0,,,0,,,HIGH
CVE-2014-0457,vulnerability,NVD-CWE-noinfo,10.0,10.0,201.0,,,0,,,HIGH
CVE-2014-0458,vulnerability,NVD-CWE-noinfo,7.5,10.0,202.0,,,0,,,HIGH
CVE-2014-0459,vulnerability,NVD-CWE-noinfo,4.3,8.6,203.0,,,0,,,MEDIUM
CVE-2014-0460,vulnerability,NVD-CWE-noinfo,5.8,8.6,204.0,,,0,,,MEDIUM
CVE-2014-0461,vulnerability,NVD-CWE-noinfo,9.3,8.6,205.0,,,0,,,HIGH
CVE-2014-0463,vulnerability,NVD-CWE-noinfo,4.3,8.6,206.0,,,0,,,MEDIUM
CVE-2014-0464,vulnerability,NVD-CWE-noinfo,4.3,8.6,207.0,,,0,,,MEDIUM
CVE-2014-2397,vulnerability,NVD-CWE-noinfo,9.3,8.6,208.0,,,0,,,HIGH
CVE-2014-2398,vulnerability,NVD-CWE-noinfo,3.5,6.8,209.0,,,0,,,LOW
CVE-2014-2401,vulnerability,NVD-CWE-noinfo,5.0,10.0,210.0,,,0,,,MEDIUM
CVE-2014-2402,vulnerability,NVD-CWE-noinfo,7.5,10.0,211.0,,,0,,,HIGH
CVE-2014-2403,vulnerability,NVD-CWE-noinfo,5.0,10.0,212.0,,,0,,,MEDIUM
CVE-2014-2409,vulnerability,NVD-CWE-noinfo,6.4,10.0,213.0,,,0,,,MEDIUM
CVE-2014-2410,vulnerability,NVD-CWE-noinfo,9.3,8.6,214.0,,,0,,,HIGH
CVE-2014-2412,vulnerability,NVD-CWE-noinfo,7.5,10.0,215.0,,,0,,,HIGH
CVE-2014-2413,vulnerability,NVD-CWE-noinfo,4.3,8.6,216.0,,,0,,,MEDIUM
CVE-2014-2414,vulnerability,NVD-CWE-noinfo,7.5,10.0,217.0,,,0,,,HIGH
CVE-2014-2420,vulnerability,NVD-CWE-noinfo,2.6,4.9,218.0,,,0,,,LOW
CVE-2014-2421,vulnerability,NVD-CWE-noinfo,10.0,10.0,219.0,,,0,,,HIGH
CVE-2014-2422,vulnerability,NVD-CWE-noinfo,6.8,8.6,220.0,,,0,,,MEDIUM
CVE-2014-2423,vulnerability,NVD-CWE-noinfo,7.5,10.0,221.0,,,0,,,HIGH
CVE-2014-2427,vulnerability,NVD-CWE-noinfo,7.5,10.0,222.0,,,0,,,HIGH
CVE-2014-2428,vulnerability,NVD-CWE-noinfo,7.6,4.9,223.0,,,0,,,HIGH
CVE-2014-0111,before,CWE-94,6.5,8.0,22.0,3526.0,3526.0,0,0.0,0.0,MEDIUM
CVE-2013-6469,for,CWE-94,6.5,8.0,3.0,,,0,,,MEDIUM
CVE-2013-7372,function,CWE-310,5.0,10.0,12.0,305.0,305.0,1,0.0,0.0,MEDIUM
CVE-2014-1524,function,CWE-120,9.8,3.9,13.0,304.0,304.0,1,0.0,0.0,CRITICAL
CVE-2014-1527,before,NVD-CWE-noinfo,5.0,10.0,24.0,3513.0,3513.0,0,0.0,0.0,MEDIUM
CVE-2014-1529,before,CWE-269,8.8,2.8,25.0,3513.0,3513.0,1,0.0,0.0,HIGH
CVE-2014-3129,the,CWE-200,5.0,10.0,2.0,0.0,0.0,0,0.0,0.0,MEDIUM
CVE-2014-3133,does,CWE-264,5.0,10.0,1.0,,,0,,,MEDIUM
CVE-2014-2881,vulnerability,NVD-CWE-noinfo,10.0,10.0,185.0,,,0,,,HIGH
CVE-2011-2513,implementation,CWE-200,5.0,10.0,6.0,,,0,,,MEDIUM
CVE-2011-2514,implementation,CWE-264,6.8,8.6,7.0,,,0,,,MEDIUM
CVE-2014-0521,and,CWE-200,4.3,8.6,10.0,,,0,,,MEDIUM
CVE-2013-7033,before,CWE-310,4.3,8.6,25.0,3494.0,3494.0,1,0.0,0.0,MEDIUM
CVE-2013-7385,and,CWE-310,6.8,8.6,10.0,,,1,,,MEDIUM
CVE-2014-1743,vulnerability,CWE-399,7.5,10.0,186.0,,,0,,,HIGH
CVE-2014-1770,vulnerability,CWE-399,9.3,8.6,187.0,,,0,,,HIGH
CVE-2014-0878,component,CWE-310,5.8,8.6,2.0,0.0,0.0,0,0.0,0.0,MEDIUM
CVE-2014-3780,vulnerability,CWE-287,7.5,10.0,188.0,,,0,,,HIGH
CVE-2014-0075,overflow,CWE-189,5.0,10.0,3.0,2714.0,2714.0,0,0.0,0.0,MEDIUM
CVE-2014-0095,before,CWE-20,5.0,10.0,27.0,3482.0,3482.0,0,0.0,0.0,MEDIUM
CVE-2014-0096,the,CWE-264,4.3,8.6,3.0,0.0,0.0,0,0.0,0.0,MEDIUM
CVE-2014-0099,overflow,CWE-189,4.3,8.6,4.0,2714.0,2714.0,0,0.0,0.0,MEDIUM
CVE-2014-3287,injection,CWE-89,4.0,8.0,3.0,,,0,,,MEDIUM
CVE-2014-1539,before,CWE-20,5.0,10.0,28.0,3471.0,3471.0,0,0.0,0.0,MEDIUM
CVE-2014-4193,implementation,CWE-310,5.0,10.0,8.0,,,0,,,MEDIUM
CVE-2014-2151,portal,NVD-CWE-noinfo,4.0,8.0,1.0,4298.0,4298.0,0,1.0,0.5,MEDIUM
CVE-2014-2609,and,CWE-287,10.0,10.0,12.0,,,0,,,HIGH
CVE-2011-4367,directory,CWE-22,5.0,10.0,1.0,812.0,812.0,1,0.0,0.0,MEDIUM
CVE-2014-2483,vulnerability,NVD-CWE-noinfo,9.3,8.6,149.0,,,1,,,HIGH
CVE-2014-2490,vulnerability,NVD-CWE-noinfo,9.3,8.6,150.0,,,0,,,HIGH
CVE-2014-4208,vulnerability,NVD-CWE-noinfo,2.6,4.9,151.0,,,0,,,LOW
CVE-2014-4209,vulnerability,NVD-CWE-noinfo,6.4,10.0,152.0,,,0,,,MEDIUM
CVE-2014-4216,vulnerability,NVD-CWE-noinfo,9.3,8.6,153.0,,,0,,,HIGH
CVE-2014-4218,vulnerability,NVD-CWE-noinfo,5.0,10.0,154.0,,,0,,,MEDIUM
CVE-2014-4219,vulnerability,NVD-CWE-noinfo,9.3,8.6,155.0,,,0,,,HIGH
CVE-2014-4220,vulnerability,NVD-CWE-noinfo,5.0,10.0,156.0,,,0,,,MEDIUM
CVE-2014-4221,vulnerability,NVD-CWE-noinfo,4.3,8.6,157.0,,,0,,,MEDIUM
CVE-2014-4223,vulnerability,NVD-CWE-noinfo,9.3,8.6,158.0,,,0,,,HIGH
CVE-2014-4227,vulnerability,NVD-CWE-noinfo,10.0,10.0,159.0,,,0,,,HIGH
CVE-2014-4244,vulnerability,NVD-CWE-noinfo,4.0,4.9,160.0,,,0,,,MEDIUM
CVE-2014-4247,vulnerability,NVD-CWE-noinfo,9.3,8.6,161.0,,,0,,,HIGH
CVE-2014-4252,vulnerability,NVD-CWE-noinfo,5.0,10.0,162.0,,,0,,,MEDIUM
CVE-2014-4262,vulnerability,NVD-CWE-noinfo,9.3,8.6,163.0,,,0,,,HIGH
CVE-2014-4263,vulnerability,NVD-CWE-noinfo,4.0,4.9,164.0,,,0,,,MEDIUM
CVE-2014-4264,vulnerability,NVD-CWE-noinfo,5.0,10.0,165.0,,,0,,,MEDIUM
CVE-2014-4265,vulnerability,NVD-CWE-noinfo,5.0,10.0,166.0,,,0,,,MEDIUM
CVE-2014-4266,vulnerability,NVD-CWE-noinfo,5.0,10.0,167.0,,,0,,,MEDIUM
CVE-2014-4268,vulnerability,NVD-CWE-noinfo,5.0,10.0,168.0,,,0,,,MEDIUM
CVE-2014-1556,before,CWE-94,9.3,8.6,29.0,3429.0,3429.0,0,0.0,0.0,HIGH
CVE-2014-1561,before,CWE-264,5.8,8.6,30.0,3429.0,3429.0,0,0.0,0.0,MEDIUM
CVE-2014-3120,default,CWE-284,8.1,2.8,3.0,,,1,,,HIGH
CVE-2014-3086,vulnerability,NVD-CWE-noinfo,7.5,10.0,162.0,,,0,,,HIGH
CVE-2014-0876,overflow,CWE-119,2.1,3.9,5.0,2636.0,2636.0,0,0.0,0.0,LOW
CVE-2014-5349,buffer,CWE-119,5.0,10.0,1.0,2274.0,2274.0,1,0.0,0.0,MEDIUM
CVE-2014-3089,library,CWE-310,4.9,3.9,1.0,4343.0,4343.0,0,7.0,5.83,MEDIUM
CVE-2013-4444,file,CWE-94,6.8,8.6,1.0,1147.0,1147.0,0,0.0,0.0,MEDIUM
CVE-2014-5318,application,CWE-264,5.8,8.6,6.0,1607.0,1607.0,0,0.0,0.0,MEDIUM
CVE-2014-3558,before,CWE-264,5.0,10.0,34.0,3360.0,3360.0,0,0.0,0.0,MEDIUM
CVE-2014-7278,login,CWE-20,5.0,10.0,1.0,1758.0,1758.0,1,0.0,0.0,MEDIUM
CVE-2014-7204,allows,CWE-399,5.0,10.0,1.0,1698.0,1698.0,1,0.0,0.0,MEDIUM
CVE-2014-3190,vulnerability,CWE-416,7.5,10.0,160.0,,,0,,,HIGH
CVE-2014-3191,vulnerability,CWE-416,7.5,10.0,161.0,,,0,,,HIGH
CVE-2014-3195,used,CWE-399,5.0,10.0,3.0,,,0,,,MEDIUM
CVE-2014-7205,injection,CWE-94,10.0,10.0,3.0,,,1,,,HIGH
CVE-2014-7296,default,CWE-94,6.8,8.6,4.0,,,0,,,MEDIUM
CVE-2014-4288,vulnerability,NVD-CWE-noinfo,7.6,4.9,161.0,,,0,,,HIGH
CVE-2014-4294,vulnerability,NVD-CWE-noinfo,4.0,8.0,162.0,,,0,,,MEDIUM
CVE-2014-4295,vulnerability,NVD-CWE-noinfo,4.0,8.0,163.0,,,0,,,MEDIUM
CVE-2014-6453,vulnerability,NVD-CWE-noinfo,9.0,8.0,164.0,,,0,,,HIGH
CVE-2014-6456,vulnerability,NVD-CWE-noinfo,9.3,8.6,165.0,,,0,,,HIGH
CVE-2014-6457,vulnerability,NVD-CWE-noinfo,4.0,4.9,166.0,,,0,,,MEDIUM
CVE-2014-6458,vulnerability,NVD-CWE-noinfo,6.9,3.4,167.0,,,0,,,MEDIUM
CVE-2014-6466,vulnerability,NVD-CWE-noinfo,6.9,3.4,168.0,,,0,,,MEDIUM
CVE-2014-6467,vulnerability,NVD-CWE-noinfo,9.0,8.0,169.0,,,0,,,HIGH
CVE-2014-6468,vulnerability,NVD-CWE-noinfo,6.8,8.0,170.0,,,0,,,MEDIUM
CVE-2014-6476,vulnerability,NVD-CWE-noinfo,5.0,10.0,171.0,,,0,,,MEDIUM
CVE-2014-6485,vulnerability,NVD-CWE-noinfo,9.3,8.6,172.0,,,0,,,HIGH
CVE-2014-6492,vulnerability,NVD-CWE-noinfo,7.6,4.9,173.0,,,0,,,HIGH
CVE-2014-6493,vulnerability,NVD-CWE-noinfo,7.6,4.9,174.0,,,0,,,HIGH
CVE-2014-6502,vulnerability,NVD-CWE-noinfo,2.6,4.9,175.0,,,0,,,LOW
CVE-2014-6503,vulnerability,NVD-CWE-noinfo,9.3,8.6,176.0,,,0,,,HIGH
CVE-2014-6504,vulnerability,NVD-CWE-noinfo,5.0,10.0,177.0,,,0,,,MEDIUM
CVE-2014-6506,vulnerability,NVD-CWE-noinfo,6.8,8.6,178.0,,,0,,,MEDIUM
CVE-2014-6511,vulnerability,NVD-CWE-noinfo,5.0,10.0,179.0,,,0,,,MEDIUM
CVE-2014-6512,vulnerability,NVD-CWE-noinfo,4.3,8.6,180.0,,,0,,,MEDIUM
CVE-2014-6513,vulnerability,NVD-CWE-noinfo,10.0,10.0,181.0,,,0,,,HIGH
CVE-2014-6515,vulnerability,NVD-CWE-noinfo,5.0,10.0,182.0,,,0,,,MEDIUM
CVE-2014-6517,vulnerability,NVD-CWE-noinfo,5.0,10.0,183.0,,,0,,,MEDIUM
CVE-2014-6519,vulnerability,NVD-CWE-noinfo,5.0,10.0,184.0,,,0,,,MEDIUM
CVE-2014-6527,vulnerability,NVD-CWE-noinfo,2.6,4.9,185.0,,,0,,,LOW
CVE-2014-6531,vulnerability,NVD-CWE-noinfo,4.3,8.6,186.0,,,0,,,MEDIUM
CVE-2014-6532,vulnerability,NVD-CWE-noinfo,9.3,8.6,187.0,,,0,,,HIGH
CVE-2014-6537,vulnerability,NVD-CWE-noinfo,6.5,8.0,188.0,,,0,,,MEDIUM
CVE-2014-6538,vulnerability,NVD-CWE-noinfo,4.0,8.0,189.0,,,0,,,MEDIUM
CVE-2014-6545,vulnerability,NVD-CWE-noinfo,9.0,8.0,190.0,,,0,,,HIGH
CVE-2014-6558,vulnerability,NVD-CWE-noinfo,2.6,4.9,191.0,,,0,,,LOW
CVE-2014-6560,vulnerability,NVD-CWE-noinfo,9.0,8.0,192.0,,,0,,,HIGH
CVE-2014-6562,vulnerability,NVD-CWE-noinfo,9.3,8.6,193.0,,,0,,,HIGH
CVE-2014-6563,vulnerability,NVD-CWE-noinfo,4.0,8.0,194.0,,,0,,,MEDIUM
CVE-2014-4822,classes,CWE-255,1.9,3.4,1.0,2731.0,2731.0,0,0.0,0.0,LOW
CVE-2014-4624,and,CWE-264,5.0,10.0,11.0,,,0,,,MEDIUM
CVE-2014-8526,before,CWE-200,2.1,3.9,38.0,3331.0,3331.0,0,0.0,0.0,LOW
CVE-2014-8590,external,NVD-CWE-Other,4.3,8.6,1.0,1866.0,1866.0,0,0.0,0.0,MEDIUM
CVE-2014-2373,module,CWE-602,7.5,10.0,1.0,,,0,,,HIGH
CVE-2014-2374,module,CWE-602,7.5,10.0,2.0,,,0,,,HIGH
CVE-2014-3501,before,CWE-254,4.3,8.6,38.0,3314.0,3314.0,0,0.0,0.0,MEDIUM
CVE-2014-7835,before,CWE-79,2.1,3.9,39.0,3305.0,3305.0,0,0.0,0.0,LOW
CVE-2014-3065,vulnerability,CWE-94,6.9,3.4,139.0,,,0,,,MEDIUM
CVE-2014-3068,before,CWE-255,6.4,10.0,40.0,3298.0,3298.0,0,0.0,0.0,MEDIUM
CVE-2014-8448,unspecified,CWE-200,5.0,10.0,1.0,,,0,,,MEDIUM
CVE-2014-8451,unspecified,CWE-200,5.0,10.0,2.0,,,0,,,MEDIUM
CVE-2014-1590,method,CWE-20,4.3,8.6,2.0,,,0,,,MEDIUM
CVE-2014-7911,the,CWE-264,7.2,3.9,3.0,0.0,0.0,0,0.0,0.0,HIGH
CVE-2014-8120,agent,NVD-CWE-noinfo,4.4,3.4,1.0,3676.0,3676.0,0,0.0,0.0,MEDIUM
CVE-2014-7241,application,CWE-20,6.8,8.6,7.0,1522.0,1522.0,0,0.0,0.0,MEDIUM
CVE-2014-1449,application,CWE-284,5.0,10.0,8.0,1516.0,1516.0,1,0.0,0.0,MEDIUM
CVE-2011-1796,vulnerability,NVD-CWE-Other,7.5,10.0,139.0,,,0,,,HIGH
CVE-2012-6684,scripting,CWE-79,4.3,8.6,7.0,,,1,,,MEDIUM
CVE-2014-9272,function,CWE-79,4.3,8.6,9.0,50.0,50.0,0,0.0,0.0,MEDIUM
CVE-2014-8636,implementation,CWE-94,7.5,10.0,6.0,,,0,,,HIGH
CVE-2014-9199,web,CWE-326,10.0,10.0,3.0,,,0,,,HIGH
CVE-2014-6549,vulnerability,NVD-CWE-noinfo,10.0,10.0,102.0,,,0,,,HIGH
CVE-2014-6585,vulnerability,NVD-CWE-noinfo,2.6,4.9,103.0,,,0,,,LOW
CVE-2014-6587,vulnerability,NVD-CWE-noinfo,4.3,3.1,104.0,,,0,,,MEDIUM
CVE-2014-6591,vulnerability,NVD-CWE-noinfo,2.6,4.9,105.0,,,0,,,LOW
CVE-2014-6593,vulnerability,NVD-CWE-noinfo,4.0,4.9,106.0,,,0,,,MEDIUM
CVE-2014-6601,vulnerability,NVD-CWE-noinfo,10.0,10.0,106.0,,,0,,,HIGH
CVE-2014-8152,for,CWE-254,5.0,10.0,2.0,,,0,,,MEDIUM
CVE-2015-0366,vulnerability,NVD-CWE-noinfo,5.0,10.0,107.0,,,0,,,MEDIUM
CVE-2015-0383,vulnerability,NVD-CWE-noinfo,5.4,3.4,108.0,,,0,,,MEDIUM
CVE-2015-0395,vulnerability,NVD-CWE-noinfo,9.3,8.6,109.0,,,0,,,HIGH
CVE-2015-0400,vulnerability,NVD-CWE-noinfo,5.0,10.0,110.0,,,0,,,MEDIUM
CVE-2015-0403,vulnerability,NVD-CWE-noinfo,6.9,3.4,111.0,,,0,,,MEDIUM
CVE-2015-0406,vulnerability,NVD-CWE-noinfo,5.8,8.6,112.0,,,0,,,MEDIUM
CVE-2015-0407,vulnerability,NVD-CWE-noinfo,5.0,10.0,113.0,,,0,,,MEDIUM
CVE-2015-0408,vulnerability,NVD-CWE-noinfo,10.0,10.0,114.0,,,0,,,HIGH
CVE-2015-0410,vulnerability,NVD-CWE-noinfo,5.0,10.0,115.0,,,0,,,MEDIUM
CVE-2015-0412,vulnerability,NVD-CWE-noinfo,7.2,3.9,116.0,,,0,,,HIGH
CVE-2015-0413,vulnerability,NVD-CWE-noinfo,1.9,3.4,117.0,,,0,,,LOW
CVE-2015-0421,vulnerability,NVD-CWE-noinfo,6.9,3.4,118.0,,,0,,,MEDIUM
CVE-2015-0437,vulnerability,NVD-CWE-noinfo,9.3,8.6,119.0,,,0,,,HIGH
CVE-2014-7927,function,CWE-189,7.5,10.0,10.0,37.0,37.0,0,0.0,0.0,HIGH
CVE-2014-7928,used,CWE-19,7.5,10.0,4.0,,,0,,,HIGH
CVE-2014-7930,vulnerability,NVD-CWE-Other,7.5,10.0,120.0,,,0,,,HIGH
CVE-2014-7931,used,CWE-17,7.5,10.0,5.0,,,0,,,HIGH
CVE-2014-7939,before,CWE-264,4.3,8.6,40.0,3246.0,3246.0,0,0.0,0.0,MEDIUM
CVE-2014-9648,before,CWE-284,4.3,8.6,39.0,3241.0,3241.0,0,0.0,0.0,MEDIUM
CVE-2015-1209,vulnerability,CWE-416,7.5,10.0,121.0,,,0,,,HIGH
CVE-2014-6195,and,CWE-284,1.9,3.4,13.0,,,0,,,LOW
CVE-2014-0227,before,CWE-19,6.4,10.0,39.0,3222.0,3222.0,0,0.0,0.0,MEDIUM
CVE-2015-0820,before,CWE-284,2.6,4.9,40.0,3212.0,3212.0,0,0.0,0.0,LOW
CVE-2015-0821,before,CWE-264,6.8,8.6,41.0,3212.0,3212.0,0,0.0,0.0,MEDIUM
CVE-2015-0822,feature,CWE-200,4.3,8.6,1.0,,,0,,,MEDIUM
CVE-2015-0828,free,NVD-CWE-Other,6.8,8.6,1.0,876.0,876.0,0,0.0,0.0,MEDIUM
CVE-2015-1483,through,CWE-20,7.5,10.0,1.0,,,0,,,HIGH
CVE-2014-8891,vulnerability,NVD-CWE-noinfo,10.0,10.0,120.0,,,0,,,HIGH
CVE-2014-8892,vulnerability,NVD-CWE-noinfo,7.8,10.0,121.0,,,0,,,HIGH
CVE-2015-1230,function,NVD-CWE-noinfo,7.5,10.0,10.0,0.0,0.0,0,0.0,0.0,HIGH
CVE-2015-0201,client,CWE-254,5.0,10.0,1.0,,,0,,,MEDIUM
CVE-2015-0178,overlay,CWE-200,4.3,8.6,1.0,1926.0,1926.0,0,0.0,0.0,MEDIUM
CVE-2015-0817,implementation,CWE-17,6.8,8.6,5.0,,,0,,,MEDIUM
CVE-2015-0818,before,CWE-264,7.5,10.0,38.0,3186.0,3186.0,0,0.0,0.0,HIGH
CVE-2015-0279,before,CWE-94,6.8,8.6,39.0,3183.0,3183.0,0,0.0,0.0,MEDIUM
CVE-2015-2683,before,CWE-264,7.5,10.0,40.0,3183.0,3183.0,1,0.0,0.0,HIGH
CVE-2015-0801,before,CWE-264,7.5,10.0,41.0,3177.0,3177.0,0,0.0,0.0,HIGH
CVE-2015-0802,before,CWE-264,5.0,10.0,42.0,3177.0,3177.0,0,0.0,0.0,MEDIUM
CVE-2015-0810,before,CWE-20,4.3,8.6,43.0,3177.0,3177.0,0,0.0,0.0,MEDIUM
CVE-2015-0816,before,CWE-264,5.0,10.0,44.0,3177.0,3177.0,0,0.0,0.0,MEDIUM
CVE-2015-0225,default,CWE-77,7.5,10.0,3.0,,,0,,,HIGH
CVE-2015-1773,scripting,CWE-79,4.3,8.6,5.0,,,0,,,MEDIUM
CVE-2015-2828,and,CWE-264,9.0,8.0,13.0,,,0,,,HIGH
CVE-2015-0798,mode,CWE-264,5.0,10.0,1.0,1999.0,1999.0,0,8.0,0.0,MEDIUM
CVE-2015-2938,scripting,CWE-79,4.3,8.6,6.0,,,0,,,MEDIUM
CVE-2015-0457,vulnerability,NVD-CWE-noinfo,9.0,8.0,87.0,,,0,,,HIGH
CVE-2015-0458,vulnerability,NVD-CWE-noinfo,7.6,4.9,88.0,,,0,,,HIGH
CVE-2015-0459,vulnerability,NVD-CWE-noinfo,10.0,10.0,89.0,,,0,,,HIGH
CVE-2015-0460,vulnerability,NVD-CWE-noinfo,9.3,8.6,90.0,,,0,,,HIGH
CVE-2015-0469,vulnerability,NVD-CWE-noinfo,10.0,10.0,91.0,,,0,,,HIGH
CVE-2015-0470,vulnerability,NVD-CWE-noinfo,4.3,8.6,92.0,,,0,,,MEDIUM
CVE-2015-0477,vulnerability,NVD-CWE-noinfo,4.3,8.6,93.0,,,0,,,MEDIUM
CVE-2015-0478,vulnerability,NVD-CWE-noinfo,4.3,8.6,94.0,,,0,,,MEDIUM
CVE-2015-0480,vulnerability,NVD-CWE-noinfo,5.8,8.6,95.0,,,0,,,MEDIUM
CVE-2015-0484,vulnerability,NVD-CWE-noinfo,6.8,8.6,96.0,,,0,,,MEDIUM
CVE-2015-0486,vulnerability,NVD-CWE-noinfo,5.0,10.0,97.0,,,0,,,MEDIUM
CVE-2015-0488,vulnerability,NVD-CWE-noinfo,5.0,10.0,98.0,,,0,,,MEDIUM
CVE-2015-0491,vulnerability,NVD-CWE-noinfo,10.0,10.0,99.0,,,0,,,HIGH
CVE-2015-0492,vulnerability,NVD-CWE-noinfo,9.3,8.6,100.0,,,0,,,HIGH
CVE-2015-1242,function,NVD-CWE-Other,7.5,10.0,11.0,0.0,0.0,0,0.0,0.0,HIGH
CVE-2015-3336,before,CWE-264,4.3,8.6,40.0,3159.0,3159.0,1,0.0,0.0,MEDIUM
CVE-2015-0297,does,CWE-284,9.0,10.0,2.0,,,0,,,HIGH
CVE-2015-1882,race,CWE-362,8.5,6.8,1.0,1850.0,1850.0,0,0.0,0.0,HIGH
CVE-2015-3012,scripting,CWE-79,4.3,8.6,6.0,,,0,,,MEDIUM
CVE-2015-3060,and,CWE-284,10.0,10.0,11.0,,,0,,,HIGH
CVE-2015-3061,and,CWE-284,10.0,10.0,12.0,,,0,,,HIGH
CVE-2015-3062,and,CWE-284,10.0,10.0,13.0,,,0,,,HIGH
CVE-2015-3063,and,CWE-284,10.0,10.0,14.0,,,0,,,HIGH
CVE-2015-3064,and,CWE-284,10.0,10.0,15.0,,,0,,,HIGH
CVE-2015-3065,and,CWE-284,10.0,10.0,16.0,,,0,,,HIGH
CVE-2015-3066,and,CWE-284,10.0,10.0,17.0,,,0,,,HIGH
CVE-2015-3067,and,CWE-284,10.0,10.0,18.0,,,0,,,HIGH
CVE-2015-3068,and,CWE-284,10.0,10.0,19.0,,,0,,,HIGH
CVE-2015-3069,and,CWE-284,10.0,10.0,20.0,,,0,,,HIGH
CVE-2015-3071,and,CWE-284,10.0,10.0,21.0,,,0,,,HIGH
CVE-2015-3072,and,CWE-284,10.0,10.0,22.0,,,0,,,HIGH
CVE-2015-3073,and,CWE-284,10.0,10.0,23.0,,,1,,,HIGH
CVE-2015-3074,and,CWE-284,10.0,10.0,24.0,,,0,,,HIGH
CVE-2015-2712,implementation,CWE-119,7.5,10.0,4.0,,,0,,,HIGH
CVE-2015-1253,the,CWE-284,7.5,10.0,3.0,0.0,0.0,0,0.0,0.0,HIGH
CVE-2015-1260,vulnerabilities,NVD-CWE-Other,7.5,10.0,1.0,2540.0,2540.0,0,0.0,0.0,HIGH
CVE-2015-4091,external,NVD-CWE-Other,7.5,10.0,2.0,1663.0,1663.0,0,0.0,0.0,HIGH
CVE-2015-3292,installer,CWE-17,10.0,10.0,1.0,3998.0,3998.0,0,1.0,0.33,HIGH
CVE-2015-2278,decompression,CWE-119,5.0,10.0,1.0,,,1,,,MEDIUM
CVE-2015-2282,buffer,CWE-119,7.5,10.0,2.0,1987.0,1987.0,1,0.0,0.0,HIGH
CVE-2015-4158,allows,NVD-CWE-noinfo,5.0,10.0,2.0,1460.0,1460.0,1,0.0,0.0,MEDIUM
CVE-2015-4559,scripting,CWE-79,4.3,8.6,7.0,,,0,,,MEDIUM
CVE-2015-1267,used,CWE-254,5.0,10.0,4.0,,,0,,,MEDIUM
CVE-2015-1268,used,CWE-254,5.0,10.0,5.0,,,0,,,MEDIUM
CVE-2015-0545,for,NVD-CWE-noinfo,10.0,10.0,2.0,,,0,,,HIGH
CVE-2015-0192,vulnerability,NVD-CWE-noinfo,9.8,3.9,97.0,,,0,,,CRITICAL
CVE-2015-1914,before,CWE-200,5.0,10.0,34.0,3085.0,3085.0,0,0.0,0.0,MEDIUM
CVE-2015-1916,vulnerability,NVD-CWE-noinfo,7.5,3.9,98.0,,,0,,,HIGH
CVE-2015-2727,and,CWE-20,6.8,8.6,22.0,,,0,,,MEDIUM
CVE-2015-2731,vulnerability,NVD-CWE-Other,10.0,10.0,99.0,,,0,,,HIGH
CVE-2015-1796,trust,CWE-254,4.3,8.6,1.0,2506.0,2506.0,0,1.0,0.0,MEDIUM
CVE-2015-1961,through,CWE-284,9.0,8.0,3.0,,,0,,,HIGH
CVE-2015-1887,through,CWE-200,5.0,10.0,4.0,,,0,,,MEDIUM
CVE-2015-4435,and,NVD-CWE-noinfo,10.0,10.0,23.0,,,0,,,HIGH
CVE-2015-4438,and,NVD-CWE-noinfo,10.0,10.0,24.0,,,0,,,HIGH
CVE-2015-4441,and,NVD-CWE-noinfo,6.8,8.6,25.0,,,0,,,MEDIUM
CVE-2015-4445,and,NVD-CWE-noinfo,10.0,10.0,26.0,,,0,,,HIGH
CVE-2015-4447,and,NVD-CWE-noinfo,10.0,10.0,27.0,,,0,,,HIGH
CVE-2015-4451,and,NVD-CWE-noinfo,9.3,8.6,28.0,,,0,,,HIGH
CVE-2015-4452,and,NVD-CWE-noinfo,9.3,8.6,29.0,,,0,,,HIGH
CVE-2015-5085,and,NVD-CWE-noinfo,6.8,8.6,30.0,,,0,,,MEDIUM
CVE-2015-5086,and,NVD-CWE-noinfo,6.8,8.6,31.0,,,0,,,MEDIUM
CVE-2015-2590,vulnerability,NVD-CWE-noinfo,9.8,3.9,100.0,,,0,,,CRITICAL
CVE-2015-2596,vulnerability,NVD-CWE-noinfo,4.3,8.6,101.0,,,0,,,MEDIUM
CVE-2015-2597,vulnerability,NVD-CWE-noinfo,7.2,3.9,102.0,,,0,,,HIGH
CVE-2015-2601,vulnerability,NVD-CWE-noinfo,5.0,10.0,103.0,,,0,,,MEDIUM
CVE-2015-2613,vulnerability,NVD-CWE-noinfo,5.0,10.0,104.0,,,0,,,MEDIUM
CVE-2015-2619,vulnerability,NVD-CWE-noinfo,5.0,10.0,105.0,,,0,,,MEDIUM
CVE-2015-2621,vulnerability,NVD-CWE-noinfo,5.0,10.0,106.0,,,0,,,MEDIUM
CVE-2015-2623,vulnerability,NVD-CWE-noinfo,4.3,8.6,107.0,,,0,,,MEDIUM
CVE-2015-2625,vulnerability,NVD-CWE-noinfo,2.6,4.9,108.0,,,0,,,LOW
CVE-2015-2627,vulnerability,NVD-CWE-noinfo,2.6,4.9,109.0,,,0,,,LOW
CVE-2015-2628,vulnerability,NVD-CWE-noinfo,10.0,10.0,110.0,,,0,,,HIGH
CVE-2015-2629,vulnerability,NVD-CWE-noinfo,9.0,8.0,111.0,,,0,,,HIGH
CVE-2015-2632,vulnerability,NVD-CWE-noinfo,5.0,10.0,112.0,,,0,,,MEDIUM
CVE-2015-2637,vulnerability,NVD-CWE-noinfo,5.0,10.0,113.0,,,0,,,MEDIUM
CVE-2015-2638,vulnerability,NVD-CWE-noinfo,10.0,10.0,114.0,,,0,,,HIGH
CVE-2015-2659,vulnerability,NVD-CWE-noinfo,5.0,10.0,115.0,,,0,,,MEDIUM
CVE-2015-2664,vulnerability,NVD-CWE-noinfo,6.9,3.4,116.0,,,0,,,MEDIUM
CVE-2015-3244,for,CWE-264,4.9,6.8,3.0,,,0,,,MEDIUM
CVE-2015-4729,vulnerability,NVD-CWE-noinfo,4.0,4.9,117.0,,,0,,,MEDIUM
CVE-2015-4731,vulnerability,NVD-CWE-noinfo,10.0,10.0,118.0,,,0,,,HIGH
CVE-2015-4732,vulnerability,NVD-CWE-noinfo,10.0,10.0,119.0,,,0,,,HIGH
CVE-2015-4733,vulnerability,NVD-CWE-noinfo,10.0,10.0,120.0,,,0,,,HIGH
CVE-2015-4736,vulnerability,NVD-CWE-noinfo,9.3,8.6,121.0,,,0,,,HIGH
CVE-2015-4744,vulnerability,NVD-CWE-noinfo,2.6,4.9,122.0,,,0,,,LOW
CVE-2015-4748,vulnerability,NVD-CWE-noinfo,7.6,4.9,123.0,,,0,,,HIGH
CVE-2015-4749,vulnerability,NVD-CWE-noinfo,4.3,8.6,124.0,,,0,,,MEDIUM
CVE-2015-4760,vulnerability,NVD-CWE-noinfo,10.0,10.0,125.0,,,0,,,HIGH
CVE-2015-1284,function,CWE-20,7.5,10.0,8.0,0.0,0.0,0,0.0,0.0,HIGH
CVE-2015-5605,implementation,CWE-17,5.0,10.0,4.0,,,0,,,MEDIUM
CVE-2015-2847,before,CWE-284,5.0,10.0,32.0,3061.0,3061.0,0,0.0,0.0,MEDIUM
CVE-2015-3439,scripting,CWE-79,4.3,8.6,8.0,,,1,,,MEDIUM
CVE-2015-4495,reader,NVD-CWE-noinfo,8.8,2.8,1.0,3973.0,3973.0,1,9.0,1.33,HIGH
CVE-2015-2980,application,CWE-78,6.8,8.6,5.0,1291.0,1291.0,0,0.0,0.0,MEDIUM
CVE-2015-4478,before,CWE-200,5.0,10.0,33.0,3041.0,3041.0,0,0.0,0.0,MEDIUM
CVE-2015-4484,function,CWE-119,5.0,10.0,9.0,0.0,0.0,0,0.0,0.0,MEDIUM
CVE-2015-3763,before,CWE-19,4.3,8.6,34.0,3040.0,3040.0,0,0.0,0.0,MEDIUM
CVE-2015-4296,devices,CWE-399,5.0,10.0,3.0,,,0,,,MEDIUM
CVE-2015-4534,before,CWE-20,9.0,8.0,35.0,3036.0,3036.0,0,0.0,0.0,HIGH
CVE-2015-4535,before,CWE-264,7.5,6.8,36.0,3036.0,3036.0,0,0.0,0.0,HIGH
CVE-2014-3612,implementation,CWE-287,7.5,10.0,5.0,,,0,,,HIGH
CVE-2015-6524,implementation,CWE-255,5.0,10.0,6.0,,,0,,,MEDIUM
CVE-2015-1291,function,CWE-264,6.4,10.0,10.0,0.0,0.0,0,0.0,0.0,MEDIUM
CVE-2015-1300,function,CWE-254,5.0,10.0,11.0,0.0,0.0,0,0.0,0.0,MEDIUM
CVE-2015-6259,component,CWE-20,9.4,10.0,1.0,0.0,0.0,0,0.0,0.0,HIGH
CVE-2015-5791,used,CWE-119,6.8,8.6,6.0,,,0,,,MEDIUM
CVE-2015-5793,used,CWE-119,6.8,8.6,7.0,,,0,,,MEDIUM
CVE-2015-5814,used,CWE-119,6.8,8.6,8.0,,,0,,,MEDIUM
CVE-2015-5816,used,CWE-119,6.8,8.6,9.0,,,0,,,MEDIUM
CVE-2015-5822,used,CWE-119,6.8,8.6,10.0,,,0,,,MEDIUM
CVE-2015-5823,used,CWE-119,6.8,8.6,11.0,,,0,,,MEDIUM
CVE-2015-5825,before,CWE-200,4.3,8.6,37.0,3007.0,3007.0,0,0.0,0.0,MEDIUM
CVE-2015-5603,for,CWE-94,6.5,8.0,4.0,,,0,,,MEDIUM
CVE-2015-4507,class,NVD-CWE-noinfo,5.1,4.9,1.0,344.0,344.0,0,0.0,0.0,MEDIUM
CVE-2015-4509,vulnerability,NVD-CWE-Other,7.5,10.0,105.0,,,0,,,HIGH
CVE-2015-4516,before,CWE-254,9.3,8.6,40.0,3002.0,3002.0,0,0.0,0.0,HIGH
CVE-2015-4519,before,CWE-200,4.3,8.6,41.0,3002.0,3002.0,0,0.0,0.0,MEDIUM
CVE-2015-7327,before,CWE-200,4.3,8.6,42.0,3002.0,3002.0,1,0.0,0.0,MEDIUM
CVE-2015-7337,editor,CWE-20,6.8,8.6,1.0,3874.0,3874.0,0,2.0,0.33,MEDIUM
CVE-2015-2482,and,CWE-119,9.3,8.6,31.0,,,0,,,HIGH
CVE-2015-6707,method,NVD-CWE-noinfo,6.8,8.6,3.0,,,0,,,MEDIUM
CVE-2015-6708,method,NVD-CWE-noinfo,6.8,8.6,4.0,,,0,,,MEDIUM
CVE-2015-6709,method,NVD-CWE-noinfo,6.8,8.6,5.0,,,0,,,MEDIUM
CVE-2015-6710,method,NVD-CWE-noinfo,6.8,8.6,6.0,,,0,,,MEDIUM
CVE-2015-6711,method,NVD-CWE-noinfo,6.8,8.6,7.0,,,0,,,MEDIUM
CVE-2015-6712,method,NVD-CWE-noinfo,6.8,8.6,8.0,,,0,,,MEDIUM
CVE-2015-6713,call,NVD-CWE-noinfo,7.5,10.0,1.0,0.0,0.0,0,0.0,0.0,HIGH
CVE-2015-6714,bind,NVD-CWE-noinfo,6.8,8.6,1.0,1327.0,1327.0,0,0.0,0.0,MEDIUM
CVE-2015-6715,apply,NVD-CWE-noinfo,6.8,8.6,1.0,3917.0,3917.0,0,0.0,0.17,MEDIUM
CVE-2015-6716,method,NVD-CWE-noinfo,6.8,8.6,9.0,,,0,,,MEDIUM
CVE-2015-6717,method,NVD-CWE-noinfo,6.8,8.6,10.0,,,0,,,MEDIUM
CVE-2015-6718,method,NVD-CWE-noinfo,6.8,8.6,11.0,,,0,,,MEDIUM
CVE-2015-6719,method,NVD-CWE-noinfo,6.8,8.6,12.0,,,0,,,MEDIUM
CVE-2015-6720,method,NVD-CWE-noinfo,6.8,8.6,13.0,,,0,,,MEDIUM
CVE-2015-6721,method,NVD-CWE-noinfo,6.8,8.6,14.0,,,0,,,MEDIUM
CVE-2015-6722,method,NVD-CWE-noinfo,6.8,8.6,15.0,,,0,,,MEDIUM
CVE-2015-6723,method,NVD-CWE-noinfo,6.8,8.6,16.0,,,0,,,MEDIUM
CVE-2015-6724,method,NVD-CWE-noinfo,6.8,8.6,17.0,,,0,,,MEDIUM
CVE-2015-6725,method,NVD-CWE-noinfo,6.8,8.6,18.0,,,0,,,MEDIUM
CVE-2015-7614,and,NVD-CWE-noinfo,6.8,8.6,32.0,,,0,,,MEDIUM
CVE-2015-7616,method,NVD-CWE-noinfo,6.8,8.6,19.0,,,0,,,MEDIUM
CVE-2015-7618,method,CWE-416,6.8,8.6,20.0,,,0,,,MEDIUM
CVE-2015-7619,method,CWE-416,6.8,8.6,21.0,,,0,,,MEDIUM
CVE-2015-7620,method,NVD-CWE-noinfo,6.8,8.6,22.0,,,0,,,MEDIUM
CVE-2015-7623,method,NVD-CWE-noinfo,6.8,8.6,23.0,,,0,,,MEDIUM
CVE-2015-6755,function,CWE-264,7.5,10.0,12.0,0.0,0.0,0,0.0,0.0,HIGH
CVE-2013-7445,subsystem,CWE-399,7.8,10.0,1.0,128.0,128.0,0,0.0,0.0,HIGH
CVE-2015-4734,vulnerability,NVD-CWE-noinfo,5.0,10.0,70.0,,,0,,,MEDIUM
CVE-2015-4794,vulnerability,NVD-CWE-noinfo,9.0,8.0,71.0,,,0,,,HIGH
CVE-2015-4796,vulnerability,NVD-CWE-noinfo,9.0,8.0,72.0,,,0,,,HIGH
CVE-2015-4803,vulnerability,NVD-CWE-noinfo,5.0,10.0,73.0,,,0,,,MEDIUM
CVE-2015-4805,vulnerability,NVD-CWE-noinfo,10.0,10.0,74.0,,,0,,,HIGH
CVE-2015-4806,vulnerability,NVD-CWE-noinfo,6.4,10.0,75.0,,,0,,,MEDIUM
CVE-2015-4810,vulnerability,NVD-CWE-noinfo,6.9,3.4,76.0,,,0,,,MEDIUM
CVE-2015-4835,vulnerability,NVD-CWE-noinfo,10.0,10.0,77.0,,,0,,,HIGH
CVE-2015-4840,vulnerability,NVD-CWE-noinfo,5.0,10.0,78.0,,,0,,,MEDIUM
CVE-2015-4842,vulnerability,NVD-CWE-noinfo,5.0,10.0,79.0,,,0,,,MEDIUM
CVE-2015-4843,vulnerability,NVD-CWE-noinfo,10.0,10.0,80.0,,,0,,,HIGH
CVE-2015-4844,vulnerability,NVD-CWE-noinfo,10.0,10.0,81.0,,,0,,,HIGH
CVE-2015-4845,vulnerability,NVD-CWE-noinfo,4.3,8.6,82.0,,,0,,,MEDIUM
CVE-2015-4860,vulnerability,NVD-CWE-noinfo,10.0,10.0,83.0,,,0,,,HIGH
CVE-2015-4868,vulnerability,NVD-CWE-noinfo,7.6,4.9,84.0,,,0,,,HIGH
CVE-2015-4871,vulnerability,NVD-CWE-noinfo,5.8,8.6,85.0,,,0,,,MEDIUM
CVE-2015-4872,vulnerability,NVD-CWE-noinfo,5.0,10.0,86.0,,,0,,,MEDIUM
CVE-2015-4881,vulnerability,NVD-CWE-noinfo,10.0,10.0,87.0,,,0,,,HIGH
CVE-2015-4882,vulnerability,NVD-CWE-noinfo,5.0,10.0,88.0,,,0,,,MEDIUM
CVE-2015-4883,vulnerability,NVD-CWE-noinfo,10.0,10.0,89.0,,,0,,,HIGH
CVE-2015-4888,vulnerability,NVD-CWE-noinfo,6.5,8.0,90.0,,,0,,,MEDIUM
CVE-2015-4893,vulnerability,NVD-CWE-noinfo,5.0,10.0,91.0,,,0,,,MEDIUM
CVE-2015-4901,vulnerability,NVD-CWE-noinfo,9.3,8.6,92.0,,,0,,,HIGH
CVE-2015-4902,vulnerability,NVD-CWE-noinfo,5.3,3.9,93.0,,,0,,,MEDIUM
CVE-2015-4903,vulnerability,NVD-CWE-noinfo,5.0,10.0,94.0,,,0,,,MEDIUM
CVE-2015-4906,vulnerability,NVD-CWE-noinfo,5.0,10.0,95.0,,,0,,,MEDIUM
CVE-2015-4908,vulnerability,NVD-CWE-noinfo,5.0,10.0,96.0,,,0,,,MEDIUM
CVE-2015-4911,vulnerability,NVD-CWE-noinfo,5.0,10.0,97.0,,,0,,,MEDIUM
CVE-2015-4916,vulnerability,NVD-CWE-noinfo,5.0,10.0,98.0,,,0,,,MEDIUM
CVE-2015-7185,before,CWE-254,4.3,8.6,32.0,2960.0,2960.0,0,0.0,0.0,MEDIUM
CVE-2015-7187,before,CWE-254,4.3,8.6,33.0,2960.0,2960.0,0,0.0,0.0,MEDIUM
CVE-2015-7189,condition,CWE-119,6.8,8.6,2.0,1973.0,1973.0,0,0.0,0.0,MEDIUM
CVE-2015-7196,before,CWE-17,6.8,8.6,34.0,2960.0,2960.0,0,0.0,0.0,MEDIUM
CVE-2015-7197,before,CWE-264,5.0,10.0,35.0,2960.0,2960.0,0,0.0,0.0,MEDIUM
CVE-2015-7940,library,CWE-200,5.0,10.0,1.0,3898.0,3898.0,0,7.0,5.83,MEDIUM
CVE-2015-6555,before,CWE-94,8.5,6.8,36.0,2953.0,2953.0,0,0.0,0.0,HIGH
CVE-2015-6045,vulnerability,NVD-CWE-Other,9.3,8.6,99.0,,,0,,,HIGH
CVE-2015-4852,component,CWE-502,9.8,3.9,2.0,0.0,0.0,1,0.0,0.0,CRITICAL
CVE-2015-7912,servlet,NVD-CWE-Other,10.0,10.0,1.0,,,0,,,HIGH
CVE-2015-7913,the,NVD-CWE-Other,7.2,3.9,3.0,0.0,0.0,0,0.0,0.0,HIGH
CVE-2015-5256,before,CWE-264,4.3,8.6,36.0,2941.0,2941.0,0,0.0,0.0,MEDIUM
CVE-2015-8103,subsystem,CWE-502,9.8,3.9,2.0,87.0,87.0,1,0.0,0.0,CRITICAL
CVE-2015-2327,before,CWE-119,7.5,10.0,36.0,2933.0,2933.0,1,0.0,0.0,HIGH
CVE-2015-2328,before,CWE-19,7.5,10.0,37.0,2933.0,2933.0,1,0.0,0.0,HIGH
CVE-2015-8380,function,CWE-119,7.5,10.0,11.0,0.0,0.0,1,0.0,0.0,HIGH
CVE-2015-8381,function,CWE-119,7.5,10.0,12.0,0.0,0.0,1,0.0,0.0,HIGH
CVE-2015-8382,match,CWE-119,6.4,10.0,1.0,2497.0,2497.0,1,0.0,0.0,MEDIUM
CVE-2015-8383,before,CWE-119,9.8,3.9,37.0,2933.0,2933.0,0,0.0,0.0,CRITICAL
CVE-2015-8384,before,CWE-119,7.5,10.0,38.0,2933.0,2933.0,0,0.0,0.0,HIGH
CVE-2015-8385,before,CWE-119,7.5,10.0,39.0,2933.0,2933.0,0,0.0,0.0,HIGH
CVE-2015-8386,before,CWE-119,9.8,3.9,40.0,2933.0,2933.0,0,0.0,0.0,CRITICAL
CVE-2015-8387,before,CWE-190,7.3,3.9,41.0,2933.0,2933.0,0,0.0,0.0,HIGH
CVE-2015-8388,before,CWE-119,7.5,10.0,42.0,2933.0,2933.0,0,0.0,0.0,HIGH
CVE-2015-8389,before,CWE-119,9.8,3.9,43.0,2933.0,2933.0,0,0.0,0.0,CRITICAL
CVE-2015-8390,before,CWE-908,9.8,3.9,44.0,2933.0,2933.0,0,0.0,0.0,CRITICAL
CVE-2015-8391,function,CWE-119,9.8,3.9,13.0,0.0,0.0,0,0.0,0.0,CRITICAL
CVE-2015-8392,before,CWE-119,7.5,10.0,45.0,2933.0,2933.0,0,0.0,0.0,HIGH
CVE-2015-8394,before,CWE-190,9.8,3.9,46.0,2933.0,2933.0,0,0.0,0.0,CRITICAL
CVE-2015-8395,before,CWE-119,7.5,10.0,47.0,2933.0,2933.0,0,0.0,0.0,HIGH
CVE-2015-6764,function,CWE-119,9.8,3.9,14.0,0.0,0.0,0,0.0,0.0,CRITICAL
CVE-2015-6771,used,CWE-119,7.5,10.0,11.0,,,0,,,HIGH
CVE-2015-6772,implementation,CWE-264,7.5,10.0,7.0,,,0,,,HIGH
CVE-2015-6774,vulnerability,NVD-CWE-Other,7.5,10.0,99.0,,,0,,,HIGH
CVE-2015-5006,before,CWE-200,2.1,3.9,48.0,2927.0,2927.0,0,0.0,0.0,LOW
CVE-2015-6420,interfaces,CWE-502,9.8,3.9,1.0,386.0,386.0,1,0.0,0.0,CRITICAL
CVE-2015-7204,before,CWE-17,6.8,8.6,49.0,2918.0,2918.0,0,0.0,0.0,MEDIUM
CVE-2015-7207,before,CWE-200,5.0,10.0,50.0,2918.0,2918.0,0,0.0,0.0,MEDIUM
CVE-2015-7220,overflow,CWE-119,10.0,10.0,1.0,2150.0,2150.0,0,0.0,0.0,HIGH
CVE-2015-6934,interfaces,CWE-20,7.3,3.9,2.0,380.0,380.0,0,0.0,0.0,HIGH
CVE-2015-7931,client,CWE-20,8.7,2.2,2.0,,,0,,,HIGH
CVE-2015-7934,client,CWE-200,8.6,3.9,3.0,,,0,,,HIGH
CVE-2015-7786,scripting,CWE-79,6.1,2.8,7.0,,,0,,,MEDIUM
CVE-2015-2913,the,CWE-200,5.9,2.2,3.0,0.0,0.0,0,0.0,0.0,MEDIUM
CVE-2015-5989,devices,CWE-264,9.8,3.9,4.0,,,0,,,CRITICAL
CVE-2015-7450,interfaces,CWE-502,9.8,3.9,3.0,367.0,367.0,1,0.0,0.0,CRITICAL
CVE-2016-1283,function,CWE-119,9.8,3.9,15.0,0.0,0.0,1,0.0,0.0,CRITICAL
CVE-2015-8509,and,CWE-200,3.5,2.1,32.0,,,1,,,LOW
CVE-2015-5254,before,CWE-20,9.8,3.9,52.0,2895.0,2895.0,0,0.0,0.0,CRITICAL
CVE-2015-8765,and,NVD-CWE-Other,8.3,3.9,33.0,,,0,,,HIGH
CVE-2016-0024,engine,CWE-119,8.8,2.8,1.0,,,0,,,HIGH
CVE-2016-0943,and,CWE-264,8.8,2.8,34.0,,,0,,,HIGH
CVE-2016-0402,vulnerability,NVD-CWE-noinfo,5.0,10.0,99.0,,,0,,,MEDIUM
CVE-2016-0448,vulnerability,NVD-CWE-noinfo,4.0,8.0,100.0,,,0,,,MEDIUM
CVE-2016-0466,vulnerability,NVD-CWE-noinfo,5.0,10.0,101.0,,,0,,,MEDIUM
CVE-2016-0475,vulnerability,NVD-CWE-noinfo,5.8,8.6,102.0,,,0,,,MEDIUM
CVE-2016-0483,vulnerability,NVD-CWE-noinfo,10.0,10.0,103.0,,,0,,,HIGH
CVE-2016-0494,vulnerability,NVD-CWE-noinfo,10.0,10.0,104.0,,,0,,,HIGH
CVE-2016-0499,vulnerability,NVD-CWE-noinfo,9.0,8.0,105.0,,,0,,,HIGH
CVE-2016-0520,vulnerability,NVD-CWE-noinfo,4.3,8.6,106.0,,,0,,,MEDIUM
CVE-2016-0573,vulnerability,NVD-CWE-noinfo,7.5,10.0,107.0,,,0,,,HIGH
CVE-2016-1612,function,CWE-20,7.6,2.8,14.0,0.0,0.0,0,0.0,0.0,HIGH
CVE-2016-1985,and,CWE-94,10.0,3.9,35.0,,,0,,,CRITICAL
CVE-2015-5344,component,CWE-19,9.8,3.9,3.0,0.0,0.0,0,0.0,0.0,CRITICAL
CVE-2016-0603,vulnerability,NVD-CWE-noinfo,7.6,4.9,87.0,,,0,,,HIGH
CVE-2014-9757,used,CWE-20,9.8,3.9,10.0,,,0,,,CRITICAL
CVE-2015-8360,unspecified,CWE-20,9.8,3.9,1.0,,,0,,,CRITICAL
CVE-2016-0958,and,CWE-200,7.5,3.9,36.0,,,0,,,HIGH
CVE-2016-1986,allows,CWE-94,9.8,3.9,2.0,1205.0,1205.0,0,0.0,0.0,CRITICAL
CVE-2016-1524,unrestricted,NVD-CWE-Other,9.6,2.8,1.0,,,0,,,CRITICAL
CVE-2016-1622,subsystem,CWE-264,8.8,2.8,3.0,7.0,7.0,0,0.0,0.0,HIGH
CVE-2016-2387,scripting,CWE-79,6.1,2.8,7.0,,,0,,,MEDIUM
CVE-2016-2388,allows,CWE-200,5.3,3.9,3.0,1201.0,1201.0,1,0.0,0.0,MEDIUM
CVE-2016-2397,cliserver,CWE-77,9.8,3.9,1.0,,,0,,,CRITICAL
CVE-2016-1927,function,CWE-254,7.5,3.9,15.0,0.0,0.0,0,0.0,0.0,HIGH
CVE-2016-2275,web,CWE-284,9.8,3.9,1.0,,,0,,,CRITICAL
CVE-2016-1632,subsystem,CWE-264,8.8,2.8,4.0,0.0,0.0,0,0.0,0.0,HIGH
CVE-2016-2844,used,CWE-20,8.8,2.8,11.0,,,0,,,HIGH
CVE-2016-1958,before,CWE-254,4.3,2.8,46.0,2830.0,2830.0,0,0.0,0.0,MEDIUM
CVE-2016-1967,before,CWE-200,6.5,2.8,47.0,2830.0,2830.0,0,0.0,0.0,MEDIUM
CVE-2016-3191,function,CWE-119,9.8,3.9,15.0,0.0,0.0,1,0.0,0.0,CRITICAL
CVE-2016-1997,before,CWE-20,9.8,3.9,48.0,2821.0,2821.0,0,0.0,0.0,CRITICAL
CVE-2016-1998,before,CWE-20,9.8,3.9,49.0,2821.0,2821.0,0,0.0,0.0,CRITICAL
CVE-2016-1764,implementation,CWE-200,4.3,2.8,6.0,,,0,,,MEDIUM
CVE-2016-0636,vulnerability,NVD-CWE-noinfo,8.1,2.2,86.0,,,0,,,HIGH
CVE-2016-1646,implementation,CWE-125,8.8,2.8,7.0,,,1,,,HIGH
CVE-2016-1648,vulnerability,NVD-CWE-Other,8.8,2.8,87.0,,,0,,,HIGH
CVE-2016-2000,and,CWE-19,9.8,3.9,36.0,,,0,,,CRITICAL
CVE-2016-3973,chat,CWE-200,5.3,3.9,1.0,844.0,844.0,0,3.0,0.0,MEDIUM
CVE-2016-3974,external,CWE-611,9.1,3.9,2.0,1345.0,1345.0,1,0.0,0.0,CRITICAL
CVE-2016-3975,scripting,CWE-79,6.1,2.8,7.0,,,1,,,MEDIUM
CVE-2016-2510,before,CWE-19,8.1,2.2,43.0,2805.0,2805.0,1,0.0,0.0,HIGH
CVE-2016-3976,traversal,CWE-22,7.5,3.9,1.0,,,1,,,HIGH
CVE-2015-8840,does,CWE-862,8.8,2.8,3.0,,,0,,,HIGH
CVE-2016-3979,through,CWE-20,7.5,3.9,4.0,,,0,,,HIGH
CVE-2016-3980,through,CWE-20,7.5,3.9,5.0,,,0,,,HIGH
CVE-2016-2164,and,CWE-200,7.5,3.9,36.0,,,0,,,HIGH
CVE-2016-2170,before,CWE-20,9.8,3.9,44.0,2800.0,2800.0,0,0.0,0.0,CRITICAL
CVE-2016-0162,through,NVD-CWE-noinfo,4.3,2.8,6.0,,,0,,,MEDIUM
CVE-2016-1034,the,NVD-CWE-noinfo,9.1,3.9,4.0,0.0,0.0,0,0.0,0.0,CRITICAL
CVE-2016-4014,external,NVD-CWE-Other,8.6,3.9,3.0,1339.0,1339.0,1,0.0,0.0,HIGH
CVE-2016-4015,through,NVD-CWE-noinfo,7.5,3.9,7.0,,,0,,,HIGH
CVE-2015-5348,through,CWE-19,8.1,2.2,8.0,,,0,,,HIGH
CVE-2016-1653,implementation,CWE-119,8.8,2.8,8.0,,,0,,,HIGH
CVE-2016-2003,and,NVD-CWE-Other,9.8,3.9,37.0,,,0,,,CRITICAL
CVE-2016-0638,vulnerability,NVD-CWE-noinfo,9.8,3.9,74.0,,,0,,,CRITICAL
CVE-2016-0686,vulnerability,NVD-CWE-noinfo,9.6,2.8,75.0,,,0,,,CRITICAL
CVE-2016-0687,vulnerability,NVD-CWE-noinfo,9.6,2.8,76.0,,,0,,,CRITICAL
CVE-2016-0695,vulnerability,NVD-CWE-noinfo,5.9,2.2,77.0,,,0,,,MEDIUM
CVE-2016-3422,vulnerability,NVD-CWE-noinfo,4.3,2.8,78.0,,,0,,,MEDIUM
CVE-2016-3425,vulnerability,NVD-CWE-noinfo,4.3,2.8,79.0,,,0,,,MEDIUM
CVE-2016-3426,vulnerability,NVD-CWE-noinfo,3.1,1.6,80.0,,,0,,,LOW
CVE-2016-3427,vulnerability,NVD-CWE-noinfo,9.8,3.9,81.0,,,0,,,CRITICAL
CVE-2016-3443,vulnerability,NVD-CWE-noinfo,9.6,2.8,82.0,,,0,,,CRITICAL
CVE-2016-3449,vulnerability,NVD-CWE-noinfo,8.3,1.6,83.0,,,0,,,HIGH
CVE-2016-3454,vulnerability,NVD-CWE-noinfo,9.0,2.2,84.0,,,0,,,CRITICAL
CVE-2016-2808,watch,CWE-119,7.5,1.6,1.0,885.0,885.0,0,1.0,0.0,HIGH
CVE-2016-2813,before,CWE-200,6.5,2.8,43.0,2782.0,2782.0,0,0.0,0.0,MEDIUM
CVE-2016-2817,sandbox,CWE-264,5.4,2.8,1.0,,,0,,,MEDIUM
CVE-2016-2009,and,CWE-284,8.8,2.8,38.0,,,0,,,HIGH
CVE-2016-0186,engine,CWE-119,7.5,1.6,2.0,,,0,,,HIGH
CVE-2016-0191,engine,CWE-119,7.5,1.6,3.0,,,0,,,HIGH
CVE-2016-0193,engine,CWE-119,7.5,1.6,4.0,,,0,,,HIGH
CVE-2016-1114,before,CWE-502,9.8,3.9,44.0,2772.0,2772.0,0,0.0,0.0,CRITICAL
CVE-2016-1038,and,CWE-284,10.0,3.9,39.0,,,0,,,CRITICAL
CVE-2016-1039,and,CWE-284,9.8,3.9,40.0,,,0,,,CRITICAL
CVE-2016-1040,and,CWE-284,9.8,3.9,41.0,,,0,,,CRITICAL
CVE-2016-1041,and,CWE-284,10.0,3.9,42.0,,,0,,,CRITICAL
CVE-2016-1042,and,CWE-284,9.8,3.9,43.0,,,0,,,CRITICAL
CVE-2016-1044,and,CWE-284,10.0,3.9,44.0,,,0,,,CRITICAL
CVE-2016-1062,and,CWE-284,9.8,3.9,45.0,,,0,,,CRITICAL
CVE-2016-1117,and,CWE-284,9.8,3.9,46.0,,,0,,,CRITICAL
CVE-2010-5326,platforms,NVD-CWE-noinfo,10.0,3.9,1.0,,,0,,,CRITICAL
CVE-2016-1665,class,CWE-20,6.5,2.8,2.0,111.0,111.0,0,0.0,0.0,MEDIUM
CVE-2016-1669,function,CWE-119,8.8,2.8,14.0,0.0,0.0,0,0.0,0.0,HIGH
CVE-2016-0323,agent,CWE-284,6.5,2.8,1.0,3160.0,3160.0,0,0.0,0.0,MEDIUM
CVE-2016-0264,overflow,CWE-119,5.6,2.2,3.0,1990.0,1990.0,0,0.0,0.0,MEDIUM
CVE-2016-1999,server,CWE-284,9.8,3.9,1.0,,,0,,,CRITICAL
CVE-2016-3094,before,CWE-20,5.9,2.2,45.0,2750.0,2750.0,0,0.0,0.0,MEDIUM
CVE-2016-4432,and,CWE-287,9.1,3.9,33.0,,,0,,,CRITICAL
CVE-2016-0363,class,CWE-20,8.1,2.2,3.0,91.0,91.0,0,0.0,0.0,HIGH
CVE-2016-0376,class,NVD-CWE-Other,8.1,2.2,4.0,91.0,91.0,0,0.0,0.0,HIGH
CVE-2016-1678,before,CWE-119,8.8,2.8,46.0,2746.0,2746.0,0,0.0,0.0,HIGH
CVE-2016-1679,function,NVD-CWE-Other,8.8,2.8,15.0,0.0,0.0,0,0.0,0.0,HIGH
CVE-2016-1688,regexp,CWE-119,6.5,2.8,1.0,351.0,351.0,0,0.0,0.0,MEDIUM
CVE-2016-1690,implementation,NVD-CWE-Other,7.5,1.6,8.0,,,0,,,HIGH
CVE-2016-1697,function,CWE-284,8.8,2.8,16.0,0.0,0.0,0,0.0,0.0,HIGH
CVE-2016-1701,implementation,NVD-CWE-Other,8.8,2.8,9.0,,,0,,,HIGH
CVE-2015-5041,before,CWE-200,9.1,3.9,47.0,2745.0,2745.0,0,0.0,0.0,CRITICAL
CVE-2016-4368,through,CWE-20,9.8,3.9,9.0,,,0,,,CRITICAL
CVE-2016-4369,and,CWE-284,8.8,2.8,34.0,,,0,,,HIGH
CVE-2016-2833,before,CWE-79,6.1,2.8,48.0,2738.0,2738.0,0,0.0,0.0,MEDIUM
CVE-2016-3199,engine,CWE-119,8.8,2.8,5.0,,,0,,,HIGH
CVE-2016-3202,and,CWE-20,7.5,1.6,35.0,,,0,,,HIGH
CVE-2016-3212,through,CWE-79,6.1,2.8,10.0,,,0,,,MEDIUM
CVE-2016-3214,engine,CWE-119,8.8,2.8,6.0,,,0,,,HIGH
CVE-2016-3642,service,NVD-CWE-Other,9.8,3.9,1.0,1045.0,1045.0,1,0.0,0.0,CRITICAL
CVE-2016-1183,for,CWE-264,3.7,2.2,4.0,,,0,,,LOW
CVE-2016-0304,before,CWE-284,8.1,2.2,49.0,2723.0,2723.0,0,0.0,0.0,HIGH
CVE-2016-2961,integration,CWE-200,5.3,3.9,1.0,7.0,7.0,0,0.0,0.0,MEDIUM
CVE-2016-3248,and,CWE-119,8.8,2.8,34.0,,,0,,,HIGH
CVE-2016-3259,and,CWE-119,8.8,2.8,35.0,,,0,,,HIGH
CVE-2016-3260,and,CWE-119,8.8,2.8,36.0,,,0,,,HIGH
CVE-2016-3265,engine,CWE-119,8.8,2.8,7.0,,,0,,,HIGH
CVE-2016-3269,engine,CWE-119,8.8,2.8,8.0,,,0,,,HIGH
CVE-2016-3273,through,CWE-200,5.3,1.6,9.0,,,0,,,MEDIUM
CVE-2016-4215,and,CWE-254,9.8,3.9,37.0,,,0,,,CRITICAL
CVE-2016-4216,for,NVD-CWE-Other,7.5,3.9,4.0,,,0,,,HIGH
CVE-2016-4372,before,CWE-20,9.8,3.9,50.0,2706.0,2706.0,0,0.0,0.0,CRITICAL
CVE-2016-3458,vulnerability,NVD-CWE-noinfo,4.3,2.8,56.0,,,0,,,MEDIUM
CVE-2016-3485,vulnerability,NVD-CWE-noinfo,2.9,1.4,57.0,,,0,,,LOW
CVE-2016-3498,vulnerability,NVD-CWE-noinfo,5.3,3.9,58.0,,,0,,,MEDIUM
CVE-2016-3500,vulnerability,NVD-CWE-noinfo,5.3,3.9,59.0,,,0,,,MEDIUM
CVE-2016-3503,vulnerability,NVD-CWE-noinfo,7.7,1.0,60.0,,,0,,,HIGH
CVE-2016-3508,vulnerability,NVD-CWE-noinfo,5.3,3.9,61.0,,,0,,,MEDIUM
CVE-2016-3511,vulnerability,NVD-CWE-noinfo,7.7,1.0,62.0,,,0,,,HIGH
CVE-2016-3550,vulnerability,NVD-CWE-noinfo,4.3,2.8,63.0,,,0,,,MEDIUM
CVE-2016-3552,vulnerability,NVD-CWE-noinfo,8.1,1.4,64.0,,,0,,,HIGH
CVE-2016-3587,vulnerability,NVD-CWE-noinfo,9.6,2.8,65.0,,,0,,,CRITICAL
CVE-2016-3598,vulnerability,NVD-CWE-noinfo,9.6,2.8,66.0,,,0,,,CRITICAL
CVE-2016-3606,vulnerability,NVD-CWE-noinfo,9.6,2.8,67.0,,,0,,,CRITICAL
CVE-2016-3610,vulnerability,NVD-CWE-noinfo,9.6,2.8,68.0,,,0,,,CRITICAL
CVE-2016-4651,scripting,CWE-79,6.1,2.8,5.0,,,0,,,MEDIUM
CVE-2016-5127,vulnerability,CWE-416,7.5,1.6,69.0,,,0,,,HIGH
CVE-2016-5129,before,CWE-119,8.8,2.8,51.0,2698.0,2698.0,0,0.0,0.0,HIGH
CVE-2016-5130,before,CWE-284,6.5,2.8,52.0,2698.0,2698.0,0,0.0,0.0,MEDIUM
CVE-2016-4373,before,CWE-284,9.8,3.9,52.0,2690.0,2690.0,0,0.0,0.0,CRITICAL
CVE-2016-5255,vulnerability,CWE-416,8.8,2.8,70.0,,,0,,,HIGH
CVE-2016-5262,before,CWE-79,6.1,2.8,53.0,2686.0,2686.0,0,0.0,0.0,MEDIUM
CVE-2016-0782,administration,CWE-79,5.4,2.3,1.0,,,0,,,MEDIUM
CVE-2016-5142,implementation,CWE-416,9.8,3.9,9.0,,,0,,,CRITICAL
CVE-2016-5145,used,CWE-254,8.8,2.8,10.0,,,0,,,HIGH
CVE-2016-3296,engine,CWE-119,7.5,1.6,9.0,,,0,,,HIGH
CVE-2016-0760,incomplete,CWE-284,8.8,2.8,1.0,,,0,,,HIGH
CVE-2016-5150,used,CWE-416,8.8,2.8,11.0,,,0,,,HIGH
CVE-2016-3890,implementation,CWE-264,7.0,1.0,8.0,,,0,,,HIGH
CVE-2016-3350,engine,CWE-119,7.5,1.6,10.0,,,0,,,HIGH
CVE-2016-3377,engine,CWE-119,7.5,1.6,11.0,,,0,,,HIGH
CVE-2016-5279,before,CWE-200,4.3,2.8,47.0,2637.0,2637.0,0,0.0,0.0,MEDIUM
CVE-2016-5281,vulnerability,CWE-416,9.8,3.9,71.0,,,0,,,CRITICAL
CVE-2016-5171,used,CWE-416,8.8,2.8,6.0,,,0,,,HIGH
CVE-2016-5172,parser,CWE-200,6.5,2.8,1.0,,,0,,,MEDIUM
CVE-2016-5173,extensions,CWE-284,7.1,2.8,1.0,0.0,0.0,0,0.0,0.0,HIGH
CVE-2016-4978,method,CWE-502,7.2,1.2,22.0,,,0,,,HIGH
CVE-2016-5062,web,CWE-669,9.8,3.9,2.0,,,0,,,CRITICAL
CVE-2016-4385,service,CWE-502,7.3,3.9,2.0,941.0,941.0,0,0.0,0.0,HIGH
CVE-2015-1832,external,CWE-399,9.1,3.9,3.0,1166.0,1166.0,0,0.0,0.0,CRITICAL
CVE-2016-5983,before,CWE-284,7.5,1.6,46.0,2624.0,2624.0,0,0.0,0.0,HIGH
CVE-2016-7065,servlet,CWE-502,8.8,2.8,2.0,,,0,,,HIGH
CVE-2016-6957,and,CWE-254,9.8,3.9,27.0,,,0,,,CRITICAL
CVE-2016-3382,scripting,CWE-119,7.5,1.6,5.0,,,0,,,HIGH
CVE-2016-3386,engine,CWE-119,7.5,1.6,12.0,,,0,,,HIGH
CVE-2016-3389,engine,CWE-119,7.5,1.6,13.0,,,0,,,HIGH
CVE-2016-3390,scripting,CWE-119,7.5,1.6,6.0,,,0,,,HIGH
CVE-2016-7189,engine,CWE-119,7.5,1.6,14.0,,,0,,,HIGH
CVE-2016-7190,engine,CWE-119,7.5,1.6,15.0,,,0,,,HIGH
CVE-2016-7194,engine,CWE-119,7.5,1.6,16.0,,,0,,,HIGH
CVE-2016-3505,vulnerability,NVD-CWE-noinfo,8.8,2.8,42.0,,,0,,,HIGH
CVE-2016-5519,vulnerability,NVD-CWE-noinfo,8.8,2.8,43.0,,,0,,,HIGH
CVE-2016-5523,vulnerability,NVD-CWE-noinfo,8.8,2.8,44.0,,,0,,,HIGH
CVE-2016-5536,vulnerability,CWE-284,7.6,2.8,45.0,,,0,,,HIGH
CVE-2016-5542,vulnerability,NVD-CWE-noinfo,3.1,1.6,46.0,,,0,,,LOW
CVE-2016-5554,vulnerability,NVD-CWE-noinfo,4.3,2.8,47.0,,,0,,,MEDIUM
CVE-2016-5556,vulnerability,CWE-284,9.6,2.8,48.0,,,0,,,CRITICAL
CVE-2016-5568,vulnerability,CWE-284,9.6,2.8,49.0,,,0,,,CRITICAL
CVE-2016-5573,vulnerability,CWE-264,8.3,1.6,50.0,,,0,,,HIGH
CVE-2016-5582,vulnerability,CWE-284,9.6,2.8,51.0,,,0,,,CRITICAL
CVE-2016-5597,vulnerability,CWE-200,5.9,2.2,52.0,,,0,,,MEDIUM
CVE-2016-8281,vulnerability,CWE-284,7.6,2.8,53.0,,,0,,,HIGH
CVE-2016-8502,warning,CWE-254,7.3,3.9,1.0,,,0,,,HIGH
CVE-2016-8503,warning,CWE-254,7.3,3.9,2.0,,,0,,,HIGH
CVE-2016-8505,browser,CWE-79,6.1,2.8,1.0,,,0,,,MEDIUM
CVE-2016-8506,browser,CWE-79,6.1,2.8,2.0,,,0,,,MEDIUM
CVE-2016-9017,before,CWE-125,7.5,3.9,47.0,2601.0,2601.0,1,0.0,0.0,HIGH
CVE-2016-9136,before,CWE-119,7.5,3.9,48.0,2595.0,2595.0,0,0.0,0.0,HIGH
CVE-2016-7200,scripting,CWE-787,8.8,2.8,7.0,,,1,,,HIGH
CVE-2016-7201,scripting,CWE-843,8.8,2.8,8.0,,,1,,,HIGH
CVE-2016-7202,scripting,CWE-119,7.5,1.6,9.0,,,0,,,HIGH
CVE-2016-7203,scripting,CWE-119,7.5,1.6,10.0,,,0,,,HIGH
CVE-2016-7208,scripting,CWE-119,7.5,1.6,11.0,,,0,,,HIGH
CVE-2016-7240,scripting,CWE-119,7.5,1.6,12.0,,,0,,,HIGH
CVE-2016-7242,scripting,CWE-119,7.5,1.6,13.0,,,0,,,HIGH
CVE-2016-7243,scripting,CWE-119,7.5,1.6,14.0,,,0,,,HIGH
CVE-2016-9294,before,CWE-476,7.5,3.9,44.0,2587.0,2587.0,1,0.0,0.0,HIGH
CVE-2016-9562,allows,CWE-476,7.5,3.9,3.0,920.0,920.0,0,0.0,0.0,HIGH
CVE-2016-9563,allows,CWE-611,6.5,2.8,4.0,920.0,920.0,0,0.0,0.0,MEDIUM
CVE-2016-6496,directory,CWE-20,9.8,3.9,1.0,0.0,0.0,0,0.0,0.0,CRITICAL
CVE-2016-6501,before,CWE-20,9.8,3.9,31.0,2559.0,2559.0,0,0.0,0.0,CRITICAL
CVE-2016-9857,issue,CWE-79,6.1,2.8,1.0,1894.0,1894.0,0,0.0,0.0,MEDIUM
CVE-2016-5740,issue,CWE-79,6.1,2.8,2.0,1889.0,1889.0,0,0.0,0.0,MEDIUM
CVE-2016-7967,since,CWE-94,8.1,2.8,1.0,,,0,,,HIGH
CVE-2016-7968,since,CWE-94,6.5,3.9,2.0,,,0,,,MEDIUM
CVE-2016-6859,before,CWE-200,4.3,2.8,30.0,2538.0,2538.0,0,0.0,0.0,MEDIUM
CVE-2017-5217,application,CWE-20,5.5,1.8,1.0,771.0,771.0,0,0.0,0.0,MEDIUM
CVE-2015-4591,suffers,CWE-79,6.1,2.8,1.0,,,1,,,MEDIUM
CVE-2017-2955,versions,CWE-416,7.8,1.8,1.0,2602.0,2602.0,0,1.0,0.0,HIGH
CVE-2017-2956,versions,CWE-416,7.8,1.8,2.0,2602.0,2602.0,0,1.0,0.0,HIGH
CVE-2017-2957,versions,CWE-416,7.8,1.8,3.0,2602.0,2602.0,0,1.0,0.0,HIGH
CVE-2017-2958,versions,CWE-416,7.8,1.8,4.0,2602.0,2602.0,0,1.0,0.0,HIGH
CVE-2016-9299,remoting,CWE-90,9.8,3.9,1.0,,,0,,,CRITICAL
CVE-2016-5201,leak,CWE-200,6.5,2.8,1.0,3158.0,3158.0,0,1.0,0.17,MEDIUM
CVE-2016-5226,prior,CWE-79,6.1,2.8,1.0,2062.0,2062.0,0,2.0,0.0,MEDIUM
CVE-2017-5553,scripting,CWE-79,5.4,2.3,14.0,,,0,,,MEDIUM
CVE-2013-7452,validator,CWE-79,6.1,2.8,1.0,1668.0,1668.0,0,2.0,0.0,MEDIUM
CVE-2015-8857,package,CWE-254,9.8,3.9,1.0,0.0,0.0,1,0.0,0.0,CRITICAL
CVE-2017-5372,function,CWE-200,7.5,3.9,8.0,0.0,0.0,0,0.0,0.0,HIGH
CVE-2017-2929,extension,CWE-79,6.1,2.8,1.0,949.0,949.0,0,0.0,0.0,MEDIUM
CVE-2016-5546,the,NVD-CWE-noinfo,7.5,3.9,2.0,0.0,0.0,0,0.0,0.0,HIGH
CVE-2016-5547,the,NVD-CWE-noinfo,5.3,3.9,3.0,0.0,0.0,0,0.0,0.0,MEDIUM
CVE-2016-5548,the,NVD-CWE-noinfo,6.5,2.8,4.0,0.0,0.0,0,0.0,0.0,MEDIUM
CVE-2016-5549,the,NVD-CWE-noinfo,6.5,2.8,5.0,0.0,0.0,0,0.0,0.0,MEDIUM
CVE-2016-5552,the,NVD-CWE-noinfo,5.3,3.9,6.0,0.0,0.0,0,0.0,0.0,MEDIUM
CVE-2016-8328,the,NVD-CWE-noinfo,3.7,2.2,7.0,0.0,0.0,0,0.0,0.0,LOW
CVE-2017-3231,the,CWE-200,4.3,2.8,8.0,0.0,0.0,0,0.0,0.0,MEDIUM
CVE-2017-3241,the,CWE-20,9.0,2.2,9.0,0.0,0.0,0,0.0,0.0,CRITICAL
CVE-2017-3252,the,NVD-CWE-noinfo,5.8,1.3,10.0,0.0,0.0,0,0.0,0.0,MEDIUM
CVE-2017-3253,the,NVD-CWE-noinfo,7.5,3.9,11.0,0.0,0.0,0,0.0,0.0,HIGH
CVE-2017-3259,the,NVD-CWE-noinfo,3.7,2.2,12.0,0.0,0.0,0,0.0,0.0,LOW
CVE-2017-3260,the,NVD-CWE-noinfo,8.3,1.6,13.0,0.0,0.0,0,0.0,0.0,HIGH
CVE-2017-3261,the,NVD-CWE-noinfo,4.3,2.8,14.0,0.0,0.0,0,0.0,0.0,MEDIUM
CVE-2017-3262,the,NVD-CWE-noinfo,5.3,3.9,15.0,0.0,0.0,0,0.0,0.0,MEDIUM
CVE-2017-3272,the,NVD-CWE-noinfo,9.6,2.8,16.0,0.0,0.0,0,0.0,0.0,CRITICAL
CVE-2017-3289,the,NVD-CWE-noinfo,9.6,2.8,17.0,0.0,0.0,0,0.0,0.0,CRITICAL
CVE-2016-2938,vulnerable,CWE-79,6.1,2.8,1.0,,,0,,,MEDIUM
CVE-2016-2939,vulnerable,CWE-79,6.1,2.8,2.0,,,0,,,MEDIUM
CVE-2016-3018,for,CWE-79,6.1,2.8,3.0,,,0,,,MEDIUM
CVE-2016-5880,vulnerable,CWE-79,5.4,2.3,3.0,,,0,,,MEDIUM
CVE-2016-5882,vulnerable,CWE-79,6.1,2.8,4.0,,,0,,,MEDIUM
CVE-2016-5884,vulnerable,CWE-79,6.1,2.8,5.0,,,0,,,MEDIUM
CVE-2016-5899,vulnerable,CWE-79,5.4,2.3,6.0,,,0,,,MEDIUM
CVE-2016-5948,vulnerable,CWE-79,5.4,2.3,7.0,,,0,,,MEDIUM
CVE-2016-5951,vulnerable,CWE-79,5.4,2.3,8.0,,,0,,,MEDIUM
CVE-2016-5980,vulnerable,CWE-79,5.4,2.3,9.0,,,0,,,MEDIUM
CVE-2016-6000,vulnerable,CWE-79,6.1,2.8,10.0,,,0,,,MEDIUM
CVE-2016-6030,vulnerable,CWE-79,5.4,2.3,11.0,,,0,,,MEDIUM
CVE-2016-6039,vulnerable,CWE-79,5.4,2.3,12.0,,,0,,,MEDIUM
CVE-2016-6046,vulnerable,CWE-79,5.4,2.3,13.0,,,0,,,MEDIUM
CVE-2016-6047,vulnerable,CWE-79,5.4,2.3,14.0,,,0,,,MEDIUM
CVE-2016-6054,vulnerable,CWE-79,5.4,2.3,15.0,,,0,,,MEDIUM
CVE-2016-6061,vulnerable,CWE-79,5.4,2.3,16.0,,,0,,,MEDIUM
CVE-2016-6072,vulnerable,CWE-79,5.4,2.3,17.0,,,0,,,MEDIUM
CVE-2016-6113,vulnerable,CWE-79,6.1,2.8,18.0,,,0,,,MEDIUM
CVE-2016-6123,and,CWE-79,5.4,2.3,23.0,,,0,,,MEDIUM
CVE-2016-6125,and,CWE-79,5.4,2.3,24.0,,,0,,,MEDIUM
CVE-2016-8920,and,CWE-79,5.4,2.3,25.0,,,0,,,MEDIUM
CVE-2016-8922,vulnerable,CWE-79,6.1,2.8,19.0,,,0,,,MEDIUM
CVE-2016-8934,vulnerable,CWE-79,5.4,2.3,20.0,,,0,,,MEDIUM
CVE-2016-8936,for,CWE-79,6.1,2.8,4.0,,,0,,,MEDIUM
CVE-2016-8943,vulnerable,CWE-79,5.4,2.3,21.0,,,0,,,MEDIUM
CVE-2016-9731,vulnerable,CWE-79,5.4,2.3,22.0,,,0,,,MEDIUM
CVE-2016-2992,vulnerable,CWE-79,5.4,2.3,23.0,,,0,,,MEDIUM
CVE-2016-5881,vulnerable,CWE-79,6.1,2.8,24.0,,,0,,,MEDIUM
CVE-2016-5940,vulnerable,CWE-79,5.4,2.3,25.0,,,0,,,MEDIUM
CVE-2016-5942,vulnerable,CWE-79,5.4,2.8,26.0,,,0,,,MEDIUM
CVE-2016-9704,vulnerable,CWE-79,6.1,2.8,27.0,,,0,,,MEDIUM
CVE-2017-2767,contains,CWE-287,9.8,3.9,1.0,,,0,,,CRITICAL
CVE-2016-9642,allows,CWE-125,5.5,1.8,5.0,848.0,848.0,0,0.0,0.0,MEDIUM
CVE-2016-6500,methods,CWE-20,8.1,2.2,1.0,,,0,,,HIGH
CVE-2016-6096,and,CWE-79,6.1,2.8,26.0,,,0,,,MEDIUM
CVE-2016-6032,and,CWE-79,5.4,2.3,27.0,,,0,,,MEDIUM
CVE-2017-1127,and,CWE-79,5.4,2.3,28.0,,,0,,,MEDIUM
CVE-2017-1128,and,CWE-79,5.4,2.3,29.0,,,0,,,MEDIUM
CVE-2016-5902,vulnerable,CWE-79,6.1,2.8,28.0,,,0,,,MEDIUM
CVE-2017-5941,issue,CWE-502,9.8,3.9,7.0,1833.0,1833.0,1,0.0,0.0,CRITICAL
CVE-2017-5942,issue,CWE-79,6.1,2.8,8.0,1832.0,1832.0,1,0.0,0.0,MEDIUM
CVE-2017-5954,issue,CWE-502,9.8,3.9,9.0,1832.0,1832.0,1,0.0,0.0,CRITICAL
CVE-2017-3902,scripting,CWE-79,5.4,2.3,15.0,,,0,,,MEDIUM
CVE-2017-5157,issue,CWE-79,6.1,2.8,10.0,1829.0,1829.0,0,0.0,0.0,MEDIUM
CVE-2017-1121,and,CWE-79,5.4,2.3,29.0,,,0,,,MEDIUM
CVE-2016-0360,and,CWE-502,9.8,3.9,30.0,,,0,,,CRITICAL
CVE-2016-8968,vulnerable,CWE-79,5.4,2.3,29.0,,,0,,,MEDIUM
CVE-2016-6062,and,CWE-79,6.1,2.8,31.0,,,0,,,MEDIUM
CVE-2016-4327,scripting,CWE-79,6.1,2.8,15.0,,,1,,,MEDIUM
CVE-2017-5008,prior,CWE-79,6.1,2.8,2.0,2033.0,2033.0,0,2.0,0.0,MEDIUM
CVE-2017-6055,external,CWE-611,7.8,1.8,4.0,1029.0,1029.0,0,0.0,0.0,HIGH
CVE-2016-7592,issue,CWE-200,4.3,2.8,11.0,1822.0,1822.0,0,0.0,0.0,MEDIUM
CVE-2017-5586,allows,CWE-20,9.8,3.9,4.0,829.0,829.0,1,0.0,0.0,CRITICAL
CVE-2016-5883,and,CWE-79,6.1,2.8,32.0,,,0,,,MEDIUM
CVE-2016-6055,and,CWE-79,5.4,2.3,33.0,,,0,,,MEDIUM
CVE-2017-0037,and,CWE-843,8.1,2.2,34.0,,,1,,,HIGH
CVE-2017-5925,table,CWE-200,7.5,3.9,1.0,0.0,0.0,1,0.0,0.0,HIGH
CVE-2017-5926,table,CWE-200,7.5,3.9,2.0,0.0,0.0,1,0.0,0.0,HIGH
CVE-2017-5927,table,CWE-200,7.5,3.9,3.0,0.0,0.0,1,0.0,0.0,HIGH
CVE-2017-5928,implemented,NVD-CWE-noinfo,3.7,2.2,1.0,,,0,,,LOW
CVE-2016-5932,and,CWE-79,5.4,2.3,35.0,,,0,,,MEDIUM
CVE-2017-5230,keystore,CWE-798,7.2,1.2,1.0,407.0,407.0,0,0.0,0.0,HIGH
CVE-2017-5197,before,CWE-79,6.1,2.8,31.0,2473.0,2473.0,0,0.0,0.0,MEDIUM
CVE-2017-3159,component,CWE-502,9.8,3.9,1.0,0.0,0.0,0,0.0,0.0,CRITICAL
CVE-2016-9723,vulnerable,CWE-79,6.1,2.8,30.0,,,0,,,MEDIUM
CVE-2017-1133,vulnerable,CWE-79,5.4,2.3,31.0,,,0,,,MEDIUM
CVE-2016-9006,and,CWE-79,5.4,2.3,36.0,,,0,,,MEDIUM
CVE-2017-6547,scripting,CWE-79,6.1,2.8,16.0,,,1,,,MEDIUM
CVE-2017-6797,scripting,CWE-79,6.1,2.8,17.0,,,1,,,MEDIUM
CVE-2017-6799,scripting,CWE-79,6.1,2.8,18.0,,,1,,,MEDIUM
CVE-2016-10187,viewer,CWE-264,5.5,1.8,1.0,,,1,,,MEDIUM
CVE-2017-6958,vulnerability,CWE-79,6.1,2.8,42.0,,,0,,,MEDIUM
CVE-2016-9694,and,CWE-79,5.4,2.3,37.0,,,0,,,MEDIUM
CVE-2017-1146,and,CWE-79,5.4,2.3,38.0,,,0,,,MEDIUM
CVE-2017-7222,scripting,CWE-79,6.1,2.8,19.0,,,0,,,MEDIUM
CVE-2017-5673,the,CWE-79,6.1,2.8,18.0,0.0,0.0,1,0.0,0.0,MEDIUM
CVE-2016-9169,reflected,CWE-79,6.1,2.8,1.0,,,0,,,MEDIUM
CVE-2016-6056,for,CWE-79,5.4,2.3,5.0,,,0,,,MEDIUM
CVE-2016-9737,and,CWE-79,5.4,2.3,39.0,,,0,,,MEDIUM
CVE-2017-1120,and,CWE-79,6.1,2.8,40.0,,,0,,,MEDIUM
CVE-2016-6022,and,CWE-79,5.4,2.3,41.0,,,0,,,MEDIUM
CVE-2016-6031,and,CWE-79,5.4,2.3,42.0,,,0,,,MEDIUM
CVE-2016-6036,and,CWE-79,5.4,2.3,43.0,,,0,,,MEDIUM
CVE-2016-8935,and,CWE-79,5.4,2.3,44.0,,,0,,,MEDIUM
CVE-2016-9990,and,CWE-79,6.1,2.8,45.0,,,0,,,MEDIUM
CVE-2017-2442,issue,CWE-20,6.5,2.8,13.0,1782.0,1782.0,0,0.0,0.0,MEDIUM
CVE-2016-10222,distributed,CWE-20,7.5,3.9,1.0,3388.0,3388.0,0,10.0,2.67,HIGH
CVE-2016-10226,distributed,CWE-125,7.5,3.9,2.0,3388.0,3388.0,0,10.0,2.67,HIGH
CVE-2017-5949,distributed,CWE-787,9.8,3.9,3.0,3388.0,3388.0,0,10.0,2.67,CRITICAL
CVE-2017-6340,before,CWE-79,5.4,2.3,28.0,2442.0,2442.0,1,0.0,0.0,MEDIUM
CVE-2016-3015,vulnerable,CWE-79,5.4,2.3,32.0,,,0,,,MEDIUM
CVE-2016-3031,vulnerable,CWE-79,5.4,2.3,33.0,,,0,,,MEDIUM
CVE-2015-8965,before,CWE-264,9.8,3.9,29.0,2441.0,2441.0,0,0.0,0.0,CRITICAL
CVE-2016-6809,before,CWE-502,9.8,3.9,30.0,2441.0,2441.0,0,0.0,0.0,CRITICAL
CVE-2016-10304,component,CWE-502,6.5,2.8,2.0,0.0,0.0,0,0.0,0.0,MEDIUM
CVE-2017-5983,before,CWE-502,9.8,3.9,30.0,2437.0,2437.0,0,0.0,0.0,CRITICAL
CVE-2017-7345,and,CWE-200,5.3,3.9,45.0,,,0,,,MEDIUM
CVE-2015-7893,does,CWE-20,8.8,2.8,1.0,,,1,,,HIGH
CVE-2017-3037,versions,CWE-119,9.8,3.9,5.0,2510.0,2510.0,0,1.0,0.0,CRITICAL
CVE-2017-3047,versions,CWE-416,7.8,1.8,6.0,2510.0,2510.0,0,1.0,0.0,HIGH
CVE-2017-3056,versions,CWE-119,7.8,1.8,7.0,2510.0,2510.0,0,1.0,0.0,HIGH
CVE-2017-3057,versions,CWE-416,7.8,1.8,8.0,2510.0,2510.0,0,1.0,0.0,HIGH
CVE-2016-8927,and,CWE-79,5.4,2.3,45.0,,,0,,,MEDIUM
CVE-2017-7696,through,CWE-770,7.5,3.9,7.0,,,0,,,HIGH
CVE-2017-7717,injection,CWE-89,8.8,2.8,3.0,,,0,,,HIGH
CVE-2016-3038,and,CWE-79,5.4,2.3,46.0,,,0,,,MEDIUM
CVE-2017-1160,for,CWE-79,5.4,2.3,6.0,,,0,,,MEDIUM
CVE-2016-9979,and,CWE-79,5.4,2.3,46.0,,,0,,,MEDIUM
CVE-2016-9980,and,CWE-79,5.4,2.3,47.0,,,0,,,MEDIUM
CVE-2017-7990,for,CWE-352,8.8,2.8,7.0,,,1,,,HIGH
CVE-2017-1000357,attack,CWE-400,7.5,3.9,1.0,2490.0,2490.0,1,0.0,0.0,HIGH
CVE-2017-1000359,out,CWE-400,5.3,3.9,1.0,3098.0,3098.0,1,1.0,0.33,MEDIUM
CVE-2017-3509,the,NVD-CWE-noinfo,4.2,1.6,18.0,0.0,0.0,0,0.0,0.0,MEDIUM
CVE-2017-3511,the,NVD-CWE-noinfo,7.7,1.0,19.0,0.0,0.0,0,0.0,0.0,HIGH
CVE-2017-3512,the,NVD-CWE-noinfo,8.3,1.6,20.0,0.0,0.0,0,0.0,0.0,HIGH
CVE-2017-3514,the,NVD-CWE-noinfo,8.3,1.6,21.0,0.0,0.0,0,0.0,0.0,HIGH
CVE-2017-3526,the,NVD-CWE-noinfo,5.9,2.2,22.0,0.0,0.0,0,0.0,0.0,MEDIUM
CVE-2017-3533,the,NVD-CWE-noinfo,3.7,2.2,23.0,0.0,0.0,0,0.0,0.0,LOW
CVE-2017-3539,the,NVD-CWE-noinfo,3.1,1.6,24.0,0.0,0.0,0,0.0,0.0,LOW
CVE-2017-3544,the,NVD-CWE-noinfo,3.7,2.2,25.0,0.0,0.0,0,0.0,0.0,LOW
CVE-2017-3626,the,NVD-CWE-noinfo,3.1,1.6,26.0,0.0,0.0,0,0.0,0.0,LOW
CVE-2017-5045,prior,CWE-79,6.1,2.8,3.0,1966.0,1966.0,0,2.0,0.0,MEDIUM
CVE-2017-3066,and,CWE-502,9.8,3.9,48.0,,,1,,,CRITICAL
CVE-2016-7843,traversal,CWE-22,5.5,1.8,1.0,,,0,,,MEDIUM
CVE-2017-7909,issue,CWE-603,9.8,3.9,14.0,1748.0,1748.0,0,0.0,0.0,CRITICAL
CVE-2017-0893,before,CWE-79,5.4,2.3,31.0,2409.0,2409.0,0,0.0,0.0,MEDIUM
CVE-2016-9257,through,CWE-79,6.1,2.8,7.0,,,0,,,MEDIUM
CVE-2016-3032,vulnerable,CWE-79,5.4,2.3,34.0,,,0,,,MEDIUM
CVE-2016-5888,and,CWE-79,5.4,2.3,48.0,,,0,,,MEDIUM
CVE-2016-6035,vulnerable,CWE-79,5.4,2.3,35.0,,,0,,,MEDIUM
CVE-2017-0224,remote,CWE-119,7.5,1.6,1.0,,,0,,,HIGH
CVE-2017-0228,remote,CWE-119,7.5,1.6,2.0,,,0,,,HIGH
CVE-2017-0229,remote,CWE-119,7.5,1.6,3.0,,,0,,,HIGH
CVE-2017-0230,remote,CWE-119,7.5,1.6,4.0,,,0,,,HIGH
CVE-2017-0234,remote,CWE-119,7.5,1.6,5.0,,,0,,,HIGH
CVE-2017-0235,remote,CWE-119,7.5,1.6,6.0,,,0,,,HIGH
CVE-2017-0236,remote,CWE-119,7.5,1.6,7.0,,,0,,,HIGH
CVE-2017-0238,remote,CWE-119,7.5,1.6,8.0,,,0,,,HIGH
CVE-2016-8741,for,CWE-200,7.5,3.9,8.0,,,0,,,HIGH
CVE-2017-0223,remote,CWE-119,9.8,3.9,9.0,,,0,,,CRITICAL
CVE-2017-0252,remote,CWE-119,9.8,3.9,10.0,,,0,,,CRITICAL
CVE-2017-8938,app,CWE-295,5.9,2.2,1.0,0.0,0.0,0,0.0,0.0,MEDIUM
CVE-2017-7503,was,CWE-611,9.8,3.9,1.0,1255.0,1255.0,0,0.0,0.0,CRITICAL
CVE-2017-1282,and,CWE-79,5.4,2.3,41.0,,,0,,,MEDIUM
CVE-2017-1289,vulnerable,CWE-611,8.2,3.9,36.0,,,0,,,HIGH
CVE-2017-1320,vulnerable,CWE-79,5.4,2.3,37.0,,,0,,,MEDIUM
CVE-2017-8913,component,CWE-611,8.8,2.8,3.0,0.0,0.0,0,0.0,0.0,HIGH
CVE-2016-0781,approval,CWE-79,6.1,2.8,1.0,,,0,,,MEDIUM
CVE-2017-1325,and,CWE-79,6.1,2.8,44.0,,,0,,,MEDIUM
CVE-2017-7296,issue,CWE-79,6.1,2.8,15.0,1726.0,1726.0,0,0.0,0.0,MEDIUM
CVE-2017-9250,function,CWE-476,7.5,3.9,5.0,0.0,0.0,1,0.0,0.0,HIGH
CVE-2017-9298,scripting,CWE-79,5.4,2.3,19.0,,,0,,,MEDIUM
CVE-2017-9363,serialization,CWE-502,9.8,3.9,1.0,1270.0,1270.0,1,0.0,0.0,CRITICAL
CVE-2017-9420,site,CWE-79,6.1,2.8,1.0,,,0,,,MEDIUM
CVE-2017-5664,error,CWE-755,7.5,3.9,1.0,,,0,,,HIGH
CVE-2017-9451,site,CWE-79,6.1,2.8,2.0,,,0,,,MEDIUM
CVE-2016-9834,vulnerability,CWE-79,6.1,2.8,30.0,,,0,,,MEDIUM
CVE-2017-1178,for,CWE-79,6.1,2.8,9.0,,,0,,,MEDIUM
CVE-2017-1305,and,CWE-79,5.4,2.3,44.0,,,0,,,MEDIUM
CVE-2015-2251,devices,CWE-200,7.5,3.9,1.0,,,0,,,HIGH
CVE-2017-5878,unmarshallers,CWE-502,9.8,3.9,1.0,,,0,,,CRITICAL
CVE-2017-1140,and,CWE-79,5.4,2.3,44.0,,,0,,,MEDIUM
CVE-2017-1247,and,CWE-79,5.4,2.3,45.0,,,0,,,MEDIUM
CVE-2017-1276,and,CWE-79,5.4,2.3,46.0,,,0,,,MEDIUM
CVE-2016-9973,vulnerable,CWE-79,5.4,2.8,38.0,,,0,,,MEDIUM
CVE-2017-1100,and,CWE-79,5.4,2.3,47.0,,,0,,,MEDIUM
CVE-2017-1101,and,CWE-79,5.4,2.3,48.0,,,0,,,MEDIUM
CVE-2017-1102,and,CWE-79,5.4,2.3,49.0,,,0,,,MEDIUM
CVE-2017-1104,and,CWE-79,5.4,2.3,50.0,,,0,,,MEDIUM
CVE-2016-8751,before,CWE-79,4.8,1.7,28.0,2372.0,2372.0,0,0.0,0.0,MEDIUM
CVE-2017-8498,and,CWE-200,4.3,2.8,51.0,,,0,,,MEDIUM
CVE-2017-8499,allows,CWE-119,7.5,1.6,5.0,716.0,716.0,0,0.0,0.0,HIGH
CVE-2017-8517,browsers,CWE-119,7.5,1.6,1.0,,,0,,,HIGH
CVE-2017-8520,allows,CWE-119,7.5,1.6,6.0,716.0,716.0,0,0.0,0.0,HIGH
CVE-2017-8521,allows,CWE-119,7.5,1.6,7.0,716.0,716.0,0,0.0,0.0,HIGH
CVE-2017-8522,browsers,CWE-119,7.5,1.6,2.0,,,0,,,HIGH
CVE-2017-8524,browsers,CWE-119,7.5,1.6,3.0,,,0,,,HIGH
CVE-2017-5244,used,CWE-352,3.5,2.1,4.0,,,1,,,LOW
CVE-2017-9419,scripting,CWE-79,6.1,2.8,20.0,,,0,,,MEDIUM
CVE-2016-1000220,before,CWE-79,6.1,2.8,29.0,2370.0,2370.0,0,0.0,0.0,MEDIUM
CVE-2017-9781,cross,CWE-79,6.1,2.8,1.0,0.0,0.0,1,0.0,0.0,MEDIUM
CVE-2017-6053,issue,CWE-79,6.1,2.8,17.0,1701.0,1701.0,0,0.0,0.0,MEDIUM
CVE-2016-9747,and,CWE-79,5.4,2.3,51.0,,,0,,,MEDIUM
CVE-2017-3948,the,CWE-79,5.4,2.3,27.0,0.0,0.0,0,0.0,0.0,MEDIUM
CVE-2017-1132,vulnerable,CWE-79,5.4,2.3,39.0,,,0,,,MEDIUM
CVE-2017-1348,vulnerable,CWE-79,5.4,2.3,40.0,,,0,,,MEDIUM
CVE-2017-1234,and,CWE-79,5.4,2.3,52.0,,,0,,,MEDIUM
CVE-2017-9830,possible,CWE-502,9.8,3.9,1.0,697.0,697.0,0,0.0,0.0,CRITICAL
CVE-2017-2491,after,CWE-416,8.8,2.8,1.0,,,0,,,HIGH
CVE-2017-7686,uses,CWE-200,7.5,3.9,1.0,,,0,,,HIGH
CVE-2017-1106,and,CWE-79,5.4,2.3,53.0,,,0,,,MEDIUM
CVE-2017-1217,and,CWE-79,6.1,2.8,55.0,,,0,,,MEDIUM
CVE-2017-1256,vulnerable,CWE-79,6.1,2.8,41.0,,,0,,,MEDIUM
CVE-2016-9701,and,CWE-79,5.4,2.3,56.0,,,0,,,MEDIUM
CVE-2016-9733,and,CWE-79,5.4,2.3,57.0,,,0,,,MEDIUM
CVE-2016-9746,and,CWE-79,5.4,2.3,58.0,,,0,,,MEDIUM
CVE-2017-1113,and,CWE-79,5.4,2.3,59.0,,,0,,,MEDIUM
CVE-2017-1208,and,CWE-79,5.4,2.3,60.0,,,0,,,MEDIUM
CVE-2016-9986,and,CWE-79,5.4,2.3,61.0,,,0,,,MEDIUM
CVE-2016-9987,and,CWE-79,5.4,2.3,62.0,,,0,,,MEDIUM
CVE-2016-9988,and,CWE-79,5.4,2.3,63.0,,,0,,,MEDIUM
CVE-2016-9989,and,CWE-79,5.4,2.3,64.0,,,0,,,MEDIUM
CVE-2017-1096,and,CWE-79,5.4,2.3,65.0,,,0,,,MEDIUM
CVE-2017-2239,versions,CWE-200,5.3,1.8,9.0,2424.0,2424.0,0,1.0,0.0,MEDIUM
CVE-2017-1337,and,CWE-522,8.1,2.2,66.0,,,0,,,HIGH
CVE-2017-8595,and,CWE-119,7.5,1.6,67.0,,,0,,,HIGH
CVE-2017-8596,and,CWE-119,7.5,1.6,68.0,,,0,,,HIGH
CVE-2017-8598,and,CWE-119,7.5,1.6,69.0,,,0,,,HIGH
CVE-2017-8601,and,CWE-119,7.5,1.6,70.0,,,1,,,HIGH
CVE-2017-8603,and,CWE-119,7.5,1.6,71.0,,,0,,,HIGH
CVE-2017-8604,and,CWE-119,7.5,1.6,72.0,,,0,,,HIGH
CVE-2017-8605,and,CWE-119,7.5,1.6,73.0,,,0,,,HIGH
CVE-2017-8606,browsers,CWE-119,7.5,1.6,4.0,,,0,,,HIGH
CVE-2017-8607,browsers,CWE-119,7.5,1.6,5.0,,,0,,,HIGH
CVE-2017-8608,browsers,CWE-119,7.5,1.6,6.0,,,0,,,HIGH
CVE-2017-8609,and,CWE-119,7.5,1.6,74.0,,,0,,,HIGH
CVE-2017-8610,allows,CWE-119,7.5,1.6,8.0,689.0,689.0,0,0.0,0.0,HIGH
CVE-2017-9844,allows,CWE-502,7.5,3.9,9.0,689.0,689.0,0,0.0,0.0,HIGH
CVE-2016-6114,through,CWE-79,5.4,2.3,6.0,,,0,,,MEDIUM
CVE-2016-8946,through,CWE-79,5.4,2.3,7.0,,,0,,,MEDIUM
CVE-2016-8948,through,CWE-79,5.4,2.3,8.0,,,0,,,MEDIUM
CVE-2016-8950,through,CWE-79,5.4,2.8,9.0,,,0,,,MEDIUM
CVE-2017-1321,and,CWE-79,6.1,2.8,75.0,,,0,,,MEDIUM
CVE-2017-11195,has,CWE-79,6.1,2.8,1.0,501.0,501.0,0,0.0,0.0,MEDIUM
CVE-2017-11202,through,CWE-79,6.1,2.8,10.0,,,1,,,MEDIUM
CVE-2016-6019,through,CWE-79,5.4,2.3,10.0,,,0,,,MEDIUM
CVE-2016-8952,through,CWE-79,5.4,2.3,11.0,,,0,,,MEDIUM
CVE-2015-0249,weblog,CWE-94,7.2,1.2,1.0,0.0,0.0,0,0.0,0.0,HIGH
CVE-2016-6793,class,CWE-502,9.1,3.9,1.0,0.0,0.0,0,0.0,0.0,CRITICAL
CVE-2017-1000030,vulnerable,CWE-287,9.8,3.9,42.0,,,0,,,CRITICAL
CVE-2017-1000033,version,CWE-79,6.1,2.8,1.0,0.0,0.0,1,0.0,0.0,MEDIUM
CVE-2017-1000034,versions,CWE-502,8.1,2.2,10.0,2414.0,2414.0,0,1.0,0.0,HIGH
CVE-2017-1000038,plugin,CWE-79,6.1,2.8,1.0,,,1,,,MEDIUM
CVE-2017-1000059,version,CWE-79,6.1,2.8,2.0,0.0,0.0,0,0.0,0.0,MEDIUM
CVE-2017-1203,and,CWE-79,6.1,2.8,72.0,,,0,,,MEDIUM
CVE-2017-1372,and,CWE-79,5.4,2.3,73.0,,,0,,,MEDIUM
CVE-2016-6118,vulnerable,CWE-79,5.4,2.3,43.0,,,0,,,MEDIUM
CVE-2016-8975,and,CWE-79,5.4,2.3,74.0,,,0,,,MEDIUM
CVE-2017-1245,and,CWE-79,5.4,2.3,75.0,,,0,,,MEDIUM
CVE-2017-1249,and,CWE-79,5.4,2.3,76.0,,,0,,,MEDIUM
CVE-2017-1380,and,CWE-79,5.4,2.3,77.0,,,0,,,MEDIUM
CVE-2015-5187,allows,CWE-200,6.5,3.9,10.0,675.0,675.0,0,0.0,0.0,MEDIUM
CVE-2017-11457,external,CWE-611,6.5,2.8,3.0,871.0,871.0,0,0.0,0.0,MEDIUM
CVE-2017-11458,scripting,CWE-79,6.1,2.8,20.0,,,0,,,MEDIUM
CVE-2017-11651,has,CWE-79,6.1,2.8,2.0,487.0,487.0,1,0.0,0.0,MEDIUM
CVE-2016-9715,and,CWE-79,5.4,2.3,78.0,,,0,,,MEDIUM
CVE-2016-9718,and,CWE-79,5.4,2.3,79.0,,,0,,,MEDIUM
CVE-2017-1303,and,CWE-79,6.1,2.8,80.0,,,0,,,MEDIUM
CVE-2017-1332,and,CWE-79,6.1,2.8,81.0,,,0,,,MEDIUM
CVE-2017-1496,vulnerable,CWE-79,5.4,2.3,44.0,,,0,,,MEDIUM
CVE-2017-11727,allows,CWE-79,6.1,2.8,11.0,669.0,669.0,1,0.0,0.0,MEDIUM
CVE-2017-12061,issue,CWE-79,6.1,2.8,19.0,1660.0,1660.0,0,0.0,0.0,MEDIUM
CVE-2017-12062,issue,CWE-79,6.1,2.8,20.0,1660.0,1660.0,1,0.0,0.0,MEDIUM
CVE-2017-1500,vulnerability,CWE-79,6.1,2.8,17.0,,,0,,,MEDIUM
CVE-2014-8903,before,CWE-77,8.8,2.8,24.0,2323.0,2323.0,0,0.0,0.0,HIGH
CVE-2017-11355,scripting,CWE-79,6.1,2.8,21.0,,,0,,,MEDIUM
CVE-2017-1199,and,CWE-79,5.4,2.3,82.0,,,0,,,MEDIUM
CVE-2017-1327,and,CWE-79,6.1,2.8,83.0,,,0,,,MEDIUM
CVE-2017-1331,and,CWE-79,5.4,2.3,84.0,,,0,,,MEDIUM
CVE-2011-4650,affected,CWE-399,7.5,3.9,1.0,3160.0,3160.0,0,0.0,1.25,HIGH
CVE-2017-12637,traversal,CWE-22,7.5,3.9,2.0,,,0,,,HIGH
CVE-2017-10053,the,NVD-CWE-noinfo,5.3,3.9,28.0,0.0,0.0,0,0.0,0.0,MEDIUM
CVE-2017-10062,the,NVD-CWE-noinfo,5.3,1.8,29.0,0.0,0.0,0,0.0,0.0,MEDIUM
CVE-2017-10067,the,NVD-CWE-noinfo,7.5,1.6,30.0,0.0,0.0,0,0.0,0.0,HIGH
CVE-2017-10074,the,NVD-CWE-noinfo,8.3,1.6,31.0,0.0,0.0,0,0.0,0.0,HIGH
CVE-2017-10078,the,NVD-CWE-noinfo,8.1,2.8,32.0,0.0,0.0,0,0.0,0.0,HIGH
CVE-2017-10081,the,NVD-CWE-noinfo,4.3,2.8,33.0,0.0,0.0,0,0.0,0.0,MEDIUM
CVE-2017-10086,the,NVD-CWE-noinfo,9.6,2.8,34.0,0.0,0.0,0,0.0,0.0,CRITICAL
CVE-2017-10087,the,NVD-CWE-noinfo,9.6,2.8,35.0,0.0,0.0,0,0.0,0.0,CRITICAL
CVE-2017-10089,the,NVD-CWE-noinfo,9.6,2.8,36.0,0.0,0.0,0,0.0,0.0,CRITICAL
CVE-2017-10090,the,NVD-CWE-noinfo,9.6,2.8,37.0,0.0,0.0,0,0.0,0.0,CRITICAL
CVE-2017-10096,the,NVD-CWE-noinfo,9.6,2.8,38.0,0.0,0.0,0,0.0,0.0,CRITICAL
CVE-2017-10101,the,NVD-CWE-noinfo,9.6,2.8,39.0,0.0,0.0,0,0.0,0.0,CRITICAL
CVE-2017-10102,the,NVD-CWE-noinfo,9.0,2.2,40.0,0.0,0.0,0,0.0,0.0,CRITICAL
CVE-2017-10104,the,CWE-269,7.4,3.1,41.0,0.0,0.0,0,0.0,0.0,HIGH
CVE-2017-10105,the,NVD-CWE-noinfo,4.3,2.8,42.0,0.0,0.0,0,0.0,0.0,MEDIUM
CVE-2017-10107,the,NVD-CWE-noinfo,9.6,2.8,43.0,0.0,0.0,0,0.0,0.0,CRITICAL
CVE-2017-10108,the,NVD-CWE-noinfo,5.3,3.9,44.0,0.0,0.0,0,0.0,0.0,MEDIUM
CVE-2017-10109,the,NVD-CWE-noinfo,5.3,3.9,45.0,0.0,0.0,0,0.0,0.0,MEDIUM
CVE-2017-10110,the,NVD-CWE-noinfo,9.6,2.8,46.0,0.0,0.0,0,0.0,0.0,CRITICAL
CVE-2017-10111,the,NVD-CWE-noinfo,9.6,2.8,47.0,0.0,0.0,0,0.0,0.0,CRITICAL
CVE-2017-10114,the,NVD-CWE-noinfo,8.3,1.6,48.0,0.0,0.0,0,0.0,0.0,HIGH
CVE-2017-10115,the,NVD-CWE-noinfo,7.5,3.9,49.0,0.0,0.0,0,0.0,0.0,HIGH
CVE-2017-10116,the,NVD-CWE-noinfo,8.3,1.6,50.0,0.0,0.0,0,0.0,0.0,HIGH
CVE-2017-10117,the,NVD-CWE-noinfo,5.3,3.9,51.0,0.0,0.0,0,0.0,0.0,MEDIUM
CVE-2017-10118,the,NVD-CWE-noinfo,7.5,3.9,52.0,0.0,0.0,0,0.0,0.0,HIGH
CVE-2017-10121,the,NVD-CWE-noinfo,6.1,2.8,53.0,0.0,0.0,0,0.0,0.0,MEDIUM
CVE-2017-10125,the,NVD-CWE-noinfo,7.1,0.5,54.0,0.0,0.0,0,0.0,0.0,HIGH
CVE-2017-10135,the,NVD-CWE-noinfo,5.9,2.2,55.0,0.0,0.0,0,0.0,0.0,MEDIUM
CVE-2017-10145,the,NVD-CWE-noinfo,7.4,3.1,56.0,0.0,0.0,0,0.0,0.0,HIGH
CVE-2017-10176,the,NVD-CWE-noinfo,7.5,3.9,57.0,0.0,0.0,0,0.0,0.0,HIGH
CVE-2017-10193,the,NVD-CWE-noinfo,3.1,1.6,58.0,0.0,0.0,0,0.0,0.0,LOW
CVE-2017-10198,the,NVD-CWE-noinfo,6.8,2.2,59.0,0.0,0.0,0,0.0,0.0,MEDIUM
CVE-2017-10243,the,NVD-CWE-noinfo,6.5,3.9,60.0,0.0,0.0,0,0.0,0.0,MEDIUM
CVE-2017-8634,allows,CWE-119,7.5,1.6,12.0,661.0,661.0,1,0.0,0.0,HIGH
CVE-2017-8635,browsers,CWE-119,7.5,1.6,7.0,,,1,,,HIGH
CVE-2017-8636,browsers,CWE-119,7.5,1.6,8.0,,,1,,,HIGH
CVE-2017-8638,allows,CWE-119,7.5,1.6,13.0,661.0,661.0,0,0.0,0.0,HIGH
CVE-2017-8639,and,CWE-119,7.5,1.6,85.0,,,0,,,HIGH
CVE-2017-8640,and,CWE-119,7.5,1.6,86.0,,,0,,,HIGH
CVE-2017-8641,browsers,CWE-119,7.5,1.6,9.0,,,0,,,HIGH
CVE-2017-8642,allows,CWE-79,6.1,2.8,14.0,661.0,661.0,0,0.0,0.0,MEDIUM
CVE-2017-8645,and,CWE-119,7.5,1.6,87.0,,,0,,,HIGH
CVE-2017-8646,and,CWE-119,7.5,1.6,88.0,,,0,,,HIGH
CVE-2017-8647,allows,CWE-119,7.5,1.6,15.0,661.0,661.0,0,0.0,0.0,HIGH
CVE-2017-8655,and,CWE-119,7.5,1.6,89.0,,,0,,,HIGH
CVE-2017-8656,and,CWE-119,7.5,1.6,90.0,,,0,,,HIGH
CVE-2017-8657,and,CWE-119,7.5,1.6,91.0,,,0,,,HIGH
CVE-2017-8670,and,CWE-119,7.5,1.6,92.0,,,0,,,HIGH
CVE-2017-8671,and,CWE-119,7.5,1.6,93.0,,,0,,,HIGH
CVE-2017-8672,and,CWE-119,7.5,1.6,94.0,,,0,,,HIGH
CVE-2017-8674,allows,CWE-119,7.5,1.6,16.0,661.0,661.0,0,0.0,0.0,HIGH
CVE-2015-4165,snapshot,CWE-264,7.5,1.6,1.0,1558.0,1558.0,0,0.0,0.0,HIGH
CVE-2016-6121,and,CWE-79,5.4,2.3,95.0,,,0,,,MEDIUM
CVE-2017-1168,and,CWE-79,5.4,2.3,96.0,,,0,,,MEDIUM
CVE-2017-1431,and,CWE-79,5.4,2.3,97.0,,,0,,,MEDIUM
CVE-2017-8658,remote,CWE-119,9.8,3.9,11.0,,,0,,,CRITICAL
CVE-2017-11254,and,CWE-416,8.8,2.8,98.0,,,0,,,HIGH
CVE-2017-3113,and,CWE-416,8.8,2.8,99.0,,,0,,,HIGH
CVE-2017-9802,method,CWE-79,6.1,2.8,2.0,,,0,,,MEDIUM
CVE-2016-6021,and,CWE-79,5.4,2.3,100.0,,,0,,,MEDIUM
CVE-2017-1338,and,CWE-79,5.4,2.3,101.0,,,0,,,MEDIUM
CVE-2017-12882,scripting,CWE-79,5.4,2.3,22.0,,,0,,,MEDIUM
CVE-2017-12979,through,CWE-79,6.1,2.8,12.0,,,1,,,MEDIUM
CVE-2017-12980,through,CWE-79,6.1,2.8,13.0,,,1,,,MEDIUM
CVE-2017-13138,based,CWE-79,6.1,2.8,1.0,,,1,,,MEDIUM
CVE-2017-9507,review,CWE-79,5.4,2.3,1.0,0.0,0.0,0,0.0,0.0,MEDIUM
CVE-2017-9508,resources,CWE-79,5.4,2.3,1.0,141.0,141.0,0,0.0,0.0,MEDIUM
CVE-2017-9509,review,CWE-79,5.4,2.3,2.0,0.0,0.0,0,0.0,0.0,MEDIUM
CVE-2017-9510,repository,CWE-79,5.4,2.3,1.0,,,0,,,MEDIUM
CVE-2017-9979,the,CWE-79,6.1,2.8,61.0,0.0,0.0,1,0.0,0.0,MEDIUM
CVE-2016-9732,and,CWE-79,5.4,2.3,102.0,,,0,,,MEDIUM
CVE-2017-10952,vulnerability,CWE-693,8.8,2.8,17.0,,,1,,,HIGH
CVE-2016-2973,and,CWE-79,5.4,2.3,103.0,,,0,,,MEDIUM
CVE-2016-2979,and,CWE-79,5.4,2.3,104.0,,,0,,,MEDIUM
CVE-2016-2967,and,CWE-79,5.4,2.3,105.0,,,0,,,MEDIUM
CVE-2016-2975,and,CWE-79,5.4,2.3,106.0,,,0,,,MEDIUM
CVE-2017-1427,vulnerable,CWE-79,6.1,2.8,45.0,,,0,,,MEDIUM
CVE-2017-1485,vulnerable,CWE-79,5.4,2.3,46.0,,,0,,,MEDIUM
CVE-2017-1535,vulnerable,CWE-79,5.4,2.3,47.0,,,0,,,MEDIUM
CVE-2016-6800,default,CWE-79,6.1,2.8,1.0,,,0,,,MEDIUM
CVE-2017-1443,vulnerable,CWE-79,6.1,2.8,48.0,,,0,,,MEDIUM
CVE-2017-1445,through,CWE-79,5.4,2.3,14.0,,,0,,,MEDIUM
CVE-2017-1446,through,CWE-79,5.4,2.3,15.0,,,0,,,MEDIUM
CVE-2017-1444,vulnerable,CWE-79,5.4,2.3,49.0,,,0,,,MEDIUM
CVE-2017-1447,vulnerable,CWE-79,5.4,2.3,50.0,,,0,,,MEDIUM
CVE-2017-14063,before,CWE-20,7.5,3.9,24.0,2294.0,2294.0,0,0.0,0.0,HIGH
CVE-2017-1457,vulnerable,CWE-79,6.1,2.8,51.0,,,0,,,MEDIUM
CVE-2015-2210,help,CWE-77,7.8,1.8,1.0,,,0,,,HIGH
CVE-2017-1098,vulnerable,CWE-79,5.4,2.3,52.0,,,0,,,MEDIUM
CVE-2017-1189,and,CWE-79,6.1,2.8,107.0,,,0,,,MEDIUM
CVE-2017-1502,and,CWE-79,5.4,2.3,108.0,,,0,,,MEDIUM
CVE-2017-8649,and,CWE-119,7.5,1.6,109.0,,,0,,,HIGH
CVE-2017-8660,and,CWE-119,8.8,2.8,110.0,,,0,,,HIGH
CVE-2017-8741,and,CWE-119,7.5,1.6,111.0,,,0,,,HIGH
CVE-2017-8748,and,CWE-119,7.5,1.6,112.0,,,0,,,HIGH
CVE-2016-8744,uses,CWE-502,8.8,2.8,2.0,,,1,,,HIGH
CVE-2017-1002011,wordpress,CWE-79,5.4,2.3,1.0,2673.0,2673.0,1,0.0,0.0,MEDIUM
CVE-2017-4926,prior,CWE-79,5.4,2.3,4.0,1823.0,1823.0,0,2.0,0.0,MEDIUM
CVE-2017-14581,web,NVD-CWE-noinfo,7.5,3.9,2.0,,,0,,,HIGH
CVE-2015-7347,scripting,CWE-79,4.8,1.7,23.0,,,1,,,MEDIUM
CVE-2017-14615,issue,CWE-79,6.1,2.8,21.0,1610.0,1610.0,1,0.0,0.0,MEDIUM
CVE-2015-3296,scripting,CWE-79,6.1,2.8,24.0,,,0,,,MEDIUM
CVE-2017-8012,and,NVD-CWE-noinfo,7.4,2.2,114.0,,,0,,,HIGH
CVE-2017-14718,version,CWE-79,6.1,2.8,3.0,0.0,0.0,0,0.0,0.0,MEDIUM
CVE-2017-1424,vulnerable,CWE-79,5.4,2.3,53.0,,,0,,,MEDIUM
CVE-2015-5181,console,CWE-79,5.4,2.3,1.0,3034.0,3034.0,0,1.0,0.5,MEDIUM
CVE-2017-14735,before,CWE-79,6.1,2.8,24.0,2269.0,2269.0,0,0.0,0.0,MEDIUM
CVE-2017-1425,and,CWE-79,5.4,2.3,115.0,,,0,,,MEDIUM
CVE-2017-1530,and,CWE-79,5.4,2.3,116.0,,,0,,,MEDIUM
CVE-2017-1531,and,CWE-79,5.4,2.3,117.0,,,0,,,MEDIUM
CVE-2017-10932,versions,CWE-502,9.8,3.9,11.0,2342.0,2342.0,0,1.0,0.0,CRITICAL
CVE-2017-1591,through,CWE-79,6.1,2.8,16.0,,,0,,,MEDIUM
CVE-2017-7554,was,CWE-79,6.1,2.8,2.0,1122.0,1122.0,0,0.0,0.0,MEDIUM
CVE-2017-14920,vulnerability,CWE-79,6.1,2.8,17.0,,,0,,,MEDIUM
CVE-2017-14921,vulnerability,CWE-79,5.4,2.3,18.0,,,0,,,MEDIUM
CVE-2017-14922,vulnerability,CWE-79,5.4,2.3,19.0,,,0,,,MEDIUM
CVE-2017-14923,vulnerability,CWE-79,5.4,2.3,20.0,,,0,,,MEDIUM
CVE-2017-14957,vulnerability,CWE-79,6.1,2.8,21.0,,,0,,,MEDIUM
CVE-2015-6576,before,CWE-94,8.8,2.8,24.0,2262.0,2262.0,0,0.0,0.0,HIGH
CVE-2015-7980,scripting,CWE-79,6.1,2.8,25.0,,,0,,,MEDIUM
CVE-2017-1324,and,CWE-79,5.4,2.3,118.0,,,0,,,MEDIUM
CVE-2017-1334,and,CWE-79,5.4,2.3,119.0,,,0,,,MEDIUM
CVE-2017-1335,and,CWE-79,5.4,2.3,120.0,,,0,,,MEDIUM
CVE-2017-1345,for,CWE-79,5.4,2.3,8.0,,,0,,,MEDIUM
CVE-2017-1359,and,CWE-79,5.4,2.3,121.0,,,0,,,MEDIUM
CVE-2017-1364,and,CWE-79,5.4,2.3,122.0,,,0,,,MEDIUM
CVE-2017-1369,and,CWE-79,5.4,2.3,123.0,,,0,,,MEDIUM
CVE-2017-1429,and,CWE-79,5.4,2.3,124.0,,,0,,,MEDIUM
CVE-2017-9537,scripting,CWE-79,4.8,1.7,26.0,,,0,,,MEDIUM
CVE-2017-1541,flaw,CWE-20,7.3,3.9,1.0,,,0,,,HIGH
CVE-2017-1000088,plugin,CWE-79,5.4,2.3,2.0,,,0,,,MEDIUM
CVE-2017-1000105,optional,CWE-862,5.3,3.9,1.0,0.0,0.0,0,0.0,0.0,MEDIUM
CVE-2017-1522,and,CWE-79,5.4,2.3,125.0,,,0,,,MEDIUM
CVE-2017-15213,vulnerability,CWE-79,5.4,2.3,22.0,,,0,,,MEDIUM
CVE-2017-15214,vulnerability,CWE-79,5.4,2.3,23.0,,,0,,,MEDIUM
CVE-2017-15215,vulnerability,CWE-79,6.1,2.8,24.0,,,0,,,MEDIUM
CVE-2017-14587,administration,CWE-79,5.4,2.3,1.0,,,0,,,MEDIUM
CVE-2017-14588,resources,CWE-79,6.1,2.8,2.0,93.0,93.0,0,0.0,0.0,MEDIUM
CVE-2017-15284,exists,CWE-79,5.4,2.3,1.0,,,1,,,MEDIUM
CVE-2017-9514,before,CWE-732,8.8,2.8,24.0,2252.0,2252.0,0,0.0,0.0,HIGH
CVE-2017-10612,persistent,CWE-79,8.0,2.1,1.0,3146.0,3146.0,0,10.0,16.17,HIGH
CVE-2017-15362,allows,CWE-79,6.1,2.8,18.0,593.0,593.0,0,0.0,0.0,MEDIUM
CVE-2017-15294,administration,CWE-79,6.1,2.8,2.0,,,0,,,MEDIUM
CVE-2017-15296,component,CWE-352,8.8,2.8,4.0,0.0,0.0,0,0.0,0.0,HIGH
CVE-2017-15538,vulnerability,CWE-79,5.4,2.3,25.0,,,0,,,MEDIUM
CVE-2017-15612,allows,CWE-79,6.1,2.8,19.0,590.0,590.0,1,0.0,0.0,MEDIUM
CVE-2017-10190,the,NVD-CWE-noinfo,8.2,1.5,62.0,0.0,0.0,0,0.0,0.0,HIGH
CVE-2017-10274,the,NVD-CWE-noinfo,6.8,1.6,63.0,0.0,0.0,0,0.0,0.0,MEDIUM
CVE-2017-10281,the,NVD-CWE-noinfo,5.3,3.9,64.0,0.0,0.0,0,0.0,0.0,MEDIUM
CVE-2017-10285,the,NVD-CWE-noinfo,9.6,2.8,65.0,0.0,0.0,0,0.0,0.0,CRITICAL
CVE-2017-10293,the,NVD-CWE-noinfo,6.1,2.8,66.0,0.0,0.0,0,0.0,0.0,MEDIUM
CVE-2017-10295,the,NVD-CWE-noinfo,4.0,2.2,67.0,0.0,0.0,0,0.0,0.0,MEDIUM
CVE-2017-10309,the,NVD-CWE-noinfo,7.1,2.8,68.0,0.0,0.0,1,0.0,0.0,HIGH
CVE-2017-10341,the,NVD-CWE-noinfo,3.7,2.2,69.0,0.0,0.0,0,0.0,0.0,LOW
CVE-2017-10342,the,NVD-CWE-noinfo,5.3,3.9,70.0,0.0,0.0,0,0.0,0.0,MEDIUM
CVE-2017-10345,the,NVD-CWE-noinfo,3.1,1.6,71.0,0.0,0.0,0,0.0,0.0,LOW
CVE-2017-10346,the,NVD-CWE-noinfo,9.6,2.8,72.0,0.0,0.0,0,0.0,0.0,CRITICAL
CVE-2017-10347,the,NVD-CWE-noinfo,5.3,3.9,73.0,0.0,0.0,0,0.0,0.0,MEDIUM
CVE-2017-10348,the,NVD-CWE-noinfo,5.3,3.9,74.0,0.0,0.0,0,0.0,0.0,MEDIUM
CVE-2017-10349,the,NVD-CWE-noinfo,5.3,3.9,75.0,0.0,0.0,0,0.0,0.0,MEDIUM
CVE-2017-10350,the,NVD-CWE-noinfo,5.3,3.9,76.0,0.0,0.0,0,0.0,0.0,MEDIUM
CVE-2017-10355,the,NVD-CWE-noinfo,5.3,3.9,77.0,0.0,0.0,0,0.0,0.0,MEDIUM
CVE-2017-10356,the,NVD-CWE-noinfo,6.2,2.5,78.0,0.0,0.0,0,0.0,0.0,MEDIUM
CVE-2017-10357,the,NVD-CWE-noinfo,5.3,3.9,79.0,0.0,0.0,0,0.0,0.0,MEDIUM
CVE-2017-10380,the,NVD-CWE-noinfo,4.7,1.6,80.0,0.0,0.0,0,0.0,0.0,MEDIUM
CVE-2017-10386,the,NVD-CWE-noinfo,4.8,1.7,81.0,0.0,0.0,0,0.0,0.0,MEDIUM
CVE-2017-10388,the,NVD-CWE-noinfo,7.5,1.6,82.0,0.0,0.0,0,0.0,0.0,HIGH
CVE-2017-12628,server,CWE-502,7.8,1.8,1.0,,,0,,,HIGH
CVE-2017-1209,and,CWE-79,5.4,2.3,125.0,,,0,,,MEDIUM
CVE-2017-1583,for,CWE-200,7.5,3.9,9.0,,,0,,,HIGH
CVE-2017-15885,the,CWE-79,6.1,2.8,83.0,0.0,0.0,1,0.0,0.0,MEDIUM
CVE-2017-1164,vulnerable,CWE-79,5.4,2.3,54.0,,,0,,,MEDIUM
CVE-2017-1169,next,CWE-79,5.4,2.3,1.0,773.0,773.0,0,0.0,0.0,MEDIUM
CVE-2017-1363,vulnerable,CWE-79,5.4,2.3,55.0,,,0,,,MEDIUM
CVE-2017-15911,before,CWE-79,4.8,1.7,25.0,2238.0,2238.0,0,0.0,0.0,MEDIUM
CVE-2012-4378,scripting,CWE-79,6.1,2.8,25.0,,,0,,,MEDIUM
CVE-2017-1521,and,CWE-79,6.1,2.8,126.0,,,0,,,MEDIUM
CVE-2017-5085,implementation,CWE-79,6.1,2.8,3.0,,,0,,,MEDIUM
CVE-2017-5094,confusion,CWE-843,6.5,2.8,1.0,1786.0,1786.0,0,0.0,0.0,MEDIUM
CVE-2017-5118,prior,CWE-732,4.3,2.8,5.0,1781.0,1781.0,0,2.0,0.0,MEDIUM
CVE-2017-7733,vulnerability,CWE-79,6.1,2.8,15.0,,,0,,,MEDIUM
CVE-2016-5003,library,CWE-502,9.8,3.9,1.0,3180.0,3180.0,1,7.0,5.83,CRITICAL
CVE-2012-0881,before,CWE-399,7.5,3.9,25.0,2234.0,2234.0,0,0.0,0.0,HIGH
CVE-2014-0073,class,CWE-264,9.8,3.9,2.0,0.0,0.0,0,0.0,0.0,CRITICAL
CVE-2015-9245,default,CWE-284,9.8,3.9,2.0,,,0,,,CRITICAL
CVE-2016-3048,and,CWE-79,5.4,2.3,127.0,,,0,,,MEDIUM
CVE-2017-1147,and,CWE-79,5.4,2.3,128.0,,,0,,,MEDIUM
CVE-2017-1290,and,CWE-79,5.4,2.3,129.0,,,0,,,MEDIUM
CVE-2017-1553,and,CWE-79,5.4,2.3,130.0,,,0,,,MEDIUM
CVE-2017-1000138,before,CWE-79,5.4,2.3,25.0,2230.0,2230.0,1,0.0,0.0,MEDIUM
CVE-2017-1000144,before,CWE-79,4.8,1.7,26.0,2230.0,2230.0,1,0.0,0.0,MEDIUM
CVE-2017-1000146,before,CWE-79,5.4,2.3,27.0,2230.0,2230.0,1,0.0,0.0,MEDIUM
CVE-2015-7501,and,CWE-502,9.8,3.9,131.0,,,0,,,CRITICAL
CVE-2017-16567,vulnerability,CWE-79,5.4,2.3,16.0,,,1,,,MEDIUM
CVE-2017-16568,vulnerability,CWE-79,5.4,2.3,17.0,,,0,,,MEDIUM
CVE-2017-16782,before,CWE-79,6.1,2.8,28.0,2223.0,2223.0,0,0.0,0.0,MEDIUM
CVE-2017-12635,differences,CWE-269,9.8,3.9,1.0,3071.0,3071.0,0,0.0,0.17,CRITICAL
CVE-2017-16833,scripting,CWE-79,6.1,2.8,18.0,,,0,,,MEDIUM
CVE-2017-12633,component,CWE-502,9.8,3.9,5.0,0.0,0.0,0,0.0,0.0,CRITICAL
CVE-2017-12634,component,CWE-502,9.8,3.9,6.0,0.0,0.0,0,0.0,0.0,CRITICAL
CVE-2014-3150,allows,CWE-254,8.8,2.8,20.0,562.0,562.0,0,0.0,0.0,HIGH
CVE-2017-1000193,build,CWE-79,6.1,2.8,1.0,3156.0,3156.0,0,3.0,1.33,MEDIUM
CVE-2017-1000209,client,CWE-295,5.9,2.2,1.0,,,0,,,MEDIUM
CVE-2017-1000223,stored,CWE-79,5.4,2.3,1.0,,,0,,,MEDIUM
CVE-2017-1000192,version,NVD-CWE-noinfo,9.8,3.9,4.0,0.0,0.0,0,0.0,0.0,CRITICAL
CVE-2017-16819,stored,CWE-79,5.4,2.3,2.0,,,1,,,MEDIUM
CVE-2017-8864,enforcement,CWE-693,9.8,3.9,1.0,,,0,,,CRITICAL
CVE-2017-8153,with,CWE-275,7.1,1.8,2.0,552.0,552.0,0,0.0,0.0,HIGH
CVE-2017-16962,components,CWE-79,6.1,2.8,1.0,2481.0,2481.0,1,0.0,0.0,MEDIUM
CVE-2017-1001002,before,CWE-94,9.8,3.9,29.0,2206.0,2206.0,0,0.0,0.0,CRITICAL
CVE-2017-1001004,before,CWE-94,8.8,2.8,30.0,2206.0,2206.0,0,0.0,0.0,HIGH
CVE-2017-1461,and,CWE-79,5.4,2.3,132.0,,,0,,,MEDIUM
CVE-2017-1560,and,CWE-79,5.4,2.3,133.0,,,0,,,MEDIUM
CVE-2017-1593,and,CWE-79,5.4,2.3,134.0,,,0,,,MEDIUM
CVE-2017-1607,vulnerable,CWE-79,5.4,2.3,57.0,,,0,,,MEDIUM
CVE-2017-1650,vulnerable,CWE-79,5.4,2.3,58.0,,,0,,,MEDIUM
CVE-2017-1678,and,CWE-79,5.4,2.3,135.0,,,0,,,MEDIUM
CVE-2017-1688,vulnerable,CWE-79,5.4,2.3,59.0,,,0,,,MEDIUM
CVE-2017-1689,vulnerable,CWE-79,5.4,2.3,60.0,,,0,,,MEDIUM
CVE-2016-10702,devices,CWE-200,6.1,1.8,2.0,,,0,,,MEDIUM
CVE-2017-17096,scripting,CWE-79,6.1,2.8,19.0,,,0,,,MEDIUM
CVE-2017-16856,macro,CWE-79,6.1,2.8,1.0,0.0,0.0,0,0.0,0.0,MEDIUM
CVE-2017-1354,vulnerable,CWE-79,5.4,2.3,61.0,,,0,,,MEDIUM
CVE-2017-1482,vulnerable,CWE-79,5.4,2.3,62.0,,,0,,,MEDIUM
CVE-2017-1498,vulnerable,CWE-79,5.4,2.3,63.0,,,0,,,MEDIUM
CVE-2017-14386,web,CWE-79,6.1,2.8,2.0,,,0,,,MEDIUM
CVE-2017-16370,issue,CWE-125,8.8,2.8,24.0,1530.0,1530.0,0,0.0,0.0,HIGH
CVE-2017-16371,issue,CWE-119,8.8,2.8,25.0,1530.0,1530.0,0,0.0,0.0,HIGH
CVE-2017-16372,issue,CWE-119,8.8,2.8,26.0,1530.0,1530.0,0,0.0,0.0,HIGH
CVE-2017-16375,issue,CWE-119,8.8,2.8,27.0,1530.0,1530.0,0,0.0,0.0,HIGH
CVE-2017-16388,issue,CWE-416,8.8,2.8,28.0,1530.0,1530.0,0,0.0,0.0,HIGH
CVE-2017-16389,issue,CWE-416,8.8,2.8,29.0,1530.0,1530.0,0,0.0,0.0,HIGH
CVE-2017-16390,issue,CWE-416,8.8,2.8,30.0,1530.0,1530.0,0,0.0,0.0,HIGH
CVE-2017-16393,issue,CWE-416,8.8,2.8,31.0,1530.0,1530.0,0,0.0,0.0,HIGH
CVE-2017-16398,issue,CWE-416,9.8,3.9,32.0,1530.0,1530.0,0,0.0,0.0,CRITICAL
CVE-2017-16414,issue,CWE-125,8.8,2.8,33.0,1530.0,1530.0,0,0.0,0.0,HIGH
CVE-2017-16419,issue,CWE-674,6.5,2.8,34.0,1530.0,1530.0,0,0.0,0.0,MEDIUM
CVE-2017-16420,issue,CWE-125,8.8,2.8,35.0,1530.0,1530.0,0,0.0,0.0,HIGH
CVE-2017-15708,default,CWE-74,9.8,3.9,3.0,,,0,,,CRITICAL
CVE-2017-11507,cross,CWE-79,6.1,2.8,2.0,0.0,0.0,1,0.0,0.0,MEDIUM
CVE-2017-1536,for,CWE-79,5.4,2.3,10.0,,,0,,,MEDIUM
CVE-2017-1549,vulnerable,CWE-79,5.4,2.3,64.0,,,0,,,MEDIUM
CVE-2017-1632,vulnerable,CWE-79,5.4,2.3,65.0,,,0,,,MEDIUM
CVE-2017-1683,vulnerable,CWE-79,5.4,2.3,66.0,,,0,,,MEDIUM
CVE-2017-14589,was,CWE-20,9.6,2.8,3.0,1046.0,1046.0,0,0.0,0.0,CRITICAL
CVE-2017-1421,vulnerable,CWE-79,6.1,2.8,67.0,,,0,,,MEDIUM
CVE-2017-1546,and,CWE-79,5.4,2.3,136.0,,,0,,,MEDIUM
CVE-2017-17792,site,CWE-79,6.1,2.8,3.0,,,0,,,MEDIUM
CVE-2017-4940,before,CWE-79,6.1,2.8,29.0,2183.0,2183.0,0,0.0,0.0,MEDIUM
CVE-2017-17752,has,CWE-79,6.1,2.8,3.0,340.0,340.0,1,0.0,0.0,MEDIUM
CVE-2017-1494,vulnerable,CWE-79,5.4,2.3,68.0,,,0,,,MEDIUM
CVE-2017-1600,vulnerable,CWE-79,5.4,2.3,69.0,,,0,,,MEDIUM
CVE-2017-1751,with,CWE-79,5.4,2.3,3.0,524.0,524.0,0,0.0,0.0,MEDIUM
CVE-2017-17745,scripting,CWE-79,5.4,2.3,20.0,,,0,,,MEDIUM
CVE-2017-17692,allows,CWE-200,7.5,3.9,19.0,526.0,526.0,1,0.0,0.0,HIGH
CVE-2017-1365,including,CWE-79,5.4,2.3,1.0,,,0,,,MEDIUM
CVE-2017-17832,before,CWE-79,5.4,2.3,29.0,2176.0,2176.0,1,0.0,0.0,MEDIUM
CVE-2017-17859,allows,CWE-79,6.1,2.8,20.0,521.0,521.0,0,0.0,0.0,MEDIUM
CVE-2017-5641,versions,CWE-502,9.8,3.9,14.0,2250.0,2250.0,0,1.0,0.0,CRITICAL
CVE-2013-4578,jarsigner,CWE-74,5.3,3.9,1.0,,,0,,,MEDIUM
CVE-2014-3630,external,CWE-611,9.8,3.9,3.0,714.0,714.0,0,0.0,0.0,CRITICAL
CVE-2018-3810,vulnerability,CWE-287,9.8,3.9,19.0,,,1,,,CRITICAL
CVE-2017-1000425,scripting,CWE-79,6.1,2.8,21.0,,,0,,,MEDIUM
CVE-2017-1000463,version,CWE-79,5.4,2.3,6.0,0.0,0.0,0,0.0,0.0,MEDIUM
CVE-2017-1000466,version,CWE-79,5.4,2.3,7.0,0.0,0.0,1,0.0,0.0,MEDIUM
CVE-2017-1000467,version,CWE-79,5.4,2.3,8.0,0.0,0.0,0,0.0,0.0,MEDIUM
CVE-2017-1000478,version,CWE-79,5.4,2.3,9.0,0.0,0.0,1,0.0,0.0,MEDIUM
CVE-2017-1000481,you,CWE-601,6.1,2.8,1.0,0.0,0.0,0,0.0,0.0,MEDIUM
CVE-2017-1000482,member,CWE-79,5.4,2.3,1.0,676.0,676.0,0,0.0,0.0,MEDIUM
CVE-2017-1000462,version,CWE-79,5.4,2.3,10.0,0.0,0.0,1,0.0,0.0,MEDIUM
CVE-2017-8046,requests,CWE-20,9.8,3.9,1.0,3052.0,3052.0,0,10.0,1.17,CRITICAL
CVE-2017-1673,and,CWE-79,6.1,2.8,137.0,,,0,,,MEDIUM
CVE-2018-5071,exists,CWE-79,5.4,2.3,2.0,,,1,,,MEDIUM
CVE-2017-1000465,version,CWE-79,5.4,2.3,11.0,0.0,0.0,0,0.0,0.0,MEDIUM
CVE-2016-10256,and,CWE-79,6.1,2.8,138.0,,,0,,,MEDIUM
CVE-2016-10257,and,CWE-79,6.1,2.8,139.0,,,0,,,MEDIUM
CVE-2017-1533,vulnerable,CWE-79,6.1,2.8,70.0,,,0,,,MEDIUM
CVE-2017-1623,and,CWE-79,6.1,2.8,140.0,,,0,,,MEDIUM
CVE-2017-16514,persistent,CWE-79,6.1,2.8,2.0,3057.0,3057.0,0,10.0,16.17,MEDIUM
CVE-2017-1681,for,CWE-200,3.3,1.8,11.0,,,0,,,LOW
CVE-2017-1739,and,CWE-79,5.4,2.3,140.0,,,0,,,MEDIUM
CVE-2017-1740,and,CWE-79,5.4,2.3,141.0,,,0,,,MEDIUM
CVE-2018-1361,and,CWE-79,6.1,2.8,142.0,,,0,,,MEDIUM
CVE-2017-14594,printable,CWE-79,6.1,2.8,1.0,3119.0,3119.0,0,1.0,0.42,MEDIUM
CVE-2017-16864,issue,CWE-79,6.1,2.8,30.0,1496.0,1496.0,0,0.0,0.0,MEDIUM
CVE-2017-13199,fails,CWE-755,7.5,3.9,1.0,,,0,,,HIGH
CVE-2018-2569,the,NVD-CWE-noinfo,7.8,1.8,84.0,0.0,0.0,0,0.0,0.0,HIGH
CVE-2018-2579,the,NVD-CWE-noinfo,3.7,2.2,85.0,0.0,0.0,0,0.0,0.0,LOW
CVE-2018-2581,the,NVD-CWE-noinfo,4.7,2.8,86.0,0.0,0.0,0,0.0,0.0,MEDIUM
CVE-2018-2582,the,NVD-CWE-noinfo,6.5,2.8,87.0,0.0,0.0,0,0.0,0.0,MEDIUM
CVE-2018-2588,the,NVD-CWE-noinfo,4.3,2.8,88.0,0.0,0.0,0,0.0,0.0,MEDIUM
CVE-2018-2599,the,NVD-CWE-noinfo,4.8,2.2,89.0,0.0,0.0,0,0.0,0.0,MEDIUM
CVE-2018-2602,the,NVD-CWE-noinfo,4.5,1.0,90.0,0.0,0.0,0,0.0,0.0,MEDIUM
CVE-2018-2603,the,NVD-CWE-noinfo,5.3,3.9,91.0,0.0,0.0,0,0.0,0.0,MEDIUM
CVE-2018-2618,the,NVD-CWE-noinfo,5.9,2.2,92.0,0.0,0.0,0,0.0,0.0,MEDIUM
CVE-2018-2627,the,NVD-CWE-noinfo,7.5,0.8,93.0,0.0,0.0,0,0.0,0.0,HIGH
CVE-2018-2629,the,NVD-CWE-noinfo,5.3,1.6,94.0,0.0,0.0,0,0.0,0.0,MEDIUM
CVE-2018-2633,the,NVD-CWE-noinfo,8.3,1.6,95.0,0.0,0.0,0,0.0,0.0,HIGH
CVE-2018-2634,the,NVD-CWE-noinfo,6.8,2.2,96.0,0.0,0.0,0,0.0,0.0,MEDIUM
CVE-2018-2637,the,NVD-CWE-noinfo,7.4,2.2,97.0,0.0,0.0,0,0.0,0.0,HIGH
CVE-2018-2638,the,NVD-CWE-noinfo,8.3,1.6,98.0,0.0,0.0,0,0.0,0.0,HIGH
CVE-2018-2639,the,NVD-CWE-noinfo,8.3,1.6,99.0,0.0,0.0,0,0.0,0.0,HIGH
CVE-2018-2641,the,NVD-CWE-noinfo,6.1,1.6,100.0,0.0,0.0,0,0.0,0.0,MEDIUM
CVE-2018-2657,the,NVD-CWE-noinfo,5.3,3.9,101.0,0.0,0.0,0,0.0,0.0,MEDIUM
CVE-2018-2663,the,NVD-CWE-noinfo,4.3,2.8,102.0,0.0,0.0,0,0.0,0.0,MEDIUM
CVE-2018-2675,the,NVD-CWE-noinfo,3.7,2.2,103.0,0.0,0.0,0,0.0,0.0,LOW
CVE-2018-2677,the,NVD-CWE-noinfo,4.3,2.8,104.0,0.0,0.0,0,0.0,0.0,MEDIUM
CVE-2018-2678,the,NVD-CWE-noinfo,4.3,2.8,105.0,0.0,0.0,0,0.0,0.0,MEDIUM
CVE-2018-2680,the,NVD-CWE-noinfo,8.3,1.6,106.0,0.0,0.0,0,0.0,0.0,HIGH
CVE-2016-6814,application,CWE-502,9.8,3.9,1.0,396.0,396.0,0,0.0,0.0,CRITICAL
CVE-2017-16863,gadget,CWE-79,6.1,2.8,1.0,,,0,,,MEDIUM
CVE-2017-12098,exploitable,CWE-79,6.1,2.8,8.0,,,1,,,MEDIUM
CVE-2017-12097,exploitable,CWE-79,6.1,2.8,9.0,,,1,,,MEDIUM
CVE-2017-15092,scripting,CWE-79,6.1,2.8,21.0,,,0,,,MEDIUM
CVE-2017-15703,authenticated,CWE-502,5.0,1.3,1.0,,,0,,,MEDIUM
CVE-2017-1000386,plugin,CWE-79,5.4,2.3,3.0,,,0,,,MEDIUM
CVE-2017-1000404,version,CWE-79,6.1,2.8,12.0,0.0,0.0,0,0.0,0.0,MEDIUM
CVE-2017-14522,the,CWE-79,6.1,2.8,107.0,0.0,0.0,1,0.0,0.0,MEDIUM
CVE-2017-1506,and,CWE-79,6.1,2.8,144.0,,,0,,,MEDIUM
CVE-2017-1532,and,CWE-79,5.4,2.3,145.0,,,0,,,MEDIUM
CVE-2017-1540,and,CWE-79,5.4,2.3,146.0,,,0,,,MEDIUM
CVE-2017-1563,and,CWE-79,5.4,2.3,147.0,,,0,,,MEDIUM
CVE-2017-1567,and,CWE-79,5.4,2.3,148.0,,,0,,,MEDIUM
CVE-2017-1653,vulnerable,CWE-79,5.4,2.3,71.0,,,0,,,MEDIUM
CVE-2017-1000353,versions,CWE-502,9.8,3.9,11.0,2218.0,2218.0,1,1.0,0.0,CRITICAL
CVE-2017-1000355,versions,CWE-502,6.5,2.8,12.0,2218.0,2218.0,0,1.0,0.0,MEDIUM
CVE-2017-16861,was,NVD-CWE-noinfo,9.8,3.9,4.0,997.0,997.0,0,0.0,0.0,CRITICAL
CVE-2017-18034,source,CWE-79,5.4,2.3,1.0,0.0,0.0,0,0.0,0.0,MEDIUM
CVE-2017-18039,resource,CWE-79,6.1,2.8,1.0,0.0,0.0,0,0.0,0.0,MEDIUM
CVE-2017-18040,resource,CWE-79,5.4,2.3,2.0,0.0,0.0,0,0.0,0.0,MEDIUM
CVE-2017-18041,resource,CWE-79,5.4,2.3,3.0,0.0,0.0,0,0.0,0.0,MEDIUM
CVE-2017-18081,resource,CWE-79,6.1,2.8,4.0,0.0,0.0,0,0.0,0.0,MEDIUM
CVE-2017-18082,plan,CWE-79,5.4,2.3,1.0,0.0,0.0,0,0.0,0.0,MEDIUM
CVE-2017-18083,editinword,CWE-79,5.4,2.3,1.0,,,0,,,MEDIUM
CVE-2017-18084,usermacros,CWE-79,4.8,1.7,1.0,,,0,,,MEDIUM
CVE-2017-18085,viewdefaultdecorator,CWE-79,6.1,2.8,1.0,,,0,,,MEDIUM
CVE-2017-18086,resources,CWE-79,6.1,2.8,3.0,0.0,0.0,0,0.0,0.0,MEDIUM
CVE-2017-18121,module,CWE-79,6.1,2.8,1.0,,,0,,,MEDIUM
CVE-2018-6603,devices,CWE-74,6.1,2.8,3.0,,,0,,,MEDIUM
CVE-2018-6806,through,CWE-200,6.5,2.8,19.0,,,1,,,MEDIUM
CVE-2018-1382,vulnerable,CWE-79,5.4,2.3,45.0,,,0,,,MEDIUM
CVE-2018-6824,version,CWE-79,6.1,2.8,13.0,0.0,0.0,1,0.0,0.0,MEDIUM
CVE-2017-15387,enforcement,NVD-CWE-noinfo,8.8,2.8,2.0,,,0,,,HIGH
CVE-2011-4889,class,CWE-254,9.8,3.9,3.0,0.0,0.0,0,0.0,0.0,CRITICAL
CVE-2017-1761,and,CWE-79,6.1,2.8,142.0,,,0,,,MEDIUM
CVE-2018-1401,and,CWE-79,6.1,2.8,143.0,,,0,,,MEDIUM
CVE-2012-6347,scripting,CWE-79,6.1,2.8,22.0,,,1,,,MEDIUM
CVE-2017-1000506,version,CWE-79,6.1,2.8,14.0,0.0,0.0,1,0.0,0.0,MEDIUM
CVE-2017-1000507,version,CWE-79,5.4,2.3,15.0,0.0,0.0,1,0.0,0.0,MEDIUM
CVE-2017-1000508,version,CWE-79,6.1,2.8,16.0,0.0,0.0,0,0.0,0.0,MEDIUM
CVE-2017-1000509,version,CWE-79,5.4,2.3,17.0,0.0,0.0,1,0.0,0.0,MEDIUM
CVE-2017-1000510,version,CWE-79,5.4,2.3,18.0,0.0,0.0,1,0.0,0.0,MEDIUM
CVE-2018-1000022,version,CWE-862,5.3,1.6,19.0,0.0,0.0,0,0.0,0.0,MEDIUM
CVE-2018-1000058,and,CWE-502,8.8,2.8,144.0,,,0,,,HIGH
CVE-2017-18176,has,CWE-79,5.4,2.3,4.0,286.0,286.0,1,0.0,0.0,MEDIUM
CVE-2018-2371,service,CWE-79,6.1,2.8,1.0,438.0,438.0,0,0.0,0.0,MEDIUM
CVE-2017-1682,and,CWE-79,5.4,2.3,144.0,,,0,,,MEDIUM
CVE-2016-8511,vulnerability,CWE-502,9.8,3.9,20.0,,,0,,,CRITICAL
CVE-2017-18089,view,CWE-79,5.4,2.3,1.0,,,0,,,MEDIUM
CVE-2017-18090,resources,CWE-79,6.1,2.8,4.0,0.0,0.0,0,0.0,0.0,MEDIUM
CVE-2017-18091,admin,CWE-79,4.8,1.7,1.0,,,0,,,MEDIUM
CVE-2017-18092,print,CWE-79,5.4,2.3,1.0,0.0,0.0,0,0.0,0.0,MEDIUM
CVE-2017-18093,resources,CWE-79,4.8,1.7,5.0,0.0,0.0,0,0.0,0.0,MEDIUM
CVE-2017-16670,project,CWE-94,7.8,1.8,1.0,,,0,,,HIGH
CVE-2017-16356,before,CWE-79,6.1,2.8,29.0,2121.0,2121.0,1,0.0,0.0,MEDIUM
CVE-2018-7205,vulnerability,CWE-79,4.8,1.7,21.0,,,1,,,MEDIUM
CVE-2018-7277,issue,CWE-79,6.1,2.8,27.0,1457.0,1457.0,1,0.0,0.0,MEDIUM
CVE-2018-7278,issue,CWE-79,6.1,2.8,28.0,1457.0,1457.0,1,0.0,0.0,MEDIUM
CVE-2017-1462,and,CWE-79,5.4,2.3,143.0,,,0,,,MEDIUM
CVE-2017-1604,and,CWE-79,5.4,2.3,144.0,,,0,,,MEDIUM
CVE-2018-0199,vulnerability,CWE-79,6.1,2.8,22.0,,,0,,,MEDIUM
CVE-2018-1415,vulnerable,CWE-79,5.4,2.3,45.0,,,0,,,MEDIUM
CVE-2018-1417,certain,CWE-732,8.1,2.2,1.0,1023.0,1023.0,0,0.0,0.0,HIGH
CVE-2018-4900,issue,CWE-125,6.5,2.8,30.0,1450.0,1450.0,0,0.0,0.0,MEDIUM
CVE-2018-4902,issue,CWE-416,8.8,2.8,31.0,1450.0,1450.0,0,0.0,0.0,HIGH
CVE-2018-4910,issue,CWE-787,8.8,2.8,32.0,1450.0,1450.0,0,0.0,0.0,HIGH
CVE-2018-4911,issue,CWE-416,8.8,2.8,33.0,1450.0,1450.0,0,0.0,0.0,HIGH
CVE-2018-4915,issue,CWE-787,8.8,2.8,34.0,1450.0,1450.0,0,0.0,0.0,HIGH
CVE-2018-1399,and,CWE-79,5.4,2.3,142.0,,,0,,,MEDIUM
CVE-2018-1416,and,CWE-79,6.1,2.8,143.0,,,0,,,MEDIUM
CVE-2018-2365,does,CWE-79,6.1,2.8,2.0,,,0,,,MEDIUM
CVE-2017-14799,cross,CWE-79,4.6,2.1,3.0,0.0,0.0,0,0.0,0.0,MEDIUM
CVE-2017-6927,versions,CWE-79,6.1,2.8,13.0,2187.0,2187.0,0,1.0,0.0,MEDIUM
CVE-2017-5189,before,CWE-522,4.3,2.8,30.0,2111.0,2111.0,0,0.0,0.0,MEDIUM
CVE-2017-7438,before,CWE-79,4.6,2.1,31.0,2111.0,2111.0,0,0.0,0.0,MEDIUM
CVE-2018-7663,issue,CWE-79,6.1,2.8,35.0,1444.0,1444.0,1,0.0,0.0,MEDIUM
CVE-2017-7427,cross,CWE-79,5.4,2.8,4.0,0.0,0.0,0,0.0,0.0,MEDIUM
CVE-2018-7650,vulnerable,CWE-79,4.8,1.7,46.0,,,1,,,MEDIUM
CVE-2018-7739,antsle,CWE-20,9.8,3.9,1.0,,,1,,,CRITICAL
CVE-2018-0147,vulnerability,CWE-20,9.8,3.9,23.0,,,0,,,CRITICAL
CVE-2018-7997,has,CWE-79,6.1,2.8,5.0,261.0,261.0,1,0.0,0.0,MEDIUM
CVE-2016-0276,for,CWE-20,6.3,2.8,10.0,,,0,,,MEDIUM
CVE-2018-7563,issue,CWE-79,6.1,2.8,36.0,1437.0,1437.0,0,0.0,0.0,MEDIUM
CVE-2018-1000108,scripting,CWE-79,6.1,2.8,18.0,,,0,,,MEDIUM
CVE-2018-1000113,scripting,CWE-79,5.4,2.3,19.0,,,0,,,MEDIUM
CVE-2018-1000084,version,CWE-79,5.4,2.3,21.0,0.0,0.0,1,0.0,0.0,MEDIUM
CVE-2018-1000086,version,CWE-352,8.8,2.8,22.0,0.0,0.0,0,0.0,0.0,HIGH
CVE-2018-1000087,version,CWE-79,4.8,1.7,23.0,0.0,0.0,1,0.0,0.0,MEDIUM
CVE-2018-1441,and,CWE-79,6.1,2.8,142.0,,,0,,,MEDIUM
CVE-2018-1444,and,CWE-79,5.4,2.3,143.0,,,0,,,MEDIUM
CVE-2018-1000129,vulnerability,CWE-79,6.1,2.8,24.0,,,0,,,MEDIUM
CVE-2018-1000130,vulnerability,CWE-74,8.1,2.2,25.0,,,0,,,HIGH
CVE-2018-8729,scripting,CWE-79,6.1,2.8,20.0,,,1,,,MEDIUM
CVE-2018-8737,vulnerable,CWE-79,5.4,2.3,45.0,,,1,,,MEDIUM
CVE-2018-8768,before,NVD-CWE-noinfo,7.8,1.8,32.0,2096.0,2096.0,0,0.0,0.0,HIGH
CVE-2018-8832,enhavo,CWE-79,4.8,1.7,1.0,,,0,,,MEDIUM
CVE-2017-18094,resources,CWE-79,4.8,1.7,6.0,0.0,0.0,0,0.0,0.0,MEDIUM
CVE-2017-1629,and,CWE-79,5.4,2.3,142.0,,,0,,,MEDIUM
CVE-2017-1655,and,CWE-79,5.4,2.3,143.0,,,0,,,MEDIUM
CVE-2017-1762,and,CWE-79,5.4,2.3,144.0,,,0,,,MEDIUM
CVE-2018-1429,amd,CWE-79,5.4,2.3,1.0,539.0,539.0,0,1.0,0.0,MEDIUM
CVE-2018-8937,issue,CWE-601,6.1,2.8,36.0,1423.0,1423.0,1,0.0,0.0,MEDIUM
CVE-2018-1186,versions,CWE-79,4.8,1.7,14.0,2162.0,2162.0,1,1.0,0.0,MEDIUM
CVE-2018-1187,versions,CWE-79,4.8,1.7,15.0,2162.0,2162.0,1,1.0,0.0,MEDIUM
CVE-2018-1188,versions,CWE-79,4.8,1.7,16.0,2162.0,2162.0,1,1.0,0.0,MEDIUM
CVE-2018-1189,versions,CWE-79,4.8,1.7,17.0,2162.0,2162.0,1,1.0,0.0,MEDIUM
CVE-2018-1201,versions,CWE-79,4.8,1.7,18.0,2162.0,2162.0,1,1.0,0.0,MEDIUM
CVE-2018-1202,versions,CWE-79,4.8,1.7,19.0,2162.0,2162.0,1,1.0,0.0,MEDIUM
CVE-2018-7543,scripting,CWE-79,6.1,2.8,20.0,,,1,,,MEDIUM
CVE-2017-12815,the,CWE-22,10.0,3.9,92.0,0.0,0.0,0,0.0,0.0,CRITICAL
CVE-2018-1142,versions,CWE-79,5.4,2.3,20.0,2160.0,2160.0,0,1.0,0.0,MEDIUM
CVE-2018-5799,before,CWE-79,6.1,2.8,33.0,2083.0,2083.0,0,0.0,0.0,MEDIUM
CVE-2017-1767,vulnerable,CWE-79,5.4,2.3,46.0,,,0,,,MEDIUM
CVE-2018-1384,vulnerable,CWE-79,5.4,2.3,47.0,,,0,,,MEDIUM
CVE-2018-1390,for,CWE-79,5.4,2.3,10.0,,,0,,,MEDIUM
CVE-2018-1233,version,CWE-79,6.1,2.8,24.0,0.0,0.0,0,0.0,0.0,MEDIUM
CVE-2018-4113,issue,CWE-617,6.5,2.8,36.0,1415.0,1415.0,0,0.0,0.0,MEDIUM
CVE-2017-18256,before,NVD-CWE-noinfo,6.5,2.8,34.0,2079.0,2079.0,1,0.0,0.0,MEDIUM
CVE-2018-9249,devices,CWE-287,9.8,3.9,4.0,,,0,,,CRITICAL
CVE-2017-1772,and,CWE-79,6.1,2.8,138.0,,,0,,,MEDIUM
CVE-2018-9034,scripting,CWE-79,5.4,2.3,21.0,,,1,,,MEDIUM
CVE-2018-1000154,version,CWE-79,6.1,2.8,25.0,0.0,0.0,0,0.0,0.0,MEDIUM
CVE-2018-7035,scripting,CWE-79,5.4,2.3,22.0,,,1,,,MEDIUM
CVE-2017-18097,board,CWE-79,5.4,2.3,1.0,574.0,574.0,0,0.0,0.0,MEDIUM
CVE-2017-18098,resource,CWE-79,6.1,2.8,5.0,0.0,0.0,0,0.0,0.0,MEDIUM
CVE-2017-18100,agile,CWE-79,6.1,2.8,1.0,3017.0,3017.0,0,2.0,4.0,MEDIUM
CVE-2018-5227,administrative,CWE-79,4.8,1.7,1.0,,,0,,,MEDIUM
CVE-2017-13678,vulnerability,CWE-79,4.8,1.7,25.0,,,0,,,MEDIUM
CVE-2018-1483,and,CWE-79,6.1,2.8,138.0,,,0,,,MEDIUM
CVE-2018-10054,used,CWE-20,8.8,2.8,2.0,,,0,,,HIGH
CVE-2017-1790,and,CWE-79,5.4,2.3,139.0,,,0,,,MEDIUM
CVE-2018-1000170,scripting,CWE-79,5.4,2.3,23.0,,,0,,,MEDIUM
CVE-2017-18102,wiki,CWE-79,5.4,2.3,1.0,3027.0,3027.0,0,6.0,0.5,MEDIUM
CVE-2018-1445,through,CWE-79,5.4,2.3,17.0,,,0,,,MEDIUM
CVE-2018-1000162,version,CWE-79,6.1,2.8,26.0,0.0,0.0,0,0.0,0.0,MEDIUM
CVE-2018-1000163,version,CWE-79,6.1,2.8,27.0,0.0,0.0,1,0.0,0.0,MEDIUM
CVE-2018-2783,the,NVD-CWE-noinfo,7.4,2.2,95.0,0.0,0.0,0,0.0,0.0,HIGH
CVE-2018-2790,the,NVD-CWE-noinfo,3.1,1.6,96.0,0.0,0.0,0,0.0,0.0,LOW
CVE-2018-2794,the,NVD-CWE-noinfo,7.7,1.0,97.0,0.0,0.0,0,0.0,0.0,HIGH
CVE-2018-2795,the,NVD-CWE-noinfo,5.3,3.9,98.0,0.0,0.0,0,0.0,0.0,MEDIUM
CVE-2018-2796,the,NVD-CWE-noinfo,5.3,3.9,99.0,0.0,0.0,0,0.0,0.0,MEDIUM
CVE-2018-2797,the,NVD-CWE-noinfo,5.3,3.9,100.0,0.0,0.0,0,0.0,0.0,MEDIUM
CVE-2018-2798,the,NVD-CWE-noinfo,5.3,3.9,101.0,0.0,0.0,0,0.0,0.0,MEDIUM
CVE-2018-2799,the,NVD-CWE-noinfo,5.3,3.9,102.0,0.0,0.0,0,0.0,0.0,MEDIUM
CVE-2018-2800,the,NVD-CWE-noinfo,4.2,1.6,103.0,0.0,0.0,0,0.0,0.0,MEDIUM
CVE-2018-2811,the,NVD-CWE-noinfo,7.7,1.0,104.0,0.0,0.0,0,0.0,0.0,HIGH
CVE-2018-2814,the,NVD-CWE-noinfo,8.3,1.6,105.0,0.0,0.0,0,0.0,0.0,HIGH
CVE-2018-2815,the,NVD-CWE-noinfo,5.3,3.9,106.0,0.0,0.0,0,0.0,0.0,MEDIUM
CVE-2018-2825,the,NVD-CWE-noinfo,8.3,1.6,107.0,0.0,0.0,0,0.0,0.0,HIGH
CVE-2018-2826,the,NVD-CWE-noinfo,8.3,1.6,108.0,0.0,0.0,0,0.0,0.0,HIGH
CVE-2018-2841,the,NVD-CWE-noinfo,8.5,1.8,109.0,0.0,0.0,0,0.0,0.0,HIGH
CVE-2018-3842,exploitable,CWE-824,8.8,2.8,10.0,,,1,,,HIGH
CVE-2014-0883,through,CWE-79,6.1,2.8,18.0,,,0,,,MEDIUM
CVE-2014-0931,external,CWE-611,9.1,3.9,3.0,602.0,602.0,0,0.0,0.0,CRITICAL
CVE-2017-1486,and,CWE-79,6.1,2.8,136.0,,,0,,,MEDIUM
CVE-2017-14458,exploitable,CWE-416,8.8,2.8,11.0,,,1,,,HIGH
CVE-2018-3850,exploitable,CWE-416,8.8,2.8,12.0,,,0,,,HIGH
CVE-2018-5228,resource,CWE-79,6.1,2.8,6.0,0.0,0.0,0,0.0,0.0,MEDIUM
CVE-2018-7932,versions,CWE-345,8.8,2.8,23.0,2133.0,2133.0,0,1.0,0.0,HIGH
CVE-2017-1750,through,CWE-79,5.4,2.3,19.0,,,0,,,MEDIUM
CVE-2018-1363,through,CWE-79,5.4,2.3,20.0,,,0,,,MEDIUM
CVE-2018-5486,for,CWE-306,7.8,1.8,9.0,,,0,,,HIGH
CVE-2017-1724,and,CWE-79,6.1,2.8,137.0,,,0,,,MEDIUM
CVE-2018-10237,memory,CWE-770,5.9,2.2,1.0,2517.0,2517.0,0,0.0,0.0,MEDIUM
CVE-2018-1473,and,CWE-79,6.1,2.8,137.0,,,0,,,MEDIUM
CVE-2013-5391,and,CWE-310,5.3,1.6,138.0,,,0,,,MEDIUM
CVE-2013-7202,class,CWE-264,8.1,2.2,4.0,0.0,0.0,0,0.0,0.0,HIGH
CVE-2018-1430,through,CWE-79,5.4,2.3,21.0,,,0,,,MEDIUM
CVE-2018-1502,and,CWE-79,5.4,2.3,139.0,,,0,,,MEDIUM
CVE-2018-10229,hardware,CWE-200,4.8,2.2,1.0,2390.0,2390.0,0,2.0,0.0,MEDIUM
CVE-2018-1313,network,NVD-CWE-noinfo,5.3,1.6,1.0,0.0,0.0,0,0.0,0.0,MEDIUM
CVE-2018-1413,vulnerable,CWE-79,5.4,2.3,46.0,,,0,,,MEDIUM
CVE-2018-10798,hang,CWE-20,6.5,2.8,1.0,,,1,,,MEDIUM
CVE-2018-1000177,scripting,CWE-79,5.4,2.3,24.0,,,0,,,MEDIUM
CVE-2018-8119,spoofing,CWE-295,5.6,2.2,1.0,,,0,,,MEDIUM
CVE-2018-2415,and,CWE-172,4.7,2.8,140.0,,,0,,,MEDIUM
CVE-2017-2601,before,CWE-79,5.4,2.3,29.0,2042.0,2042.0,0,0.0,0.0,MEDIUM
CVE-2017-16860,template,CWE-79,6.1,2.8,1.0,1188.0,1188.0,0,0.0,0.0,MEDIUM
CVE-2018-5230,issue,CWE-79,6.1,2.8,36.0,1374.0,1374.0,0,0.0,0.0,MEDIUM
CVE-2017-2608,before,CWE-502,8.8,2.8,30.0,2037.0,2037.0,0,0.0,0.0,HIGH
CVE-2018-11101,through,CWE-79,6.1,2.8,21.0,,,0,,,MEDIUM
CVE-2018-1461,and,CWE-79,5.4,2.3,140.0,,,0,,,MEDIUM
CVE-2018-8015,malformed,CWE-674,7.5,3.9,1.0,,,0,,,HIGH
CVE-2018-4943,versions,CWE-20,8.8,2.8,28.0,2108.0,2108.0,0,1.0,0.0,HIGH
CVE-2018-11396,through,NVD-CWE-noinfo,7.5,3.9,22.0,,,1,,,HIGH
CVE-2018-10654,before,CWE-502,8.1,2.2,31.0,2029.0,2029.0,0,0.0,0.0,HIGH
CVE-2018-5487,for,CWE-20,9.8,3.9,9.0,,,0,,,CRITICAL
CVE-2018-1376,vulnerable,CWE-79,6.1,2.8,43.0,,,0,,,MEDIUM
CVE-2016-10567,template,CWE-311,8.1,2.2,2.0,1173.0,1173.0,0,0.0,0.0,HIGH
CVE-2016-10680,light,CWE-311,8.1,2.2,1.0,0.0,0.0,0,0.0,0.0,HIGH
CVE-2016-10681,standard,CWE-311,8.1,2.2,1.0,,,0,,,HIGH
CVE-2014-10065,input,CWE-94,6.1,2.8,1.0,26.0,26.0,1,0.0,0.0,MEDIUM
CVE-2016-10537,backbone,CWE-79,5.4,2.3,1.0,,,0,,,MEDIUM
CVE-2016-10540,minimal,CWE-400,7.5,3.9,1.0,0.0,0.0,1,0.0,0.0,HIGH
CVE-2016-10546,arbitrary,CWE-94,9.8,3.9,1.0,,,0,,,CRITICAL
CVE-2016-10547,full,CWE-79,6.1,2.8,1.0,1563.0,1563.0,1,0.0,0.0,MEDIUM
CVE-2016-10552,igniteui,CWE-311,7.4,2.2,1.0,,,0,,,HIGH
CVE-2016-10569,embedza,CWE-311,8.1,2.2,1.0,,,0,,,HIGH
CVE-2018-1496,and,CWE-79,5.4,2.3,138.0,,,0,,,MEDIUM
CVE-2018-11485,plugin,CWE-79,6.1,2.8,4.0,,,1,,,MEDIUM
CVE-2018-11486,issue,CWE-79,6.1,2.8,36.0,1356.0,1356.0,1,0.0,0.0,MEDIUM
CVE-2016-10621,fibjs,CWE-311,8.1,2.2,1.0,,,0,,,HIGH
CVE-2016-10622,nodeschnaps,CWE-311,8.1,2.2,1.0,,,0,,,HIGH
CVE-2018-10611,remote,CWE-287,9.8,3.9,2.0,,,0,,,CRITICAL
CVE-2016-10638,frontend,CWE-311,8.1,2.2,1.0,680.0,680.0,0,0.0,0.0,HIGH
CVE-2017-16006,markdown,CWE-79,6.1,2.8,1.0,2977.0,2977.0,1,6.0,0.83,MEDIUM
CVE-2017-16007,implementation,CWE-200,5.9,2.2,2.0,,,1,,,MEDIUM
CVE-2018-3853,exploitable,CWE-416,8.8,2.8,13.0,,,1,,,HIGH
CVE-2018-1000202,persisted,CWE-79,5.4,2.3,1.0,1422.0,1422.0,0,0.0,0.0,MEDIUM
CVE-2017-16130,exxxxxxxxxxx,CWE-22,7.5,3.9,1.0,,,1,,,HIGH
CVE-2017-16225,aegir,CWE-200,7.5,3.9,1.0,1637.0,1637.0,0,0.0,0.0,HIGH
CVE-2018-0321,vulnerability,CWE-287,9.8,3.9,25.0,,,0,,,CRITICAL
CVE-2018-12090,unauthenticated,CWE-79,6.1,2.8,1.0,,,1,,,MEDIUM
CVE-2017-3199,implementation,CWE-502,8.1,2.2,3.0,,,1,,,HIGH
CVE-2017-3200,implementation,CWE-913,8.1,2.2,4.0,,,1,,,HIGH
CVE-2017-3201,implementation,CWE-502,8.1,2.2,5.0,,,1,,,HIGH
CVE-2017-3202,implementation,CWE-913,9.8,3.9,6.0,,,1,,,CRITICAL
CVE-2017-3203,implementations,CWE-502,8.1,2.2,1.0,,,1,,,HIGH
CVE-2017-3206,implementation,CWE-611,9.8,3.9,7.0,,,1,,,CRITICAL
CVE-2017-3207,implementations,CWE-502,9.8,3.9,2.0,,,1,,,CRITICAL
CVE-2017-3208,implementation,CWE-611,9.8,3.9,8.0,,,1,,,CRITICAL
CVE-2016-5297,error,CWE-190,9.8,3.9,1.0,,,0,,,CRITICAL
CVE-2016-9070,maliciously,CWE-264,8.0,2.1,1.0,,,0,,,HIGH
CVE-2016-9895,handlers,CWE-254,6.1,2.8,1.0,,,1,,,MEDIUM
CVE-2016-9901,tags,CWE-20,9.8,3.9,1.0,0.0,0.0,0,0.0,0.0,CRITICAL
CVE-2016-9904,attacker,CWE-200,7.5,3.9,1.0,,,0,,,HIGH
CVE-2017-5378,codes,CWE-200,7.5,3.9,1.0,898.0,898.0,1,0.0,0.0,HIGH
CVE-2017-5384,files,CWE-200,5.9,2.2,1.0,0.0,0.0,1,0.0,0.0,MEDIUM
CVE-2017-5394,location,CWE-352,8.8,2.8,1.0,0.0,0.0,1,0.0,0.0,HIGH
CVE-2017-5410,corruption,CWE-119,9.8,3.9,1.0,0.0,0.0,1,0.0,0.0,CRITICAL
CVE-2017-7770,mechanism,CWE-20,5.9,2.2,1.0,2544.0,2544.0,0,2.0,0.0,MEDIUM
CVE-2017-7799,the,CWE-79,6.1,2.8,102.0,0.0,0.0,1,0.0,0.0,MEDIUM
CVE-2017-7813,the,CWE-125,8.2,3.9,103.0,0.0,0.0,1,0.0,0.0,HIGH
CVE-2017-7815,pages,CWE-20,5.3,3.9,1.0,1422.0,1422.0,1,0.0,0.0,MEDIUM
CVE-2017-7834,loaded,CWE-79,6.1,2.8,1.0,,,0,,,MEDIUM
CVE-2017-7839,characters,CWE-79,6.1,2.8,1.0,0.0,0.0,0,0.0,0.0,MEDIUM
CVE-2017-7840,can,CWE-79,6.1,2.8,1.0,731.0,731.0,0,0.0,0.0,MEDIUM
CVE-2017-7846,possible,CWE-74,8.8,2.8,2.0,348.0,348.0,0,0.0,0.0,HIGH
CVE-2018-5158,viewer,CWE-94,8.8,2.8,1.0,,,0,,,HIGH
CVE-2018-5163,malicious,CWE-281,8.1,2.2,2.0,,,0,,,HIGH
CVE-2018-5167,web,CWE-20,4.3,2.8,4.0,,,0,,,MEDIUM
CVE-2018-5176,displays,CWE-20,6.1,2.8,1.0,0.0,0.0,0,0.0,0.0,MEDIUM
CVE-2018-5178,buffer,CWE-119,8.1,2.2,1.0,882.0,882.0,0,0.0,0.0,HIGH
CVE-2018-2424,did,CWE-20,9.8,3.9,1.0,2848.0,2848.0,0,0.0,0.08,CRITICAL
CVE-2018-12320,use,CWE-416,7.8,1.8,1.0,48.0,48.0,0,0.0,0.0,HIGH
CVE-2018-12321,heap,CWE-125,7.8,1.8,1.0,,,0,,,HIGH
CVE-2018-7164,versions,CWE-400,7.5,3.9,29.0,2083.0,2083.0,0,1.0,0.0,HIGH
CVE-2018-5488,versions,CWE-20,9.8,3.9,30.0,2083.0,2083.0,0,1.0,0.0,CRITICAL
CVE-2018-12432,through,CWE-79,6.1,2.8,23.0,,,1,,,MEDIUM
CVE-2018-12532,through,CWE-917,9.8,3.9,24.0,,,1,,,CRITICAL
CVE-2018-12533,through,CWE-917,9.8,3.9,25.0,,,0,,,CRITICAL
CVE-2018-12519,issue,CWE-434,8.8,2.8,36.0,1338.0,1338.0,1,0.0,0.0,HIGH
CVE-2017-13072,scripting,CWE-79,6.1,2.8,23.0,,,0,,,MEDIUM
CVE-2018-1253,versions,CWE-79,6.1,2.8,31.0,2075.0,2075.0,0,1.0,0.0,MEDIUM
CVE-2018-1254,versions,CWE-79,6.1,2.8,32.0,2075.0,2075.0,0,1.0,0.0,MEDIUM
CVE-2018-7681,versions,CWE-79,4.8,1.7,33.0,2075.0,2075.0,0,1.0,0.0,MEDIUM
CVE-2018-1000516,version,CWE-79,6.1,2.8,30.0,0.0,0.0,0,0.0,0.0,MEDIUM
CVE-2018-1000559,qutebrowser,CWE-79,6.1,2.8,1.0,2837.0,2837.0,1,4.0,0.42,MEDIUM
CVE-2018-1000604,persisted,CWE-79,5.4,2.3,2.0,1401.0,1401.0,0,0.0,0.0,MEDIUM
CVE-2018-6667,vulnerability,CWE-287,10.0,3.9,26.0,,,0,,,CRITICAL
CVE-2018-12536,all,CWE-209,5.3,3.9,4.0,,,0,,,MEDIUM
CVE-2018-1507,vulnerable,CWE-79,5.4,2.3,41.0,,,0,,,MEDIUM
CVE-2018-8016,default,CWE-306,9.8,3.9,4.0,,,0,,,CRITICAL
CVE-2017-1250,and,CWE-79,5.4,2.3,127.0,,,0,,,MEDIUM
CVE-2017-1275,and,CWE-79,5.4,2.3,128.0,,,0,,,MEDIUM
CVE-2017-1277,and,CWE-79,5.4,2.3,129.0,,,0,,,MEDIUM
CVE-2017-1280,and,CWE-79,5.4,2.3,130.0,,,0,,,MEDIUM
CVE-2017-1281,and,CWE-79,5.4,2.3,131.0,,,0,,,MEDIUM
CVE-2017-1293,and,CWE-79,5.4,2.3,132.0,,,0,,,MEDIUM
CVE-2017-1294,and,CWE-79,5.4,2.3,133.0,,,0,,,MEDIUM
CVE-2017-1299,and,CWE-79,5.4,2.3,134.0,,,0,,,MEDIUM
CVE-2017-1306,and,CWE-79,5.4,2.3,135.0,,,0,,,MEDIUM
CVE-2017-1312,and,CWE-79,5.4,2.3,136.0,,,0,,,MEDIUM
CVE-2017-1313,and,CWE-79,5.4,2.3,137.0,,,0,,,MEDIUM
CVE-2017-1314,and,CWE-79,5.4,2.3,138.0,,,0,,,MEDIUM
CVE-2017-1315,and,CWE-79,5.4,2.3,139.0,,,0,,,MEDIUM
CVE-2017-1316,and,CWE-79,5.4,2.3,140.0,,,0,,,MEDIUM
CVE-2017-1317,and,CWE-79,5.4,2.3,141.0,,,0,,,MEDIUM
CVE-2017-1561,and,CWE-79,5.4,2.3,142.0,,,0,,,MEDIUM
CVE-2017-1562,and,CWE-79,5.4,2.3,143.0,,,0,,,MEDIUM
CVE-2017-1564,and,CWE-79,5.4,2.3,144.0,,,0,,,MEDIUM
CVE-2017-1565,and,CWE-79,5.4,2.3,145.0,,,0,,,MEDIUM
CVE-2017-1568,and,CWE-79,5.4,2.3,146.0,,,0,,,MEDIUM
CVE-2017-1592,and,CWE-79,5.4,2.3,147.0,,,0,,,MEDIUM
CVE-2017-1608,and,CWE-79,5.4,2.3,148.0,,,0,,,MEDIUM
CVE-2017-1621,and,CWE-79,5.4,2.3,149.0,,,0,,,MEDIUM
CVE-2017-1651,and,CWE-79,5.4,2.3,150.0,,,0,,,MEDIUM
CVE-2017-1652,and,CWE-79,5.4,2.3,151.0,,,0,,,MEDIUM
CVE-2017-1690,and,CWE-79,5.4,2.3,152.0,,,0,,,MEDIUM
CVE-2017-1691,and,CWE-79,5.4,2.3,153.0,,,0,,,MEDIUM
CVE-2017-1715,and,CWE-79,5.4,2.3,154.0,,,0,,,MEDIUM
CVE-2017-1717,and,CWE-79,5.4,2.3,155.0,,,0,,,MEDIUM
CVE-2018-3747,public,CWE-79,6.1,2.8,1.0,883.0,883.0,1,4.0,0.0,MEDIUM
CVE-2018-3748,vulnerability,CWE-79,6.1,2.8,27.0,,,1,,,MEDIUM
CVE-2018-7636,filtering,CWE-79,6.1,2.8,1.0,,,0,,,MEDIUM
CVE-2018-9335,session,CWE-79,5.4,2.3,1.0,,,0,,,MEDIUM
CVE-2018-9337,web,CWE-79,5.4,2.3,5.0,,,0,,,MEDIUM
CVE-2018-13145,function,CWE-190,7.5,3.9,3.0,0.0,0.0,0,0.0,0.0,HIGH
CVE-2018-9185,information,CWE-200,8.1,2.2,1.0,752.0,752.0,0,2.0,0.0,HIGH
CVE-2017-1237,based,CWE-79,5.4,2.3,2.0,,,0,,,MEDIUM
CVE-2017-1238,and,CWE-79,5.4,2.3,144.0,,,0,,,MEDIUM
CVE-2018-1494,through,CWE-79,5.4,2.3,26.0,,,0,,,MEDIUM
CVE-2018-1555,and,CWE-79,5.4,2.3,145.0,,,0,,,MEDIUM
CVE-2018-1556,and,CWE-79,5.4,2.3,146.0,,,0,,,MEDIUM
CVE-2018-1676,through,CWE-79,6.1,2.8,27.0,,,0,,,MEDIUM
CVE-2018-11351,before,CWE-79,6.1,2.8,29.0,1984.0,1984.0,1,0.0,0.0,MEDIUM
CVE-2018-13439,allows,CWE-611,7.5,3.9,16.0,328.0,328.0,1,0.0,0.0,HIGH
CVE-2018-1000613,the,CWE-470,9.8,3.9,103.0,0.0,0.0,0,0.0,0.0,CRITICAL
CVE-2018-13388,review,CWE-79,5.4,2.3,3.0,0.0,0.0,0,0.0,0.0,MEDIUM
CVE-2018-1407,through,CWE-79,5.4,2.3,28.0,,,0,,,MEDIUM
CVE-2018-1408,through,CWE-79,5.4,2.3,29.0,,,0,,,MEDIUM
CVE-2018-1521,through,CWE-79,5.4,2.3,30.0,,,0,,,MEDIUM
CVE-2017-1729,through,CWE-79,5.4,2.3,31.0,,,0,,,MEDIUM
CVE-2017-1791,through,CWE-79,5.4,2.3,32.0,,,0,,,MEDIUM
CVE-2017-1792,through,CWE-79,5.4,2.3,33.0,,,0,,,MEDIUM
CVE-2017-1793,through,CWE-79,5.4,2.3,34.0,,,0,,,MEDIUM
CVE-2018-1396,through,CWE-79,5.4,2.3,35.0,,,0,,,MEDIUM
CVE-2018-1523,through,CWE-79,5.4,2.3,36.0,,,0,,,MEDIUM
CVE-2018-10891,flaw,CWE-20,7.3,3.9,2.0,,,0,,,HIGH
CVE-2018-2434,content,CWE-345,4.3,2.8,1.0,423.0,423.0,0,0.0,0.0,MEDIUM
CVE-2018-13863,bson,NVD-CWE-noinfo,7.5,3.9,1.0,685.0,685.0,1,1.0,0.0,HIGH
CVE-2018-8319,vulnerability,CWE-682,9.8,3.9,28.0,,,0,,,CRITICAL
CVE-2016-0708,deployed,CWE-200,5.9,2.2,1.0,,,0,,,MEDIUM
CVE-2018-1245,and,CWE-863,9.0,2.3,137.0,,,0,,,CRITICAL
CVE-2018-1255,and,CWE-79,6.1,2.8,138.0,,,0,,,MEDIUM
CVE-2016-9498,and,CWE-502,9.8,3.9,139.0,,,0,,,CRITICAL
CVE-2018-13387,resource,CWE-79,6.1,2.8,7.0,0.0,0.0,0,0.0,0.0,MEDIUM
CVE-2018-5229,class,CWE-79,5.4,2.3,5.0,0.0,0.0,0,0.0,0.0,MEDIUM
CVE-2017-17541,vulnerability,CWE-79,6.1,2.8,29.0,,,0,,,MEDIUM
CVE-2018-14371,function,CWE-22,7.5,3.9,4.0,0.0,0.0,0,0.0,0.0,HIGH
CVE-2018-2938,the,NVD-CWE-noinfo,9.0,2.2,104.0,0.0,0.0,0,0.0,0.0,CRITICAL
CVE-2018-2940,the,NVD-CWE-noinfo,4.3,2.8,105.0,0.0,0.0,0,0.0,0.0,MEDIUM
CVE-2018-2941,the,NVD-CWE-noinfo,8.3,1.6,106.0,0.0,0.0,0,0.0,0.0,HIGH
CVE-2018-2942,the,NVD-CWE-noinfo,8.3,1.6,107.0,0.0,0.0,0,0.0,0.0,HIGH
CVE-2018-2952,the,NVD-CWE-noinfo,3.7,2.2,108.0,0.0,0.0,0,0.0,0.0,LOW
CVE-2018-2964,the,NVD-CWE-noinfo,8.3,1.6,109.0,0.0,0.0,0,0.0,0.0,HIGH
CVE-2018-2972,the,NVD-CWE-noinfo,5.9,2.2,110.0,0.0,0.0,0,0.0,0.0,MEDIUM
CVE-2018-2973,the,NVD-CWE-noinfo,5.9,2.2,111.0,0.0,0.0,0,0.0,0.0,MEDIUM
CVE-2018-3004,the,NVD-CWE-noinfo,5.3,1.6,112.0,0.0,0.0,1,0.0,0.0,MEDIUM
CVE-2018-5232,resource,CWE-79,6.1,2.8,8.0,0.0,0.0,0,0.0,0.0,MEDIUM
CVE-2018-1529,through,CWE-79,5.4,2.3,30.0,,,0,,,MEDIUM
CVE-2018-1535,through,CWE-79,5.4,2.3,31.0,,,0,,,MEDIUM
CVE-2018-1536,through,CWE-79,5.4,2.3,32.0,,,0,,,MEDIUM
CVE-2018-1585,through,CWE-79,5.4,2.3,33.0,,,0,,,MEDIUM
CVE-2018-1563,through,CWE-79,5.4,2.3,34.0,,,1,,,MEDIUM
CVE-2014-2296,external,CWE-611,8.8,2.8,4.0,511.0,511.0,0,0.0,0.0,HIGH
CVE-2018-1513,through,CWE-79,5.4,2.3,35.0,,,0,,,MEDIUM
CVE-2018-1999024,version,CWE-79,5.4,2.8,29.0,0.0,0.0,1,0.0,0.0,MEDIUM
CVE-2018-1999005,scripting,CWE-79,5.4,2.3,24.0,,,0,,,MEDIUM
CVE-2018-1999007,scripting,CWE-79,5.4,2.3,25.0,,,0,,,MEDIUM
CVE-2018-8031,console,CWE-79,6.1,2.8,3.0,2733.0,2733.0,0,1.0,0.5,MEDIUM
CVE-2018-11059,versions,CWE-79,8.2,2.3,33.0,2042.0,2042.0,0,1.0,0.0,HIGH
CVE-2017-10934,versions,CWE-502,9.8,3.9,34.0,2041.0,2041.0,0,1.0,0.0,CRITICAL
CVE-2017-15125,flaw,CWE-79,6.5,2.3,3.0,,,0,,,MEDIUM
CVE-2018-1718,vulnerable,CWE-79,5.4,2.3,39.0,,,0,,,MEDIUM
CVE-2016-8613,flaw,CWE-79,6.4,3.1,5.0,,,0,,,MEDIUM
CVE-2018-11623,vulnerability,CWE-843,8.8,2.8,30.0,,,0,,,HIGH
CVE-2018-14241,vulnerability,CWE-843,8.8,2.8,31.0,,,0,,,HIGH
CVE-2018-14242,vulnerability,CWE-843,8.8,2.8,32.0,,,0,,,HIGH
CVE-2018-14243,vulnerability,CWE-843,8.8,2.8,33.0,,,0,,,HIGH
CVE-2018-14244,vulnerability,CWE-843,8.8,2.8,34.0,,,0,,,HIGH
CVE-2018-14245,vulnerability,CWE-843,8.8,2.8,35.0,,,0,,,HIGH
CVE-2018-14246,vulnerability,CWE-843,8.8,2.8,36.0,,,0,,,HIGH
CVE-2018-14247,vulnerability,CWE-843,8.8,2.8,37.0,,,0,,,HIGH
CVE-2018-14248,vulnerability,CWE-843,8.8,2.8,38.0,,,0,,,HIGH
CVE-2018-14249,vulnerability,CWE-843,8.8,2.8,39.0,,,0,,,HIGH
CVE-2018-14250,vulnerability,CWE-843,8.8,2.8,40.0,,,0,,,HIGH
CVE-2018-14251,vulnerability,CWE-843,8.8,2.8,41.0,,,0,,,HIGH
CVE-2018-14252,vulnerability,CWE-843,8.8,2.8,42.0,,,0,,,HIGH
CVE-2018-14253,vulnerability,CWE-843,8.8,2.8,43.0,,,0,,,HIGH
CVE-2018-14254,vulnerability,CWE-843,8.8,2.8,44.0,,,0,,,HIGH
CVE-2018-14255,vulnerability,CWE-843,8.8,2.8,45.0,,,0,,,HIGH
CVE-2018-14256,vulnerability,CWE-843,8.8,2.8,46.0,,,0,,,HIGH
CVE-2018-14257,vulnerability,CWE-843,8.8,2.8,47.0,,,0,,,HIGH
CVE-2018-14258,vulnerability,CWE-843,8.8,2.8,48.0,,,0,,,HIGH
CVE-2018-14259,vulnerability,CWE-843,8.8,2.8,49.0,,,0,,,HIGH
CVE-2018-14260,vulnerability,CWE-843,8.8,2.8,50.0,,,0,,,HIGH
CVE-2018-14261,vulnerability,CWE-843,8.8,2.8,51.0,,,0,,,HIGH
CVE-2018-14262,vulnerability,CWE-843,8.8,2.8,52.0,,,0,,,HIGH
CVE-2018-14263,vulnerability,CWE-843,8.8,2.8,53.0,,,0,,,HIGH
CVE-2018-14264,vulnerability,CWE-843,8.8,2.8,54.0,,,0,,,HIGH
CVE-2018-14265,vulnerability,CWE-843,8.8,2.8,55.0,,,0,,,HIGH
CVE-2018-14266,vulnerability,CWE-843,8.8,2.8,56.0,,,0,,,HIGH
CVE-2018-14267,vulnerability,CWE-843,8.8,2.8,57.0,,,0,,,HIGH
CVE-2018-14268,vulnerability,CWE-843,8.8,2.8,58.0,,,0,,,HIGH
CVE-2018-14269,vulnerability,CWE-843,8.8,2.8,59.0,,,0,,,HIGH
CVE-2018-14270,vulnerability,CWE-843,8.8,2.8,60.0,,,0,,,HIGH
CVE-2018-14271,vulnerability,CWE-843,8.8,2.8,61.0,,,0,,,HIGH
CVE-2018-14272,vulnerability,CWE-843,8.8,2.8,62.0,,,0,,,HIGH
CVE-2018-14273,vulnerability,CWE-843,8.8,2.8,63.0,,,0,,,HIGH
CVE-2018-14274,vulnerability,CWE-843,8.8,2.8,64.0,,,0,,,HIGH
CVE-2018-14275,vulnerability,CWE-843,8.8,2.8,65.0,,,0,,,HIGH
CVE-2018-14276,vulnerability,CWE-843,8.8,2.8,66.0,,,0,,,HIGH
CVE-2018-14277,vulnerability,CWE-843,8.8,2.8,67.0,,,0,,,HIGH
CVE-2018-14278,vulnerability,CWE-843,8.8,2.8,68.0,,,0,,,HIGH
CVE-2018-14279,vulnerability,CWE-843,8.8,2.8,69.0,,,0,,,HIGH
CVE-2018-1999029,scripting,CWE-79,5.4,2.3,25.0,,,0,,,MEDIUM
CVE-2016-8648,was,CWE-502,7.2,1.2,28.0,815.0,815.0,0,0.0,0.0,HIGH
CVE-2018-3924,exploitable,CWE-416,8.8,2.8,13.0,,,1,,,HIGH
CVE-2018-3939,exploitable,CWE-416,8.8,2.8,14.0,,,1,,,HIGH
CVE-2018-1554,vulnerable,CWE-79,5.4,2.3,39.0,,,0,,,MEDIUM
CVE-2018-1155,versions,CWE-79,5.4,2.3,35.0,2033.0,2033.0,0,1.0,0.0,MEDIUM
CVE-2018-14925,mishandles,CWE-209,9.8,3.9,1.0,,,0,,,CRITICAL
CVE-2018-1422,products,CWE-79,5.4,2.3,1.0,2340.0,2340.0,0,0.0,0.0,MEDIUM
CVE-2016-4398,remote,CWE-502,8.8,2.8,3.0,,,0,,,HIGH
CVE-2016-4405,remote,CWE-502,8.8,2.8,4.0,,,0,,,HIGH
CVE-2018-1690,vulnerable,CWE-79,5.4,2.3,40.0,,,0,,,MEDIUM
CVE-2018-15185,allows,CWE-20,6.5,2.8,7.0,295.0,295.0,1,0.0,0.0,MEDIUM
CVE-2018-15188,allows,CWE-119,6.5,2.8,8.0,295.0,295.0,1,0.0,0.0,MEDIUM
CVE-2018-15191,allows,CWE-119,6.5,2.8,9.0,295.0,295.0,1,0.0,0.0,MEDIUM
CVE-2018-3110,vulnerability,NVD-CWE-noinfo,9.9,3.1,69.0,,,0,,,CRITICAL
CVE-2018-13392,resources,CWE-79,6.1,2.8,7.0,0.0,0.0,0,0.0,0.0,MEDIUM
CVE-2018-14850,vulnerabilities,CWE-79,5.4,2.3,1.0,1359.0,1359.0,0,0.0,0.0,MEDIUM
CVE-2018-12539,version,CWE-419,7.8,1.8,30.0,0.0,0.0,0,0.0,0.0,HIGH
CVE-2018-1715,through,CWE-79,5.4,2.3,36.0,,,0,,,MEDIUM
CVE-2018-11771,reading,CWE-835,5.5,1.8,1.0,,,0,,,MEDIUM
CVE-2018-10139,response,CWE-79,6.1,2.8,1.0,764.0,764.0,0,0.0,0.0,MEDIUM
CVE-2018-1000636,version,CWE-476,6.5,2.8,31.0,0.0,0.0,0,0.0,0.0,MEDIUM
CVE-2018-1000655,version,CWE-476,6.5,2.8,32.0,0.0,0.0,1,0.0,0.0,MEDIUM
CVE-2018-1000225,version,CWE-79,6.1,2.8,33.0,0.0,0.0,0,0.0,0.0,MEDIUM
CVE-2018-1394,products,CWE-79,5.4,2.3,2.0,2326.0,2326.0,0,0.0,0.0,MEDIUM
CVE-2018-1517,flaw,CWE-20,5.9,2.2,6.0,,,0,,,MEDIUM
CVE-2018-1656,for,CWE-22,7.4,2.8,9.0,,,0,,,HIGH
CVE-2018-15528,exists,CWE-79,6.1,2.8,3.0,,,1,,,MEDIUM
CVE-2018-1999042,vulnerability,CWE-502,5.3,3.9,70.0,,,0,,,MEDIUM
CVE-2018-1755,could,CWE-200,5.9,2.2,1.0,393.0,393.0,0,0.0,0.0,MEDIUM
CVE-2018-15874,scripting,CWE-79,6.1,2.8,24.0,,,0,,,MEDIUM
CVE-2018-15875,scripting,CWE-79,6.1,2.8,25.0,,,0,,,MEDIUM
CVE-2018-0715,scripting,CWE-79,6.1,2.8,26.0,,,1,,,MEDIUM
CVE-2018-15699,and,CWE-79,6.1,2.8,110.0,,,1,,,MEDIUM
CVE-2018-13395,resources,CWE-79,6.1,2.8,7.0,0.0,0.0,0,0.0,0.0,MEDIUM
CVE-2017-15427,policy,CWE-79,6.1,2.8,1.0,8.0,8.0,0,0.0,0.0,MEDIUM
CVE-2018-15897,allows,CWE-119,6.5,2.8,10.0,276.0,276.0,1,0.0,0.0,MEDIUM
CVE-2018-7795,vulnerability,CWE-79,5.4,2.8,70.0,,,0,,,MEDIUM
CVE-2018-16316,stored,CWE-79,5.4,2.3,4.0,,,0,,,MEDIUM
CVE-2018-1000661,jsish,CWE-476,6.5,2.8,1.0,,,0,,,MEDIUM
CVE-2018-1000663,jsish,CWE-119,6.5,2.8,2.0,,,0,,,MEDIUM
CVE-2018-1000668,jsish,CWE-125,6.5,2.8,3.0,,,0,,,MEDIUM
CVE-2018-12234,was,CWE-79,6.1,2.8,29.0,779.0,779.0,1,0.0,0.0,MEDIUM
CVE-2018-16590,and,CWE-287,9.8,3.9,106.0,,,1,,,CRITICAL
CVE-2017-1114,and,CWE-79,5.4,2.3,107.0,,,0,,,MEDIUM
CVE-2018-1567,and,CWE-502,9.8,3.9,108.0,,,0,,,CRITICAL
CVE-2018-9283,issue,CWE-79,5.4,2.3,33.0,1258.0,1258.0,1,0.0,0.0,MEDIUM
CVE-2018-11775,hostname,CWE-295,7.4,2.2,1.0,,,0,,,HIGH
CVE-2016-0750,hotrod,CWE-138,4.2,1.6,1.0,745.0,745.0,0,0.0,0.0,MEDIUM
CVE-2018-2452,logon,CWE-79,6.1,2.8,1.0,,,0,,,MEDIUM
CVE-2018-2462,certain,CWE-20,8.8,2.8,2.0,822.0,822.0,0,0.0,0.0,HIGH
CVE-2018-2464,versions,CWE-79,6.1,2.8,36.0,1993.0,1993.0,0,1.0,0.0,MEDIUM
CVE-2016-0715,version,CWE-200,5.9,2.2,34.0,0.0,0.0,0,0.0,0.0,MEDIUM
CVE-2018-16729,allows,CWE-79,5.4,2.3,11.0,262.0,262.0,1,0.0,0.0,MEDIUM
CVE-2018-12585,vulnerability,CWE-611,8.2,3.9,72.0,,,0,,,HIGH
CVE-2018-14631,moodle,CWE-20,8.8,2.8,1.0,0.0,0.0,0,0.0,0.0,HIGH
CVE-2018-16958,issue,CWE-732,5.4,2.8,34.0,1248.0,1248.0,0,0.0,0.0,MEDIUM
CVE-2018-11352,application,CWE-79,4.0,1.0,2.0,150.0,150.0,1,0.0,0.0,MEDIUM
CVE-2018-9282,issue,CWE-79,6.1,2.8,36.0,1244.0,1244.0,1,0.0,0.0,MEDIUM
CVE-2018-10497,vulnerability,CWE-20,7.8,1.8,73.0,,,0,,,HIGH
CVE-2018-10499,vulnerability,CWE-20,7.0,1.0,74.0,,,0,,,HIGH
CVE-2018-1560,through,CWE-79,5.4,2.3,33.0,,,0,,,MEDIUM
CVE-2018-1659,through,CWE-79,5.4,2.3,34.0,,,0,,,MEDIUM
CVE-2018-1610,through,CWE-79,5.4,2.3,35.0,,,0,,,MEDIUM
CVE-2018-15531,before,CWE-611,9.8,3.9,27.0,1903.0,1903.0,0,0.0,0.0,CRITICAL
CVE-2018-1660,and,CWE-79,5.4,2.3,98.0,,,0,,,MEDIUM
CVE-2018-1716,and,CWE-79,6.1,2.8,99.0,,,0,,,MEDIUM
CVE-2018-1820,and,CWE-79,5.4,2.3,100.0,,,0,,,MEDIUM
CVE-2018-14037,scripting,CWE-79,6.1,2.8,25.0,,,1,,,MEDIUM
CVE-2018-5393,software,CWE-306,9.8,3.9,1.0,528.0,528.0,0,0.0,0.0,CRITICAL
CVE-2018-11073,versions,CWE-79,6.5,2.3,37.0,1976.0,1976.0,0,1.0,0.0,MEDIUM
CVE-2018-11074,versions,CWE-79,6.1,2.8,38.0,1976.0,1976.0,0,1.0,0.0,MEDIUM
CVE-2018-11075,versions,CWE-79,5.8,1.6,39.0,1976.0,1976.0,0,1.0,0.0,MEDIUM
CVE-2018-1246,and,CWE-79,4.7,2.8,101.0,,,0,,,MEDIUM
CVE-2018-9078,some,CWE-79,8.8,2.8,1.0,558.0,558.0,0,0.0,0.0,HIGH
CVE-2018-9079,some,CWE-79,9.8,3.9,2.0,558.0,558.0,0,0.0,0.0,CRITICAL
CVE-2017-1649,through,CWE-79,5.4,2.3,35.0,,,0,,,MEDIUM
CVE-2018-1395,through,CWE-79,5.4,2.3,36.0,,,0,,,MEDIUM
CVE-2018-1403,through,CWE-79,5.4,2.3,37.0,,,0,,,MEDIUM
CVE-2018-1404,through,CWE-79,5.4,2.3,38.0,,,0,,,MEDIUM
CVE-2018-1405,through,CWE-79,5.4,2.3,39.0,,,0,,,MEDIUM
CVE-2018-1439,through,CWE-79,5.4,2.3,40.0,,,0,,,MEDIUM
CVE-2018-1440,through,CWE-79,5.4,2.3,41.0,,,0,,,MEDIUM
CVE-2018-1522,through,CWE-79,5.4,2.3,42.0,,,0,,,MEDIUM
CVE-2018-1557,through,CWE-79,5.4,2.3,43.0,,,0,,,MEDIUM
CVE-2018-1558,through,CWE-79,5.4,2.3,44.0,,,0,,,MEDIUM
CVE-2018-1601,through,CWE-79,5.4,2.3,45.0,,,0,,,MEDIUM
CVE-2018-1605,through,CWE-79,5.4,2.3,46.0,,,0,,,MEDIUM
CVE-2018-1691,through,CWE-79,5.4,2.3,47.0,,,0,,,MEDIUM
CVE-2018-1692,through,CWE-79,5.4,2.3,48.0,,,0,,,MEDIUM
CVE-2018-3943,exploitable,CWE-416,8.8,2.8,14.0,,,0,,,HIGH
CVE-2018-3944,exploitable,CWE-416,8.8,2.8,15.0,,,0,,,HIGH
CVE-2018-3957,vulnerability,CWE-416,7.8,1.8,70.0,,,0,,,HIGH
CVE-2018-3958,vulnerability,CWE-416,7.8,1.8,71.0,,,0,,,HIGH
CVE-2018-3959,vulnerability,CWE-416,7.8,1.8,72.0,,,0,,,HIGH
CVE-2018-3960,vulnerability,CWE-416,7.8,1.8,73.0,,,0,,,HIGH
CVE-2018-3961,vulnerability,CWE-416,7.8,1.8,74.0,,,0,,,HIGH
CVE-2018-3962,vulnerability,CWE-416,7.3,1.3,75.0,,,0,,,HIGH
CVE-2018-1793,and,CWE-79,6.1,2.8,95.0,,,0,,,MEDIUM
CVE-2018-1794,and,CWE-79,6.1,2.8,96.0,,,0,,,MEDIUM
CVE-2018-3946,exploitable,CWE-416,8.8,2.8,16.0,,,1,,,HIGH
CVE-2018-3964,exploitable,CWE-416,7.8,1.8,17.0,,,1,,,HIGH
CVE-2018-3965,exploitable,CWE-416,7.8,1.8,18.0,,,1,,,HIGH
CVE-2018-3966,exploitable,CWE-416,7.8,1.8,19.0,,,1,,,HIGH
CVE-2018-3967,exploitable,CWE-416,7.8,1.8,20.0,,,1,,,HIGH
CVE-2018-3993,exploitable,CWE-416,8.8,2.8,21.0,,,1,,,HIGH
CVE-2018-3994,exploitable,CWE-416,8.8,2.8,22.0,,,1,,,HIGH
CVE-2018-3995,exploitable,CWE-416,8.8,2.8,23.0,,,0,,,HIGH
CVE-2018-1602,through,CWE-79,5.4,2.3,49.0,,,0,,,MEDIUM
CVE-2018-1603,through,CWE-79,5.4,2.3,50.0,,,0,,,MEDIUM
CVE-2018-1604,through,CWE-79,5.4,2.3,51.0,,,0,,,MEDIUM
CVE-2018-17849,has,CWE-79,5.4,2.3,4.0,52.0,52.0,1,0.0,0.0,MEDIUM
CVE-2018-1686,through,CWE-79,5.4,2.3,52.0,,,0,,,MEDIUM
CVE-2018-1795,with,CWE-79,6.1,2.8,3.0,235.0,235.0,0,0.0,0.0,MEDIUM
CVE-2015-9273,plugin,CWE-79,6.1,2.8,3.0,,,0,,,MEDIUM
CVE-2018-16291,exploitable,CWE-416,7.8,1.8,24.0,,,0,,,HIGH
CVE-2018-16292,exploitable,CWE-416,7.8,1.8,25.0,,,0,,,HIGH
CVE-2018-16293,exploitable,CWE-416,7.8,1.8,26.0,,,0,,,HIGH
CVE-2018-16294,exploitable,CWE-416,7.8,1.8,27.0,,,0,,,HIGH
CVE-2018-16295,exploitable,CWE-416,7.8,1.8,28.0,,,0,,,HIGH
CVE-2018-16296,exploitable,CWE-416,7.8,1.8,29.0,,,0,,,HIGH
CVE-2018-16297,exploitable,CWE-416,7.8,1.8,30.0,,,0,,,HIGH
CVE-2018-3940,exploitable,CWE-416,8.8,2.8,31.0,,,1,,,HIGH
CVE-2018-3941,exploitable,CWE-416,8.8,2.8,32.0,,,1,,,HIGH
CVE-2018-3942,exploitable,CWE-416,8.8,2.8,33.0,,,1,,,HIGH
CVE-2018-3945,exploitable,CWE-416,8.8,2.8,34.0,,,1,,,HIGH
CVE-2018-3992,exploitable,CWE-416,8.8,2.8,35.0,,,1,,,HIGH
CVE-2018-3996,exploitable,CWE-416,8.8,2.8,36.0,,,1,,,HIGH
CVE-2018-3997,exploitable,CWE-416,8.8,2.8,37.0,,,1,,,HIGH
CVE-2018-15903,module,CWE-79,5.4,2.3,7.0,,,1,,,MEDIUM
CVE-2018-7633,injection,CWE-94,9.8,3.9,1.0,,,1,,,CRITICAL
CVE-2018-18240,through,CWE-502,9.8,3.9,53.0,,,1,,,CRITICAL
CVE-2018-1706,vulnerable,CWE-79,5.4,2.3,32.0,,,0,,,MEDIUM
CVE-2018-1673,and,CWE-79,6.1,2.8,96.0,,,0,,,MEDIUM
CVE-2018-1533,and,CWE-79,5.4,2.3,97.0,,,0,,,MEDIUM
CVE-2018-1534,and,CWE-79,5.4,2.3,98.0,,,0,,,MEDIUM
CVE-2018-10141,page,CWE-79,6.1,2.8,1.0,2234.0,2234.0,0,0.0,0.0,MEDIUM
CVE-2018-18290,issue,CWE-79,4.8,1.7,38.0,1221.0,1221.0,0,0.0,0.0,MEDIUM
CVE-2018-1777,and,CWE-79,5.4,2.3,99.0,,,0,,,MEDIUM
CVE-2018-2911,the,NVD-CWE-noinfo,8.3,2.8,80.0,0.0,0.0,0,0.0,0.0,HIGH
CVE-2018-3136,the,NVD-CWE-noinfo,3.4,1.6,81.0,0.0,0.0,0,0.0,0.0,LOW
CVE-2018-3139,the,NVD-CWE-noinfo,3.1,1.6,82.0,0.0,0.0,0,0.0,0.0,LOW
CVE-2018-3149,the,NVD-CWE-noinfo,8.3,1.6,83.0,0.0,0.0,0,0.0,0.0,HIGH
CVE-2018-3150,the,NVD-CWE-noinfo,3.7,2.2,84.0,0.0,0.0,0,0.0,0.0,LOW
CVE-2018-3157,the,NVD-CWE-noinfo,3.7,2.2,85.0,0.0,0.0,0,0.0,0.0,LOW
CVE-2018-3169,the,NVD-CWE-noinfo,8.3,1.6,86.0,0.0,0.0,0,0.0,0.0,HIGH
CVE-2018-3180,the,NVD-CWE-noinfo,5.6,2.2,87.0,0.0,0.0,0,0.0,0.0,MEDIUM
CVE-2018-3183,the,NVD-CWE-noinfo,9.0,2.2,88.0,0.0,0.0,0,0.0,0.0,CRITICAL
CVE-2018-3209,the,NVD-CWE-noinfo,8.3,1.6,89.0,0.0,0.0,0,0.0,0.0,HIGH
CVE-2018-3210,the,NVD-CWE-noinfo,5.3,3.9,90.0,0.0,0.0,0,0.0,0.0,MEDIUM
CVE-2018-3211,the,NVD-CWE-noinfo,6.6,1.3,91.0,0.0,0.0,0,0.0,0.0,MEDIUM
CVE-2018-3214,the,NVD-CWE-noinfo,5.3,3.9,92.0,0.0,0.0,0,0.0,0.0,MEDIUM
CVE-2018-3259,the,NVD-CWE-noinfo,9.8,3.9,93.0,0.0,0.0,0,0.0,0.0,CRITICAL
CVE-2018-12378,vulnerability,CWE-416,9.8,3.9,72.0,,,0,,,CRITICAL
CVE-2018-12382,displayed,CWE-20,5.3,3.9,1.0,,,1,,,MEDIUM
CVE-2018-12386,vulnerability,CWE-704,8.1,2.8,73.0,,,1,,,HIGH
CVE-2018-12387,vulnerability,CWE-20,9.1,3.9,74.0,,,1,,,CRITICAL
CVE-2018-15312,and,CWE-79,6.1,2.8,100.0,,,0,,,MEDIUM
CVE-2018-12246,prior,CWE-79,6.1,2.8,3.0,1421.0,1421.0,0,2.0,0.0,MEDIUM
CVE-2018-15703,and,CWE-79,6.1,2.8,101.0,,,1,,,MEDIUM
CVE-2018-1541,and,CWE-79,5.4,2.3,102.0,,,0,,,MEDIUM
CVE-2018-18013,through,CWE-502,7.8,1.8,54.0,,,1,,,HIGH
CVE-2018-18694,allows,CWE-79,4.8,1.7,10.0,215.0,215.0,1,0.0,0.0,MEDIUM
CVE-2018-1766,through,CWE-79,5.4,2.3,55.0,,,0,,,MEDIUM
CVE-2018-1767,and,CWE-79,6.1,2.8,101.0,,,0,,,MEDIUM
CVE-2018-16468,the,CWE-79,5.4,2.3,72.0,0.0,0.0,0,0.0,0.0,MEDIUM
CVE-2018-6906,persistent,CWE-79,6.1,2.8,2.0,2762.0,2762.0,1,10.0,16.17,MEDIUM
CVE-2017-1609,through,CWE-79,5.4,2.3,56.0,,,0,,,MEDIUM
CVE-2018-18909,allows,CWE-79,6.1,2.8,11.0,210.0,210.0,1,0.0,0.0,MEDIUM
CVE-2018-16474,stored,CWE-79,6.1,2.8,5.0,,,1,,,MEDIUM
CVE-2018-17184,malicious,CWE-79,5.4,2.3,3.0,,,0,,,MEDIUM
CVE-2018-14667,through,CWE-94,9.8,3.9,57.0,,,0,,,CRITICAL
CVE-2018-15381,deserialization,CWE-502,9.8,3.9,1.0,,,0,,,CRITICAL
CVE-2018-1872,vulnerable,CWE-79,5.4,2.3,31.0,,,0,,,MEDIUM
CVE-2018-1798,and,CWE-79,6.1,2.8,97.0,,,0,,,MEDIUM
CVE-2018-14655,flaw,CWE-79,4.6,2.1,6.0,,,0,,,MEDIUM
CVE-2018-2485,possible,NVD-CWE-noinfo,7.7,2.5,2.0,193.0,193.0,0,0.0,0.0,HIGH
CVE-2018-2491,opening,CWE-94,7.8,1.8,1.0,,,0,,,HIGH
CVE-2018-6065,overflow,CWE-190,8.8,2.8,1.0,1086.0,1086.0,1,0.0,0.0,HIGH
CVE-2018-19287,the,CWE-79,6.1,2.8,73.0,0.0,0.0,1,0.0,0.0,MEDIUM
CVE-2018-19289,issue,CWE-79,6.1,2.8,39.0,1189.0,1189.0,1,0.0,0.0,MEDIUM
CVE-2018-1643,and,CWE-79,6.1,2.8,98.0,,,0,,,MEDIUM
CVE-2018-16621,before,CWE-917,7.2,1.2,20.0,1853.0,1853.0,1,0.0,0.0,HIGH
CVE-2018-19351,before,CWE-79,6.1,2.8,21.0,1850.0,1850.0,0,0.0,0.0,MEDIUM
CVE-2018-19531,through,CWE-20,9.8,3.9,58.0,,,1,,,CRITICAL
CVE-2018-11076,versions,NVD-CWE-noinfo,6.5,2.8,41.0,1917.0,1917.0,0,1.0,0.0,MEDIUM
CVE-2018-13308,scripting,CWE-79,6.1,2.8,22.0,,,1,,,MEDIUM
CVE-2018-13309,scripting,CWE-79,6.1,2.8,23.0,,,1,,,MEDIUM
CVE-2018-13310,scripting,CWE-79,6.1,2.8,24.0,,,0,,,MEDIUM
CVE-2018-13312,scripting,CWE-79,6.1,2.8,25.0,,,1,,,MEDIUM
CVE-2018-13323,scripting,CWE-79,6.1,2.8,26.0,,,1,,,MEDIUM
CVE-2018-12241,prior,CWE-79,6.1,2.8,3.0,1385.0,1385.0,0,2.0,0.0,MEDIUM
CVE-2018-0719,vulnerability,CWE-79,5.5,2.1,71.0,,,0,,,MEDIUM
CVE-2018-13022,scripting,CWE-79,6.1,2.8,27.0,,,1,,,MEDIUM
CVE-2018-13329,scripting,CWE-79,6.1,2.8,28.0,,,1,,,MEDIUM
CVE-2018-13334,scripting,CWE-79,6.1,2.8,29.0,,,1,,,MEDIUM
CVE-2018-13337,the,CWE-384,5.4,2.8,74.0,0.0,0.0,1,0.0,0.0,MEDIUM
CVE-2018-13331,scripting,CWE-79,6.1,2.8,30.0,,,1,,,MEDIUM
CVE-2018-13333,scripting,CWE-79,6.1,2.8,31.0,,,1,,,MEDIUM
CVE-2018-13335,scripting,CWE-79,5.4,2.3,32.0,,,1,,,MEDIUM
CVE-2018-13349,scripting,CWE-79,6.1,2.8,33.0,,,1,,,MEDIUM
CVE-2018-13351,scripting,CWE-79,4.8,1.7,34.0,,,1,,,MEDIUM
CVE-2018-13357,scripting,CWE-79,5.4,2.3,35.0,,,1,,,MEDIUM
CVE-2018-13359,scripting,CWE-79,8.8,2.8,36.0,,,1,,,HIGH
CVE-2018-13360,scripting,CWE-79,6.1,2.8,37.0,,,1,,,MEDIUM
CVE-2018-1584,vulnerable,CWE-79,5.4,2.3,27.0,,,0,,,MEDIUM
CVE-2018-12120,versions,CWE-419,8.1,2.2,40.0,1915.0,1915.0,0,1.0,0.0,HIGH
CVE-2018-12123,versions,CWE-115,4.3,2.8,41.0,1915.0,1915.0,0,1.0,0.0,MEDIUM
CVE-2018-1762,through,CWE-79,5.4,2.3,59.0,,,0,,,MEDIUM
CVE-2018-0716,scripting,CWE-79,6.1,2.8,38.0,,,0,,,MEDIUM
CVE-2018-7806,allows,CWE-22,8.8,2.8,11.0,182.0,182.0,0,0.0,0.0,HIGH
CVE-2018-7807,versions,CWE-22,8.8,2.8,42.0,1913.0,1913.0,0,1.0,0.0,HIGH
CVE-2018-7810,vulnerability,CWE-79,6.1,2.8,71.0,,,1,,,MEDIUM
CVE-2018-19787,issue,CWE-79,6.1,2.8,38.0,1172.0,1172.0,0,0.0,0.0,MEDIUM
CVE-2018-14697,scripting,CWE-79,6.1,2.8,38.0,,,1,,,MEDIUM
CVE-2018-14698,scripting,CWE-79,6.1,2.8,39.0,,,1,,,MEDIUM
CVE-2018-14704,scripting,CWE-79,6.1,2.8,40.0,,,1,,,MEDIUM
CVE-2018-16629,allows,CWE-79,4.8,1.7,12.0,179.0,179.0,1,0.0,0.0,MEDIUM
CVE-2018-11348,vulnerabilities,CWE-79,5.4,2.3,2.0,1246.0,1246.0,1,0.0,0.0,MEDIUM
CVE-2018-12305,scripting,CWE-79,6.1,2.8,41.0,,,1,,,MEDIUM
CVE-2018-12310,scripting,CWE-79,5.4,2.3,42.0,,,1,,,MEDIUM
CVE-2018-12311,scripting,CWE-79,5.4,2.3,43.0,,,1,,,MEDIUM
CVE-2018-18991,scripting,CWE-79,6.1,2.8,44.0,,,0,,,MEDIUM
CVE-2018-1728,and,CWE-79,5.4,2.3,95.0,,,0,,,MEDIUM
CVE-2018-1871,for,CWE-79,5.4,2.3,8.0,,,0,,,MEDIUM
CVE-2018-1000861,code,CWE-502,9.8,3.9,1.0,,,0,,,CRITICAL
CVE-2018-17480,user,CWE-787,8.8,2.8,1.0,,,1,,,HIGH
CVE-2018-18342,user,CWE-787,8.8,2.8,2.0,,,0,,,HIGH
CVE-2018-18347,handling,CWE-20,8.8,2.8,1.0,2653.0,2653.0,0,0.0,0.08,HIGH
CVE-2018-1900,and,CWE-79,5.4,2.3,96.0,,,0,,,MEDIUM
CVE-2018-1904,and,CWE-502,8.1,2.2,97.0,,,0,,,HIGH
CVE-2018-2492,functionality,CWE-611,7.1,2.8,1.0,,,0,,,HIGH
CVE-2018-2503,default,CWE-862,7.4,2.8,2.0,,,0,,,HIGH
CVE-2018-2504,service,CWE-79,6.1,2.8,2.0,137.0,137.0,0,0.0,0.0,MEDIUM
CVE-2018-1480,through,CWE-384,4.0,2.2,60.0,,,0,,,MEDIUM
CVE-2018-1653,and,CWE-79,5.4,2.3,98.0,,,0,,,MEDIUM
CVE-2018-1667,through,CWE-79,5.4,2.3,61.0,,,0,,,MEDIUM
CVE-2018-1740,and,CWE-79,5.4,2.3,99.0,,,0,,,MEDIUM
CVE-2018-1815,and,CWE-79,6.1,2.8,100.0,,,0,,,MEDIUM
CVE-2018-1817,and,CWE-79,6.1,2.8,101.0,,,0,,,MEDIUM
CVE-2018-5411,software,CWE-79,5.4,2.3,2.0,451.0,451.0,0,0.0,0.0,MEDIUM
CVE-2018-1848,and,CWE-79,6.1,2.8,101.0,,,0,,,MEDIUM
CVE-2018-1889,and,CWE-79,5.4,2.3,102.0,,,0,,,MEDIUM
CVE-2018-1891,and,CWE-79,5.4,2.3,103.0,,,0,,,MEDIUM
CVE-2018-1000813,version,CWE-79,4.8,1.7,35.0,0.0,0.0,0,0.0,0.0,MEDIUM
CVE-2018-1000815,version,CWE-20,4.3,2.8,36.0,0.0,0.0,0,0.0,0.0,MEDIUM
CVE-2018-1000817,plugin,CWE-22,7.5,3.9,4.0,,,1,,,HIGH
CVE-2018-1000826,version,CWE-79,6.1,2.8,37.0,0.0,0.0,1,0.0,0.0,MEDIUM
CVE-2018-1000841,version,CWE-79,6.1,2.8,38.0,0.0,0.0,0,0.0,0.0,MEDIUM
CVE-2018-1000842,version,CWE-79,6.1,2.8,39.0,0.0,0.0,0,0.0,0.0,MEDIUM
CVE-2018-1000846,version,CWE-352,8.8,2.8,40.0,0.0,0.0,0,0.0,0.0,HIGH
CVE-2018-1000847,version,CWE-79,5.4,2.3,41.0,0.0,0.0,0,0.0,0.0,MEDIUM
CVE-2018-1000868,version,CWE-79,6.1,2.8,42.0,0.0,0.0,1,0.0,0.0,MEDIUM
CVE-2018-17246,versions,CWE-73,9.8,3.9,44.0,1893.0,1893.0,0,1.0,0.0,CRITICAL
CVE-2018-17247,versions,CWE-611,5.9,2.2,45.0,1893.0,1893.0,0,1.0,0.0,MEDIUM
CVE-2018-12651,was,CWE-79,6.1,2.8,29.0,674.0,674.0,1,0.0,0.0,MEDIUM
CVE-2018-20322,version,CWE-79,6.1,2.8,43.0,0.0,0.0,0,0.0,0.0,MEDIUM
CVE-2018-0723,scripting,CWE-79,6.1,2.8,44.0,,,0,,,MEDIUM
CVE-2018-0724,scripting,CWE-79,6.1,2.8,45.0,,,0,,,MEDIUM
CVE-2018-1000887,shopping,CWE-79,4.8,1.7,1.0,,,1,,,MEDIUM
CVE-2018-20583,scripting,CWE-79,6.1,2.8,46.0,,,1,,,MEDIUM
CVE-2018-17191,interpretation,NVD-CWE-noinfo,9.8,3.9,1.0,2620.0,2620.0,0,0.0,0.17,CRITICAL
CVE-2018-6331,command,CWE-502,9.8,3.9,2.0,0.0,0.0,0,0.0,0.0,CRITICAL
CVE-2018-18005,scripting,CWE-79,6.1,2.8,46.0,,,1,,,MEDIUM
CVE-2018-18244,scripting,CWE-79,6.1,2.8,47.0,,,1,,,MEDIUM
CVE-2018-8827,admin,CWE-79,6.1,2.8,2.0,,,1,,,MEDIUM
CVE-2018-1657,and,CWE-79,5.4,2.3,104.0,,,0,,,MEDIUM
CVE-2018-1951,and,CWE-79,5.4,2.3,105.0,,,0,,,MEDIUM
CVE-2018-1320,client,CWE-295,7.5,3.9,1.0,,,0,,,HIGH
CVE-2018-1918,and,CWE-79,5.4,2.3,105.0,,,0,,,MEDIUM
CVE-2018-16065,reentrancy,CWE-416,8.8,2.8,1.0,,,0,,,HIGH
CVE-2018-6096,focused,CWE-20,6.5,2.8,1.0,227.0,227.0,0,0.0,0.0,MEDIUM
CVE-2018-6160,alert,CWE-20,6.5,2.8,1.0,367.0,367.0,0,0.0,0.0,MEDIUM
CVE-2018-16169,allows,CWE-434,8.8,2.8,12.0,142.0,142.0,0,0.0,0.0,HIGH
CVE-2018-16171,traversal,CWE-22,8.8,2.8,1.0,,,0,,,HIGH
CVE-2018-0483,vulnerability,CWE-79,4.6,2.1,72.0,,,0,,,MEDIUM
CVE-2018-4210,before,CWE-129,8.8,2.8,19.0,1796.0,1796.0,0,0.0,0.0,HIGH
CVE-2019-6251,and,NVD-CWE-noinfo,8.1,2.8,101.0,,,1,,,HIGH
CVE-2018-1967,vulnerable,CWE-79,6.1,2.8,18.0,,,0,,,MEDIUM
CVE-2018-1772,vulnerable,CWE-79,5.4,2.3,19.0,,,0,,,MEDIUM
CVE-2015-9276,before,CWE-79,6.1,2.8,20.0,1791.0,1791.0,0,0.0,0.0,MEDIUM
CVE-2019-2422,the,NVD-CWE-noinfo,3.1,1.6,75.0,0.0,0.0,0,0.0,0.0,LOW
CVE-2019-2426,the,NVD-CWE-noinfo,3.7,2.2,76.0,0.0,0.0,0,0.0,0.0,LOW
CVE-2019-2441,the,NVD-CWE-noinfo,5.3,3.9,77.0,0.0,0.0,0,0.0,0.0,MEDIUM
CVE-2019-2449,the,NVD-CWE-noinfo,3.1,1.6,78.0,0.0,0.0,0,0.0,0.0,LOW
CVE-2019-2540,the,NVD-CWE-noinfo,6.1,2.8,79.0,0.0,0.0,0,0.0,0.0,MEDIUM
CVE-2019-2547,the,NVD-CWE-noinfo,3.5,2.1,80.0,0.0,0.0,0,0.0,0.0,LOW
CVE-2018-20732,before,CWE-502,9.8,3.9,21.0,1791.0,1791.0,0,0.0,0.0,CRITICAL
CVE-2019-6990,exists,CWE-79,5.4,2.3,2.0,,,1,,,MEDIUM
CVE-2019-6992,exists,CWE-79,6.1,2.8,3.0,,,1,,,MEDIUM
CVE-2019-7168,exists,CWE-79,4.8,1.7,4.0,,,1,,,MEDIUM
CVE-2019-7169,exists,CWE-79,4.8,1.7,5.0,,,1,,,MEDIUM
CVE-2019-7170,exists,CWE-79,4.8,1.7,6.0,,,1,,,MEDIUM
CVE-2019-7171,exists,CWE-79,4.8,1.7,7.0,,,1,,,MEDIUM
CVE-2019-7172,exists,CWE-79,6.1,2.8,8.0,,,1,,,MEDIUM
CVE-2019-7173,exists,CWE-79,4.8,1.7,9.0,,,1,,,MEDIUM
CVE-2019-1565,external,CWE-79,5.4,2.3,3.0,317.0,317.0,0,0.0,0.0,MEDIUM
CVE-2019-1566,management,CWE-79,6.1,2.8,1.0,,,0,,,MEDIUM
CVE-2019-3911,scripting,CWE-79,6.1,2.8,47.0,,,1,,,MEDIUM
CVE-2019-7250,issue,CWE-79,6.1,2.8,26.0,1112.0,1112.0,1,0.0,0.0,MEDIUM
CVE-2019-4040,and,CWE-79,6.1,2.8,97.0,,,0,,,MEDIUM
CVE-2018-18940,servlet,CWE-79,6.1,2.8,1.0,,,1,,,MEDIUM
CVE-2018-16480,vulnerability,CWE-79,6.1,2.8,73.0,,,1,,,MEDIUM
CVE-2018-16481,vulnerability,CWE-79,6.1,2.8,74.0,,,1,,,MEDIUM
CVE-2018-16484,vulnerability,CWE-79,5.4,2.3,75.0,,,1,,,MEDIUM
CVE-2019-7326,exists,CWE-79,6.1,2.8,10.0,,,1,,,MEDIUM
CVE-2019-7327,exists,CWE-79,6.1,2.8,11.0,,,1,,,MEDIUM
CVE-2019-7328,exists,CWE-79,6.1,2.8,12.0,,,1,,,MEDIUM
CVE-2019-7330,exists,CWE-79,6.1,2.8,13.0,,,1,,,MEDIUM
CVE-2019-7332,exists,CWE-79,6.1,2.8,14.0,,,1,,,MEDIUM
CVE-2019-7333,exists,CWE-79,6.1,2.8,15.0,,,1,,,MEDIUM
CVE-2019-7334,exists,CWE-79,6.1,2.8,16.0,,,1,,,MEDIUM
CVE-2019-7335,exists,CWE-79,6.1,2.8,17.0,,,1,,,MEDIUM
CVE-2019-7338,exists,CWE-79,6.1,2.8,18.0,,,1,,,MEDIUM
CVE-2019-7339,exists,CWE-79,6.1,2.8,19.0,,,1,,,MEDIUM
CVE-2019-7340,exists,CWE-79,6.1,2.8,20.0,,,1,,,MEDIUM
CVE-2019-7341,exists,CWE-79,6.1,2.8,21.0,,,1,,,MEDIUM
CVE-2019-7342,exists,CWE-79,6.1,2.8,22.0,,,1,,,MEDIUM
CVE-2019-7343,exists,CWE-79,6.1,2.8,23.0,,,1,,,MEDIUM
CVE-2019-7344,exists,CWE-79,6.1,2.8,24.0,,,1,,,MEDIUM
CVE-2019-7345,exists,CWE-79,4.8,1.7,25.0,,,1,,,MEDIUM
CVE-2019-7348,exists,CWE-79,6.1,2.8,26.0,,,1,,,MEDIUM
CVE-2019-7349,exists,CWE-79,6.1,2.8,27.0,,,1,,,MEDIUM
CVE-2019-7352,exists,CWE-79,6.1,2.8,28.0,,,1,,,MEDIUM
CVE-2019-1000003,version,CWE-352,8.8,2.8,36.0,0.0,0.0,1,0.0,0.0,HIGH
CVE-2019-1000024,version,CWE-79,6.1,2.8,37.0,0.0,0.0,0,0.0,0.0,MEDIUM
CVE-2018-18503,used,CWE-119,8.8,2.8,2.0,,,0,,,HIGH
CVE-2018-18334,vulnerability,CWE-200,7.5,3.9,76.0,,,0,,,HIGH
CVE-2019-1003014,scripting,CWE-79,4.8,1.7,48.0,,,0,,,MEDIUM
CVE-2019-7740,issue,CWE-79,6.1,2.8,27.0,1100.0,1100.0,0,0.0,0.0,MEDIUM
CVE-2018-13403,filter,CWE-79,5.4,2.3,1.0,,,0,,,MEDIUM
CVE-2018-20232,labels,CWE-79,5.4,2.3,1.0,445.0,445.0,0,0.0,0.0,MEDIUM
CVE-2018-1895,and,CWE-79,5.4,2.3,94.0,,,0,,,MEDIUM
CVE-2019-5772,objects,CWE-416,8.8,2.8,1.0,0.0,0.0,0,0.0,0.0,HIGH
CVE-2019-5780,restrictions,CWE-20,7.8,1.8,1.0,,,0,,,HIGH
CVE-2018-20240,administrative,CWE-79,4.8,1.7,2.0,,,0,,,MEDIUM
CVE-2018-20241,upload,CWE-79,5.4,2.3,1.0,0.0,0.0,0,0.0,0.0,MEDIUM
CVE-2018-1947,and,CWE-79,6.1,2.8,95.0,,,0,,,MEDIUM
CVE-2018-20244,before,CWE-79,5.5,2.3,21.0,1749.0,1749.0,0,0.0,0.0,MEDIUM
CVE-2018-18494,policy,CWE-346,6.5,2.8,2.0,0.0,0.0,0,0.0,0.0,MEDIUM
CVE-2019-8279,stored,CWE-79,5.4,2.3,4.0,,,1,,,MEDIUM
CVE-2019-4027,through,CWE-79,5.4,2.3,59.0,,,0,,,MEDIUM
CVE-2019-4028,through,CWE-79,5.4,2.3,60.0,,,0,,,MEDIUM
CVE-2019-4029,through,CWE-79,5.4,2.3,61.0,,,0,,,MEDIUM
CVE-2019-6528,and,CWE-79,8.8,2.8,92.0,,,0,,,HIGH
CVE-2019-0729,vulnerability,CWE-330,9.8,3.9,74.0,,,0,,,CRITICAL
CVE-2019-0741,information,CWE-532,7.5,3.9,2.0,509.0,509.0,0,2.0,0.0,HIGH
CVE-2018-1911,through,CWE-79,5.4,2.3,62.0,,,0,,,MEDIUM
CVE-2018-1912,through,CWE-79,5.4,2.3,63.0,,,0,,,MEDIUM
CVE-2019-4030,and,CWE-79,5.4,2.3,93.0,,,0,,,MEDIUM
CVE-2019-3776,versions,CWE-79,7.2,1.3,44.0,1816.0,1816.0,0,1.0,0.0,HIGH
CVE-2018-1890,the,CWE-427,5.6,1.4,56.0,0.0,0.0,0,0.0,0.0,MEDIUM
CVE-2019-9644,vulnerability,CWE-79,5.4,2.8,74.0,,,0,,,MEDIUM
CVE-2019-9557,has,CWE-79,6.1,2.8,2.0,0.0,0.0,1,0.0,0.0,MEDIUM
CVE-2019-9558,version,CWE-79,6.1,2.8,30.0,0.0,0.0,1,0.0,0.0,MEDIUM
CVE-2019-0275,versions,CWE-79,5.4,2.3,46.0,1811.0,1811.0,0,1.0,0.0,MEDIUM
CVE-2019-9751,issue,CWE-79,4.8,1.7,19.0,1071.0,1071.0,0,0.0,0.0,MEDIUM
CVE-2019-9752,issue,CWE-79,5.4,2.3,20.0,1071.0,1071.0,0,0.0,0.0,MEDIUM
CVE-2019-9785,gitnote,CWE-78,7.8,1.8,1.0,2093.0,2093.0,1,0.0,0.0,HIGH
CVE-2018-1688,through,CWE-79,5.4,2.3,65.0,,,0,,,MEDIUM
CVE-2018-1759,through,CWE-79,5.4,2.3,66.0,,,0,,,MEDIUM
CVE-2018-1761,through,CWE-79,5.4,2.3,67.0,,,0,,,MEDIUM
CVE-2018-1763,through,CWE-79,5.4,2.3,68.0,,,0,,,MEDIUM
CVE-2018-1764,through,CWE-79,5.4,2.3,69.0,,,0,,,MEDIUM
CVE-2018-1823,through,CWE-79,5.4,2.3,70.0,,,0,,,MEDIUM
CVE-2018-1824,through,CWE-79,5.4,2.3,71.0,,,0,,,MEDIUM
CVE-2018-1825,through,CWE-79,5.4,2.3,72.0,,,0,,,MEDIUM
CVE-2018-1829,through,CWE-79,5.4,2.3,73.0,,,0,,,MEDIUM
CVE-2018-1908,with,CWE-79,5.4,2.3,2.0,75.0,75.0,0,0.0,0.0,MEDIUM
CVE-2018-1910,through,CWE-79,5.4,2.3,74.0,,,0,,,MEDIUM
CVE-2018-1914,through,CWE-79,5.4,2.3,75.0,,,0,,,MEDIUM
CVE-2018-1916,through,CWE-79,5.4,2.3,76.0,,,0,,,MEDIUM
CVE-2018-1952,through,CWE-79,5.4,2.3,77.0,,,0,,,MEDIUM
CVE-2018-1982,through,CWE-79,5.4,2.3,78.0,,,0,,,MEDIUM
CVE-2018-1983,through,CWE-79,5.4,2.3,79.0,,,0,,,MEDIUM
CVE-2018-1984,through,CWE-79,5.4,2.3,80.0,,,0,,,MEDIUM
CVE-2019-5616,hardware,NVD-CWE-noinfo,5.3,3.9,2.0,2075.0,2075.0,1,2.0,0.0,MEDIUM
CVE-2018-12638,issue,CWE-79,6.1,2.8,21.0,1063.0,1063.0,1,0.0,0.0,MEDIUM
CVE-2018-1836,and,CWE-79,5.4,2.3,92.0,,,0,,,MEDIUM
CVE-2018-18845,and,CWE-79,6.1,2.8,93.0,,,1,,,MEDIUM
CVE-2018-19509,makes,CWE-79,6.1,2.8,1.0,,,1,,,MEDIUM
CVE-2018-20634,allows,CWE-119,6.5,2.8,14.0,72.0,72.0,1,0.0,0.0,MEDIUM
CVE-2018-20637,allows,CWE-119,6.5,2.8,15.0,72.0,72.0,1,0.0,0.0,MEDIUM
CVE-2018-20642,allows,CWE-119,6.5,2.8,16.0,72.0,72.0,1,0.0,0.0,MEDIUM
CVE-2019-6734,vulnerability,CWE-416,6.5,2.8,73.0,,,0,,,MEDIUM
CVE-2019-9093,was,CWE-79,6.1,2.8,29.0,583.0,583.0,0,0.0,0.0,MEDIUM
CVE-2019-9094,was,CWE-79,6.1,2.8,30.0,583.0,583.0,0,0.0,0.0,MEDIUM
CVE-2015-6461,file,CWE-98,5.4,2.8,1.0,0.0,0.0,0,0.0,0.0,MEDIUM
CVE-2015-6462,allows,CWE-79,5.4,2.3,18.0,71.0,71.0,0,0.0,0.0,MEDIUM
CVE-2018-12652,was,CWE-79,6.1,2.8,32.0,579.0,579.0,1,0.0,0.0,MEDIUM
CVE-2018-12653,vulnerability,CWE-79,6.1,2.8,74.0,,,1,,,MEDIUM
CVE-2019-7609,versions,CWE-94,10.0,3.9,47.0,1798.0,1798.0,1,1.0,0.0,CRITICAL
CVE-2019-7610,versions,CWE-94,9.0,2.2,48.0,1798.0,1798.0,0,1.0,0.0,CRITICAL
CVE-2019-1569,tool,CWE-79,4.8,1.7,1.0,0.0,0.0,1,0.0,0.0,MEDIUM
CVE-2019-1570,tool,CWE-79,4.8,1.7,2.0,0.0,0.0,1,0.0,0.0,MEDIUM
CVE-2019-1571,tool,CWE-79,4.8,1.7,3.0,0.0,0.0,1,0.0,0.0,MEDIUM
CVE-2019-3847,vulnerability,CWE-79,4.8,1.7,75.0,,,0,,,MEDIUM
CVE-2019-1003042,cross,CWE-79,5.4,2.3,1.0,0.0,0.0,0,0.0,0.0,MEDIUM
CVE-2019-0224,carefully,CWE-79,6.1,2.8,1.0,,,0,,,MEDIUM
CVE-2019-9919,issue,CWE-79,5.4,2.3,23.0,1055.0,1055.0,0,0.0,0.0,MEDIUM
CVE-2018-19201,reflected,CWE-79,6.1,2.8,1.0,,,0,,,MEDIUM
CVE-2019-10646,affected,CWE-79,6.1,2.8,1.0,2560.0,2560.0,1,0.0,1.25,MEDIUM
CVE-2019-10648,through,CWE-862,9.8,3.9,81.0,,,0,,,CRITICAL
CVE-2019-3876,flaw,CWE-352,6.3,2.8,7.0,,,0,,,MEDIUM
CVE-2018-17989,stored,CWE-79,5.4,2.3,5.0,,,1,,,MEDIUM
CVE-2019-5514,before,CWE-306,8.8,2.8,17.0,1716.0,1716.0,0,0.0,0.0,HIGH
CVE-2018-1731,through,CWE-79,4.8,1.7,82.0,,,0,,,MEDIUM
CVE-2018-1913,through,CWE-79,5.4,2.3,83.0,,,0,,,MEDIUM
CVE-2015-5463,java,CWE-285,9.8,3.9,1.0,,,0,,,CRITICAL
CVE-2014-3603,and,CWE-297,5.9,2.2,91.0,,,1,,,MEDIUM
CVE-2019-10874,the,CWE-352,8.8,2.8,56.0,0.0,0.0,1,0.0,0.0,HIGH
CVE-2019-10905,before,CWE-79,8.1,2.2,17.0,1711.0,1711.0,1,0.0,0.0,HIGH
CVE-2019-10908,generates,CWE-335,9.8,3.9,1.0,0.0,0.0,0,0.0,0.0,CRITICAL
CVE-2018-19006,versions,CWE-79,4.8,1.7,40.0,1784.0,1784.0,0,1.0,0.0,MEDIUM
CVE-2019-10634,vulnerability,CWE-79,5.4,2.3,76.0,,,1,,,MEDIUM
CVE-2019-1567,tool,CWE-79,5.4,2.3,4.0,0.0,0.0,0,0.0,0.0,MEDIUM
CVE-2019-11065,versions,NVD-CWE-noinfo,5.9,2.2,42.0,1783.0,1783.0,0,1.0,0.0,MEDIUM
CVE-2019-0216,malicious,CWE-79,4.8,1.7,3.0,,,0,,,MEDIUM
CVE-2019-0282,web,CWE-287,5.3,3.9,4.0,,,0,,,MEDIUM
CVE-2018-19202,reflected,CWE-79,6.1,2.8,2.0,,,0,,,MEDIUM
CVE-2019-1574,scripting,CWE-79,5.4,2.3,42.0,,,0,,,MEDIUM
CVE-2019-3708,contains,CWE-79,8.3,1.6,1.0,,,0,,,HIGH
CVE-2019-3709,contains,CWE-79,8.3,1.6,2.0,,,0,,,HIGH
CVE-2019-10245,prior,CWE-20,7.5,3.9,4.0,1242.0,1242.0,0,2.0,0.0,HIGH
CVE-2019-11454,scripting,CWE-79,6.1,2.8,42.0,,,1,,,MEDIUM
CVE-2019-0218,vulnerability,CWE-79,6.1,2.8,76.0,,,0,,,MEDIUM
CVE-2019-2518,the,NVD-CWE-noinfo,7.5,1.6,41.0,0.0,0.0,0,0.0,0.0,HIGH
CVE-2019-2602,the,CWE-400,7.5,3.9,42.0,0.0,0.0,0,0.0,0.0,HIGH
CVE-2019-2684,the,NVD-CWE-noinfo,5.9,2.2,43.0,0.0,0.0,0,0.0,0.0,MEDIUM
CVE-2019-2697,the,NVD-CWE-noinfo,8.1,2.2,44.0,0.0,0.0,0,0.0,0.0,HIGH
CVE-2019-2698,the,NVD-CWE-noinfo,8.1,2.2,45.0,0.0,0.0,0,0.0,0.0,HIGH
CVE-2019-2699,the,NVD-CWE-noinfo,9.0,2.2,46.0,0.0,0.0,0,0.0,0.0,CRITICAL
CVE-2019-7211,before,CWE-79,6.1,2.8,20.0,1693.0,1693.0,0,0.0,0.0,MEDIUM
CVE-2019-4033,and,CWE-79,5.4,2.3,89.0,,,0,,,MEDIUM
CVE-2019-4073,and,CWE-79,5.4,2.3,90.0,,,0,,,MEDIUM
CVE-2019-4074,and,CWE-79,5.4,2.3,91.0,,,0,,,MEDIUM
CVE-2019-4075,and,CWE-79,5.4,2.3,92.0,,,0,,,MEDIUM
CVE-2019-4076,and,CWE-79,5.4,2.3,93.0,,,0,,,MEDIUM
CVE-2019-4077,and,CWE-79,5.4,2.3,94.0,,,0,,,MEDIUM
CVE-2019-4148,and,CWE-79,5.4,2.3,95.0,,,0,,,MEDIUM
CVE-2019-4238,and,CWE-79,5.4,2.3,96.0,,,0,,,MEDIUM
CVE-2018-16220,different,CWE-79,6.1,2.8,1.0,,,0,,,MEDIUM
CVE-2019-3801,versions,CWE-494,9.8,3.9,40.0,1767.0,1767.0,0,1.0,0.0,CRITICAL
CVE-2019-9790,vulnerability,CWE-416,9.8,3.9,77.0,,,0,,,CRITICAL
CVE-2019-9792,compiler,CWE-787,9.8,3.9,1.0,0.0,0.0,1,0.0,0.0,CRITICAL
CVE-2019-9793,mechanism,CWE-119,5.9,2.2,2.0,2225.0,2225.0,0,2.0,0.0,MEDIUM
CVE-2019-9795,vulnerability,CWE-617,9.8,3.9,78.0,,,0,,,CRITICAL
CVE-2018-2004,through,CWE-79,5.4,2.3,80.0,,,0,,,MEDIUM
CVE-2018-20239,before,CWE-79,5.4,2.3,21.0,1687.0,1687.0,0,0.0,0.0,MEDIUM
CVE-2018-1933,through,CWE-79,5.4,2.3,80.0,,,0,,,MEDIUM
CVE-2019-4258,and,CWE-79,5.4,2.3,93.0,,,0,,,MEDIUM
CVE-2018-8035,vulnerability,CWE-79,6.1,2.8,79.0,,,0,,,MEDIUM
CVE-2019-3490,based,CWE-79,6.1,2.8,2.0,,,0,,,MEDIUM
CVE-2018-20580,import,CWE-20,8.8,2.8,1.0,,,1,,,HIGH
CVE-2018-20824,resource,CWE-79,6.1,2.8,3.0,0.0,0.0,0,0.0,0.0,MEDIUM
CVE-2019-3400,labels,CWE-79,6.1,2.8,2.0,366.0,366.0,0,0.0,0.0,MEDIUM
CVE-2019-3559,servers,CWE-834,7.5,3.9,2.0,,,0,,,HIGH
CVE-2018-4065,exploitable,CWE-79,6.1,2.8,28.0,,,1,,,MEDIUM
CVE-2019-11812,persistent,CWE-79,6.1,2.8,2.0,2574.0,2574.0,0,10.0,16.17,MEDIUM
CVE-2019-11813,issue,CWE-79,6.1,2.8,23.0,1015.0,1015.0,0,0.0,0.0,MEDIUM
CVE-2019-11642,log,CWE-94,8.8,2.8,1.0,,,0,,,HIGH
CVE-2019-11643,has,CWE-79,6.1,2.8,3.0,0.0,0.0,0,0.0,0.0,MEDIUM
CVE-2019-11818,and,CWE-79,6.1,2.8,94.0,,,1,,,MEDIUM
CVE-2019-1568,scripting,CWE-79,6.1,2.8,42.0,,,0,,,MEDIUM
CVE-2019-4204,and,CWE-79,5.4,2.3,94.0,,,0,,,MEDIUM
CVE-2018-12297,scripting,CWE-79,6.1,2.8,43.0,,,1,,,MEDIUM
CVE-2018-12299,scripting,CWE-79,5.4,2.3,44.0,,,1,,,MEDIUM
CVE-2018-12303,scripting,CWE-79,5.4,2.3,45.0,,,1,,,MEDIUM
CVE-2018-12304,scripting,CWE-79,6.1,2.8,46.0,,,1,,,MEDIUM
CVE-2018-14710,scripting,CWE-79,6.1,2.8,47.0,,,1,,,MEDIUM
CVE-2018-15530,scripting,CWE-79,6.1,2.8,48.0,,,1,,,MEDIUM
CVE-2018-16625,allows,CWE-79,4.8,1.7,19.0,19.0,19.0,1,0.0,0.0,MEDIUM
CVE-2019-6514,issue,CWE-79,4.8,1.7,23.0,1009.0,1009.0,0,0.0,0.0,MEDIUM
CVE-2016-7043,has,CWE-260,5.9,2.2,4.0,0.0,0.0,0,0.0,0.0,MEDIUM
CVE-2018-1975,through,CWE-79,5.4,2.3,81.0,,,0,,,MEDIUM
CVE-2019-4011,and,CWE-79,5.4,2.3,93.0,,,0,,,MEDIUM
CVE-2019-10066,issue,CWE-79,5.4,2.8,24.0,1002.0,1002.0,0,0.0,0.0,MEDIUM
CVE-2019-10067,issue,CWE-79,5.4,2.3,25.0,1002.0,1002.0,0,0.0,0.0,MEDIUM
CVE-2016-10750,before,CWE-502,8.1,2.2,19.0,1665.0,1665.0,0,0.0,0.0,HIGH
CVE-2019-3402,resource,CWE-79,6.1,2.8,4.0,0.0,0.0,0,0.0,0.0,MEDIUM
CVE-2017-11739,authenticated,CWE-79,6.1,2.8,1.0,,,1,,,MEDIUM
CVE-2017-11560,issue,CWE-79,5.4,2.3,26.0,1000.0,1000.0,1,0.0,0.0,MEDIUM
CVE-2019-5790,integer,CWE-190,8.8,2.8,1.0,0.0,0.0,0,0.0,0.0,HIGH
CVE-2019-8346,through,CWE-79,6.1,2.8,80.0,,,0,,,MEDIUM
CVE-2018-17198,and,CWE-918,9.8,3.9,94.0,,,0,,,CRITICAL
CVE-2019-4137,through,CWE-79,6.1,2.8,81.0,,,0,,,MEDIUM
CVE-2019-4139,and,CWE-79,5.4,2.3,95.0,,,0,,,MEDIUM
CVE-2019-4184,through,CWE-79,5.4,2.3,82.0,,,0,,,MEDIUM
CVE-2018-13383,heap,CWE-787,4.3,2.8,2.0,,,0,,,MEDIUM
CVE-2019-10325,scripting,CWE-79,5.4,2.3,49.0,,,0,,,MEDIUM
CVE-2019-10047,stored,CWE-79,5.4,2.3,6.0,,,1,,,MEDIUM
CVE-2019-10049,possible,CWE-79,7.3,2.1,3.0,0.0,0.0,1,0.0,0.0,HIGH
CVE-2019-12566,plugin,CWE-79,5.4,2.3,3.0,,,1,,,MEDIUM
CVE-2019-12308,issue,CWE-79,6.1,2.8,26.0,989.0,989.0,0,0.0,0.0,MEDIUM
CVE-2018-5405,versions,CWE-79,5.4,2.3,37.0,1728.0,1728.0,1,1.0,0.0,MEDIUM
CVE-2019-9673,has,CWE-19,8.8,2.8,5.0,0.0,0.0,1,0.0,0.0,HIGH
CVE-2019-4070,through,CWE-79,5.4,2.3,83.0,,,0,,,MEDIUM
CVE-2019-8283,cookie,CWE-1004,6.5,2.8,1.0,,,0,,,MEDIUM
CVE-2018-19452,use,CWE-416,7.8,1.8,2.0,0.0,0.0,0,0.0,0.0,HIGH
CVE-2019-10335,stored,CWE-79,5.4,2.3,7.0,,,0,,,MEDIUM
CVE-2019-10336,reflected,CWE-79,6.1,2.8,3.0,,,0,,,MEDIUM
CVE-2019-0305,provided,CWE-1021,4.3,2.8,1.0,,,0,,,MEDIUM
CVE-2019-4403,vulnerable,CWE-79,5.4,2.3,10.0,,,0,,,MEDIUM
CVE-2019-0303,versions,CWE-79,6.1,2.8,37.0,1717.0,1717.0,0,1.0,0.0,MEDIUM
CVE-2019-4136,and,CWE-79,5.4,2.3,96.0,,,0,,,MEDIUM
CVE-2019-11408,the,CWE-79,6.1,2.8,44.0,0.0,0.0,1,0.0,0.0,MEDIUM
CVE-2019-12801,has,CWE-79,6.1,2.8,6.0,0.0,0.0,0,0.0,0.0,MEDIUM
CVE-2018-19444,use,CWE-416,7.8,1.8,2.0,0.0,0.0,0,0.0,0.0,HIGH
CVE-2018-19445,command,CWE-77,7.8,1.8,3.0,0.0,0.0,0,0.0,0.0,HIGH
CVE-2018-19446,can,CWE-732,7.8,1.8,1.0,360.0,360.0,0,0.0,0.0,HIGH
CVE-2018-19449,can,CWE-787,7.8,1.8,2.0,360.0,360.0,0,0.0,0.0,HIGH
CVE-2019-10257,through,CWE-22,7.5,3.9,81.0,,,1,,,HIGH
CVE-2019-4303,vulnerable,CWE-79,5.4,2.3,11.0,,,0,,,MEDIUM
CVE-2019-11649,vulnerability,CWE-79,5.4,2.3,80.0,,,0,,,MEDIUM
CVE-2018-17146,scripting,CWE-79,5.4,2.3,50.0,,,0,,,MEDIUM
CVE-2018-15891,issue,CWE-79,4.8,1.7,26.0,972.0,972.0,0,0.0,0.0,MEDIUM
CVE-2018-15913,issue,CWE-79,6.1,2.8,27.0,972.0,972.0,0,0.0,0.0,MEDIUM
CVE-2019-9957,within,CWE-79,5.4,2.3,1.0,,,1,,,MEDIUM
CVE-2019-4157,through,CWE-79,6.1,2.8,82.0,,,0,,,MEDIUM
CVE-2018-1758,through,CWE-79,5.4,2.3,83.0,,,0,,,MEDIUM
CVE-2018-1760,through,CWE-79,5.4,2.3,84.0,,,0,,,MEDIUM
CVE-2018-1826,through,CWE-79,5.4,2.3,85.0,,,0,,,MEDIUM
CVE-2018-1827,through,CWE-79,5.4,2.3,86.0,,,0,,,MEDIUM
CVE-2018-1828,through,CWE-79,5.4,2.3,87.0,,,0,,,MEDIUM
CVE-2018-1892,through,CWE-79,5.4,2.3,88.0,,,0,,,MEDIUM
CVE-2018-1893,through,CWE-79,5.4,2.3,89.0,,,0,,,MEDIUM
CVE-2019-4083,products,CWE-79,5.4,2.3,3.0,2015.0,2015.0,0,0.0,0.0,MEDIUM
CVE-2019-4249,through,CWE-79,5.4,2.3,90.0,,,0,,,MEDIUM
CVE-2019-4250,products,CWE-79,5.4,2.3,4.0,2015.0,2015.0,0,0.0,0.0,MEDIUM
CVE-2018-6149,confusion,CWE-787,8.8,2.8,1.0,1177.0,1177.0,0,0.0,0.0,HIGH
CVE-2019-13072,the,CWE-79,5.4,2.3,45.0,0.0,0.0,1,0.0,0.0,MEDIUM
CVE-2019-13127,issue,CWE-20,6.1,2.8,28.0,961.0,961.0,1,0.0,0.0,MEDIUM
CVE-2019-4410,and,CWE-79,5.4,2.3,97.0,,,0,,,MEDIUM
CVE-2019-1577,injection,CWE-94,6.3,2.8,3.0,,,0,,,MEDIUM
CVE-2019-1578,scripting,CWE-79,6.1,2.8,50.0,,,0,,,MEDIUM
CVE-2019-4134,vulnerable,CWE-79,6.1,2.8,11.0,,,0,,,MEDIUM
CVE-2019-9823,several,CWE-312,9.8,3.9,2.0,,,0,,,CRITICAL
CVE-2019-12843,possible,CWE-94,6.1,2.8,3.0,0.0,0.0,0,0.0,0.0,MEDIUM
CVE-2019-12844,possible,CWE-94,6.1,2.8,4.0,0.0,0.0,0,0.0,0.0,MEDIUM
CVE-2018-11563,issue,NVD-CWE-noinfo,4.6,2.1,30.0,954.0,954.0,0,0.0,0.0,MEDIUM
CVE-2019-13070,stored,CWE-79,5.4,2.3,8.0,,,1,,,MEDIUM
CVE-2019-12471,through,CWE-79,6.1,2.8,86.0,,,0,,,MEDIUM
CVE-2019-13122,vulnerability,CWE-79,6.1,2.8,79.0,,,0,,,MEDIUM
CVE-2019-0318,certain,NVD-CWE-noinfo,5.3,1.6,2.0,520.0,520.0,0,0.0,0.0,MEDIUM
CVE-2019-0327,for,CWE-434,7.2,1.2,3.0,,,0,,,HIGH
CVE-2019-10346,reflected,CWE-79,6.1,2.8,4.0,,,0,,,MEDIUM
CVE-2019-10349,stored,CWE-79,5.4,2.3,9.0,,,1,,,MEDIUM
CVE-2019-13029,stored,CWE-79,4.8,1.7,10.0,,,0,,,MEDIUM
CVE-2019-1010314,affected,CWE-79,6.1,2.8,2.0,2456.0,2456.0,0,0.0,1.25,MEDIUM
CVE-2019-1010008,affected,CWE-79,5.4,2.3,3.0,2453.0,2453.0,1,0.0,1.25,MEDIUM
CVE-2019-1109,spoofing,CWE-20,9.1,3.9,1.0,,,0,,,CRITICAL
CVE-2019-1010018,and,CWE-80,6.1,2.8,63.0,,,0,,,MEDIUM
CVE-2019-12834,possible,CWE-79,7.3,3.9,5.0,0.0,0.0,1,0.0,0.0,HIGH
CVE-2018-1921,and,CWE-79,5.4,2.3,64.0,,,0,,,MEDIUM
CVE-2018-2021,and,CWE-79,6.1,2.8,65.0,,,0,,,MEDIUM
CVE-2019-4211,and,CWE-79,5.4,2.3,66.0,,,0,,,MEDIUM
CVE-2019-1010091,tinymce,CWE-79,6.1,2.8,1.0,,,1,,,MEDIUM
CVE-2019-13493,rev,CWE-79,5.4,2.3,1.0,0.0,0.0,1,0.0,0.0,MEDIUM
CVE-2019-1010287,and,CWE-79,6.1,2.8,67.0,,,1,,,MEDIUM
CVE-2019-11772,prior,CWE-787,9.8,3.9,4.0,1153.0,1153.0,0,2.0,0.0,CRITICAL
CVE-2019-13643,before,CWE-79,6.1,2.8,20.0,1609.0,1609.0,1,0.0,0.0,MEDIUM
CVE-2019-13644,before,CWE-79,5.4,2.3,21.0,1609.0,1609.0,1,0.0,0.0,MEDIUM
CVE-2019-13645,before,CWE-79,5.4,2.3,22.0,1609.0,1609.0,1,0.0,0.0,MEDIUM
CVE-2019-13647,before,CWE-79,5.4,2.3,23.0,1609.0,1609.0,1,0.0,0.0,MEDIUM
CVE-2019-13607,application,CWE-79,6.1,2.8,2.0,0.0,0.0,1,0.0,0.0,MEDIUM
CVE-2019-14211,issue,CWE-20,7.5,3.9,32.0,941.0,941.0,0,0.0,0.0,HIGH
CVE-2019-14212,issue,CWE-476,7.5,3.9,33.0,941.0,941.0,0,0.0,0.0,HIGH
CVE-2019-14214,issue,NVD-CWE-noinfo,7.5,3.9,34.0,941.0,941.0,0,0.0,0.0,HIGH
CVE-2019-14215,issue,CWE-119,7.5,3.9,35.0,941.0,941.0,0,0.0,0.0,HIGH
CVE-2019-1010162,jsish,CWE-476,5.5,1.8,4.0,,,1,,,MEDIUM
CVE-2019-1010169,affected,CWE-125,7.5,3.9,4.0,2445.0,2445.0,1,0.0,1.25,HIGH
CVE-2019-1010170,affected,CWE-416,7.5,3.9,5.0,2445.0,2445.0,1,0.0,1.25,HIGH
CVE-2019-1010171,affected,CWE-476,7.5,3.9,6.0,2445.0,2445.0,1,0.0,1.25,HIGH
CVE-2019-11696,with,CWE-20,7.8,1.8,3.0,0.0,0.0,1,0.0,0.0,HIGH
CVE-2019-11707,type,CWE-843,8.8,2.8,1.0,,,0,,,HIGH
CVE-2019-9816,possible,CWE-843,5.9,2.2,6.0,0.0,0.0,0,0.0,0.0,MEDIUM
CVE-2019-9819,vulnerability,CWE-843,9.8,3.9,78.0,,,0,,,CRITICAL
CVE-2019-1010173,affected,CWE-617,7.5,3.9,7.0,2445.0,2445.0,1,0.0,1.25,HIGH
CVE-2019-1010199,affected,CWE-79,6.1,2.8,8.0,2444.0,2444.0,0,0.0,1.25,MEDIUM
CVE-2019-2745,the,NVD-CWE-noinfo,5.1,1.4,36.0,0.0,0.0,0,0.0,0.0,MEDIUM
CVE-2019-2749,the,NVD-CWE-noinfo,6.8,1.6,37.0,0.0,0.0,0,0.0,0.0,MEDIUM
CVE-2019-2762,the,NVD-CWE-noinfo,5.3,3.9,38.0,0.0,0.0,0,0.0,0.0,MEDIUM
CVE-2019-2766,the,NVD-CWE-noinfo,3.1,1.6,39.0,0.0,0.0,0,0.0,0.0,LOW
CVE-2019-2769,the,NVD-CWE-noinfo,5.3,3.9,40.0,0.0,0.0,0,0.0,0.0,MEDIUM
CVE-2019-2786,the,NVD-CWE-noinfo,3.4,1.6,41.0,0.0,0.0,0,0.0,0.0,LOW
CVE-2019-2816,the,NVD-CWE-noinfo,4.8,2.2,42.0,0.0,0.0,0,0.0,0.0,MEDIUM
CVE-2019-2818,the,CWE-203,3.1,1.6,43.0,0.0,0.0,0,0.0,0.0,LOW
CVE-2019-2821,the,NVD-CWE-noinfo,5.3,1.6,44.0,0.0,0.0,0,0.0,0.0,MEDIUM
CVE-2019-2842,the,NVD-CWE-noinfo,3.7,2.2,45.0,0.0,0.0,0,0.0,0.0,LOW
CVE-2019-2856,the,NVD-CWE-noinfo,9.8,3.9,46.0,0.0,0.0,0,0.0,0.0,CRITICAL
CVE-2019-2862,the,NVD-CWE-noinfo,6.8,1.6,47.0,0.0,0.0,0,0.0,0.0,MEDIUM
CVE-2019-1010177,affected,CWE-416,9.8,3.9,9.0,2444.0,2444.0,1,0.0,1.25,CRITICAL
CVE-2019-3591,extension,CWE-79,3.9,1.3,1.0,37.0,37.0,0,0.0,0.0,LOW
CVE-2019-1010172,affected,CWE-400,7.5,3.9,10.0,2443.0,2443.0,0,0.0,1.25,HIGH
CVE-2019-1010176,commit,CWE-787,9.8,3.9,1.0,471.0,471.0,1,0.0,0.0,CRITICAL
CVE-2018-11779,versions,CWE-502,9.8,3.9,33.0,1676.0,1676.0,0,1.0,0.0,CRITICAL
CVE-2019-10265,issue,CWE-22,7.5,3.9,36.0,936.0,936.0,1,0.0,0.0,HIGH
CVE-2019-14329,issue,CWE-79,6.1,2.8,37.0,934.0,934.0,1,0.0,0.0,MEDIUM
CVE-2019-14330,issue,CWE-79,6.1,2.8,38.0,934.0,934.0,1,0.0,0.0,MEDIUM
CVE-2019-14331,issue,CWE-79,6.1,2.8,39.0,934.0,934.0,1,0.0,0.0,MEDIUM
CVE-2019-14349,version,CWE-79,6.1,2.8,21.0,0.0,0.0,1,0.0,0.0,MEDIUM
CVE-2019-14350,vulnerable,CWE-79,6.1,2.8,12.0,,,1,,,MEDIUM
CVE-2019-14364,vulnerability,CWE-79,6.1,2.8,79.0,,,0,,,MEDIUM
CVE-2019-11199,was,CWE-79,5.4,2.3,9.0,453.0,453.0,1,0.0,0.0,MEDIUM
CVE-2019-5457,scripting,CWE-79,5.4,2.3,49.0,,,1,,,MEDIUM
CVE-2019-5458,scripting,CWE-79,5.4,2.3,50.0,,,1,,,MEDIUM
CVE-2019-0193,the,CWE-94,7.2,1.2,48.0,0.0,0.0,0,0.0,0.0,HIGH
CVE-2019-9140,processing,CWE-94,8.1,2.8,1.0,0.0,0.0,0,2.0,0.0,HIGH
CVE-2019-14517,pandao,CWE-79,6.1,2.8,1.0,,,1,,,MEDIUM
CVE-2019-7877,stored,CWE-79,6.1,2.8,11.0,,,0,,,MEDIUM
CVE-2019-7880,stored,CWE-79,4.8,1.7,12.0,,,0,,,MEDIUM
CVE-2019-7897,stored,CWE-79,4.8,1.7,13.0,,,0,,,MEDIUM
CVE-2019-7921,stored,CWE-79,5.4,2.3,14.0,,,0,,,MEDIUM
CVE-2019-7926,stored,CWE-79,4.8,1.7,15.0,,,0,,,MEDIUM
CVE-2019-7927,stored,CWE-79,4.8,1.7,16.0,,,0,,,MEDIUM
CVE-2019-7934,stored,CWE-79,4.8,1.7,17.0,,,0,,,MEDIUM
CVE-2019-7935,stored,CWE-79,4.8,1.7,18.0,,,0,,,MEDIUM
CVE-2019-7936,stored,CWE-79,4.8,1.7,19.0,,,0,,,MEDIUM
CVE-2019-7937,stored,CWE-79,4.8,1.7,20.0,,,0,,,MEDIUM
CVE-2019-7938,stored,CWE-79,4.8,1.7,21.0,,,0,,,MEDIUM
CVE-2019-7939,reflected,CWE-79,6.1,2.8,5.0,,,0,,,MEDIUM
CVE-2019-7940,stored,CWE-79,4.8,1.7,22.0,,,0,,,MEDIUM
CVE-2019-7944,stored,CWE-79,5.4,2.3,23.0,,,0,,,MEDIUM
CVE-2019-7945,stored,CWE-79,5.4,2.3,24.0,,,0,,,MEDIUM
CVE-2019-4473,binaries,CWE-427,7.8,1.8,1.0,,,0,,,HIGH
CVE-2019-14546,issue,CWE-79,5.4,2.3,40.0,926.0,926.0,1,0.0,0.0,MEDIUM
CVE-2019-14547,issue,CWE-79,5.4,2.3,41.0,926.0,926.0,1,0.0,0.0,MEDIUM
CVE-2019-14548,issue,CWE-79,5.4,2.3,42.0,926.0,926.0,1,0.0,0.0,MEDIUM
CVE-2019-14549,issue,CWE-79,5.4,2.3,43.0,926.0,926.0,1,0.0,0.0,MEDIUM
CVE-2019-14550,issue,CWE-79,5.4,2.3,44.0,926.0,926.0,1,0.0,0.0,MEDIUM
CVE-2019-14667,vulnerable,CWE-79,6.1,2.8,11.0,,,1,,,MEDIUM
CVE-2019-14668,vulnerable,CWE-79,5.4,2.3,12.0,,,1,,,MEDIUM
CVE-2019-14669,vulnerable,CWE-79,5.4,2.3,13.0,,,1,,,MEDIUM
CVE-2019-14670,vulnerable,CWE-79,5.4,2.3,14.0,,,1,,,MEDIUM
CVE-2019-14672,vulnerable,CWE-79,5.4,2.3,15.0,,,1,,,MEDIUM
CVE-2019-10373,stored,CWE-79,5.4,2.3,25.0,,,0,,,MEDIUM
CVE-2019-10374,stored,CWE-79,5.4,2.3,26.0,,,0,,,MEDIUM
CVE-2019-10376,reflected,CWE-79,6.1,2.8,6.0,,,0,,,MEDIUM
CVE-2019-14432,authentication,CWE-287,8.8,2.8,1.0,220.0,220.0,0,0.0,0.0,HIGH
CVE-2019-14770,before,CWE-79,6.1,2.8,24.0,1588.0,1588.0,0,0.0,0.0,MEDIUM
CVE-2018-20827,activity,CWE-79,5.4,2.3,1.0,4.0,4.0,1,0.0,0.0,MEDIUM
CVE-2019-11274,versions,CWE-79,6.1,2.8,33.0,1661.0,1661.0,0,1.0,0.0,MEDIUM
CVE-2019-14809,before,NVD-CWE-noinfo,9.8,3.9,25.0,1582.0,1582.0,1,0.0,0.0,CRITICAL
CVE-2019-0337,versions,CWE-79,6.1,2.8,34.0,1656.0,1656.0,0,1.0,0.0,MEDIUM
CVE-2019-0345,remote,CWE-918,9.8,3.9,1.0,,,0,,,CRITICAL
CVE-2019-14526,issue,CWE-352,8.1,2.8,45.0,917.0,917.0,1,0.0,0.0,HIGH
CVE-2019-14427,exists,CWE-79,6.1,2.8,29.0,,,1,,,MEDIUM
CVE-2019-6159,stored,CWE-79,6.1,2.8,27.0,,,0,,,MEDIUM
CVE-2019-4120,and,CWE-79,5.4,2.3,70.0,,,0,,,MEDIUM
CVE-2019-4482,through,CWE-79,5.4,2.3,74.0,,,0,,,MEDIUM
CVE-2019-10086,special,CWE-502,7.3,3.9,1.0,1511.0,1511.0,0,3.0,0.0,HIGH
CVE-2019-15314,allows,CWE-79,5.4,2.3,17.0,0.0,0.0,1,0.0,0.0,MEDIUM
CVE-2014-10391,plugin,CWE-74,6.1,2.8,4.0,,,0,,,MEDIUM
CVE-2014-10394,plugin,CWE-74,6.1,2.8,5.0,,,0,,,MEDIUM
CVE-2014-10386,plugin,CWE-74,6.1,2.8,6.0,,,0,,,MEDIUM
CVE-2019-11584,resource,CWE-79,6.1,2.8,3.0,0.0,0.0,0,0.0,0.0,MEDIUM
CVE-2019-8444,wikirenderer,CWE-79,5.4,2.3,1.0,,,0,,,MEDIUM
CVE-2018-13367,information,CWE-200,5.3,3.9,2.0,338.0,338.0,0,2.0,0.0,MEDIUM
CVE-2019-12400,version,CWE-20,5.5,1.8,18.0,0.0,0.0,0,0.0,0.0,MEDIUM
CVE-2019-15701,allows,CWE-78,8.8,2.8,18.0,0.0,0.0,1,0.0,0.0,HIGH
CVE-2019-10383,stored,CWE-79,4.8,1.7,28.0,,,0,,,MEDIUM
CVE-2018-18370,proxy,CWE-79,6.1,2.8,1.0,0.0,0.0,0,0.0,0.0,MEDIUM
CVE-2019-3754,versions,CWE-79,4.7,2.8,35.0,1636.0,1636.0,0,1.0,0.0,MEDIUM
CVE-2019-6180,stored,CWE-79,4.8,1.7,28.0,,,0,,,MEDIUM
CVE-2019-6181,reflected,CWE-79,6.1,2.8,7.0,,,0,,,MEDIUM
CVE-2019-10677,issues,CWE-79,6.1,2.8,1.0,0.0,0.0,1,0.0,0.0,MEDIUM
CVE-2019-4149,through,CWE-79,5.4,2.3,75.0,,,0,,,MEDIUM
CVE-2019-15954,issue,CWE-862,9.9,3.1,46.0,895.0,895.0,1,0.0,0.0,CRITICAL
CVE-2019-14222,issue,CWE-1188,9.8,3.9,47.0,895.0,895.0,1,0.0,0.0,CRITICAL
CVE-2019-14224,issue,CWE-502,7.2,1.2,48.0,895.0,895.0,1,0.0,0.0,HIGH
CVE-2019-16126,through,CWE-79,6.1,2.8,76.0,,,1,,,MEDIUM
CVE-2019-10670,issue,CWE-79,6.1,2.8,49.0,891.0,891.0,1,0.0,0.0,MEDIUM
CVE-2019-16172,before,CWE-79,5.4,2.3,26.0,1555.0,1555.0,1,0.0,0.0,MEDIUM
CVE-2019-0355,versions,CWE-94,7.2,1.2,36.0,1629.0,1629.0,0,1.0,0.0,HIGH
CVE-2019-0365,and,NVD-CWE-noinfo,7.5,3.9,67.0,,,0,,,HIGH
CVE-2019-14996,resource,CWE-79,6.1,2.8,4.0,0.0,0.0,0,0.0,0.0,MEDIUM
CVE-2019-8450,templates,CWE-79,4.8,1.7,1.0,0.0,0.0,0,0.0,0.0,MEDIUM
CVE-2019-11777,the,CWE-346,7.5,3.9,50.0,0.0,0.0,0,0.0,0.0,HIGH
CVE-2019-3761,and,CWE-79,5.4,2.3,68.0,,,0,,,MEDIUM
CVE-2019-0189,known,CWE-502,9.8,3.9,1.0,2496.0,2496.0,0,0.0,0.17,CRITICAL
CVE-2019-16332,the,CWE-79,6.1,2.8,51.0,0.0,0.0,1,0.0,0.0,MEDIUM
CVE-2019-0195,classpath,CWE-502,9.8,3.9,1.0,,,0,,,CRITICAL
CVE-2019-16366,there,CWE-787,9.8,3.9,1.0,1128.0,1128.0,1,0.0,0.0,CRITICAL
CVE-2019-4270,and,CWE-79,5.4,2.3,69.0,,,0,,,MEDIUM
CVE-2019-4342,and,CWE-79,5.4,2.3,70.0,,,0,,,MEDIUM
CVE-2019-16525,issue,CWE-79,6.1,2.8,49.0,881.0,881.0,1,0.0,0.0,MEDIUM
CVE-2019-10087,version,CWE-79,6.1,2.8,17.0,0.0,0.0,0,0.0,0.0,MEDIUM
CVE-2019-10089,version,CWE-79,6.1,2.8,18.0,0.0,0.0,0,0.0,0.0,MEDIUM
CVE-2019-12404,version,CWE-79,6.1,2.8,19.0,0.0,0.0,0,0.0,0.0,MEDIUM
CVE-2019-10090,version,CWE-79,6.1,2.8,20.0,0.0,0.0,0,0.0,0.0,MEDIUM
CVE-2019-12407,version,CWE-79,6.1,2.8,21.0,0.0,0.0,0,0.0,0.0,MEDIUM
CVE-2019-16751,issue,CWE-79,6.1,2.8,46.0,876.0,876.0,1,0.0,0.0,MEDIUM
CVE-2019-4571,vulnerable,CWE-79,5.4,2.3,15.0,,,0,,,MEDIUM
CVE-2019-11738,directive,NVD-CWE-noinfo,6.3,2.8,1.0,2231.0,2231.0,1,1.0,1.67,MEDIUM
CVE-2019-3747,versions,CWE-79,4.8,1.7,35.0,1612.0,1612.0,0,1.0,0.0,MEDIUM
CVE-2019-16941,through,CWE-91,9.8,3.9,74.0,,,1,,,CRITICAL
CVE-2019-16683,issue,CWE-79,4.8,1.7,47.0,870.0,870.0,1,0.0,0.0,MEDIUM
CVE-2019-16684,issue,CWE-79,4.8,1.7,48.0,870.0,870.0,1,0.0,0.0,MEDIUM
CVE-2019-4106,vulnerable,CWE-79,4.8,1.7,16.0,,,0,,,MEDIUM
CVE-2019-4115,vulnerable,CWE-79,5.4,2.3,17.0,,,0,,,MEDIUM
CVE-2019-13123,and,CWE-674,7.5,3.9,67.0,,,0,,,HIGH
CVE-2019-13124,and,CWE-674,7.5,3.9,68.0,,,0,,,HIGH
CVE-2019-4494,and,CWE-79,5.4,2.3,69.0,,,0,,,MEDIUM
CVE-2019-4495,and,CWE-79,5.4,2.3,70.0,,,0,,,MEDIUM
CVE-2019-4497,and,CWE-79,5.4,2.3,71.0,,,0,,,MEDIUM
CVE-2019-17063,before,NVD-CWE-noinfo,5.5,1.8,27.0,1533.0,1533.0,0,0.0,0.0,MEDIUM
CVE-2019-17091,used,CWE-79,6.1,2.8,2.0,,,1,,,MEDIUM
CVE-2019-4542,vulnerable,CWE-79,6.1,2.8,18.0,,,0,,,MEDIUM
CVE-2019-5031,exploitable,CWE-703,8.8,2.8,26.0,,,1,,,HIGH
CVE-2019-12630,vulnerability,CWE-20,9.8,3.9,33.0,,,0,,,CRITICAL
CVE-2019-16931,stored,CWE-79,6.1,2.8,29.0,,,1,,,MEDIUM
CVE-2019-4564,and,CWE-79,6.1,2.8,70.0,,,0,,,MEDIUM
CVE-2019-13318,vulnerability,CWE-134,5.5,1.8,28.0,,,0,,,MEDIUM
CVE-2019-17359,parser,CWE-770,7.5,3.9,1.0,,,0,,,HIGH
CVE-2019-10756,possible,CWE-79,5.4,2.3,7.0,0.0,0.0,1,0.0,0.0,MEDIUM
CVE-2019-16282,persistent,CWE-79,5.4,2.3,3.0,2415.0,2415.0,0,10.0,16.17,MEDIUM
CVE-2019-13392,reflected,CWE-79,6.1,2.8,8.0,,,1,,,MEDIUM
CVE-2019-2894,the,NVD-CWE-noinfo,3.7,2.2,52.0,0.0,0.0,0,0.0,0.0,LOW
CVE-2019-2907,the,NVD-CWE-noinfo,7.2,3.9,53.0,0.0,0.0,0,0.0,0.0,HIGH
CVE-2019-2909,the,NVD-CWE-noinfo,6.8,2.2,54.0,0.0,0.0,0,0.0,0.0,MEDIUM
CVE-2019-2933,the,NVD-CWE-noinfo,3.1,1.6,55.0,0.0,0.0,0,0.0,0.0,LOW
CVE-2019-2945,the,NVD-CWE-noinfo,3.1,1.6,56.0,0.0,0.0,0,0.0,0.0,LOW
CVE-2019-2949,the,NVD-CWE-noinfo,6.8,2.2,57.0,0.0,0.0,0,0.0,0.0,MEDIUM
CVE-2019-2958,the,NVD-CWE-noinfo,5.9,2.2,58.0,0.0,0.0,0,0.0,0.0,MEDIUM
CVE-2019-2962,the,NVD-CWE-noinfo,3.7,2.2,59.0,0.0,0.0,0,0.0,0.0,LOW
CVE-2019-2964,the,NVD-CWE-noinfo,3.7,2.2,60.0,0.0,0.0,0,0.0,0.0,LOW
CVE-2019-2973,the,NVD-CWE-noinfo,3.7,2.2,61.0,0.0,0.0,0,0.0,0.0,LOW
CVE-2019-2975,the,NVD-CWE-noinfo,4.8,2.2,62.0,0.0,0.0,0,0.0,0.0,MEDIUM
CVE-2019-2977,the,NVD-CWE-noinfo,4.8,2.2,63.0,0.0,0.0,0,0.0,0.0,MEDIUM
CVE-2019-2978,the,NVD-CWE-noinfo,3.7,2.2,64.0,0.0,0.0,0,0.0,0.0,LOW
CVE-2019-2981,the,NVD-CWE-noinfo,3.7,2.2,65.0,0.0,0.0,0,0.0,0.0,LOW
CVE-2019-2983,the,NVD-CWE-noinfo,3.7,2.2,66.0,0.0,0.0,0,0.0,0.0,LOW
CVE-2019-2987,the,NVD-CWE-noinfo,3.7,2.2,67.0,0.0,0.0,0,0.0,0.0,LOW
CVE-2019-2988,the,NVD-CWE-noinfo,3.7,2.2,68.0,0.0,0.0,0,0.0,0.0,LOW
CVE-2019-2989,the,NVD-CWE-noinfo,6.8,2.2,69.0,0.0,0.0,0,0.0,0.0,MEDIUM
CVE-2019-2992,the,NVD-CWE-noinfo,3.7,2.2,70.0,0.0,0.0,0,0.0,0.0,LOW
CVE-2019-2996,the,NVD-CWE-noinfo,4.2,1.6,71.0,0.0,0.0,0,0.0,0.0,MEDIUM
CVE-2019-2999,the,NVD-CWE-noinfo,4.7,1.6,72.0,0.0,0.0,0,0.0,0.0,MEDIUM
CVE-2019-13116,runtime,CWE-502,9.8,3.9,1.0,0.0,0.0,1,0.0,0.0,CRITICAL
CVE-2019-17672,before,CWE-79,6.1,2.8,28.0,1517.0,1517.0,0,0.0,0.0,MEDIUM
CVE-2019-16330,persistent,CWE-79,5.4,2.3,4.0,2412.0,2412.0,1,10.0,16.17,MEDIUM
CVE-2019-17207,reflected,CWE-79,5.4,2.3,9.0,,,1,,,MEDIUM
CVE-2019-15587,the,CWE-79,5.4,2.3,59.0,0.0,0.0,0,0.0,0.0,MEDIUM
CVE-2019-10475,reflected,CWE-79,6.1,2.8,10.0,,,0,,,MEDIUM
CVE-2019-18219,affected,CWE-79,6.1,2.8,11.0,2353.0,2353.0,0,0.0,1.25,MEDIUM
CVE-2019-18350,reflected,CWE-79,6.1,2.8,11.0,,,1,,,MEDIUM
CVE-2019-4459,and,CWE-79,5.4,2.3,65.0,,,0,,,MEDIUM
CVE-2019-4486,vulnerable,CWE-79,5.4,2.3,18.0,,,0,,,MEDIUM
CVE-2019-12017,remote,CWE-502,9.8,3.9,2.0,,,0,,,CRITICAL
CVE-2019-17139,vulnerability,CWE-787,8.8,2.8,26.0,,,0,,,HIGH
CVE-2011-0428,ikiwiki,CWE-79,6.1,2.8,1.0,,,0,,,MEDIUM
CVE-2019-12417,malicious,CWE-79,4.8,1.7,3.0,,,0,,,MEDIUM
CVE-2019-18364,before,CWE-502,9.8,3.9,28.0,1503.0,1503.0,0,0.0,0.0,CRITICAL
CVE-2019-18653,issue,CWE-79,6.1,2.8,50.0,838.0,838.0,1,0.0,0.0,MEDIUM
CVE-2019-18654,issue,CWE-79,6.1,2.8,51.0,838.0,838.0,1,0.0,0.0,MEDIUM
CVE-2019-18667,the,CWE-79,6.1,2.8,59.0,0.0,0.0,0,0.0,0.0,MEDIUM
CVE-2019-8092,reflected,CWE-79,5.4,2.3,12.0,,,0,,,MEDIUM
CVE-2019-8115,reflected,CWE-79,4.8,1.7,13.0,,,0,,,MEDIUM
CVE-2019-8117,stored,CWE-79,5.4,2.3,30.0,,,0,,,MEDIUM
CVE-2019-8120,stored,CWE-79,5.4,2.3,31.0,,,0,,,MEDIUM
CVE-2019-8128,stored,CWE-79,5.4,2.3,32.0,,,0,,,MEDIUM
CVE-2019-8131,stored,CWE-79,5.4,2.3,33.0,,,0,,,MEDIUM
CVE-2019-8138,stored,CWE-79,5.4,2.3,34.0,,,0,,,MEDIUM
CVE-2019-8139,stored,CWE-79,5.4,2.3,35.0,,,0,,,MEDIUM
CVE-2019-8142,stored,CWE-79,5.4,2.3,36.0,,,0,,,MEDIUM
CVE-2019-8146,stored,CWE-79,5.4,2.3,37.0,,,0,,,MEDIUM
CVE-2019-8147,stored,CWE-79,5.4,2.3,38.0,,,0,,,MEDIUM
CVE-2019-8148,stored,CWE-79,4.8,1.7,39.0,,,0,,,MEDIUM
CVE-2019-8152,stored,CWE-79,5.4,2.3,40.0,,,0,,,MEDIUM
CVE-2019-8227,prior,CWE-79,4.8,1.7,4.0,1041.0,1041.0,0,2.0,0.0,MEDIUM
CVE-2019-8228,prior,CWE-79,4.8,1.7,5.0,1041.0,1041.0,0,2.0,0.0,MEDIUM
CVE-2019-8233,prior,CWE-79,6.1,2.8,6.0,1041.0,1041.0,0,2.0,0.0,MEDIUM
CVE-2019-8145,stored,CWE-79,5.4,2.3,41.0,,,0,,,MEDIUM
CVE-2019-13080,has,CWE-79,5.4,2.3,7.0,0.0,0.0,0,0.0,0.0,MEDIUM
CVE-2019-13081,has,CWE-79,5.4,2.3,8.0,0.0,0.0,0,0.0,0.0,MEDIUM
CVE-2019-4450,and,CWE-79,6.1,2.8,64.0,,,0,,,MEDIUM
CVE-2019-4454,vulnerable,CWE-79,5.4,2.3,19.0,,,0,,,MEDIUM
CVE-2019-4470,vulnerable,CWE-79,5.4,2.3,20.0,,,0,,,MEDIUM
CVE-2019-4581,vulnerable,CWE-79,6.1,2.8,21.0,,,0,,,MEDIUM
CVE-2019-4645,and,CWE-79,6.1,2.8,65.0,,,0,,,MEDIUM
CVE-2019-18857,darylldoyle,CWE-79,7.5,3.9,1.0,,,0,,,HIGH
CVE-2019-16950,issue,CWE-79,6.1,2.8,52.0,826.0,826.0,1,0.0,0.0,MEDIUM
CVE-2019-17515,plugin,CWE-79,6.1,2.8,6.0,,,0,,,MEDIUM
CVE-2019-17550,plugin,CWE-79,6.1,2.8,7.0,,,0,,,MEDIUM
CVE-2019-0389,administrator,NVD-CWE-noinfo,8.8,2.8,1.0,433.0,433.0,0,0.0,0.0,HIGH
CVE-2019-0391,certain,NVD-CWE-noinfo,4.3,2.8,3.0,394.0,394.0,0,0.0,0.0,MEDIUM
CVE-2019-18949,before,CWE-863,7.5,3.9,29.0,1490.0,1490.0,0,0.0,0.0,HIGH
CVE-2019-15054,scripting,CWE-79,6.1,2.8,46.0,,,0,,,MEDIUM
CVE-2019-10080,versions,CWE-611,6.5,2.8,32.0,1559.0,1559.0,0,1.0,0.0,MEDIUM
CVE-2019-4569,through,CWE-79,5.4,2.3,54.0,,,0,,,MEDIUM
CVE-2019-13670,data,CWE-787,6.5,2.8,1.0,0.0,0.0,0,0.0,0.0,MEDIUM
CVE-2019-13684,implementation,CWE-203,5.3,1.6,1.0,,,0,,,MEDIUM
CVE-2019-13696,after,CWE-416,8.8,2.8,1.0,,,0,,,HIGH
CVE-2019-13698,bounds,CWE-787,8.8,2.8,1.0,0.0,0.0,0,0.0,0.0,HIGH
CVE-2019-13711,policy,NVD-CWE-noinfo,5.3,3.9,2.0,0.0,0.0,0,0.0,0.0,MEDIUM
CVE-2019-13713,policy,NVD-CWE-noinfo,6.5,2.8,3.0,0.0,0.0,0,0.0,0.0,MEDIUM
CVE-2019-5847,implementation,CWE-787,6.5,2.8,2.0,,,0,,,MEDIUM
CVE-2019-5852,implementation,CWE-20,6.5,2.8,3.0,,,0,,,MEDIUM
CVE-2019-5853,implementation,CWE-682,8.8,2.8,4.0,,,0,,,HIGH
CVE-2019-5857,implementation,CWE-787,6.5,2.8,5.0,,,0,,,MEDIUM
CVE-2019-5866,bounds,CWE-787,9.8,3.9,2.0,0.0,0.0,0,0.0,0.0,CRITICAL
CVE-2019-5867,bounds,CWE-125,6.5,2.8,3.0,0.0,0.0,0,0.0,0.0,MEDIUM
CVE-2019-5877,bounds,CWE-787,8.8,2.8,4.0,0.0,0.0,0,0.0,0.0,HIGH
CVE-2019-5825,bounds,CWE-787,6.5,2.8,5.0,0.0,0.0,1,0.0,0.0,MEDIUM
CVE-2019-19206,allows,CWE-79,5.4,2.3,16.0,0.0,0.0,0,0.0,0.0,MEDIUM
CVE-2019-16243,devices,CWE-306,6.1,2.8,1.0,,,1,,,MEDIUM
CVE-2019-18580,and,CWE-502,10.0,3.9,66.0,,,0,,,CRITICAL
CVE-2019-17590,function,CWE-352,8.8,2.8,1.0,0.0,0.0,1,0.0,0.0,HIGH
CVE-2019-19329,before,CWE-79,6.1,2.8,29.0,1476.0,1476.0,1,0.0,0.0,MEDIUM
CVE-2019-4098,and,CWE-79,5.4,2.3,67.0,,,0,,,MEDIUM
CVE-2019-4226,and,CWE-79,5.4,2.3,68.0,,,0,,,MEDIUM
CVE-2019-4467,and,CWE-79,5.4,2.3,69.0,,,0,,,MEDIUM
CVE-2019-4468,and,CWE-79,5.4,2.3,70.0,,,0,,,MEDIUM
CVE-2019-18574,software,CWE-79,4.8,1.7,2.0,96.0,96.0,0,0.0,0.0,MEDIUM
CVE-2019-18347,stored,CWE-79,5.4,2.3,41.0,,,1,,,MEDIUM
CVE-2019-19133,plugin,CWE-79,6.1,2.8,8.0,,,1,,,MEDIUM
CVE-2012-2148,issue,CWE-269,3.3,1.8,51.0,803.0,803.0,0,0.0,0.0,LOW
CVE-2019-14251,issue,CWE-22,7.5,3.9,52.0,800.0,800.0,1,0.0,0.0,HIGH
CVE-2019-4428,for,CWE-79,5.4,2.3,2.0,,,0,,,MEDIUM
CVE-2019-4611,vulnerable,CWE-79,5.4,2.3,20.0,,,0,,,MEDIUM
CVE-2019-4663,vulnerable,CWE-79,5.4,2.3,21.0,,,0,,,MEDIUM
CVE-2019-5841,bounds,CWE-787,8.8,2.8,6.0,0.0,0.0,0,0.0,0.0,HIGH
CVE-2019-5843,bounds,CWE-787,8.8,2.8,7.0,0.0,0.0,0,0.0,0.0,HIGH
CVE-2019-13728,bounds,CWE-787,8.8,2.8,8.0,0.0,0.0,0,0.0,0.0,HIGH
CVE-2019-13730,confusion,CWE-787,8.8,2.8,2.0,1011.0,1011.0,0,0.0,0.0,HIGH
CVE-2019-13735,bounds,CWE-787,8.8,2.8,9.0,0.0,0.0,0,0.0,0.0,HIGH
CVE-2019-13764,confusion,CWE-843,8.8,2.8,3.0,1011.0,1011.0,1,0.0,0.0,HIGH
CVE-2019-15007,review,CWE-79,4.8,1.7,1.0,0.0,0.0,0,0.0,0.0,MEDIUM
CVE-2019-15008,resource,CWE-79,6.1,2.8,5.0,0.0,0.0,0,0.0,0.0,MEDIUM
CVE-2019-4665,and,CWE-79,5.4,2.3,70.0,,,0,,,MEDIUM
CVE-2019-0395,before,CWE-79,5.4,2.3,30.0,1462.0,1462.0,0,0.0,0.0,MEDIUM
CVE-2019-17599,plugin,CWE-79,6.1,2.8,9.0,,,1,,,MEDIUM
CVE-2019-4426,component,CWE-79,5.4,2.3,1.0,0.0,0.0,0,0.0,0.0,MEDIUM
CVE-2019-19368,was,CWE-79,6.1,2.8,8.0,313.0,313.0,1,0.0,0.0,MEDIUM
CVE-2019-18956,and,CWE-502,9.8,3.9,65.0,,,1,,,CRITICAL
CVE-2012-2237,scripting,CWE-79,6.1,2.8,23.0,,,1,,,MEDIUM
CVE-2019-4388,and,CWE-79,4.8,1.7,64.0,,,0,,,MEDIUM
CVE-2019-8792,injection,CWE-74,8.8,2.8,2.0,,,0,,,HIGH
CVE-2019-18267,issue,CWE-79,5.4,2.3,53.0,791.0,791.0,0,0.0,0.0,MEDIUM
CVE-2019-7621,versions,CWE-79,5.4,2.3,29.0,1530.0,1530.0,0,1.0,0.0,MEDIUM
CVE-2019-18572,and,CWE-306,9.8,3.9,65.0,,,0,,,CRITICAL
CVE-2019-19899,allows,CWE-862,9.8,3.9,15.0,0.0,0.0,1,0.0,0.0,CRITICAL
CVE-2019-17633,versions,CWE-352,8.8,2.8,30.0,1529.0,1529.0,1,1.0,0.0,HIGH
CVE-2019-19908,vulnerable,CWE-79,6.1,2.8,22.0,,,0,,,MEDIUM
CVE-2019-19916,not,CWE-79,6.1,2.8,2.0,0.0,0.0,1,0.0,0.0,MEDIUM
CVE-2019-4555,and,CWE-79,5.4,2.3,66.0,,,0,,,MEDIUM
CVE-2019-4744,vulnerable,CWE-79,6.1,2.8,23.0,,,0,,,MEDIUM
CVE-2019-16780,users,CWE-79,5.8,1.3,1.0,0.0,0.0,0,0.0,0.0,MEDIUM
CVE-2019-16781,before,CWE-79,5.8,1.3,30.0,1447.0,1447.0,0,0.0,0.0,MEDIUM
CVE-2012-4420,information,CWE-200,7.5,3.9,3.0,213.0,213.0,1,2.0,0.0,HIGH
CVE-2019-20041,before,CWE-20,9.8,3.9,31.0,1447.0,1447.0,0,0.0,0.0,CRITICAL
CVE-2019-4623,and,CWE-79,5.4,2.3,67.0,,,0,,,MEDIUM
CVE-2019-12837,allows,CWE-706,4.3,2.8,17.0,0.0,0.0,1,0.0,0.0,MEDIUM
CVE-2019-20204,plugin,CWE-79,5.4,2.3,9.0,,,1,,,MEDIUM
CVE-2016-1000027,through,CWE-502,9.8,3.9,52.0,,,1,,,CRITICAL
CVE-2020-5497,reference,CWE-79,6.1,2.8,1.0,0.0,0.0,1,0.0,0.0,MEDIUM
CVE-2014-3743,scripting,CWE-79,6.1,2.8,19.0,,,0,,,MEDIUM
CVE-2019-18652,based,CWE-79,6.1,2.8,2.0,,,0,,,MEDIUM
CVE-2016-6586,security,CWE-20,3.7,2.2,2.0,1632.0,1632.0,0,0.0,0.0,LOW
CVE-2019-19495,web,CWE-20,9.8,3.9,2.0,,,1,,,CRITICAL
CVE-2016-6585,vulnerability,CWE-20,5.3,1.6,26.0,,,0,,,MEDIUM
CVE-2019-17001,that,CWE-79,6.1,2.8,1.0,0.0,0.0,0,0.0,0.0,MEDIUM
CVE-2019-17020,file,CWE-611,6.5,2.8,2.0,0.0,0.0,0,0.0,0.0,MEDIUM
CVE-2019-19494,based,CWE-120,8.8,2.8,3.0,,,1,,,HIGH
CVE-2013-6430,method,CWE-79,5.4,2.3,1.0,,,0,,,MEDIUM
CVE-2020-1766,improper,CWE-79,2.0,0.5,1.0,,,0,,,LOW
CVE-2019-18588,for,CWE-79,5.4,2.3,3.0,,,0,,,MEDIUM
CVE-2020-6847,through,CWE-79,5.4,2.3,54.0,,,1,,,MEDIUM
CVE-2020-5195,through,CWE-79,6.1,2.8,55.0,,,0,,,MEDIUM
CVE-2020-6958,vulnerability,CWE-611,9.1,3.9,26.0,,,1,,,CRITICAL
CVE-2019-0219,website,NVD-CWE-noinfo,9.8,3.9,1.0,0.0,0.0,0,0.0,0.0,CRITICAL
CVE-2014-2271,used,CWE-20,8.1,2.2,3.0,,,0,,,HIGH
CVE-2019-12398,before,CWE-79,4.8,1.7,31.0,1428.0,1428.0,0,0.0,0.0,MEDIUM
CVE-2020-5853,portal,CWE-79,5.4,2.3,1.0,2262.0,2262.0,0,1.0,0.5,MEDIUM
CVE-2020-2518,the,NVD-CWE-noinfo,7.5,1.6,61.0,0.0,0.0,0,0.0,0.0,HIGH
CVE-2020-2546,the,NVD-CWE-noinfo,9.8,3.9,62.0,0.0,0.0,0,0.0,0.0,CRITICAL
CVE-2020-2583,the,CWE-755,3.7,2.2,63.0,0.0,0.0,0,0.0,0.0,LOW
CVE-2020-2585,the,NVD-CWE-noinfo,5.9,2.2,64.0,0.0,0.0,0,0.0,0.0,MEDIUM
CVE-2020-2590,the,NVD-CWE-noinfo,3.7,2.2,65.0,0.0,0.0,0,0.0,0.0,LOW
CVE-2020-2593,the,NVD-CWE-noinfo,4.8,2.2,66.0,0.0,0.0,0,0.0,0.0,MEDIUM
CVE-2020-2601,the,NVD-CWE-noinfo,6.8,2.2,67.0,0.0,0.0,0,0.0,0.0,MEDIUM
CVE-2020-2604,the,CWE-502,8.1,2.2,68.0,0.0,0.0,0,0.0,0.0,HIGH
CVE-2020-2654,the,NVD-CWE-noinfo,3.7,2.2,69.0,0.0,0.0,0,0.0,0.0,LOW
CVE-2020-2655,the,NVD-CWE-noinfo,4.8,2.2,70.0,0.0,0.0,0,0.0,0.0,MEDIUM
CVE-2020-2659,the,NVD-CWE-noinfo,3.7,2.2,71.0,0.0,0.0,0,0.0,0.0,LOW
CVE-2019-17573,default,CWE-79,6.1,2.8,1.0,,,0,,,MEDIUM
CVE-2019-5126,exploitable,CWE-416,8.8,2.8,4.0,,,1,,,HIGH
CVE-2019-5130,exploitable,CWE-416,8.8,2.8,5.0,,,1,,,HIGH
CVE-2019-5131,exploitable,CWE-416,8.8,2.8,6.0,,,1,,,HIGH
CVE-2019-5145,exploitable,CWE-416,8.8,2.8,7.0,,,1,,,HIGH
CVE-2020-7222,issue,CWE-287,5.3,3.9,53.0,761.0,761.0,1,0.0,0.0,MEDIUM
CVE-2019-20381,before,CWE-79,6.1,2.8,32.0,1423.0,1423.0,0,0.0,0.0,MEDIUM
CVE-2020-7239,plugin,CWE-79,6.1,2.8,11.0,,,1,,,MEDIUM
CVE-2019-10781,before,CWE-668,9.8,3.9,33.0,1420.0,1420.0,0,0.0,0.0,CRITICAL
CVE-2020-7931,and,NVD-CWE-noinfo,8.8,2.8,62.0,,,1,,,HIGH
CVE-2019-16517,issue,CWE-346,9.8,3.9,54.0,755.0,755.0,1,0.0,0.0,CRITICAL
CVE-2020-7937,issue,CWE-79,5.4,2.3,55.0,755.0,755.0,0,0.0,0.0,MEDIUM
CVE-2019-19632,issue,CWE-79,6.1,2.8,56.0,754.0,754.0,1,0.0,0.0,MEDIUM
CVE-2020-5219,before,CWE-74,8.7,2.3,34.0,1418.0,1418.0,0,0.0,0.0,HIGH
CVE-2014-4172,parameter,CWE-74,9.8,3.9,1.0,0.0,0.0,0,0.0,0.0,CRITICAL
CVE-2019-17651,vulnerability,CWE-79,5.4,2.3,27.0,,,0,,,MEDIUM
CVE-2019-4632,vulnerable,CWE-79,6.1,2.8,22.0,,,0,,,MEDIUM
CVE-2020-8498,exists,CWE-79,5.4,2.3,21.0,,,0,,,MEDIUM
CVE-2020-8514,issue,CWE-79,6.1,2.8,56.0,745.0,745.0,1,0.0,0.0,MEDIUM
CVE-2019-4732,through,CWE-426,6.5,0.6,58.0,,,0,,,MEDIUM
CVE-2020-5182,extension,CWE-269,6.5,2.8,2.0,0.0,0.0,0,0.0,0.0,MEDIUM
CVE-2019-4451,vulnerable,CWE-79,5.4,2.3,23.0,,,0,,,MEDIUM
CVE-2020-8115,reflected,CWE-79,6.1,2.8,14.0,,,1,,,MEDIUM
CVE-2020-8116,pollution,CWE-471,7.3,3.9,1.0,,,1,,,HIGH
CVE-2020-5317,versions,CWE-79,4.8,1.7,29.0,1480.0,1480.0,0,1.0,0.0,MEDIUM
CVE-2020-8812,allows,CWE-79,5.4,2.3,16.0,0.0,0.0,1,0.0,0.0,MEDIUM
CVE-2020-5529,prior,CWE-665,8.1,2.2,6.0,944.0,944.0,0,2.0,0.0,HIGH
CVE-2019-18210,through,CWE-79,5.4,2.3,60.0,,,0,,,MEDIUM
CVE-2020-6381,overflow,CWE-190,8.8,2.8,1.0,632.0,632.0,1,0.0,0.0,HIGH
CVE-2020-6382,confusion,CWE-843,8.8,2.8,4.0,948.0,948.0,1,0.0,0.0,HIGH
CVE-2020-6395,bounds,CWE-125,6.5,2.8,10.0,0.0,0.0,0,0.0,0.0,MEDIUM
CVE-2020-6415,implementation,CWE-787,8.8,2.8,6.0,,,1,,,HIGH
CVE-2019-4431,and,CWE-79,5.4,2.3,62.0,,,0,,,MEDIUM
CVE-2020-6190,vulnerable,CWE-200,5.8,3.9,24.0,,,0,,,MEDIUM
CVE-2019-14652,alpha,CWE-79,6.1,2.8,1.0,,,0,,,MEDIUM
CVE-2019-19757,internal,CWE-79,5.4,2.3,1.0,2355.0,2355.0,0,10.0,20.08,MEDIUM
CVE-2013-7324,version,CWE-74,5.3,3.9,12.0,0.0,0.0,0,0.0,0.0,MEDIUM
CVE-2019-19325,through,CWE-79,6.1,2.8,61.0,,,0,,,MEDIUM
CVE-2019-4429,and,CWE-79,5.4,2.3,62.0,,,0,,,MEDIUM
CVE-2012-3351,scripting,CWE-79,6.1,2.8,18.0,,,0,,,MEDIUM
CVE-2020-9003,stored,CWE-79,5.4,2.3,43.0,,,0,,,MEDIUM
CVE-2019-19865,before,CWE-79,6.1,2.8,36.0,1390.0,1390.0,0,0.0,0.0,MEDIUM
CVE-2019-10798,through,NVD-CWE-noinfo,5.3,3.9,62.0,,,1,,,MEDIUM
CVE-2020-5245,before,CWE-74,7.9,1.3,37.0,1387.0,1387.0,1,0.0,0.0,HIGH
CVE-2018-13313,the,CWE-922,6.5,2.8,66.0,0.0,0.0,1,0.0,0.0,MEDIUM
CVE-2020-9334,stored,CWE-79,5.4,2.3,44.0,,,0,,,MEDIUM
CVE-2020-9335,stored,CWE-79,4.8,1.7,45.0,,,0,,,MEDIUM
CVE-2019-19134,plugin,CWE-79,6.1,2.8,12.0,,,1,,,MEDIUM
CVE-2019-4596,through,CWE-79,5.4,2.3,63.0,,,0,,,MEDIUM
CVE-2019-5326,administrative,CWE-502,7.2,1.2,1.0,,,0,,,HIGH
CVE-2020-9447,vulnerability,CWE-79,6.1,2.8,25.0,,,1,,,MEDIUM
CVE-2019-10805,valib,CWE-668,7.5,3.9,1.0,,,1,,,HIGH
CVE-2020-9459,scripting,CWE-79,5.4,2.3,19.0,,,1,,,MEDIUM
CVE-2019-4301,vulnerable,NVD-CWE-noinfo,8.4,1.7,25.0,,,0,,,HIGH
CVE-2020-6798,template,CWE-79,6.1,2.8,1.0,531.0,531.0,0,0.0,0.0,MEDIUM
CVE-2020-4196,vulnerable,CWE-79,5.4,2.3,26.0,,,0,,,MEDIUM
CVE-2020-4198,vulnerable,CWE-79,5.4,2.3,27.0,,,0,,,MEDIUM
CVE-2020-9761,issue,NVD-CWE-noinfo,9.8,3.9,56.0,714.0,714.0,0,0.0,0.0,CRITICAL
CVE-2019-19222,issue,CWE-79,5.4,2.3,57.0,714.0,714.0,1,0.0,0.0,MEDIUM
CVE-2020-9371,exists,CWE-79,4.8,1.7,3.0,,,1,,,MEDIUM
CVE-2020-10098,issue,CWE-79,5.4,2.3,58.0,714.0,714.0,0,0.0,0.0,MEDIUM
CVE-2020-10099,issue,CWE-79,5.4,2.3,59.0,714.0,714.0,0,0.0,0.0,MEDIUM
CVE-2020-10103,issue,CWE-79,5.4,2.3,60.0,714.0,714.0,0,0.0,0.0,MEDIUM
CVE-2020-5327,versions,CWE-502,8.1,2.2,29.0,1451.0,1451.0,0,1.0,0.0,HIGH
CVE-2020-4084,and,CWE-79,5.4,2.3,60.0,,,0,,,MEDIUM
CVE-2016-1487,before,CWE-502,8.8,2.8,37.0,1373.0,1373.0,0,0.0,0.0,HIGH
CVE-2020-9758,issue,CWE-79,9.6,2.8,61.0,709.0,709.0,0,0.0,0.0,CRITICAL
CVE-2019-4608,vulnerable,CWE-79,5.4,2.3,28.0,,,0,,,MEDIUM
CVE-2020-4162,and,CWE-79,5.4,2.3,61.0,,,0,,,MEDIUM
CVE-2017-10992,there,CWE-502,9.8,3.9,2.0,953.0,953.0,1,0.0,0.0,CRITICAL
CVE-2019-12445,issue,CWE-79,5.4,2.3,62.0,708.0,708.0,0,0.0,0.0,MEDIUM
CVE-2020-5258,affected,CWE-94,7.7,1.3,12.0,2213.0,2213.0,1,0.0,1.25,HIGH
CVE-2020-5259,affected,CWE-94,7.7,1.3,13.0,2213.0,2213.0,1,0.0,1.25,HIGH
CVE-2019-19294,vulnerability,CWE-79,6.3,1.8,25.0,,,0,,,MEDIUM
CVE-2019-11938,servers,CWE-770,7.5,3.9,3.0,,,0,,,HIGH
CVE-2020-6202,does,CWE-20,7.2,1.2,1.0,,,0,,,HIGH
CVE-2020-1947,and,CWE-502,9.8,3.9,62.0,,,0,,,CRITICAL
CVE-2020-10544,issue,CWE-79,6.1,2.8,60.0,705.0,705.0,0,0.0,0.0,MEDIUM
CVE-2020-10196,vulnerability,CWE-79,6.1,2.8,25.0,,,1,,,MEDIUM
CVE-2019-18578,versions,CWE-79,9.0,2.3,30.0,1444.0,1444.0,0,1.0,0.0,CRITICAL
CVE-2019-3770,versions,CWE-79,6.4,3.1,31.0,1444.0,1444.0,0,1.0,0.0,MEDIUM
CVE-2020-10242,issue,CWE-79,6.1,2.8,61.0,702.0,702.0,0,0.0,0.0,MEDIUM
CVE-2019-10178,was,CWE-79,4.6,2.1,9.0,220.0,220.0,0,0.0,0.0,MEDIUM
CVE-2019-16375,issue,CWE-79,5.4,2.3,62.0,699.0,699.0,0,0.0,0.0,MEDIUM
CVE-2020-5267,before,CWE-80,4.0,1.0,38.0,1363.0,1363.0,1,0.0,0.0,MEDIUM
CVE-2019-10179,vulnerability,CWE-79,4.3,2.8,26.0,,,0,,,MEDIUM
CVE-2020-1696,flaw,CWE-79,4.6,2.1,6.0,,,0,,,MEDIUM
CVE-2019-4718,for,CWE-79,5.4,2.3,4.0,,,0,,,MEDIUM
CVE-2019-4681,through,CWE-79,6.1,2.8,42.0,,,0,,,MEDIUM
CVE-2020-9520,stored,CWE-79,5.4,2.3,45.0,,,0,,,MEDIUM
CVE-2020-6808,evaluated,CWE-290,6.5,2.8,1.0,,,0,,,MEDIUM
CVE-2020-10969,before,CWE-502,8.8,2.8,40.0,1356.0,1356.0,0,0.0,0.0,HIGH
CVE-2020-5339,versions,CWE-79,4.8,1.7,30.0,1431.0,1431.0,0,1.0,0.0,MEDIUM
CVE-2020-5340,versions,CWE-79,4.8,1.7,31.0,1431.0,1431.0,0,1.0,0.0,MEDIUM
CVE-2020-1771,able,CWE-79,4.6,2.1,1.0,804.0,804.0,0,0.0,0.0,MEDIUM
CVE-2020-9055,version,CWE-79,3.9,1.3,12.0,0.0,0.0,0,0.0,0.0,LOW
CVE-2020-4235,through,CWE-79,5.4,2.3,43.0,,,0,,,MEDIUM
CVE-2019-10180,vulnerability,CWE-79,2.4,0.9,25.0,,,0,,,LOW
CVE-2020-3884,injection,CWE-20,6.1,2.8,3.0,,,0,,,MEDIUM
CVE-2020-10199,before,CWE-917,8.8,2.8,40.0,1350.0,1350.0,1,0.0,0.0,HIGH
CVE-2019-17564,deserialization,CWE-502,9.8,3.9,1.0,,,0,,,CRITICAL
CVE-2020-4303,through,CWE-79,6.1,2.8,42.0,,,0,,,MEDIUM
CVE-2020-4304,through,CWE-79,6.1,2.8,43.0,,,0,,,MEDIUM
CVE-2020-4325,and,CWE-404,6.5,2.8,61.0,,,0,,,MEDIUM
CVE-2019-20635,before,CWE-470,6.1,2.8,41.0,1349.0,1349.0,0,0.0,0.0,MEDIUM
CVE-2019-19003,versions,CWE-16,5.3,3.9,31.0,1424.0,1424.0,0,1.0,0.0,MEDIUM
CVE-2019-19089,versions,CWE-16,6.1,2.8,32.0,1424.0,1424.0,0,1.0,0.0,MEDIUM
CVE-2020-11512,the,CWE-79,5.4,2.3,65.0,0.0,0.0,1,0.0,0.0,MEDIUM
CVE-2020-11516,the,CWE-79,5.4,2.3,66.0,0.0,0.0,1,0.0,0.0,MEDIUM
CVE-2020-11508,vulnerability,CWE-79,5.4,2.3,26.0,,,1,,,MEDIUM
CVE-2020-11509,vulnerability,CWE-79,6.1,2.8,27.0,,,1,,,MEDIUM
CVE-2019-4602,and,CWE-79,5.4,2.3,61.0,,,0,,,MEDIUM
CVE-2019-4737,and,CWE-79,5.4,2.3,62.0,,,0,,,MEDIUM
CVE-2019-4740,and,CWE-79,5.4,2.3,63.0,,,0,,,MEDIUM
CVE-2019-4746,and,CWE-79,5.4,2.3,64.0,,,0,,,MEDIUM
CVE-2020-4252,and,CWE-79,5.4,2.3,65.0,,,0,,,MEDIUM
CVE-2020-11002,before,CWE-74,8.0,1.3,42.0,1341.0,1341.0,1,0.0,0.0,HIGH
CVE-2020-9056,version,CWE-79,3.9,1.3,13.0,0.0,0.0,0,0.0,0.0,LOW
CVE-2020-11731,plugin,CWE-79,6.1,2.8,13.0,,,0,,,MEDIUM
CVE-2020-9004,remote,CWE-306,8.8,2.8,3.0,,,1,,,HIGH
CVE-2020-6224,versions,CWE-532,6.2,1.7,30.0,1412.0,1412.0,0,1.0,0.0,MEDIUM
CVE-2020-7574,vulnerability,CWE-79,6.1,2.8,27.0,,,0,,,MEDIUM
CVE-2020-7575,vulnerability,CWE-80,6.1,2.8,28.0,,,0,,,MEDIUM
CVE-2020-2735,the,NVD-CWE-noinfo,8.0,1.3,66.0,0.0,0.0,0,0.0,0.0,HIGH
CVE-2020-2754,the,NVD-CWE-noinfo,3.7,2.2,67.0,0.0,0.0,0,0.0,0.0,LOW
CVE-2020-2755,the,NVD-CWE-noinfo,3.7,2.2,68.0,0.0,0.0,0,0.0,0.0,LOW
CVE-2020-2756,the,CWE-502,3.7,2.2,69.0,0.0,0.0,0,0.0,0.0,LOW
CVE-2020-2757,the,CWE-502,3.7,2.2,70.0,0.0,0.0,0,0.0,0.0,LOW
CVE-2020-2764,the,NVD-CWE-noinfo,3.7,2.2,71.0,0.0,0.0,0,0.0,0.0,LOW
CVE-2020-2767,the,NVD-CWE-noinfo,4.8,2.2,72.0,0.0,0.0,0,0.0,0.0,MEDIUM
CVE-2020-2773,the,NVD-CWE-noinfo,3.7,2.2,73.0,0.0,0.0,0,0.0,0.0,LOW
CVE-2020-2778,the,NVD-CWE-noinfo,3.7,2.2,74.0,0.0,0.0,0,0.0,0.0,LOW
CVE-2020-2781,the,NVD-CWE-noinfo,5.3,3.9,75.0,0.0,0.0,0,0.0,0.0,MEDIUM
CVE-2020-2800,the,NVD-CWE-noinfo,4.8,2.2,76.0,0.0,0.0,0,0.0,0.0,MEDIUM
CVE-2020-2803,the,NVD-CWE-noinfo,8.3,1.6,77.0,0.0,0.0,0,0.0,0.0,HIGH
CVE-2020-2805,the,NVD-CWE-noinfo,8.3,1.6,78.0,0.0,0.0,0,0.0,0.0,HIGH
CVE-2020-2816,the,NVD-CWE-noinfo,7.5,3.9,79.0,0.0,0.0,0,0.0,0.0,HIGH
CVE-2020-2830,the,NVD-CWE-noinfo,5.3,3.9,80.0,0.0,0.0,0,0.0,0.0,MEDIUM
CVE-2020-1026,vulnerability,CWE-200,9.8,3.9,29.0,,,0,,,CRITICAL
CVE-2020-4268,vulnerable,CWE-79,5.4,2.3,29.0,,,0,,,MEDIUM
CVE-2020-5346,versions,CWE-79,4.8,1.7,31.0,1411.0,1411.0,0,1.0,0.0,MEDIUM
CVE-2019-4644,vulnerable,CWE-79,6.1,2.8,30.0,,,0,,,MEDIUM
CVE-2019-4749,vulnerable,CWE-79,5.4,2.3,31.0,,,0,,,MEDIUM
CVE-2020-11887,allows,CWE-79,6.1,2.8,12.0,0.0,0.0,1,0.0,0.0,MEDIUM
CVE-2020-7642,lazysizes,CWE-79,5.4,2.3,1.0,,,1,,,MEDIUM
CVE-2020-7643,through,CWE-1321,5.3,3.9,46.0,,,1,,,MEDIUM
CVE-2020-12137,before,CWE-79,6.1,2.8,40.0,1327.0,1327.0,0,0.0,0.0,MEDIUM
CVE-2020-12133,and,CWE-502,9.8,3.9,57.0,,,1,,,CRITICAL
CVE-2020-10944,and,CWE-79,5.4,2.3,58.0,,,0,,,MEDIUM
CVE-2020-1745,file,CWE-285,8.6,3.9,2.0,0.0,0.0,0,0.0,0.0,HIGH
CVE-2020-12438,vulnerability,CWE-79,5.4,2.3,27.0,,,1,,,MEDIUM
CVE-2020-11025,affected,CWE-79,5.8,1.3,13.0,2162.0,2162.0,0,0.0,1.25,MEDIUM
CVE-2020-12625,issue,CWE-79,6.1,2.8,59.0,654.0,654.0,1,0.0,0.0,MEDIUM
CVE-2019-17557,was,CWE-79,5.4,2.3,6.0,173.0,173.0,0,0.0,0.0,MEDIUM
CVE-2020-1959,was,CWE-917,9.8,3.9,7.0,173.0,173.0,0,0.0,0.0,CRITICAL
CVE-2020-5334,versions,CWE-79,8.2,2.3,30.0,1392.0,1392.0,0,1.0,0.0,HIGH
CVE-2020-5336,versions,CWE-79,4.6,2.1,31.0,1392.0,1392.0,0,1.0,0.0,MEDIUM
CVE-2020-11737,scripting,CWE-79,6.1,2.8,18.0,,,0,,,MEDIUM
CVE-2020-4384,and,CWE-79,5.4,2.3,58.0,,,0,,,MEDIUM
CVE-2020-12679,reflected,CWE-79,6.1,2.8,13.0,,,0,,,MEDIUM
CVE-2020-12707,vulnerability,CWE-79,6.1,2.8,27.0,,,0,,,MEDIUM
CVE-2020-11050,less,CWE-297,9.0,2.2,1.0,254.0,254.0,0,0.0,0.0,CRITICAL
CVE-2020-11055,greater,CWE-79,6.3,2.8,1.0,,,0,,,MEDIUM
CVE-2020-12760,issue,CWE-502,8.8,2.8,59.0,646.0,646.0,0,0.0,0.0,HIGH
CVE-2019-16112,deserializes,CWE-502,8.8,2.8,1.0,,,1,,,HIGH
CVE-2020-1714,flaw,CWE-20,8.8,2.8,6.0,,,0,,,HIGH
CVE-2020-2017,exists,CWE-79,8.8,2.8,4.0,,,0,,,HIGH
CVE-2020-11069,through,CWE-346,8.0,2.1,46.0,,,0,,,HIGH
CVE-2020-1945,and,CWE-668,6.3,1.0,57.0,,,0,,,MEDIUM
CVE-2019-13022,has,CWE-327,9.8,3.9,7.0,0.0,0.0,1,0.0,0.0,CRITICAL
CVE-2020-11972,enables,CWE-502,9.8,3.9,1.0,,,0,,,CRITICAL
CVE-2020-11973,enables,CWE-502,9.8,3.9,2.0,,,0,,,CRITICAL
CVE-2020-12685,the,CWE-79,6.1,2.8,75.0,0.0,0.0,0,0.0,0.0,MEDIUM
CVE-2019-20389,issue,CWE-79,6.1,2.8,59.0,642.0,642.0,1,0.0,0.0,MEDIUM
CVE-2019-20801,issue,CWE-862,5.3,3.9,60.0,640.0,640.0,1,0.0,0.0,MEDIUM
CVE-2020-12259,vulnerable,CWE-79,5.4,2.3,32.0,,,0,,,MEDIUM
CVE-2020-12256,vulnerable,CWE-79,5.4,2.3,33.0,,,1,,,MEDIUM
CVE-2020-8035,image,CWE-79,6.1,2.8,1.0,161.0,161.0,0,3.0,0.0,MEDIUM
CVE-2020-13145,allows,CWE-79,5.4,2.3,14.0,0.0,0.0,1,0.0,0.0,MEDIUM
CVE-2020-4298,and,CWE-79,5.4,2.3,58.0,,,0,,,MEDIUM
CVE-2020-12835,issue,CWE-502,9.8,3.9,61.0,637.0,637.0,1,0.0,0.0,CRITICAL
CVE-2020-3280,vulnerability,CWE-20,9.8,3.9,27.0,,,0,,,CRITICAL
CVE-2020-13487,plugin,CWE-79,4.8,1.7,14.0,,,1,,,MEDIUM
CVE-2020-4358,through,CWE-79,5.4,2.3,46.0,,,0,,,MEDIUM
CVE-2020-13641,issue,CWE-352,8.8,2.8,59.0,629.0,629.0,1,0.0,0.0,HIGH
CVE-2020-13642,issue,CWE-352,8.8,2.8,60.0,629.0,629.0,1,0.0,0.0,HIGH
CVE-2020-13643,issue,CWE-352,8.8,2.8,61.0,629.0,629.0,1,0.0,0.0,HIGH
CVE-2020-13644,issue,CWE-79,5.4,2.3,62.0,629.0,629.0,1,0.0,0.0,MEDIUM
CVE-2020-4419,and,CWE-79,5.4,2.3,57.0,,,0,,,MEDIUM
CVE-2020-4306,through,CWE-79,5.4,2.3,45.0,,,0,,,MEDIUM
CVE-2020-4013,review,CWE-79,5.4,2.3,2.0,0.0,0.0,0,0.0,0.0,MEDIUM
CVE-2020-4021,versions,CWE-79,5.4,2.3,33.0,1365.0,1365.0,0,1.0,0.0,MEDIUM
CVE-2020-4023,review,CWE-79,5.4,2.8,3.0,0.0,0.0,0,0.0,0.0,MEDIUM
CVE-2020-4360,vulnerable,CWE-79,5.4,2.3,34.0,,,0,,,MEDIUM
CVE-2020-4366,vulnerable,CWE-79,6.1,2.8,35.0,,,0,,,MEDIUM
CVE-2020-4431,vulnerable,CWE-79,5.4,2.3,36.0,,,0,,,MEDIUM
CVE-2020-4503,vulnerable,CWE-79,6.1,2.8,37.0,,,0,,,MEDIUM
CVE-2020-4182,vulnerable,CWE-79,6.1,2.8,38.0,,,0,,,MEDIUM
CVE-2020-7011,versions,CWE-84,6.1,2.8,34.0,1362.0,1362.0,0,1.0,0.0,MEDIUM
CVE-2020-4183,vulnerable,CWE-79,6.1,2.8,39.0,,,0,,,MEDIUM
CVE-2020-13806,issue,CWE-416,7.5,3.9,62.0,622.0,622.0,0,0.0,0.0,HIGH
CVE-2019-20823,issue,CWE-120,7.5,3.9,63.0,622.0,622.0,0,0.0,0.0,HIGH
CVE-2019-20828,issue,CWE-120,7.5,3.9,64.0,622.0,622.0,0,0.0,0.0,HIGH
CVE-2020-12853,allows,CWE-79,6.1,2.8,15.0,0.0,0.0,1,0.0,0.0,MEDIUM
CVE-2020-11975,allows,NVD-CWE-noinfo,9.8,3.9,16.0,0.0,0.0,0,0.0,0.0,CRITICAL
CVE-2020-9040,before,CWE-295,7.5,3.9,42.0,1282.0,1282.0,0,0.0,0.0,HIGH
CVE-2020-4041,before,CWE-79,7.4,2.8,44.0,1282.0,1282.0,1,0.0,0.0,HIGH
CVE-2020-13973,before,CWE-79,6.1,2.8,45.0,1282.0,1282.0,1,0.0,0.0,MEDIUM
CVE-2020-9788,validation,CWE-20,7.8,1.8,3.0,792.0,792.0,0,0.0,0.0,HIGH
CVE-2020-6263,clients,CWE-306,9.8,3.9,1.0,2233.0,2233.0,0,1.0,0.33,CRITICAL
CVE-2020-13267,vulnerability,CWE-79,6.1,2.8,28.0,,,0,,,MEDIUM
CVE-2020-13269,vulnerability,CWE-79,6.1,2.8,29.0,,,0,,,MEDIUM
CVE-2020-13271,vulnerability,CWE-79,6.1,2.8,30.0,,,0,,,MEDIUM
CVE-2020-5592,scripting,CWE-79,6.1,2.8,11.0,,,0,,,MEDIUM
CVE-2020-4380,vulnerable,CWE-79,5.4,2.3,40.0,,,0,,,MEDIUM
CVE-2020-4251,through,CWE-79,5.4,2.3,45.0,,,0,,,MEDIUM
CVE-2020-9644,versions,CWE-79,5.4,2.3,34.0,1353.0,1353.0,0,1.0,0.0,MEDIUM
CVE-2020-9647,versions,CWE-79,6.1,2.8,35.0,1353.0,1353.0,0,1.0,0.0,MEDIUM
CVE-2020-9648,versions,CWE-79,6.1,2.8,36.0,1353.0,1353.0,0,1.0,0.0,MEDIUM
CVE-2020-9651,versions,CWE-79,6.1,2.8,37.0,1353.0,1353.0,0,1.0,0.0,MEDIUM
CVE-2020-4047,affected,CWE-80,6.8,2.3,14.0,2120.0,2120.0,0,0.0,1.25,MEDIUM
CVE-2020-4049,affected,CWE-80,2.4,0.9,15.0,2120.0,2120.0,0,0.0,1.25,LOW
CVE-2020-13651,issue,CWE-829,7.8,1.8,65.0,611.0,611.0,0,0.0,0.0,HIGH
CVE-2020-9296,uses,CWE-917,9.8,3.9,1.0,,,0,,,CRITICAL
CVE-2020-4052,before,CWE-79,6.3,2.8,46.0,1274.0,1274.0,0,0.0,0.0,MEDIUM
CVE-2020-14408,issue,CWE-79,6.1,2.8,66.0,609.0,609.0,1,0.0,0.0,MEDIUM
CVE-2020-4281,and,CWE-79,5.4,2.3,55.0,,,0,,,MEDIUM
CVE-2020-4295,and,CWE-79,5.4,2.3,56.0,,,0,,,MEDIUM
CVE-2020-4297,and,CWE-79,5.4,2.3,57.0,,,0,,,MEDIUM
CVE-2017-18871,issue,NVD-CWE-noinfo,7.5,3.9,66.0,607.0,607.0,0,0.0,0.0,HIGH
CVE-2020-14073,exists,CWE-79,5.4,2.3,5.0,,,1,,,MEDIUM
CVE-2020-15006,allows,CWE-79,5.4,2.3,17.0,0.0,0.0,1,0.0,0.0,MEDIUM
CVE-2020-4323,vulnerable,CWE-79,6.1,2.8,39.0,,,0,,,MEDIUM
CVE-2020-15016,vulnerable,CWE-79,6.1,2.8,40.0,,,0,,,MEDIUM
CVE-2020-15017,vulnerable,CWE-79,6.1,2.8,41.0,,,0,,,MEDIUM
CVE-2020-4223,and,CWE-79,5.4,2.3,62.0,,,0,,,MEDIUM
CVE-2019-20414,versions,CWE-79,5.4,2.3,36.0,1337.0,1337.0,0,1.0,0.0,MEDIUM
CVE-2020-4557,and,CWE-79,5.4,2.3,63.0,,,0,,,MEDIUM
CVE-2020-14071,issue,CWE-79,6.1,2.8,66.0,597.0,597.0,0,0.0,0.0,MEDIUM
CVE-2019-20416,versions,CWE-79,4.8,1.7,37.0,1336.0,1336.0,0,1.0,0.0,MEDIUM
CVE-2020-14164,editor,CWE-79,6.1,2.8,1.0,2138.0,2138.0,0,2.0,0.33,MEDIUM
CVE-2020-14166,resource,CWE-79,4.8,1.7,4.0,0.0,0.0,0,0.0,0.0,MEDIUM
CVE-2020-14169,quick,CWE-79,6.1,2.8,1.0,0.0,0.0,0,0.0,0.0,MEDIUM
CVE-2020-4022,attachment,CWE-79,6.1,2.8,1.0,,,0,,,MEDIUM
CVE-2020-4024,attachment,CWE-79,5.4,2.3,2.0,,,0,,,MEDIUM
CVE-2020-4025,attachment,CWE-79,4.8,1.7,3.0,,,0,,,MEDIUM
CVE-2020-3402,vulnerability,CWE-306,7.5,3.9,30.0,,,0,,,HIGH
CVE-2020-13653,vulnerability,CWE-79,6.1,2.8,31.0,,,0,,,MEDIUM
CVE-2020-14173,file,CWE-79,5.4,2.3,3.0,0.0,0.0,0,0.0,0.0,MEDIUM
CVE-2020-15562,issue,CWE-79,6.1,2.8,65.0,590.0,590.0,0,0.0,0.0,MEDIUM
CVE-2020-7690,affected,CWE-79,6.1,2.8,16.0,2096.0,2096.0,1,0.0,1.25,MEDIUM
CVE-2020-15036,vulnerable,CWE-79,5.4,2.3,41.0,,,1,,,MEDIUM
CVE-2020-15037,vulnerable,CWE-79,5.4,2.3,42.0,,,1,,,MEDIUM
CVE-2020-15028,vulnerable,CWE-79,5.4,2.3,43.0,,,0,,,MEDIUM
CVE-2020-15029,vulnerable,CWE-79,5.4,2.3,44.0,,,0,,,MEDIUM
CVE-2020-15030,vulnerable,CWE-79,5.4,2.3,45.0,,,0,,,MEDIUM
CVE-2020-15031,vulnerable,CWE-79,5.4,2.3,46.0,,,0,,,MEDIUM
CVE-2020-15032,vulnerable,CWE-79,5.4,2.3,47.0,,,0,,,MEDIUM
CVE-2020-15033,vulnerable,CWE-79,5.4,2.3,48.0,,,0,,,MEDIUM
CVE-2020-15034,vulnerable,CWE-79,5.4,2.3,49.0,,,0,,,MEDIUM
CVE-2020-15035,vulnerable,CWE-79,5.4,2.3,50.0,,,0,,,MEDIUM
CVE-2020-5604,prior,NVD-CWE-noinfo,8.1,2.2,6.0,795.0,795.0,0,2.0,0.0,HIGH
CVE-2020-12417,confusion,CWE-617,8.8,2.8,4.0,799.0,799.0,1,0.0,0.0,HIGH
CVE-2020-12418,individual,CWE-125,6.5,2.8,1.0,,,0,,,MEDIUM
CVE-2020-12422,configurations,CWE-787,8.8,2.8,1.0,,,0,,,HIGH
CVE-2020-15299,reflected,CWE-79,6.1,2.8,13.0,,,1,,,MEDIUM
CVE-2019-20900,versions,CWE-79,4.8,1.7,38.0,1323.0,1323.0,0,1.0,0.0,MEDIUM
CVE-2020-4364,and,CWE-79,5.4,2.3,63.0,,,0,,,MEDIUM
CVE-2020-4513,and,CWE-79,6.1,2.8,64.0,,,0,,,MEDIUM
CVE-2020-6282,versions,CWE-918,5.8,3.9,39.0,1321.0,1321.0,0,1.0,0.0,MEDIUM
CVE-2020-6285,for,NVD-CWE-noinfo,6.5,2.8,4.0,,,0,,,MEDIUM
CVE-2020-6286,insufficient,CWE-22,5.3,3.9,1.0,,,0,,,MEDIUM
CVE-2020-6287,versions,CWE-306,10.0,3.9,40.0,1321.0,1321.0,0,1.0,0.0,CRITICAL
CVE-2020-9297,all,CWE-917,9.8,3.9,1.0,,,0,,,CRITICAL
CVE-2020-14556,the,NVD-CWE-noinfo,4.8,2.2,75.0,0.0,0.0,0,0.0,0.0,MEDIUM
CVE-2020-14562,the,NVD-CWE-noinfo,5.3,3.9,76.0,0.0,0.0,0,0.0,0.0,MEDIUM
CVE-2020-14573,the,NVD-CWE-noinfo,3.7,2.2,77.0,0.0,0.0,0,0.0,0.0,LOW
CVE-2020-14577,the,NVD-CWE-noinfo,3.7,2.2,78.0,0.0,0.0,0,0.0,0.0,LOW
CVE-2020-14578,the,NVD-CWE-noinfo,3.7,2.2,79.0,0.0,0.0,0,0.0,0.0,LOW
CVE-2020-14579,the,NVD-CWE-noinfo,3.7,2.2,80.0,0.0,0.0,0,0.0,0.0,LOW
CVE-2020-14581,the,NVD-CWE-noinfo,3.7,2.2,81.0,0.0,0.0,0,0.0,0.0,LOW
CVE-2020-14583,the,NVD-CWE-noinfo,8.3,1.6,82.0,0.0,0.0,0,0.0,0.0,HIGH
CVE-2020-14593,the,NVD-CWE-noinfo,7.4,2.8,83.0,0.0,0.0,0,0.0,0.0,HIGH
CVE-2020-14621,the,NVD-CWE-noinfo,5.3,3.9,84.0,0.0,0.0,0,0.0,0.0,MEDIUM
CVE-2020-14664,the,NVD-CWE-noinfo,8.3,1.6,85.0,0.0,0.0,0,0.0,0.0,HIGH
CVE-2020-2968,the,NVD-CWE-noinfo,8.0,1.3,86.0,0.0,0.0,0,0.0,0.0,HIGH
CVE-2020-14066,allows,CWE-434,8.8,2.8,18.0,0.0,0.0,0,0.0,0.0,HIGH
CVE-2019-4747,vulnerable,CWE-79,5.4,2.3,51.0,,,0,,,MEDIUM
CVE-2019-4748,based,CWE-79,5.4,2.3,3.0,,,0,,,MEDIUM
CVE-2020-7680,docsify,CWE-79,6.1,2.8,1.0,,,1,,,MEDIUM
CVE-2020-12432,integration,CWE-79,6.1,2.8,1.0,0.0,0.0,1,0.0,0.0,MEDIUM
CVE-2020-14063,stored,CWE-79,6.1,2.8,40.0,,,1,,,MEDIUM
CVE-2020-4447,and,CWE-79,5.4,2.3,60.0,,,0,,,MEDIUM
CVE-2019-18834,the,CWE-79,6.1,2.8,75.0,0.0,0.0,1,0.0,0.0,MEDIUM
CVE-2020-14175,versions,CWE-79,5.4,2.3,41.0,1312.0,1312.0,0,1.0,0.0,MEDIUM
CVE-2020-14307,vulnerability,CWE-404,6.5,2.8,30.0,,,0,,,MEDIUM
CVE-2020-11110,through,CWE-79,5.4,2.3,40.0,,,0,,,MEDIUM
CVE-2020-4317,for,CWE-79,5.4,2.3,5.0,,,0,,,MEDIUM
CVE-2020-4318,for,CWE-79,5.4,2.3,6.0,,,0,,,MEDIUM
CVE-2020-13913,issue,CWE-79,6.1,2.8,56.0,568.0,568.0,0,0.0,0.0,MEDIUM
CVE-2020-13971,before,CWE-79,5.4,2.3,42.0,1232.0,1232.0,0,0.0,0.0,MEDIUM
CVE-2020-4645,through,CWE-79,5.4,2.3,41.0,,,0,,,MEDIUM
CVE-2020-5413,framework,CWE-502,9.8,3.9,1.0,,,0,,,CRITICAL
CVE-2020-4560,vulnerable,CWE-79,6.1,2.8,51.0,,,0,,,MEDIUM
CVE-2020-8574,for,NVD-CWE-noinfo,7.8,1.8,7.0,,,0,,,HIGH
CVE-2020-11583,reflected,CWE-79,6.1,2.8,12.0,,,0,,,MEDIUM
CVE-2020-11584,reflected,CWE-79,6.1,2.8,13.0,,,0,,,MEDIUM
CVE-2020-4396,and,CWE-79,5.4,2.3,59.0,,,0,,,MEDIUM
CVE-2020-4525,and,CWE-79,5.4,2.3,60.0,,,0,,,MEDIUM
CVE-2020-4542,and,CWE-79,5.4,2.3,61.0,,,0,,,MEDIUM
CVE-2020-15907,before,CWE-79,6.1,2.8,42.0,1222.0,1222.0,0,0.0,0.0,MEDIUM
CVE-2020-4533,and,CWE-79,6.1,2.8,62.0,,,0,,,MEDIUM
CVE-2020-4539,and,CWE-79,6.1,2.8,63.0,,,0,,,MEDIUM
CVE-2020-4541,and,CWE-79,6.1,2.8,64.0,,,0,,,MEDIUM
CVE-2020-15652,observing,CWE-346,6.5,2.8,1.0,2045.0,2045.0,0,0.0,0.08,MEDIUM
CVE-2020-15656,optimizations,CWE-843,8.8,2.8,1.0,,,0,,,HIGH
CVE-2020-13176,the,CWE-79,6.1,2.8,75.0,0.0,0.0,0,0.0,0.0,MEDIUM
CVE-2020-13278,vulnerability,CWE-79,6.1,2.8,30.0,,,1,,,MEDIUM
CVE-2020-6309,versions,CWE-306,7.5,3.9,42.0,1292.0,1292.0,0,1.0,0.0,HIGH
CVE-2020-15637,vulnerability,CWE-416,3.3,1.8,31.0,,,0,,,LOW
CVE-2019-20151,issue,CWE-79,6.1,2.8,51.0,545.0,545.0,1,0.0,0.0,MEDIUM
CVE-2019-20152,issue,CWE-79,6.1,2.8,52.0,545.0,545.0,1,0.0,0.0,MEDIUM
CVE-2020-10290,controller,CWE-250,6.8,0.9,1.0,125.0,125.0,0,0.0,0.0,MEDIUM
CVE-2020-15858,devices,CWE-22,6.2,0.7,2.0,,,0,,,MEDIUM
CVE-2020-19007,blog,CWE-79,5.4,2.3,1.0,0.0,0.0,1,0.0,0.0,MEDIUM
CVE-2020-13821,issue,CWE-79,5.4,2.3,54.0,539.0,539.0,0,0.0,0.0,MEDIUM
CVE-2019-4691,vulnerable,CWE-79,5.4,2.3,47.0,,,0,,,MEDIUM
CVE-2020-24897,and,CWE-79,8.9,2.3,65.0,,,0,,,HIGH
CVE-2020-24786,issue,CWE-287,9.8,3.9,55.0,534.0,534.0,0,0.0,0.0,CRITICAL
CVE-2020-23839,vulnerability,CWE-79,6.1,2.8,32.0,,,1,,,MEDIUM
CVE-2020-4445,based,CWE-79,5.4,2.3,4.0,,,0,,,MEDIUM
CVE-2020-4522,based,CWE-79,5.4,2.3,5.0,,,0,,,MEDIUM
CVE-2020-4546,based,CWE-79,5.4,2.3,6.0,,,0,,,MEDIUM
CVE-2020-12058,vulnerabilities,CWE-79,6.1,2.8,1.0,607.0,607.0,0,0.0,0.0,MEDIUM
CVE-2020-13972,allows,CWE-79,6.1,2.8,16.0,0.0,0.0,1,0.0,0.0,MEDIUM
CVE-2020-25102,the,CWE-79,6.1,2.8,75.0,0.0,0.0,1,0.0,0.0,MEDIUM
CVE-2020-1911,type,CWE-843,9.8,3.9,1.0,,,0,,,CRITICAL
CVE-2020-4702,vulnerable,CWE-79,5.4,2.3,48.0,,,0,,,MEDIUM
CVE-2020-4516,and,CWE-79,5.4,2.3,66.0,,,0,,,MEDIUM
CVE-2020-4698,and,CWE-79,5.4,2.3,67.0,,,0,,,MEDIUM
CVE-2020-6313,versions,CWE-79,6.5,2.8,41.0,1264.0,1264.0,0,1.0,0.0,MEDIUM
CVE-2020-6326,allows,CWE-79,5.4,2.3,17.0,0.0,0.0,0,0.0,0.0,MEDIUM
CVE-2020-2036,reflected,CWE-79,8.8,2.8,12.0,,,0,,,HIGH
CVE-2020-15788,vulnerability,CWE-80,6.1,2.8,33.0,,,0,,,MEDIUM
CVE-2020-1912,vulnerability,CWE-787,8.1,2.2,34.0,,,0,,,HIGH
CVE-2020-1913,signedness,CWE-195,8.1,2.2,1.0,,,0,,,HIGH
CVE-2020-4578,and,CWE-79,5.4,2.3,67.0,,,0,,,MEDIUM
CVE-2020-9733,java,CWE-200,7.5,3.9,1.0,,,0,,,HIGH
CVE-2020-11998,regression,NVD-CWE-noinfo,9.8,3.9,1.0,1494.0,1494.0,0,0.0,0.0,CRITICAL
CVE-2020-15171,before,CWE-94,6.6,0.7,43.0,1188.0,1188.0,0,0.0,0.0,MEDIUM
CVE-2020-24164,deserialization,CWE-502,7.8,1.8,2.0,,,0,,,HIGH
CVE-2020-0922,remote,NVD-CWE-noinfo,8.8,2.8,5.0,,,0,,,HIGH
CVE-2020-16873,spoofing,CWE-1188,4.7,2.8,1.0,,,0,,,MEDIUM
CVE-2020-21731,affected,CWE-79,6.1,2.8,8.0,2026.0,2026.0,0,0.0,1.25,MEDIUM
CVE-2020-21732,app,CWE-79,6.1,2.8,1.0,0.0,0.0,0,0.0,0.0,MEDIUM
CVE-2020-22158,devices,CWE-79,6.1,2.8,3.0,,,0,,,MEDIUM
CVE-2020-25380,affected,CWE-79,5.4,2.3,9.0,2026.0,2026.0,1,0.0,1.25,MEDIUM
CVE-2019-14756,issue,CWE-79,6.1,2.8,53.0,520.0,520.0,1,0.0,0.0,MEDIUM
CVE-2019-14757,issue,CWE-79,6.1,2.8,54.0,520.0,520.0,0,0.0,0.0,MEDIUM
CVE-2019-14758,issue,CWE-79,6.1,2.8,55.0,520.0,520.0,0,0.0,0.0,MEDIUM
CVE-2019-14759,issue,CWE-79,4.4,1.8,56.0,520.0,520.0,0,0.0,0.0,MEDIUM
CVE-2019-14760,issue,CWE-79,4.4,1.8,57.0,520.0,520.0,0,0.0,0.0,MEDIUM
CVE-2019-14761,issue,CWE-79,4.4,1.8,58.0,520.0,520.0,0,0.0,0.0,MEDIUM
CVE-2020-10227,scripting,CWE-79,6.1,2.8,8.0,,,1,,,MEDIUM
CVE-2020-4521,and,CWE-502,8.8,2.8,67.0,,,0,,,HIGH
CVE-2020-4530,and,CWE-79,5.4,2.3,68.0,,,0,,,MEDIUM
CVE-2020-8339,scripting,CWE-522,4.3,2.8,9.0,,,0,,,MEDIUM
CVE-2020-8340,scripting,CWE-79,6.3,2.8,10.0,,,0,,,MEDIUM
CVE-2020-15178,contactform,CWE-79,8.0,1.6,1.0,,,0,,,HIGH
CVE-2020-15179,extension,CWE-79,8.0,1.3,2.0,0.0,0.0,0,0.0,0.0,HIGH
CVE-2020-14519,vulnerability,CWE-346,7.5,3.9,35.0,,,0,,,HIGH
CVE-2020-13260,vulnerability,CWE-79,6.1,2.8,36.0,,,1,,,MEDIUM
CVE-2020-0293,network,CWE-862,5.5,1.8,1.0,0.0,0.0,1,0.0,0.0,MEDIUM
CVE-2020-25789,issue,CWE-79,6.1,2.8,58.0,515.0,515.0,0,0.0,0.0,MEDIUM
CVE-2020-4731,vulnerable,CWE-79,6.1,2.8,49.0,,,0,,,MEDIUM
CVE-2020-4615,vulnerable,CWE-79,5.4,2.3,50.0,,,0,,,MEDIUM
CVE-2020-16240,and,CWE-639,5.3,3.9,68.0,,,0,,,MEDIUM
CVE-2020-5781,the,CWE-79,4.3,2.8,74.0,0.0,0.0,1,0.0,0.0,MEDIUM
CVE-2020-15161,from,CWE-79,5.4,2.2,1.0,,,0,,,MEDIUM
CVE-2020-15162,from,CWE-79,5.4,2.2,2.0,,,1,,,MEDIUM
CVE-2020-25131,issue,CWE-79,6.1,2.8,58.0,509.0,509.0,1,0.0,0.0,MEDIUM
CVE-2020-25135,issue,CWE-79,6.1,2.8,59.0,509.0,509.0,1,0.0,0.0,MEDIUM
CVE-2020-25137,issue,CWE-79,6.1,2.8,60.0,509.0,509.0,1,0.0,0.0,MEDIUM
CVE-2020-25138,issue,CWE-79,6.1,2.8,61.0,509.0,509.0,1,0.0,0.0,MEDIUM
CVE-2020-25139,issue,CWE-79,6.1,2.8,62.0,509.0,509.0,1,0.0,0.0,MEDIUM
CVE-2020-25140,issue,CWE-79,6.1,2.8,63.0,509.0,509.0,0,0.0,0.0,MEDIUM
CVE-2020-25141,issue,CWE-79,6.1,2.8,64.0,509.0,509.0,1,0.0,0.0,MEDIUM
CVE-2020-25146,issue,CWE-79,6.1,2.8,65.0,509.0,509.0,1,0.0,0.0,MEDIUM
CVE-2020-25148,issue,CWE-79,6.1,2.8,66.0,509.0,509.0,1,0.0,0.0,MEDIUM
CVE-2019-20920,before,CWE-94,8.1,2.2,45.0,1168.0,1168.0,1,0.0,0.0,HIGH
CVE-2019-20921,before,CWE-79,6.1,2.8,46.0,1168.0,1168.0,0,0.0,0.0,MEDIUM
CVE-2020-25761,allows,CWE-79,6.1,2.8,18.0,0.0,0.0,1,0.0,0.0,MEDIUM
CVE-2020-25288,issue,CWE-79,4.8,1.7,66.0,504.0,504.0,1,0.0,0.0,MEDIUM
CVE-2020-25830,issue,CWE-79,4.8,1.7,67.0,504.0,504.0,1,0.0,0.0,MEDIUM
CVE-2019-20903,hyperlinks,CWE-79,5.4,2.3,1.0,,,0,,,MEDIUM
CVE-2019-19393,application,CWE-79,6.1,2.8,1.0,0.0,0.0,0,0.0,0.0,MEDIUM
CVE-2020-15676,sometimes,CWE-79,6.1,2.8,1.0,0.0,0.0,0,0.0,0.0,MEDIUM
CVE-2020-26534,issue,CWE-416,9.8,3.9,68.0,502.0,502.0,0,0.0,0.0,CRITICAL
CVE-2020-26574,affected,CWE-79,9.6,2.8,10.0,2004.0,2004.0,1,0.0,1.25,CRITICAL
CVE-2020-7741,affects,CWE-79,9.9,3.9,1.0,,,0,,,CRITICAL
CVE-2019-4725,vulnerable,CWE-79,6.1,2.8,47.0,,,0,,,MEDIUM
CVE-2020-15177,before,CWE-79,8.0,1.6,47.0,1161.0,1161.0,0,0.0,0.0,HIGH
CVE-2020-24301,the,CWE-79,6.1,2.8,76.0,0.0,0.0,1,0.0,0.0,MEDIUM
CVE-2020-4280,and,CWE-502,8.8,2.8,64.0,,,1,,,HIGH
CVE-2020-1914,logic,CWE-670,9.8,3.9,1.0,0.0,0.0,0,0.0,0.0,CRITICAL
CVE-2020-14184,versions,CWE-79,5.4,2.3,41.0,1232.0,1232.0,0,1.0,0.0,MEDIUM
CVE-2020-5142,stored,CWE-79,6.1,2.8,20.0,,,0,,,MEDIUM
CVE-2020-4781,improper,CWE-20,6.5,2.8,2.0,,,0,,,MEDIUM
CVE-2020-4679,vulnerable,CWE-79,4.8,1.7,48.0,,,0,,,MEDIUM
CVE-2020-4680,vulnerable,CWE-79,5.4,2.3,49.0,,,0,,,MEDIUM
CVE-2020-4681,vulnerable,CWE-79,5.4,2.3,50.0,,,0,,,MEDIUM
CVE-2020-4741,and,CWE-79,5.4,2.3,65.0,,,0,,,MEDIUM
CVE-2020-12670,exists,CWE-79,6.1,2.8,5.0,,,0,,,MEDIUM
CVE-2020-8821,exists,CWE-79,5.4,2.3,6.0,,,0,,,MEDIUM
CVE-2020-15250,from,CWE-200,4.4,0.8,3.0,,,1,,,MEDIUM
CVE-2020-6319,versions,CWE-79,6.1,2.8,42.0,1229.0,1229.0,0,1.0,0.0,MEDIUM
CVE-2020-6365,versions,CWE-601,6.1,2.8,43.0,1229.0,1229.0,0,1.0,0.0,MEDIUM
CVE-2020-26583,issue,CWE-434,6.1,2.8,69.0,488.0,488.0,0,0.0,0.0,MEDIUM
CVE-2020-26584,issue,CWE-79,6.1,2.8,70.0,488.0,488.0,0,0.0,0.0,MEDIUM
CVE-2020-16270,under,CWE-79,6.1,2.8,1.0,0.0,0.0,0,0.0,0.0,MEDIUM
CVE-2020-24408,versions,CWE-79,6.1,2.8,44.0,1227.0,1227.0,0,1.0,0.0,MEDIUM
CVE-2020-15252,before,CWE-94,8.5,1.8,47.0,1152.0,1152.0,1,0.0,0.0,HIGH
CVE-2020-15910,version,CWE-732,4.7,2.8,6.0,0.0,0.0,0,0.0,0.0,MEDIUM
CVE-2020-8929,invalid,CWE-176,5.3,3.9,1.0,454.0,454.0,0,0.0,0.0,MEDIUM
CVE-2019-13633,vulnerable,CWE-79,6.1,2.8,51.0,,,1,,,MEDIUM
CVE-2020-9092,versions,CWE-79,4.6,0.9,45.0,1224.0,1224.0,0,1.0,0.0,MEDIUM
CVE-2020-7747,affects,CWE-79,6.3,2.1,2.0,,,1,,,MEDIUM
CVE-2020-16246,affected,CWE-79,6.1,2.8,11.0,1990.0,1990.0,0,0.0,1.25,MEDIUM
CVE-2020-4564,through,CWE-79,5.4,2.3,36.0,,,0,,,MEDIUM
CVE-2020-4748,through,CWE-79,6.1,2.8,37.0,,,0,,,MEDIUM
CVE-2020-4755,through,CWE-79,5.4,2.3,38.0,,,0,,,MEDIUM
CVE-2020-24416,plugin,CWE-79,6.1,2.8,11.0,,,0,,,MEDIUM
CVE-2020-14743,the,NVD-CWE-noinfo,3.1,1.6,56.0,0.0,0.0,0,0.0,0.0,LOW
CVE-2020-14779,the,NVD-CWE-noinfo,3.7,2.2,57.0,0.0,0.0,0,0.0,0.0,LOW
CVE-2020-14781,the,NVD-CWE-noinfo,3.7,2.2,58.0,0.0,0.0,0,0.0,0.0,LOW
CVE-2020-14782,the,NVD-CWE-noinfo,3.7,2.2,59.0,0.0,0.0,0,0.0,0.0,LOW
CVE-2020-14792,the,NVD-CWE-noinfo,4.2,1.6,60.0,0.0,0.0,0,0.0,0.0,MEDIUM
CVE-2020-14796,the,NVD-CWE-noinfo,3.1,1.6,61.0,0.0,0.0,0,0.0,0.0,LOW
CVE-2020-14797,the,NVD-CWE-noinfo,3.7,2.2,62.0,0.0,0.0,0,0.0,0.0,LOW
CVE-2020-14798,the,NVD-CWE-noinfo,3.1,1.6,63.0,0.0,0.0,0,0.0,0.0,LOW
CVE-2020-14803,the,NVD-CWE-noinfo,5.3,3.9,64.0,0.0,0.0,0,0.0,0.0,MEDIUM
CVE-2020-7752,affects,CWE-78,8.8,2.8,3.0,,,1,,,HIGH
CVE-2020-1915,read,CWE-125,7.5,3.9,1.0,62.0,62.0,0,0.0,0.0,HIGH
CVE-2020-27181,hardcoded,CWE-798,6.5,3.9,1.0,1692.0,1692.0,0,1.0,0.0,MEDIUM
CVE-2020-27182,scripting,CWE-79,6.1,2.8,11.0,,,0,,,MEDIUM
CVE-2020-9860,custom,NVD-CWE-Other,5.4,2.8,1.0,0.0,0.0,0,0.0,0.0,MEDIUM
CVE-2020-27978,before,CWE-770,7.5,3.9,48.0,1140.0,1140.0,0,0.0,0.0,HIGH
CVE-2020-5932,scripting,CWE-79,4.8,1.7,12.0,,,0,,,MEDIUM
CVE-2020-15273,before,CWE-79,7.3,1.0,48.0,1138.0,1138.0,0,0.0,0.0,HIGH
CVE-2020-15276,before,CWE-79,7.7,1.3,49.0,1138.0,1138.0,0,0.0,0.0,HIGH
CVE-2020-15914,scripting,CWE-79,5.4,2.3,13.0,,,0,,,MEDIUM
CVE-2020-27359,scripting,CWE-79,5.4,2.3,14.0,,,0,,,MEDIUM
CVE-2020-26210,before,CWE-79,7.7,1.3,50.0,1134.0,1134.0,1,0.0,0.0,HIGH
CVE-2020-26211,before,CWE-79,7.7,1.3,51.0,1134.0,1134.0,0,0.0,0.0,HIGH
CVE-2020-26505,vulnerability,CWE-79,6.1,2.8,33.0,,,1,,,MEDIUM
CVE-2020-24430,versions,CWE-416,7.8,1.8,46.0,1207.0,1207.0,0,1.0,0.0,HIGH
CVE-2020-24432,versions,CWE-20,6.7,0.8,47.0,1207.0,1207.0,0,1.0,0.0,MEDIUM
CVE-2020-4704,vulnerable,CWE-79,5.4,2.3,48.0,,,0,,,MEDIUM
CVE-2020-4760,vulnerable,CWE-79,5.4,2.3,49.0,,,0,,,MEDIUM
CVE-2020-26820,versions,CWE-434,7.2,1.2,48.0,1202.0,1202.0,0,1.0,0.0,HIGH
CVE-2020-15275,wiki,CWE-79,8.7,2.3,1.0,2088.0,2088.0,1,6.0,0.5,HIGH
CVE-2020-26221,before,CWE-79,8.0,1.6,53.0,1126.0,1126.0,0,0.0,0.0,HIGH
CVE-2020-13954,default,CWE-79,6.1,2.8,2.0,,,0,,,MEDIUM
CVE-2020-24442,version,CWE-79,6.1,2.8,7.0,0.0,0.0,0,0.0,0.0,MEDIUM
CVE-2020-24443,version,CWE-79,6.1,2.8,8.0,0.0,0.0,0,0.0,0.0,MEDIUM
CVE-2020-7773,affects,CWE-79,6.5,2.8,5.0,,,1,,,MEDIUM
CVE-2020-4672,vulnerable,CWE-79,5.4,2.3,50.0,,,0,,,MEDIUM
CVE-2020-4705,through,CWE-79,4.8,1.7,40.0,,,0,,,MEDIUM
CVE-2020-27131,vulnerabilities,CWE-20,8.1,2.2,2.0,533.0,533.0,0,0.0,0.0,HIGH
CVE-2020-28687,edit,CWE-434,8.8,2.8,1.0,0.0,0.0,1,0.0,0.0,HIGH
CVE-2020-28688,add,CWE-434,8.8,2.8,1.0,,,1,,,HIGH
CVE-2020-25798,stored,CWE-79,5.4,2.3,9.0,,,1,,,MEDIUM
CVE-2020-28129,scripting,CWE-79,6.1,2.8,14.0,,,1,,,MEDIUM
CVE-2020-26884,through,CWE-74,6.1,2.8,41.0,,,0,,,MEDIUM
CVE-2020-4718,and,CWE-79,5.4,2.3,63.0,,,0,,,MEDIUM
CVE-2020-25702,was,CWE-79,6.1,2.8,7.0,0.0,0.0,0,0.0,0.0,MEDIUM
CVE-2020-28210,vulnerability,CWE-79,6.1,2.8,34.0,,,0,,,MEDIUM
CVE-2019-20923,user,CWE-749,6.5,2.8,1.0,,,0,,,MEDIUM
CVE-2020-7777,affects,NVD-CWE-noinfo,7.2,1.2,6.0,,,1,,,HIGH
CVE-2020-15249,free,CWE-79,2.8,1.3,1.0,0.0,0.0,0,0.0,0.0,LOW
CVE-2020-26237,syntax,CWE-471,5.8,1.3,1.0,0.0,0.0,0,0.0,0.0,MEDIUM
CVE-2020-26238,library,CWE-74,7.9,1.5,2.0,2056.0,2056.0,1,7.0,5.83,HIGH
CVE-2017-15682,unauthenticated,CWE-79,6.1,2.8,1.0,,,0,,,MEDIUM
CVE-2020-13956,versions,NVD-CWE-noinfo,5.3,3.9,48.0,1180.0,1180.0,0,1.0,0.0,MEDIUM
CVE-2020-28923,issue,NVD-CWE-Other,2.7,1.2,68.0,440.0,440.0,0,0.0,0.0,LOW
CVE-2020-17521,provides,NVD-CWE-Other,5.5,1.8,1.0,338.0,338.0,0,0.0,0.0,MEDIUM
CVE-2020-25631,vulnerability,CWE-79,6.1,2.8,36.0,,,0,,,MEDIUM
CVE-2020-27822,flaw,CWE-401,5.9,2.2,6.0,,,0,,,MEDIUM
CVE-2020-17531,vulnerability,CWE-502,9.8,3.9,37.0,,,0,,,CRITICAL
CVE-2020-29539,issue,CWE-79,5.4,2.3,68.0,435.0,435.0,1,0.0,0.0,MEDIUM
CVE-2020-26234,before,CWE-346,4.8,1.2,51.0,1099.0,1099.0,0,0.0,0.0,MEDIUM
CVE-2020-26816,versions,CWE-312,4.5,0.9,49.0,1173.0,1173.0,0,1.0,0.0,MEDIUM
CVE-2020-26826,versions,CWE-434,6.5,2.8,50.0,1173.0,1173.0,0,1.0,0.0,MEDIUM
CVE-2020-26829,versions,CWE-306,10.0,3.9,51.0,1173.0,1173.0,0,1.0,0.0,CRITICAL
CVE-2020-26835,versions,CWE-79,6.1,2.8,52.0,1173.0,1173.0,0,1.0,0.0,MEDIUM
CVE-2020-16971,for,NVD-CWE-noinfo,7.4,2.2,7.0,,,0,,,HIGH
CVE-2020-17159,,NVD-CWE-noinfo,7.8,1.8,,,,0,,,HIGH
CVE-2020-24445,offering,CWE-79,9.0,2.3,1.0,,,0,,,CRITICAL
CVE-2020-8908,temp,CWE-378,3.3,1.8,1.0,0.0,0.0,1,1.0,0.0,LOW
CVE-2020-35395,the,CWE-79,6.1,2.8,61.0,0.0,0.0,1,0.0,0.0,MEDIUM
CVE-2020-35121,issue,NVD-CWE-noinfo,8.8,2.8,68.0,428.0,428.0,0,0.0,0.0,HIGH
CVE-2020-26258,library,CWE-918,6.3,1.8,3.0,2035.0,2035.0,1,7.0,5.83,MEDIUM
CVE-2020-26259,library,CWE-78,6.8,2.2,4.0,2035.0,2035.0,1,7.0,5.83,MEDIUM
CVE-2020-26198,versions,CWE-79,6.1,2.8,53.0,1166.0,1166.0,0,1.0,0.0,MEDIUM
CVE-2019-14478,has,CWE-79,5.4,2.3,2.0,0.0,0.0,1,0.0,0.0,MEDIUM
CVE-2020-28930,issue,CWE-79,5.4,2.3,69.0,427.0,427.0,1,0.0,0.0,MEDIUM
CVE-2020-4657,through,CWE-79,6.1,2.8,40.0,,,0,,,MEDIUM
CVE-2020-4658,through,CWE-79,6.1,2.8,41.0,,,0,,,MEDIUM
CVE-2020-4845,and,CWE-79,5.4,2.3,53.0,,,0,,,MEDIUM
CVE-2020-12517,versions,CWE-79,8.8,2.8,53.0,1165.0,1165.0,0,1.0,0.0,HIGH
CVE-2020-28052,issue,NVD-CWE-Other,8.1,2.2,69.0,426.0,426.0,1,0.0,0.0,HIGH
CVE-2020-26280,free,CWE-79,8.9,2.3,2.0,0.0,0.0,0,0.0,0.0,HIGH
CVE-2020-4757,and,CWE-79,6.4,3.1,52.0,,,1,,,MEDIUM
CVE-2020-4988,contains,NVD-CWE-noinfo,9.8,3.9,1.0,,,0,,,CRITICAL
CVE-2020-13557,use,CWE-416,8.8,2.8,1.0,0.0,0.0,1,0.0,0.0,HIGH
CVE-2020-13560,use,CWE-416,8.8,2.8,2.0,0.0,0.0,1,0.0,0.0,HIGH
CVE-2020-13570,vulnerability,CWE-416,8.8,2.8,38.0,,,1,,,HIGH
CVE-2020-13547,type,CWE-843,8.8,2.8,2.0,,,1,,,HIGH
CVE-2020-35650,scripting,CWE-79,6.1,2.8,14.0,,,0,,,MEDIUM
CVE-2020-35676,before,CWE-79,6.1,2.8,51.0,1084.0,1084.0,1,0.0,0.0,MEDIUM
CVE-2020-35659,query,CWE-79,6.1,2.8,1.0,0.0,0.0,0,0.0,0.0,MEDIUM
CVE-2020-26282,allows,CWE-74,10.0,3.9,16.0,0.0,0.0,1,0.0,0.0,CRITICAL
CVE-2020-35730,issue,CWE-79,6.1,2.8,70.0,415.0,415.0,0,0.0,0.0,MEDIUM
CVE-2020-26287,collaborative,CWE-79,8.7,2.3,1.0,657.0,657.0,1,0.0,0.0,HIGH
CVE-2020-29471,affected,CWE-79,4.8,1.7,12.0,1919.0,1919.0,1,0.0,1.25,MEDIUM
CVE-2020-5809,stored,CWE-79,5.4,2.3,9.0,,,1,,,MEDIUM
CVE-2020-26296,visualization,CWE-79,8.7,2.3,1.0,243.0,243.0,0,0.0,0.0,HIGH
CVE-2020-26291,javascript,CWE-20,6.5,2.8,1.0,1729.0,1729.0,0,3.0,0.67,MEDIUM
CVE-2020-35740,does,CWE-79,7.0,2.2,2.0,,,0,,,HIGH
CVE-2020-35741,does,CWE-79,7.0,2.2,3.0,,,0,,,HIGH
CVE-2020-25797,affected,CWE-79,5.4,2.3,13.0,1917.0,1917.0,1,0.0,1.25,MEDIUM
CVE-2020-25799,affected,CWE-79,5.4,2.3,14.0,1917.0,1917.0,1,0.0,1.25,MEDIUM
CVE-2020-35933,vulnerability,CWE-79,6.5,2.3,39.0,,,1,,,MEDIUM
CVE-2020-35936,vulnerabilities,CWE-79,7.5,1.6,3.0,488.0,488.0,1,0.0,0.0,HIGH
CVE-2020-35937,vulnerabilities,CWE-79,7.5,1.6,4.0,488.0,488.0,1,0.0,0.0,HIGH
CVE-2020-28464,affects,CWE-94,9.8,3.9,7.0,,,1,,,CRITICAL
CVE-2020-4909,vulnerable,CWE-79,4.8,1.7,47.0,,,0,,,MEDIUM
CVE-2020-4910,vulnerable,CWE-79,4.8,1.7,48.0,,,0,,,MEDIUM
CVE-2020-4916,vulnerable,CWE-79,4.8,1.7,49.0,,,0,,,MEDIUM
CVE-2020-26297,utility,CWE-79,8.2,2.8,1.0,0.0,0.0,0,0.0,0.0,HIGH
CVE-2020-29496,versions,CWE-79,4.8,1.7,53.0,1147.0,1147.0,0,1.0,0.0,MEDIUM
CVE-2020-29497,versions,CWE-79,5.4,2.3,54.0,1147.0,1147.0,0,1.0,0.0,MEDIUM
CVE-2020-35170,for,CWE-79,6.3,2.8,8.0,,,0,,,MEDIUM
CVE-2020-8160,contains,CWE-79,6.1,2.8,2.0,,,0,,,MEDIUM
CVE-2020-29041,misconfiguration,NVD-CWE-noinfo,5.3,3.9,1.0,,,1,,,MEDIUM
CVE-2020-8264,actionpack,CWE-79,6.1,2.8,1.0,690.0,690.0,1,3.0,0.0,MEDIUM
CVE-2021-3011,issue,CWE-670,4.2,0.5,71.0,405.0,405.0,1,0.0,0.0,MEDIUM
CVE-2020-4892,vulnerable,CWE-79,5.4,2.3,50.0,,,0,,,MEDIUM
CVE-2020-4895,and,CWE-79,5.4,2.3,52.0,,,0,,,MEDIUM
CVE-2020-4663,vulnerable,CWE-79,5.4,2.3,51.0,,,0,,,MEDIUM
CVE-2020-4664,vulnerable,CWE-79,5.4,2.3,52.0,,,0,,,MEDIUM
CVE-2020-4666,vulnerable,CWE-79,5.4,2.3,53.0,,,0,,,MEDIUM
CVE-2020-4691,are,CWE-79,5.4,2.3,1.0,572.0,572.0,0,0.0,0.0,MEDIUM
CVE-2020-4697,products,CWE-79,5.4,2.3,1.0,1454.0,1454.0,0,0.0,0.0,MEDIUM
CVE-2020-4733,products,CWE-79,5.4,2.3,2.0,1454.0,1454.0,0,0.0,0.0,MEDIUM
CVE-2020-23849,was,CWE-79,6.1,2.8,7.0,0.0,0.0,1,0.0,0.0,MEDIUM
CVE-2020-26118,through,CWE-502,8.8,2.8,39.0,,,0,,,HIGH
CVE-2020-17534,exists,CWE-362,7.0,1.0,7.0,,,0,,,HIGH
CVE-2020-4838,through,CWE-79,5.4,2.3,40.0,,,0,,,MEDIUM
CVE-2021-21447,platform,CWE-79,5.4,2.3,1.0,,,0,,,MEDIUM
CVE-2021-23933,through,CWE-79,6.1,2.8,40.0,,,0,,,MEDIUM
CVE-2021-23934,through,CWE-79,6.1,2.8,41.0,,,0,,,MEDIUM
CVE-2021-23935,through,CWE-79,6.1,2.8,42.0,,,0,,,MEDIUM
CVE-2020-35581,stored,CWE-79,5.4,2.3,10.0,,,1,,,MEDIUM
CVE-2020-35582,stored,CWE-79,5.4,2.3,11.0,,,1,,,MEDIUM
CVE-2020-24639,vulnerability,CWE-502,9.8,3.9,37.0,,,0,,,CRITICAL
CVE-2020-35128,before,CWE-79,9.0,2.3,46.0,1057.0,1057.0,1,0.0,0.0,CRITICAL
CVE-2020-35129,before,CWE-79,9.0,2.3,47.0,1057.0,1057.0,0,0.0,0.0,CRITICAL
CVE-2021-25325,has,CWE-79,6.1,2.8,3.0,0.0,0.0,0,0.0,0.0,MEDIUM
CVE-2020-28707,plugin,CWE-79,6.1,2.8,6.0,,,1,,,MEDIUM
CVE-2021-1993,the,NVD-CWE-noinfo,4.8,1.2,51.0,0.0,0.0,0,0.0,0.0,MEDIUM
CVE-2020-8570,client,CWE-23,9.1,3.9,1.0,,,0,,,CRITICAL
CVE-2021-22849,backend,CWE-79,4.6,2.1,1.0,0.0,0.0,0,0.0,0.0,MEDIUM
CVE-2021-21259,open,CWE-79,7.4,2.8,3.0,,,1,,,HIGH
CVE-2020-20269,specially,NVD-CWE-noinfo,9.8,3.9,1.0,,,0,,,CRITICAL
CVE-2020-21146,affected,CWE-79,6.1,2.8,15.0,1891.0,1891.0,1,0.0,1.25,MEDIUM
CVE-2020-21147,affected,CWE-79,4.8,1.7,16.0,1891.0,1891.0,1,0.0,1.25,MEDIUM
CVE-2020-24085,scripting,CWE-79,6.1,2.8,14.0,,,0,,,MEDIUM
CVE-2020-27735,issue,CWE-79,6.1,2.8,68.0,386.0,386.0,1,0.0,0.0,MEDIUM
CVE-2021-21283,open,CWE-79,5.4,2.3,4.0,,,0,,,MEDIUM
CVE-2020-23774,reflected,CWE-79,6.1,2.8,7.0,,,1,,,MEDIUM
CVE-2020-4820,for,CWE-79,6.1,2.8,8.0,,,0,,,MEDIUM
CVE-2020-4524,products,CWE-79,5.4,2.3,3.0,1435.0,1435.0,0,0.0,0.0,MEDIUM
CVE-2020-4855,products,CWE-79,5.4,2.3,4.0,1435.0,1435.0,0,0.0,0.0,MEDIUM
CVE-2020-4865,products,CWE-79,5.4,2.3,5.0,1435.0,1435.0,0,0.0,0.0,MEDIUM
CVE-2021-20357,products,CWE-79,5.4,2.3,6.0,1435.0,1435.0,0,0.0,0.0,MEDIUM
CVE-2020-35124,scripting,CWE-79,9.6,2.8,15.0,,,0,,,CRITICAL
CVE-2020-4888,and,CWE-502,8.8,2.8,52.0,,,0,,,HIGH
CVE-2020-26272,framework,CWE-668,5.4,2.2,2.0,,,0,,,MEDIUM
CVE-2021-3160,untrusted,CWE-502,9.8,3.9,1.0,0.0,0.0,0,0.0,0.0,CRITICAL
CVE-2020-29535,before,CWE-79,5.3,1.6,45.0,1048.0,1048.0,0,0.0,0.0,MEDIUM
CVE-2020-24664,dashboard,CWE-79,5.4,2.3,1.0,0.0,0.0,0,0.0,0.0,MEDIUM
CVE-2020-24666,through,CWE-79,5.4,2.3,42.0,,,0,,,MEDIUM
CVE-2020-24669,through,CWE-79,5.4,2.3,43.0,,,0,,,MEDIUM
CVE-2020-24670,through,CWE-79,5.4,2.3,44.0,,,0,,,MEDIUM
CVE-2021-25646,includes,NVD-CWE-noinfo,8.8,2.8,1.0,,,1,,,HIGH
CVE-2021-21277,nicest,CWE-74,8.5,3.1,1.0,,,0,,,HIGH
CVE-2020-13562,scripting,CWE-80,6.1,2.8,16.0,,,1,,,MEDIUM
CVE-2020-13563,scripting,CWE-80,6.1,2.8,17.0,,,1,,,MEDIUM
CVE-2020-13564,scripting,CWE-80,6.1,2.8,18.0,,,1,,,MEDIUM
CVE-2021-3283,and,NVD-CWE-noinfo,7.5,3.9,53.0,,,0,,,HIGH
CVE-2020-1896,stack,CWE-121,9.8,3.9,1.0,,,0,,,CRITICAL
CVE-2021-21292,open,CWE-428,5.5,1.0,5.0,,,0,,,MEDIUM
CVE-2021-3395,scripting,CWE-79,5.4,2.3,19.0,,,0,,,MEDIUM
CVE-2021-21043,version,CWE-79,6.1,2.8,7.0,0.0,0.0,0,0.0,0.0,MEDIUM
CVE-2020-29582,before,CWE-276,5.3,3.9,45.0,1042.0,1042.0,0,0.0,0.0,MEDIUM
CVE-2021-23331,affects,NVD-CWE-noinfo,4.4,1.8,8.0,,,0,,,MEDIUM
CVE-2020-4825,through,CWE-79,5.4,2.3,43.0,,,0,,,MEDIUM
CVE-2021-26710,scripting,CWE-79,6.1,2.8,20.0,,,1,,,MEDIUM
CVE-2021-26912,before,CWE-502,8.1,2.2,47.0,1037.0,1037.0,1,0.0,0.0,HIGH
CVE-2021-26913,before,CWE-502,8.1,2.2,48.0,1037.0,1037.0,1,0.0,0.0,HIGH
CVE-2021-26914,before,CWE-502,8.1,2.2,49.0,1037.0,1037.0,1,0.0,0.0,HIGH
CVE-2021-26915,before,CWE-502,8.1,2.2,50.0,1037.0,1037.0,1,0.0,0.0,HIGH
CVE-2020-22841,version,CWE-79,4.8,1.7,8.0,0.0,0.0,1,0.0,0.0,MEDIUM
CVE-2021-21479,before,CWE-74,9.1,3.9,51.0,1036.0,1036.0,0,0.0,0.0,CRITICAL
CVE-2020-35125,scripting,CWE-79,9.6,2.8,21.0,,,1,,,CRITICAL
CVE-2021-27139,issue,NVD-CWE-noinfo,7.5,3.9,69.0,371.0,371.0,1,0.0,0.0,HIGH
CVE-2020-24842,allows,CWE-79,6.1,2.8,14.0,0.0,0.0,0,0.0,0.0,MEDIUM
CVE-2020-4768,and,CWE-79,5.4,2.3,53.0,,,0,,,MEDIUM
CVE-2021-21307,dynamic,CWE-862,8.6,3.9,1.0,0.0,0.0,1,0.0,0.0,HIGH
CVE-2021-21023,versions,CWE-79,4.8,1.7,52.0,1109.0,1109.0,0,1.0,0.0,MEDIUM
CVE-2021-21029,versions,CWE-79,4.8,1.7,53.0,1109.0,1109.0,0,1.0,0.0,MEDIUM
CVE-2021-21030,versions,CWE-79,8.1,2.8,54.0,1109.0,1109.0,0,1.0,0.0,HIGH
CVE-2021-21051,versions,CWE-120,7.8,1.8,55.0,1109.0,1109.0,0,1.0,0.0,HIGH
CVE-2021-27190,was,CWE-79,5.4,2.3,8.0,0.0,0.0,1,0.0,0.0,MEDIUM
CVE-2021-22979,version,CWE-79,6.1,2.8,9.0,0.0,0.0,0,0.0,0.0,MEDIUM
CVE-2021-26929,issue,CWE-79,6.1,2.8,70.0,367.0,367.0,1,0.0,0.0,MEDIUM
CVE-2020-36234,versions,CWE-79,4.8,1.7,56.0,1106.0,1106.0,0,1.0,0.0,MEDIUM
CVE-2020-36236,versions,CWE-79,6.1,2.8,57.0,1106.0,1106.0,0,1.0,0.0,MEDIUM
CVE-2020-29025,vulnerability,CWE-79,5.4,2.8,38.0,,,0,,,MEDIUM
CVE-2021-21316,npm,CWE-74,6.3,1.8,8.0,0.0,0.0,0,0.0,0.0,MEDIUM
CVE-2020-4933,and,CWE-79,5.4,2.3,54.0,,,0,,,MEDIUM
CVE-2021-20444,for,CWE-79,6.1,2.8,9.0,,,0,,,MEDIUM
CVE-2021-20446,for,CWE-79,5.4,2.3,10.0,,,0,,,MEDIUM
CVE-2020-28491,affects,CWE-770,7.5,3.9,9.0,,,0,,,HIGH
CVE-2021-27335,before,CWE-502,9.8,3.9,53.0,1027.0,1027.0,1,0.0,0.0,CRITICAL
CVE-2021-3210,allows,CWE-79,9.6,2.8,14.0,0.0,0.0,1,0.0,0.0,CRITICAL
CVE-2021-23342,affects,CWE-79,8.6,3.9,10.0,,,1,,,HIGH
CVE-2020-12668,before,CWE-863,6.5,2.8,54.0,1026.0,1026.0,1,0.0,0.0,MEDIUM
CVE-2020-12873,issue,CWE-74,8.8,2.8,71.0,362.0,362.0,0,0.0,0.0,HIGH
CVE-2020-19762,and,CWE-79,6.1,2.8,54.0,,,1,,,MEDIUM
CVE-2021-3355,exists,CWE-79,5.4,2.3,7.0,,,1,,,MEDIUM
CVE-2021-27671,issue,CWE-79,6.1,2.8,72.0,357.0,357.0,0,0.0,0.0,MEDIUM
CVE-2021-20328,versions,CWE-295,6.4,1.2,59.0,1095.0,1095.0,0,1.0,0.0,MEDIUM
CVE-2021-23954,the,CWE-843,8.8,2.8,52.0,0.0,0.0,0,0.0,0.0,HIGH
CVE-2021-23960,garbage,NVD-CWE-noinfo,8.8,2.8,1.0,0.0,0.0,0,0.0,0.0,HIGH
CVE-2021-3010,are,CWE-79,5.4,2.3,2.0,523.0,523.0,1,0.0,0.0,MEDIUM
CVE-2021-21297,programming,CWE-915,7.7,3.1,1.0,,,0,,,HIGH
CVE-2021-27198,issue,CWE-434,9.8,3.9,73.0,355.0,355.0,0,0.0,0.0,CRITICAL
CVE-2021-21320,npm,CWE-345,2.6,1.2,9.0,0.0,0.0,0,0.0,0.0,LOW
CVE-2021-23347,package,CWE-79,4.7,1.2,5.0,0.0,0.0,0,0.0,0.0,MEDIUM
CVE-2021-21312,open,CWE-79,5.4,1.0,6.0,,,0,,,MEDIUM
CVE-2021-21331,client,CWE-378,3.0,1.3,2.0,,,0,,,LOW
CVE-2020-4856,products,CWE-79,5.4,2.3,7.0,1399.0,1399.0,0,0.0,0.0,MEDIUM
CVE-2020-4857,products,CWE-79,5.4,2.3,8.0,1399.0,1399.0,0,0.0,0.0,MEDIUM
CVE-2020-4863,products,CWE-79,5.4,2.3,9.0,1399.0,1399.0,0,0.0,0.0,MEDIUM
CVE-2020-4866,products,CWE-79,5.4,2.3,10.0,1399.0,1399.0,0,0.0,0.0,MEDIUM
CVE-2020-4975,products,CWE-79,5.4,2.3,11.0,1399.0,1399.0,0,0.0,0.0,MEDIUM
CVE-2021-20340,products,CWE-79,5.4,2.3,12.0,1399.0,1399.0,0,0.0,0.0,MEDIUM
CVE-2021-20350,products,CWE-79,5.4,2.3,13.0,1399.0,1399.0,0,0.0,0.0,MEDIUM
CVE-2021-20351,products,CWE-79,5.4,2.3,14.0,1399.0,1399.0,0,0.0,0.0,MEDIUM
CVE-2021-25313,vulnerability,CWE-79,7.1,2.8,38.0,,,0,,,HIGH
CVE-2021-27907,and,CWE-79,5.4,2.3,55.0,,,0,,,MEDIUM
CVE-2020-29028,vulnerability,CWE-79,6.3,2.8,39.0,,,0,,,MEDIUM
CVE-2020-29029,vulnerability,CWE-20,7.3,3.9,40.0,,,0,,,HIGH
CVE-2021-21369,compatible,CWE-400,6.5,2.8,1.0,,,0,,,MEDIUM
CVE-2020-13936,attacker,NVD-CWE-noinfo,8.8,2.8,1.0,,,0,,,HIGH
CVE-2020-13959,default,CWE-79,6.1,2.8,2.0,,,0,,,MEDIUM
CVE-2021-21491,based,CWE-601,6.1,2.8,5.0,,,0,,,MEDIUM
CVE-2021-20336,vulnerable,CWE-79,5.4,2.3,48.0,,,0,,,MEDIUM
CVE-2021-27084,,NVD-CWE-noinfo,7.8,1.8,,,,0,,,HIGH
CVE-2020-14988,issue,CWE-79,5.4,2.3,67.0,342.0,342.0,1,0.0,0.0,MEDIUM
CVE-2021-21366,xmldom,CWE-115,4.3,2.8,1.0,,,0,,,MEDIUM
CVE-2021-21079,version,CWE-79,6.1,2.8,9.0,0.0,0.0,0,0.0,0.0,MEDIUM
CVE-2021-21080,version,CWE-79,6.1,2.8,10.0,0.0,0.0,0,0.0,0.0,MEDIUM
CVE-2021-28161,versions,CWE-79,6.1,2.8,57.0,1080.0,1080.0,1,1.0,0.0,MEDIUM
CVE-2021-28162,versions,CWE-830,6.1,2.8,58.0,1080.0,1080.0,1,1.0,0.0,MEDIUM
CVE-2021-28417,scripting,CWE-79,4.8,1.7,20.0,,,1,,,MEDIUM
CVE-2021-28418,scripting,CWE-79,4.8,1.7,21.0,,,1,,,MEDIUM
CVE-2021-28420,scripting,CWE-79,4.8,1.7,22.0,,,1,,,MEDIUM
CVE-2021-24129,input,CWE-79,5.4,2.3,3.0,0.0,0.0,1,0.0,0.0,MEDIUM
CVE-2021-24134,input,CWE-79,4.8,1.7,4.0,0.0,0.0,1,0.0,0.0,MEDIUM
CVE-2021-24135,input,CWE-79,6.1,2.8,5.0,0.0,0.0,1,0.0,0.0,MEDIUM
CVE-2021-24136,input,CWE-79,5.4,2.3,6.0,0.0,0.0,1,0.0,0.0,MEDIUM
CVE-2021-21383,wiki,CWE-79,7.6,2.3,2.0,1961.0,1961.0,1,6.0,0.5,HIGH
CVE-2021-27436,and,CWE-79,6.1,2.8,53.0,,,0,,,MEDIUM
CVE-2021-21384,shescape,CWE-88,6.3,1.0,1.0,,,1,,,MEDIUM
CVE-2021-27519,scripting,CWE-79,6.1,2.8,23.0,,,1,,,MEDIUM
CVE-2021-27520,scripting,CWE-79,6.1,2.8,24.0,,,1,,,MEDIUM
CVE-2021-27308,scripting,CWE-79,4.8,1.7,25.0,,,1,,,MEDIUM
CVE-2021-28968,issue,CWE-79,5.4,2.3,65.0,331.0,331.0,0,0.0,0.0,MEDIUM
CVE-2021-21341,library,CWE-400,7.5,3.9,7.0,1938.0,1938.0,1,7.0,5.83,HIGH
CVE-2021-21342,library,CWE-502,5.3,1.6,8.0,1938.0,1938.0,1,7.0,5.83,MEDIUM
CVE-2021-21343,library,CWE-73,5.3,1.6,9.0,1938.0,1938.0,1,7.0,5.83,MEDIUM
CVE-2021-21344,library,CWE-434,5.3,1.6,10.0,1938.0,1938.0,1,7.0,5.83,MEDIUM
CVE-2021-21345,library,CWE-94,5.8,1.3,11.0,1938.0,1938.0,1,7.0,5.83,MEDIUM
CVE-2021-21346,library,CWE-434,6.1,1.6,12.0,1938.0,1938.0,1,7.0,5.83,MEDIUM
CVE-2021-21347,library,CWE-434,6.1,1.6,13.0,1938.0,1938.0,1,7.0,5.83,MEDIUM
CVE-2021-21348,library,CWE-400,5.3,1.6,14.0,1938.0,1938.0,0,7.0,5.83,MEDIUM
CVE-2021-21349,library,CWE-502,6.1,1.6,15.0,1938.0,1938.0,1,7.0,5.83,MEDIUM
CVE-2021-21350,library,CWE-434,5.3,1.6,16.0,1938.0,1938.0,1,7.0,5.83,MEDIUM
CVE-2021-21351,library,CWE-434,5.4,1.0,17.0,1938.0,1938.0,1,7.0,5.83,MEDIUM
CVE-2021-27526,scripting,CWE-79,4.8,1.7,26.0,,,1,,,MEDIUM
CVE-2021-27527,scripting,CWE-79,4.8,1.7,27.0,,,1,,,MEDIUM
CVE-2021-27528,scripting,CWE-79,4.8,1.7,28.0,,,1,,,MEDIUM
CVE-2021-27529,scripting,CWE-79,4.8,1.7,29.0,,,1,,,MEDIUM
CVE-2021-27530,scripting,CWE-79,4.8,1.7,30.0,,,1,,,MEDIUM
CVE-2021-27531,scripting,CWE-79,4.8,1.7,31.0,,,1,,,MEDIUM
CVE-2021-28818,and,NVD-CWE-noinfo,8.8,2.0,54.0,,,0,,,HIGH
CVE-2021-28820,and,CWE-427,8.8,2.0,55.0,,,0,,,HIGH
CVE-2021-29025,scripting,CWE-79,4.8,1.7,32.0,,,1,,,MEDIUM
CVE-2021-29026,scripting,CWE-79,4.8,1.7,33.0,,,1,,,MEDIUM
CVE-2021-29027,scripting,CWE-79,4.8,1.7,34.0,,,1,,,MEDIUM
CVE-2021-29028,scripting,CWE-79,4.8,1.7,35.0,,,1,,,MEDIUM
CVE-2021-29029,scripting,CWE-79,4.8,1.7,36.0,,,1,,,MEDIUM
CVE-2021-29030,scripting,CWE-79,4.8,1.7,37.0,,,1,,,MEDIUM
CVE-2021-29031,scripting,CWE-79,4.8,1.7,38.0,,,1,,,MEDIUM
CVE-2021-29032,scripting,CWE-79,4.8,1.7,39.0,,,1,,,MEDIUM
CVE-2021-29033,scripting,CWE-79,4.8,1.7,40.0,,,1,,,MEDIUM
CVE-2021-26715,server,CWE-918,9.1,3.9,1.0,,,1,,,CRITICAL
CVE-2021-26596,issue,CWE-79,5.4,2.3,66.0,328.0,328.0,1,0.0,0.0,MEDIUM
CVE-2021-22888,before,CWE-79,6.1,2.8,51.0,992.0,992.0,1,0.0,0.0,MEDIUM
CVE-2021-22889,before,CWE-79,6.1,2.8,52.0,992.0,992.0,1,0.0,0.0,MEDIUM
CVE-2021-29008,scripting,CWE-79,4.8,1.7,41.0,,,1,,,MEDIUM
CVE-2021-29009,scripting,CWE-79,4.8,1.7,42.0,,,1,,,MEDIUM
CVE-2021-29010,scripting,CWE-79,4.8,1.7,43.0,,,1,,,MEDIUM
CVE-2021-20681,neutralization,CWE-79,5.4,2.3,1.0,,,0,,,MEDIUM
CVE-2021-20683,neutralization,CWE-79,5.4,2.3,2.0,,,0,,,MEDIUM
CVE-2021-22886,before,CWE-79,6.1,2.8,52.0,991.0,991.0,0,0.0,0.0,MEDIUM
CVE-2018-1107,was,CWE-400,5.3,3.9,8.0,0.0,0.0,1,0.0,0.0,MEDIUM
CVE-2021-21635,and,CWE-79,5.4,2.3,56.0,,,0,,,MEDIUM
CVE-2021-20352,are,CWE-79,5.4,2.3,3.0,491.0,491.0,0,0.0,0.0,MEDIUM
CVE-2021-20447,are,CWE-79,5.4,2.3,4.0,491.0,491.0,0,0.0,0.0,MEDIUM
CVE-2021-20503,are,CWE-79,5.4,2.3,5.0,491.0,491.0,0,0.0,0.0,MEDIUM
CVE-2021-20504,are,CWE-79,5.4,2.3,6.0,491.0,491.0,0,0.0,0.0,MEDIUM
CVE-2021-20506,are,CWE-79,5.4,2.3,7.0,491.0,491.0,0,0.0,0.0,MEDIUM
CVE-2021-20518,are,CWE-79,5.4,2.3,8.0,491.0,491.0,0,0.0,0.0,MEDIUM
CVE-2021-20520,are,CWE-79,5.4,2.3,9.0,491.0,491.0,0,0.0,0.0,MEDIUM
CVE-2021-21418,newsletter,CWE-79,4.6,2.1,1.0,0.0,0.0,0,1.0,0.0,MEDIUM
CVE-2021-1748,validation,CWE-20,8.8,2.8,3.0,495.0,495.0,0,0.0,0.0,HIGH
CVE-2021-29661,through,CWE-79,5.4,2.3,36.0,,,1,,,MEDIUM
CVE-2020-4792,vulnerable,CWE-79,5.4,2.3,49.0,,,0,,,MEDIUM
CVE-2020-4997,vulnerable,CWE-79,5.4,2.3,50.0,,,0,,,MEDIUM
CVE-2021-24156,vulnerabilities,CWE-79,5.4,2.3,5.0,393.0,393.0,1,0.0,0.0,MEDIUM
CVE-2021-24159,the,CWE-352,8.8,2.8,54.0,0.0,0.0,0,0.0,0.0,HIGH
CVE-2021-24162,the,CWE-352,8.8,2.8,55.0,0.0,0.0,1,0.0,0.0,HIGH
CVE-2021-24176,plugin,CWE-79,5.4,2.3,5.0,,,1,,,MEDIUM
CVE-2021-24201,the,CWE-79,5.4,2.3,56.0,0.0,0.0,1,0.0,0.0,MEDIUM
CVE-2021-24202,the,CWE-79,5.4,2.3,57.0,0.0,0.0,1,0.0,0.0,MEDIUM
CVE-2021-24203,the,CWE-79,5.4,2.3,58.0,0.0,0.0,1,0.0,0.0,MEDIUM
CVE-2021-24204,the,CWE-79,5.4,2.3,59.0,0.0,0.0,1,0.0,0.0,MEDIUM
CVE-2021-24205,the,CWE-79,5.4,2.3,60.0,0.0,0.0,1,0.0,0.0,MEDIUM
CVE-2021-24206,the,CWE-79,5.4,2.3,61.0,0.0,0.0,1,0.0,0.0,MEDIUM
CVE-2021-24208,editor,CWE-79,5.4,2.3,2.0,1859.0,1859.0,1,2.0,0.33,MEDIUM
CVE-2021-24211,plugin,CWE-79,5.4,2.3,6.0,,,1,,,MEDIUM
CVE-2021-30140,has,CWE-79,5.4,2.3,4.0,0.0,0.0,1,0.0,0.0,MEDIUM
CVE-2021-21423,project,CWE-527,6.8,1.6,1.0,,,0,,,MEDIUM
CVE-2021-3012,scripting,CWE-79,5.4,2.3,44.0,,,1,,,MEDIUM
CVE-2021-30111,stored,CWE-79,5.4,2.3,7.0,,,1,,,MEDIUM
CVE-2021-30113,blind,CWE-79,6.1,2.8,1.0,244.0,244.0,1,0.0,0.0,MEDIUM
CVE-2021-27945,was,CWE-79,6.1,2.8,9.0,0.0,0.0,0,0.0,0.0,MEDIUM
CVE-2021-25925,versions,CWE-79,5.4,2.3,53.0,1049.0,1049.0,1,1.0,0.0,MEDIUM
CVE-2020-4920,products,CWE-79,5.4,2.3,15.0,1360.0,1360.0,0,0.0,0.0,MEDIUM
CVE-2021-20519,products,CWE-79,5.4,2.3,16.0,1360.0,1360.0,0,0.0,0.0,MEDIUM
CVE-2021-3163,vulnerability,CWE-79,6.1,2.8,35.0,,,1,,,MEDIUM
CVE-2021-29429,before,CWE-377,4.0,2.5,49.0,974.0,974.0,1,0.0,0.0,MEDIUM
CVE-2021-21485,unauthorized,NVD-CWE-noinfo,6.5,2.8,1.0,,,0,,,MEDIUM
CVE-2021-21492,versions,CWE-290,4.3,2.8,54.0,1048.0,1048.0,0,1.0,0.0,MEDIUM
CVE-2021-27598,versions,CWE-284,5.3,3.9,55.0,1048.0,1048.0,0,1.0,0.0,MEDIUM
CVE-2021-27601,based,CWE-79,5.4,2.3,6.0,,,0,,,MEDIUM
CVE-2021-29428,before,CWE-378,8.8,2.0,50.0,973.0,973.0,1,0.0,0.0,HIGH
CVE-2021-26812,the,CWE-79,6.1,2.8,60.0,0.0,0.0,1,0.0,0.0,MEDIUM
CVE-2021-26832,the,CWE-79,6.1,2.8,61.0,0.0,0.0,0,0.0,0.0,MEDIUM
CVE-2021-27604,order,CWE-611,6.5,2.8,1.0,1191.0,1191.0,0,2.0,0.0,MEDIUM
CVE-2020-36288,issue,CWE-79,6.1,2.8,67.0,308.0,308.0,0,0.0,0.0,MEDIUM
CVE-2021-27850,critical,CWE-200,9.8,3.9,1.0,,,1,,,CRITICAL
CVE-2021-21087,versions,CWE-79,5.4,2.3,55.0,1046.0,1046.0,0,1.0,0.0,MEDIUM
CVE-2021-26074,from,CWE-287,6.5,2.8,4.0,,,0,,,MEDIUM
CVE-2020-28141,messaging,CWE-79,5.4,2.3,1.0,197.0,197.0,1,0.0,0.0,MEDIUM
CVE-2021-29467,encrypted,CWE-80,6.1,1.8,1.0,,,1,,,MEDIUM
CVE-2021-27736,before,CWE-611,6.5,2.8,51.0,964.0,964.0,1,0.0,0.0,MEDIUM
CVE-2021-2161,the,NVD-CWE-noinfo,5.9,2.2,47.0,0.0,0.0,0,0.0,0.0,MEDIUM
CVE-2021-2163,the,NVD-CWE-noinfo,5.3,1.6,48.0,0.0,0.0,0,0.0,0.0,MEDIUM
CVE-2021-2234,the,NVD-CWE-noinfo,5.3,1.6,49.0,0.0,0.0,0,0.0,0.0,MEDIUM
CVE-2021-2302,the,NVD-CWE-noinfo,9.8,3.9,50.0,0.0,0.0,0,0.0,0.0,CRITICAL
CVE-2019-25027,output,CWE-81,6.1,2.8,2.0,0.0,0.0,0,0.0,0.0,MEDIUM
CVE-2019-25028,variable,CWE-80,5.4,2.2,1.0,0.0,0.0,0,0.0,0.0,MEDIUM
CVE-2021-31712,before,CWE-79,5.4,2.3,51.0,962.0,962.0,1,0.0,0.0,MEDIUM
CVE-2021-29475,known,CWE-94,10.0,3.9,1.0,1903.0,1903.0,0,0.0,0.17,CRITICAL
CVE-2021-20448,vulnerable,CWE-79,5.4,2.3,48.0,,,0,,,MEDIUM
CVE-2021-20549,vulnerable,CWE-79,5.4,2.3,49.0,,,0,,,MEDIUM
CVE-2021-20550,vulnerable,CWE-79,5.4,2.3,50.0,,,0,,,MEDIUM
CVE-2021-29666,through,CWE-79,5.4,2.3,34.0,,,0,,,MEDIUM
CVE-2021-29460,open,CWE-79,7.6,2.3,7.0,,,1,,,HIGH
CVE-2021-22331,injection,CWE-74,7.5,3.9,1.0,,,0,,,HIGH
CVE-2021-29159,scripting,CWE-79,6.1,2.8,45.0,,,0,,,MEDIUM
CVE-2021-29387,stored,CWE-79,5.4,2.3,8.0,,,1,,,MEDIUM
CVE-2021-29388,stored,CWE-79,5.4,2.3,9.0,,,0,,,MEDIUM
CVE-2020-1721,flaw,CWE-79,6.1,2.8,4.0,,,0,,,MEDIUM
CVE-2021-21541,versions,CWE-79,6.1,2.8,55.0,1031.0,1031.0,0,1.0,0.0,MEDIUM
CVE-2021-21542,versions,CWE-79,4.8,1.7,56.0,1031.0,1031.0,0,1.0,0.0,MEDIUM
CVE-2021-21543,versions,CWE-79,4.8,1.7,57.0,1031.0,1031.0,0,1.0,0.0,MEDIUM
CVE-2021-31792,the,CWE-79,5.4,2.3,51.0,0.0,0.0,1,0.0,0.0,MEDIUM
CVE-2020-4987,user,CWE-79,5.4,2.3,2.0,,,0,,,MEDIUM
CVE-2020-22428,before,CWE-79,4.8,1.7,52.0,952.0,952.0,0,0.0,0.0,MEDIUM
CVE-2020-4929,and,CWE-79,5.4,2.3,49.0,,,0,,,MEDIUM
CVE-2021-20397,and,CWE-79,6.1,2.8,50.0,,,0,,,MEDIUM
CVE-2021-29489,charting,CWE-79,7.6,2.8,1.0,,,0,,,HIGH
CVE-2021-24293,the,CWE-79,6.1,2.8,52.0,0.0,0.0,1,0.0,0.0,MEDIUM
CVE-2021-1478,vulnerability,CWE-284,5.3,3.9,32.0,,,0,,,MEDIUM
CVE-2020-23263,scripting,CWE-79,6.1,2.8,45.0,,,0,,,MEDIUM
CVE-2020-29444,versions,CWE-79,5.4,2.3,56.0,1025.0,1025.0,0,1.0,0.0,MEDIUM
CVE-2021-30170,characters,CWE-79,4.6,2.1,1.0,0.0,0.0,0,0.0,0.0,MEDIUM
CVE-2021-30171,characters,CWE-79,4.6,2.1,2.0,0.0,0.0,0,0.0,0.0,MEDIUM
CVE-2021-30172,characters,CWE-79,4.6,2.1,3.0,0.0,0.0,0,0.0,0.0,MEDIUM
CVE-2021-26077,version,CWE-287,8.8,2.8,9.0,0.0,0.0,1,0.0,0.0,HIGH
CVE-2021-21822,vulnerability,CWE-416,8.8,2.8,32.0,,,1,,,HIGH
CVE-2021-20559,and,CWE-79,5.4,2.3,50.0,,,0,,,MEDIUM
CVE-2021-20577,for,CWE-79,6.1,2.8,14.0,,,0,,,MEDIUM
CVE-2021-21428,generator,CWE-269,9.3,2.5,1.0,0.0,0.0,1,0.0,0.0,CRITICAL
CVE-2021-30174,event,CWE-79,5.4,2.3,1.0,0.0,0.0,0,0.0,0.0,MEDIUM
CVE-2021-32544,characters,CWE-79,5.4,2.3,4.0,0.0,0.0,0,0.0,0.0,MEDIUM
CVE-2020-4535,vulnerable,CWE-79,5.4,2.3,51.0,,,0,,,MEDIUM
CVE-2021-20202,flaw,CWE-377,7.3,1.8,5.0,,,0,,,HIGH
CVE-2021-29506,routing,CWE-400,6.5,2.8,1.0,0.0,0.0,0,0.0,0.0,MEDIUM
CVE-2019-10062,class,CWE-79,6.1,2.8,1.0,0.0,0.0,1,0.0,0.0,MEDIUM
CVE-2021-20392,through,CWE-79,6.1,2.8,33.0,,,0,,,MEDIUM
CVE-2021-32818,templating,CWE-79,7.7,1.3,1.0,0.0,0.0,1,0.0,0.0,HIGH
CVE-2021-32819,template,CWE-200,8.0,1.6,1.0,92.0,92.0,1,0.0,0.0,HIGH
CVE-2019-14827,vulnerability,CWE-94,6.1,2.8,33.0,,,0,,,MEDIUM
CVE-2021-24290,are,CWE-79,6.1,2.8,10.0,443.0,443.0,0,0.0,0.0,MEDIUM
CVE-2021-24292,for,CWE-79,5.4,2.3,15.0,,,1,,,MEDIUM
CVE-2021-31930,scripting,CWE-79,6.1,2.8,46.0,,,0,,,MEDIUM
CVE-2021-20374,and,CWE-79,5.4,2.3,49.0,,,0,,,MEDIUM
CVE-2021-20528,vulnerable,CWE-79,5.4,2.3,50.0,,,0,,,MEDIUM
CVE-2021-29503,platform,CWE-80,8.1,2.8,2.0,,,0,,,HIGH
CVE-2020-15522,before,CWE-362,5.9,2.2,54.0,936.0,936.0,0,0.0,0.0,MEDIUM
CVE-2021-3313,until,CWE-79,5.4,2.3,1.0,0.0,0.0,1,0.0,0.0,MEDIUM
CVE-2021-20386,vulnerable,CWE-79,6.1,2.8,51.0,,,0,,,MEDIUM
CVE-2021-33425,stored,CWE-79,5.4,2.3,10.0,,,0,,,MEDIUM
CVE-2021-20492,and,CWE-611,8.2,3.9,50.0,,,0,,,HIGH
CVE-2021-3486,does,CWE-79,6.1,2.8,3.0,,,1,,,MEDIUM
CVE-2021-32539,event,CWE-79,5.4,2.3,2.0,0.0,0.0,0,0.0,0.0,MEDIUM
CVE-2021-32540,announcement,CWE-79,5.4,2.3,1.0,,,0,,,MEDIUM
CVE-2021-20195,flaw,CWE-20,9.6,2.8,6.0,,,0,,,CRITICAL
CVE-2021-29505,software,CWE-94,7.5,1.6,1.0,0.0,0.0,0,0.0,0.0,HIGH
CVE-2021-32616,file,CWE-79,8.1,2.8,2.0,0.0,0.0,0,0.0,0.0,HIGH
CVE-2021-32619,runtime,CWE-285,9.8,3.9,1.0,0.0,0.0,0,0.0,0.0,CRITICAL
CVE-2019-4653,and,CWE-79,5.4,2.3,50.0,,,0,,,MEDIUM
CVE-2020-4354,and,CWE-79,5.4,2.3,51.0,,,0,,,MEDIUM
CVE-2021-24309,input,CWE-79,5.4,2.3,7.0,0.0,0.0,1,0.0,0.0,MEDIUM
CVE-2021-30179,prior,CWE-502,9.8,3.9,3.0,468.0,468.0,0,2.0,0.0,CRITICAL
CVE-2021-23894,untrusted,CWE-502,9.6,2.8,2.0,0.0,0.0,0,0.0,0.0,CRITICAL
CVE-2021-23895,untrusted,CWE-502,9.0,2.3,3.0,0.0,0.0,0,0.0,0.0,CRITICAL
CVE-2021-3529,flaw,CWE-79,7.1,2.8,7.0,,,0,,,HIGH
CVE-2020-4977,vulnerable,CWE-79,5.4,2.3,48.0,,,0,,,MEDIUM
CVE-2020-5030,and,CWE-79,5.4,2.3,52.0,,,0,,,MEDIUM
CVE-2021-20338,and,CWE-79,5.4,2.3,53.0,,,0,,,MEDIUM
CVE-2021-29668,and,CWE-79,5.4,2.3,54.0,,,0,,,MEDIUM
CVE-2021-29670,and,CWE-79,5.4,2.3,55.0,,,0,,,MEDIUM
CVE-2021-31830,vulnerability,CWE-79,5.9,0.7,33.0,,,0,,,MEDIUM
CVE-2021-33806,library,CWE-502,9.8,3.9,18.0,1865.0,1865.0,0,7.0,5.83,CRITICAL
CVE-2021-29500,bubble,CWE-347,7.5,3.9,1.0,0.0,0.0,0,0.0,0.0,HIGH
CVE-2020-26885,issue,CWE-79,6.1,2.8,56.0,254.0,254.0,1,0.0,0.0,MEDIUM
CVE-2021-26078,number,CWE-79,6.1,2.8,1.0,,,1,,,MEDIUM
CVE-2021-26079,component,CWE-79,6.1,2.8,1.0,0.0,0.0,0,0.0,0.0,MEDIUM
CVE-2021-26080,and,CWE-79,6.1,2.8,56.0,,,0,,,MEDIUM
CVE-2021-32106,allows,CWE-79,5.4,2.3,10.0,0.0,0.0,1,0.0,0.0,MEDIUM
CVE-2021-33829,scripting,CWE-79,6.1,2.8,47.0,,,0,,,MEDIUM
CVE-2021-27621,vulnerability,NVD-CWE-noinfo,4.9,1.2,34.0,,,0,,,MEDIUM
CVE-2021-27635,for,CWE-611,6.5,1.2,16.0,,,0,,,MEDIUM
CVE-2021-31832,the,CWE-79,5.2,0.9,52.0,0.0,0.0,0,0.0,0.0,MEDIUM
CVE-2021-33666,version,CWE-79,6.1,2.8,10.0,0.0,0.0,0,0.0,0.0,MEDIUM
CVE-2021-23848,error,CWE-79,8.3,1.6,1.0,,,0,,,HIGH
CVE-2021-34539,issue,CWE-668,7.2,1.2,57.0,251.0,251.0,0,0.0,0.0,HIGH
CVE-2021-32682,file,CWE-22,9.8,3.9,3.0,0.0,0.0,1,0.0,0.0,CRITICAL
CVE-2020-5000,through,CWE-79,5.4,2.3,31.0,,,0,,,MEDIUM
CVE-2021-24037,use,CWE-416,9.8,3.9,3.0,0.0,0.0,0,0.0,0.0,CRITICAL
CVE-2021-32426,possible,CWE-79,6.1,2.8,1.0,0.0,0.0,1,0.0,0.0,MEDIUM
CVE-2021-32536,login,CWE-79,6.1,2.8,1.0,0.0,0.0,0,0.0,0.0,MEDIUM
CVE-2021-21422,admin,CWE-79,8.1,2.8,1.0,,,1,,,HIGH
CVE-2021-24373,plugin,CWE-79,6.1,2.8,5.0,,,1,,,MEDIUM
CVE-2021-24378,plugin,CWE-79,4.8,1.7,6.0,,,1,,,MEDIUM
CVE-2010-3300,was,CWE-649,5.9,2.2,8.0,0.0,0.0,0,0.0,0.0,MEDIUM
CVE-2021-33604,encoding,CWE-172,2.5,1.0,1.0,,,0,,,LOW
CVE-2021-23996,utilizing,NVD-CWE-Other,6.5,2.8,1.0,,,0,,,MEDIUM
CVE-2021-29953,malicious,CWE-79,6.1,2.8,1.0,,,0,,,MEDIUM
CVE-2021-29677,vulnerable,CWE-79,5.4,2.3,45.0,,,0,,,MEDIUM
CVE-2021-21084,offering,CWE-79,7.3,2.1,2.0,,,0,,,HIGH
CVE-2021-28556,versions,CWE-79,6.9,1.7,49.0,972.0,972.0,0,1.0,0.0,MEDIUM
CVE-2021-28562,versions,CWE-416,8.8,2.8,50.0,972.0,972.0,0,1.0,0.0,HIGH
CVE-2021-32718,messaging,CWE-80,3.1,0.5,2.0,127.0,127.0,1,0.0,0.0,LOW
CVE-2021-29775,and,CWE-79,5.4,2.3,49.0,,,0,,,MEDIUM
CVE-2021-32719,messaging,CWE-80,3.1,0.5,3.0,127.0,127.0,1,0.0,0.0,LOW
CVE-2021-20477,vulnerable,CWE-79,5.4,2.3,44.0,,,0,,,MEDIUM
CVE-2021-29485,toolkit,CWE-502,9.9,3.1,1.0,0.0,0.0,0,0.0,0.0,CRITICAL
CVE-2021-35956,scripting,CWE-79,5.4,2.3,47.0,,,1,,,MEDIUM
CVE-2020-4935,vulnerable,CWE-79,5.4,2.3,45.0,,,0,,,MEDIUM
CVE-2021-36130,issue,CWE-79,4.8,1.7,54.0,229.0,229.0,1,0.0,0.0,MEDIUM
CVE-2021-36131,issue,CWE-79,4.8,1.7,55.0,229.0,229.0,0,0.0,0.0,MEDIUM
CVE-2021-32737,content,CWE-79,8.4,1.7,1.0,0.0,0.0,0,0.0,0.0,HIGH
CVE-2021-32738,library,CWE-287,6.5,2.8,18.0,1836.0,1836.0,0,7.0,5.83,MEDIUM
CVE-2021-35207,issue,CWE-79,6.1,2.8,56.0,229.0,229.0,0,0.0,0.0,MEDIUM
CVE-2021-35208,issue,CWE-79,5.4,2.3,57.0,229.0,229.0,1,0.0,0.0,MEDIUM
CVE-2021-33192,vulnerability,CWE-79,6.1,2.8,32.0,,,0,,,MEDIUM
CVE-2021-27930,stored,CWE-79,5.4,2.3,11.0,,,1,,,MEDIUM
CVE-2021-35440,vulnerable,CWE-79,6.1,2.8,46.0,,,0,,,MEDIUM
CVE-2021-29712,vulnerable,CWE-79,6.1,2.8,37.0,,,0,,,MEDIUM
CVE-2021-29106,reflected,CWE-79,6.1,2.8,5.0,,,0,,,MEDIUM
CVE-2021-29103,reflected,CWE-79,6.1,2.8,6.0,,,0,,,MEDIUM
CVE-2021-29803,vulnerable,CWE-79,5.4,2.3,38.0,,,0,,,MEDIUM
CVE-2021-29804,vulnerable,CWE-79,5.4,2.3,39.0,,,0,,,MEDIUM
CVE-2021-29805,vulnerable,CWE-79,5.4,2.3,40.0,,,0,,,MEDIUM
CVE-2021-29822,vulnerable,CWE-79,5.4,2.3,41.0,,,0,,,MEDIUM
CVE-2021-24421,plugin,CWE-79,5.4,2.3,7.0,,,1,,,MEDIUM
CVE-2021-24427,plugin,CWE-79,4.8,1.7,8.0,,,1,,,MEDIUM
CVE-2021-24429,booking,CWE-79,6.1,2.8,1.0,1089.0,1089.0,1,0.0,0.0,MEDIUM
CVE-2021-24440,plugin,CWE-79,4.8,1.7,9.0,,,1,,,MEDIUM
CVE-2021-33710,vulnerability,CWE-79,6.1,2.8,33.0,,,0,,,MEDIUM
CVE-2021-20361,for,CWE-79,5.4,2.3,17.0,,,0,,,MEDIUM
CVE-2021-20362,for,CWE-79,5.4,2.3,18.0,,,0,,,MEDIUM
CVE-2021-20363,for,CWE-79,5.4,2.3,19.0,,,0,,,MEDIUM
CVE-2021-20364,for,CWE-79,5.4,2.3,20.0,,,0,,,MEDIUM
CVE-2021-20365,for,CWE-79,5.4,2.3,21.0,,,0,,,MEDIUM
CVE-2021-20366,for,CWE-79,5.4,2.3,22.0,,,0,,,MEDIUM
CVE-2021-20368,for,CWE-79,5.4,2.3,23.0,,,0,,,MEDIUM
CVE-2021-33670,for,NVD-CWE-noinfo,7.5,3.9,24.0,,,0,,,HIGH
CVE-2021-33687,versions,CWE-200,4.9,1.2,49.0,957.0,957.0,0,1.0,0.0,MEDIUM
CVE-2021-3043,reflected,CWE-79,7.5,1.6,7.0,,,0,,,HIGH
CVE-2021-20524,vulnerable,CWE-79,4.8,1.7,42.0,,,0,,,MEDIUM
CVE-2021-21799,scripting,CWE-79,6.1,2.8,48.0,,,1,,,MEDIUM
CVE-2021-21800,scripting,CWE-79,6.1,2.8,49.0,,,1,,,MEDIUM
CVE-2021-21801,vulnerability,CWE-79,6.1,2.8,34.0,,,1,,,MEDIUM
CVE-2021-21802,vulnerability,CWE-79,6.1,2.8,35.0,,,1,,,MEDIUM
CVE-2021-21803,vulnerability,CWE-79,6.1,2.8,36.0,,,1,,,MEDIUM
CVE-2021-32769,full,CWE-22,7.5,3.9,1.0,421.0,421.0,1,0.0,0.0,HIGH
CVE-2021-24436,plugin,CWE-79,6.1,2.8,10.0,,,1,,,MEDIUM
CVE-2021-24452,plugin,CWE-79,6.1,2.8,11.0,,,1,,,MEDIUM
CVE-2021-34817,issue,CWE-79,6.1,2.8,57.0,212.0,212.0,1,0.0,0.0,MEDIUM
CVE-2021-35043,before,CWE-79,6.1,2.8,48.0,876.0,876.0,0,0.0,0.0,MEDIUM
CVE-2020-5031,and,CWE-79,5.4,2.3,47.0,,,0,,,MEDIUM
CVE-2021-20507,and,CWE-79,5.4,2.3,48.0,,,0,,,MEDIUM
CVE-2021-26082,and,CWE-79,5.4,2.3,49.0,,,0,,,MEDIUM
CVE-2021-26083,and,CWE-79,5.4,2.3,50.0,,,0,,,MEDIUM
CVE-2021-27517,through,CWE-79,6.1,2.8,28.0,,,0,,,MEDIUM
CVE-2020-25205,web,CWE-79,6.1,2.8,4.0,,,1,,,MEDIUM
CVE-2021-32751,build,CWE-78,7.5,1.6,1.0,1814.0,1814.0,1,3.0,1.33,HIGH
CVE-2021-22721,vulnerability,CWE-200,5.3,3.9,37.0,,,0,,,MEDIUM
CVE-2021-23411,versions,CWE-79,5.4,2.8,48.0,949.0,949.0,1,1.0,0.0,MEDIUM
CVE-2021-2341,the,NVD-CWE-noinfo,3.1,1.6,40.0,0.0,0.0,0,0.0,0.0,LOW
CVE-2021-2369,the,NVD-CWE-noinfo,4.3,2.8,41.0,0.0,0.0,0,0.0,0.0,MEDIUM
CVE-2021-2388,the,NVD-CWE-noinfo,7.5,1.6,42.0,0.0,0.0,0,0.0,0.0,HIGH
CVE-2021-2432,the,NVD-CWE-noinfo,3.7,2.2,43.0,0.0,0.0,0,0.0,0.0,LOW
CVE-2021-2438,the,NVD-CWE-noinfo,4.3,2.8,44.0,0.0,0.0,0,0.0,0.0,MEDIUM
CVE-2021-35464,server,CWE-502,9.8,3.9,2.0,,,1,,,CRITICAL
CVE-2021-37470,persistent,CWE-79,5.4,2.3,1.0,1765.0,1765.0,1,10.0,16.17,MEDIUM
CVE-2021-36563,management,CWE-79,5.4,2.3,1.0,,,1,,,MEDIUM
CVE-2021-20562,through,CWE-79,5.4,2.3,29.0,,,1,,,MEDIUM
CVE-2021-32796,xmldom,CWE-116,6.5,3.9,2.0,,,0,,,MEDIUM
CVE-2020-5004,products,CWE-79,5.4,2.3,17.0,1253.0,1253.0,0,0.0,0.0,MEDIUM
CVE-2021-37578,uses,CWE-502,9.8,3.9,1.0,,,0,,,CRITICAL
CVE-2021-20111,stored,CWE-79,5.4,2.3,11.0,,,1,,,MEDIUM
CVE-2021-20112,stored,CWE-79,5.4,2.3,12.0,,,1,,,MEDIUM
CVE-2021-36605,engineercms,CWE-79,5.4,2.3,1.0,,,1,,,MEDIUM
CVE-2021-24425,and,CWE-79,4.8,1.7,50.0,,,1,,,MEDIUM
CVE-2021-24444,and,CWE-79,4.8,1.7,51.0,,,1,,,MEDIUM
CVE-2021-24448,plugin,CWE-79,4.8,1.7,12.0,,,1,,,MEDIUM
CVE-2021-24450,plugin,CWE-79,4.8,1.7,13.0,,,1,,,MEDIUM
CVE-2021-24468,plugin,CWE-79,5.4,2.3,14.0,,,1,,,MEDIUM
CVE-2021-37216,header,CWE-79,6.1,2.8,1.0,,,0,,,MEDIUM
CVE-2021-29979,allows,CWE-79,6.1,2.8,9.0,0.0,0.0,0,0.0,0.0,MEDIUM
CVE-2021-37833,reflected,CWE-79,6.1,2.8,8.0,,,1,,,MEDIUM
CVE-2021-21576,versions,CWE-79,6.1,2.8,47.0,936.0,936.0,0,1.0,0.0,MEDIUM
CVE-2021-21577,versions,CWE-79,6.1,2.8,48.0,936.0,936.0,0,1.0,0.0,MEDIUM
CVE-2021-21581,versions,CWE-79,6.5,2.8,49.0,936.0,936.0,0,1.0,0.0,MEDIUM
CVE-2020-4707,through,CWE-79,5.4,2.3,28.0,,,0,,,MEDIUM
CVE-2021-38113,through,CWE-79,5.4,2.3,29.0,,,1,,,MEDIUM
CVE-2021-34371,through,CWE-502,9.8,3.9,30.0,,,1,,,CRITICAL
CVE-2021-21831,vulnerability,CWE-416,8.8,2.8,37.0,,,1,,,HIGH
CVE-2021-21870,vulnerability,CWE-416,8.8,2.8,38.0,,,1,,,HIGH
CVE-2021-21893,vulnerability,CWE-416,8.8,2.8,39.0,,,1,,,HIGH
CVE-2021-34638,allows,CWE-22,6.5,2.8,10.0,0.0,0.0,0,0.0,0.0,MEDIUM
CVE-2021-24467,plugin,CWE-79,6.5,2.8,15.0,,,1,,,MEDIUM
CVE-2021-37211,bulletin,CWE-79,5.4,2.3,1.0,,,0,,,MEDIUM
CVE-2021-37573,reflected,CWE-79,6.1,2.8,7.0,,,1,,,MEDIUM
CVE-2021-22676,within,CWE-79,6.1,2.8,1.0,,,0,,,MEDIUM
CVE-2021-20032,vulnerable,CWE-16,9.8,3.9,41.0,,,0,,,CRITICAL
CVE-2021-32808,ckeditor,CWE-79,7.6,2.3,1.0,,,0,,,HIGH
CVE-2021-37700,npm,CWE-79,6.5,2.8,20.0,0.0,0.0,1,0.0,0.0,MEDIUM
CVE-2021-37695,ckeditor,CWE-79,7.3,2.1,2.0,,,0,,,HIGH
CVE-2021-38708,before,CWE-79,5.4,2.3,47.0,849.0,849.0,0,0.0,0.0,MEDIUM
CVE-2021-38709,before,CWE-79,6.1,2.8,48.0,849.0,849.0,0,0.0,0.0,MEDIUM
CVE-2021-24362,plugin,CWE-79,6.1,2.8,16.0,,,1,,,MEDIUM
CVE-2021-24410,plugin,CWE-79,6.1,2.8,17.0,,,1,,,MEDIUM
CVE-2021-24445,plugin,CWE-79,5.5,2.3,18.0,,,1,,,MEDIUM
CVE-2021-32827,open,CWE-74,6.1,1.6,11.0,,,1,,,MEDIUM
CVE-2021-32829,open,CWE-94,9.6,3.1,12.0,,,1,,,CRITICAL
CVE-2021-39267,scripting,CWE-79,6.1,2.8,50.0,,,1,,,MEDIUM
CVE-2021-39268,scripting,CWE-79,6.1,2.8,51.0,,,1,,,MEDIUM
CVE-2021-37714,jsoup,CWE-248,7.5,3.9,1.0,1672.0,1672.0,0,0.0,0.17,HIGH
CVE-2021-34207,scripting,CWE-79,6.1,2.8,52.0,,,1,,,MEDIUM
CVE-2021-34215,scripting,CWE-79,6.1,2.8,53.0,,,1,,,MEDIUM
CVE-2021-34220,scripting,CWE-79,6.1,2.8,54.0,,,1,,,MEDIUM
CVE-2021-34223,scripting,CWE-79,6.1,2.8,55.0,,,1,,,MEDIUM
CVE-2021-34228,scripting,CWE-79,6.1,2.8,56.0,,,1,,,MEDIUM
CVE-2020-25352,stored,CWE-79,5.4,2.3,13.0,,,1,,,MEDIUM
CVE-2021-36011,version,CWE-78,8.3,1.6,11.0,0.0,0.0,0,0.0,0.0,HIGH
CVE-2021-39139,simple,CWE-434,8.5,1.8,1.0,,,0,,,HIGH
CVE-2021-39153,simple,CWE-434,8.5,1.8,2.0,,,1,,,HIGH
CVE-2021-39150,simple,CWE-502,8.5,1.8,3.0,,,1,,,HIGH
CVE-2021-39152,simple,CWE-502,8.5,1.8,4.0,,,1,,,HIGH
CVE-2021-28625,offering,CWE-79,6.3,2.8,3.0,,,0,,,MEDIUM
CVE-2021-28628,offering,CWE-79,6.3,2.8,4.0,,,0,,,MEDIUM
CVE-2021-30862,validation,CWE-20,6.1,2.8,2.0,351.0,351.0,0,0.0,0.0,MEDIUM
CVE-2021-30969,path,NVD-CWE-noinfo,7.8,1.8,1.0,1433.0,1433.0,0,3.0,0.0,HIGH
CVE-2021-30975,issue,CWE-863,8.6,1.8,55.0,176.0,176.0,0,0.0,0.0,HIGH
CVE-2020-14161,possible,CWE-79,6.1,2.8,2.0,0.0,0.0,0,0.0,0.0,MEDIUM
CVE-2021-29744,and,CWE-79,5.4,2.3,45.0,,,0,,,MEDIUM
CVE-2021-39111,plugin,CWE-79,6.1,2.8,19.0,,,0,,,MEDIUM
CVE-2021-39117,page,CWE-79,4.8,1.7,1.0,1182.0,1182.0,0,0.0,0.0,MEDIUM
CVE-2021-27909,versions,CWE-79,6.3,2.8,48.0,909.0,909.0,0,1.0,0.0,MEDIUM
CVE-2021-27910,sanitization,CWE-79,8.2,2.8,1.0,,,0,,,HIGH
CVE-2021-29743,and,CWE-79,5.4,2.3,45.0,,,0,,,MEDIUM
CVE-2021-32832,fully,CWE-400,4.3,2.8,1.0,,,1,,,MEDIUM
CVE-2021-39175,platform,CWE-74,8.1,2.8,3.0,,,0,,,HIGH
CVE-2021-39177,bridge,CWE-287,7.4,2.2,1.0,,,0,,,HIGH
CVE-2020-13639,stored,CWE-79,6.1,2.8,15.0,,,0,,,MEDIUM
CVE-2021-36981,the,CWE-502,8.8,2.8,43.0,0.0,0.0,1,0.0,0.0,HIGH
CVE-2021-34562,possible,CWE-79,5.4,2.8,3.0,0.0,0.0,0,0.0,0.0,MEDIUM
CVE-2021-34563,and,CWE-1004,3.3,1.8,46.0,,,0,,,LOW
CVE-2021-21677,and,CWE-502,8.8,2.8,47.0,,,0,,,HIGH
CVE-2021-39180,learning,CWE-22,8.1,2.8,1.0,0.0,0.0,0,0.0,0.0,HIGH
CVE-2021-36026,versions,CWE-79,6.5,2.8,49.0,907.0,907.0,0,1.0,0.0,MEDIUM
CVE-2021-36027,versions,CWE-79,6.5,2.8,50.0,907.0,907.0,0,1.0,0.0,MEDIUM
CVE-2021-36062,version,CWE-79,5.4,2.8,12.0,0.0,0.0,0,0.0,0.0,MEDIUM
CVE-2021-36063,version,CWE-79,5.4,2.8,13.0,0.0,0.0,0,0.0,0.0,MEDIUM
CVE-2021-29852,vulnerable,CWE-79,5.4,2.3,41.0,,,0,,,MEDIUM
CVE-2021-39181,learning,CWE-91,8.8,2.8,2.0,0.0,0.0,0,0.0,0.0,HIGH
CVE-2021-39115,versions,CWE-96,7.2,1.2,51.0,907.0,907.0,0,1.0,0.0,HIGH
CVE-2021-40492,reflected,CWE-79,6.1,2.8,8.0,,,0,,,MEDIUM
CVE-2021-23439,affects,CWE-79,4.2,1.6,11.0,,,0,,,MEDIUM
CVE-2021-38704,reflected,CWE-79,6.1,2.8,9.0,,,1,,,MEDIUM
CVE-2021-38707,scripting,CWE-79,5.4,2.3,57.0,,,1,,,MEDIUM
CVE-2021-40377,before,CWE-79,5.4,2.3,50.0,825.0,825.0,0,0.0,0.0,MEDIUM
CVE-2021-1864,use,CWE-416,9.8,3.9,4.0,0.0,0.0,0,0.0,0.0,CRITICAL
CVE-2021-28571,version,CWE-78,8.3,1.6,14.0,0.0,0.0,0,0.0,0.0,HIGH
CVE-2021-31274,stored,CWE-79,5.4,2.3,16.0,,,0,,,MEDIUM
CVE-2021-37579,will,CWE-502,9.8,3.9,2.0,0.0,0.0,0,3.0,0.0,CRITICAL
CVE-2021-40223,management,CWE-79,5.4,2.3,2.0,,,1,,,MEDIUM
CVE-2021-35976,feature,CWE-79,6.1,2.8,1.0,,,1,,,MEDIUM
CVE-2021-40823,logic,CWE-290,5.9,2.2,2.0,0.0,0.0,0,0.0,0.0,MEDIUM
CVE-2021-37535,versions,CWE-862,9.8,3.9,51.0,895.0,895.0,0,1.0,0.0,CRITICAL
CVE-2021-38163,versions,CWE-22,9.9,3.1,52.0,895.0,895.0,0,1.0,0.0,CRITICAL
CVE-2021-23041,version,CWE-79,6.1,2.8,15.0,0.0,0.0,0,0.0,0.0,MEDIUM
CVE-2021-29841,vulnerable,CWE-79,5.4,2.3,41.0,,,0,,,MEDIUM
CVE-2021-23037,all,CWE-79,9.6,2.8,1.0,,,0,,,CRITICAL
CVE-2021-23038,version,CWE-79,9.0,2.3,16.0,0.0,0.0,0,0.0,0.0,CRITICAL
CVE-2021-23027,version,CWE-79,6.1,2.8,17.0,0.0,0.0,0,0.0,0.0,MEDIUM
CVE-2021-39307,below,CWE-79,6.1,2.8,1.0,,,1,,,MEDIUM
CVE-2021-21798,exploitable,CWE-562,7.8,1.8,1.0,,,1,,,HIGH
CVE-2021-40966,exists,CWE-79,5.4,2.3,5.0,,,0,,,MEDIUM
CVE-2021-39128,versions,CWE-1336,7.2,1.2,53.0,893.0,893.0,0,1.0,0.0,HIGH
CVE-2021-40690,versions,CWE-200,7.5,3.9,53.0,889.0,889.0,0,1.0,0.0,HIGH
CVE-2019-16651,issue,CWE-863,5.3,3.9,44.0,149.0,149.0,1,0.0,0.0,MEDIUM
CVE-2021-29806,for,CWE-79,5.4,2.3,21.0,,,0,,,MEDIUM
CVE-2021-29807,for,CWE-79,5.4,2.3,22.0,,,0,,,MEDIUM
CVE-2021-29808,for,CWE-79,5.4,2.3,23.0,,,0,,,MEDIUM
CVE-2021-29809,for,CWE-79,5.4,2.3,24.0,,,0,,,MEDIUM
CVE-2021-29817,for,CWE-79,5.4,2.3,25.0,,,0,,,MEDIUM
CVE-2021-29818,for,CWE-79,5.4,2.3,26.0,,,0,,,MEDIUM
CVE-2021-29819,for,CWE-79,5.4,2.3,27.0,,,0,,,MEDIUM
CVE-2021-29820,for,CWE-79,5.4,2.3,28.0,,,0,,,MEDIUM
CVE-2021-29821,for,CWE-79,5.4,2.3,29.0,,,0,,,MEDIUM
CVE-2020-26301,client,CWE-78,7.5,2.2,3.0,,,1,,,HIGH
CVE-2021-41086,jsuites,CWE-79,8.7,2.3,1.0,,,0,,,HIGH
CVE-2021-20484,through,CWE-79,5.4,2.3,31.0,,,0,,,MEDIUM
CVE-2021-29800,and,CWE-79,5.4,2.3,41.0,,,0,,,MEDIUM
CVE-2021-29810,for,CWE-79,5.4,2.3,30.0,,,0,,,MEDIUM
CVE-2021-29812,for,CWE-79,5.4,2.3,31.0,,,0,,,MEDIUM
CVE-2021-29813,for,CWE-79,5.4,2.3,32.0,,,0,,,MEDIUM
CVE-2021-29814,for,CWE-79,5.4,2.3,33.0,,,0,,,MEDIUM
CVE-2021-29815,for,CWE-79,5.4,2.3,34.0,,,0,,,MEDIUM
CVE-2021-29832,for,CWE-79,5.4,2.3,35.0,,,0,,,MEDIUM
CVE-2021-29833,for,CWE-79,5.4,2.3,36.0,,,0,,,MEDIUM
CVE-2021-29905,for,CWE-79,5.4,2.3,37.0,,,0,,,MEDIUM
CVE-2021-38870,vulnerable,CWE-79,5.4,2.3,40.0,,,0,,,MEDIUM
CVE-2021-38877,for,CWE-79,5.4,2.3,38.0,,,0,,,MEDIUM
CVE-2021-41588,before,CWE-502,8.1,2.2,51.0,809.0,809.0,0,0.0,0.0,HIGH
CVE-2021-24610,plugin,CWE-79,4.8,1.7,20.0,,,1,,,MEDIUM
CVE-2021-40711,version,CWE-79,5.4,2.3,18.0,0.0,0.0,0,0.0,0.0,MEDIUM
CVE-2021-40714,version,CWE-79,6.1,2.8,19.0,0.0,0.0,0,0.0,0.0,MEDIUM
CVE-2021-25959,versions,CWE-79,6.1,2.8,54.0,879.0,879.0,0,1.0,0.0,MEDIUM
CVE-2021-29834,and,CWE-79,5.4,2.3,42.0,,,0,,,MEDIUM
CVE-2021-41034,build,CWE-924,8.1,2.2,2.0,1743.0,1743.0,0,3.0,1.33,HIGH
CVE-2021-25963,versions,CWE-79,6.1,2.8,55.0,879.0,879.0,0,1.0,0.0,MEDIUM
CVE-2021-20554,and,CWE-79,6.1,2.8,43.0,,,0,,,MEDIUM
CVE-2021-29109,reflected,CWE-79,6.1,2.8,9.0,,,0,,,MEDIUM
CVE-2021-41878,reflected,CWE-79,6.1,2.8,10.0,,,1,,,MEDIUM
CVE-2021-37330,vulnerable,CWE-79,5.4,2.3,41.0,,,1,,,MEDIUM
CVE-2021-38822,vulnerability,CWE-79,5.4,2.3,33.0,,,1,,,MEDIUM
CVE-2021-25964,application,CWE-79,5.4,2.3,1.0,0.0,0.0,0,0.0,0.0,MEDIUM
CVE-2021-39885,merge,CWE-79,8.7,2.3,1.0,0.0,0.0,1,0.0,0.0,HIGH
CVE-2021-39887,stored,CWE-79,7.3,2.1,17.0,,,0,,,HIGH
CVE-2021-39878,stored,CWE-79,5.8,1.3,18.0,,,0,,,MEDIUM
CVE-2021-22261,stored,CWE-79,7.3,1.0,19.0,,,0,,,HIGH
CVE-2021-41555,version,CWE-79,6.1,2.8,20.0,0.0,0.0,0,0.0,0.0,MEDIUM
CVE-2021-41124,library,CWE-200,7.4,2.8,19.0,1741.0,1741.0,0,7.0,5.83,HIGH
CVE-2021-29764,through,CWE-79,5.4,2.3,32.0,,,0,,,MEDIUM
CVE-2021-29836,through,CWE-79,5.4,2.3,33.0,,,0,,,MEDIUM
CVE-2021-29855,through,CWE-79,5.4,2.3,34.0,,,0,,,MEDIUM
CVE-2021-42041,issue,CWE-79,6.1,2.8,32.0,133.0,133.0,1,0.0,0.0,MEDIUM
CVE-2021-42042,issue,CWE-79,4.8,1.7,33.0,133.0,133.0,0,0.0,0.0,MEDIUM
CVE-2021-42043,issue,CWE-79,6.1,2.8,34.0,133.0,133.0,0,0.0,0.0,MEDIUM
CVE-2021-42044,issue,CWE-79,4.8,1.7,35.0,133.0,133.0,1,0.0,0.0,MEDIUM
CVE-2021-20481,through,CWE-79,6.1,2.8,35.0,,,0,,,MEDIUM
CVE-2021-20561,through,CWE-79,6.1,2.8,36.0,,,0,,,MEDIUM
CVE-2021-20571,through,CWE-79,5.4,2.3,37.0,,,0,,,MEDIUM
CVE-2021-41563,editing,CWE-79,6.1,2.8,1.0,,,0,,,MEDIUM
CVE-2021-41565,special,CWE-79,6.1,2.8,1.0,731.0,731.0,0,3.0,0.0,MEDIUM
CVE-2021-41567,new,CWE-79,6.1,2.8,1.0,,,0,,,MEDIUM
CVE-2021-24545,plugin,CWE-79,5.4,2.3,21.0,,,1,,,MEDIUM
CVE-2021-24563,plugin,CWE-79,6.1,2.8,22.0,,,1,,,MEDIUM
CVE-2021-40542,affected,CWE-79,6.1,2.8,8.0,1634.0,1634.0,1,0.0,1.25,MEDIUM
CVE-2021-41117,keypair,CWE-335,8.7,2.2,1.0,,,1,,,HIGH
CVE-2021-25738,yaml,CWE-20,6.7,0.8,1.0,,,0,,,MEDIUM
CVE-2021-33728,vulnerability,CWE-502,7.2,1.2,34.0,,,0,,,HIGH
CVE-2021-39184,framework,CWE-668,6.8,2.2,3.0,,,0,,,MEDIUM
CVE-2021-41139,open,CWE-79,8.1,2.8,13.0,,,0,,,HIGH
CVE-2021-38344,plugin,CWE-79,6.4,3.1,23.0,,,1,,,MEDIUM
CVE-2021-38295,malicious,CWE-79,7.3,1.3,2.0,,,0,,,HIGH
CVE-2021-42329,function,CWE-79,5.4,2.3,1.0,0.0,0.0,0,0.0,0.0,MEDIUM
CVE-2021-42335,bulletin,CWE-79,5.4,2.3,2.0,,,0,,,MEDIUM
CVE-2021-40721,version,CWE-79,6.1,2.8,21.0,0.0,0.0,0,0.0,0.0,MEDIUM
CVE-2021-21796,exploitable,CWE-416,7.8,1.8,2.0,,,1,,,HIGH
CVE-2021-21797,exploitable,CWE-415,7.8,1.8,3.0,,,1,,,HIGH
CVE-2021-42575,before,NVD-CWE-noinfo,9.8,3.9,45.0,785.0,785.0,1,0.0,0.0,CRITICAL
CVE-2021-29878,and,CWE-79,5.4,2.3,41.0,,,0,,,MEDIUM
CVE-2021-41156,open,CWE-79,6.8,2.3,14.0,,,0,,,MEDIUM
CVE-2021-29912,vulnerable,CWE-79,5.4,2.3,38.0,,,0,,,MEDIUM
CVE-2021-33988,vulnerability,CWE-79,6.1,2.8,35.0,,,1,,,MEDIUM
CVE-2021-35550,the,NVD-CWE-noinfo,5.9,2.2,41.0,0.0,0.0,0,0.0,0.0,MEDIUM
CVE-2021-35556,the,NVD-CWE-noinfo,5.3,3.9,42.0,0.0,0.0,0,0.0,0.0,MEDIUM
CVE-2021-35559,the,NVD-CWE-noinfo,5.3,3.9,43.0,0.0,0.0,0,0.0,0.0,MEDIUM
CVE-2021-35560,the,NVD-CWE-noinfo,7.5,1.6,44.0,0.0,0.0,0,0.0,0.0,HIGH
CVE-2021-35561,the,NVD-CWE-noinfo,5.3,3.9,45.0,0.0,0.0,0,0.0,0.0,MEDIUM
CVE-2021-35564,the,NVD-CWE-noinfo,5.3,3.9,46.0,0.0,0.0,0,0.0,0.0,MEDIUM
CVE-2021-35565,the,NVD-CWE-noinfo,5.3,3.9,47.0,0.0,0.0,0,0.0,0.0,MEDIUM
CVE-2021-35567,the,NVD-CWE-noinfo,6.8,2.3,48.0,0.0,0.0,0,0.0,0.0,MEDIUM
CVE-2021-35578,the,NVD-CWE-noinfo,5.3,3.9,49.0,0.0,0.0,0,0.0,0.0,MEDIUM
CVE-2021-35586,the,NVD-CWE-noinfo,5.3,3.9,50.0,0.0,0.0,0,0.0,0.0,MEDIUM
CVE-2021-35588,the,NVD-CWE-noinfo,3.1,1.6,51.0,0.0,0.0,0,0.0,0.0,LOW
CVE-2021-35603,the,NVD-CWE-noinfo,3.7,2.2,52.0,0.0,0.0,0,0.0,0.0,LOW
CVE-2021-35619,the,NVD-CWE-noinfo,7.1,1.2,53.0,0.0,0.0,0,0.0,0.0,HIGH
CVE-2021-38896,through,CWE-79,6.1,2.8,35.0,,,0,,,MEDIUM
CVE-2021-41167,open,CWE-400,7.5,3.9,15.0,,,1,,,HIGH
CVE-2021-29835,and,CWE-79,6.1,2.8,42.0,,,0,,,MEDIUM
CVE-2021-25977,versions,CWE-79,5.4,2.3,51.0,853.0,853.0,0,1.0,0.0,MEDIUM
CVE-2021-24884,plugin,CWE-79,9.6,2.8,23.0,,,1,,,CRITICAL
CVE-2021-21319,membership,CWE-79,6.8,2.3,1.0,,,0,,,MEDIUM
CVE-2021-41178,productivity,CWE-23,8.8,2.8,1.0,1630.0,1630.0,0,3.0,0.5,HIGH
CVE-2021-41304,versions,CWE-79,6.1,2.8,52.0,853.0,853.0,0,1.0,0.0,MEDIUM
CVE-2021-41619,issue,CWE-94,7.2,1.2,34.0,112.0,112.0,0,0.0,0.0,HIGH
CVE-2021-29673,products,CWE-79,5.4,2.3,18.0,1162.0,1162.0,0,0.0,0.0,MEDIUM
CVE-2021-29713,products,CWE-79,5.4,2.3,19.0,1162.0,1162.0,0,0.0,0.0,MEDIUM
CVE-2019-19810,from,CWE-502,10.0,3.9,2.0,,,1,,,CRITICAL
CVE-2021-22097,versions,CWE-502,6.5,2.8,55.0,850.0,850.0,0,1.0,0.0,MEDIUM
CVE-2021-38356,plugin,CWE-79,6.1,2.8,24.0,,,1,,,MEDIUM
CVE-2021-41310,versions,CWE-79,6.1,2.8,56.0,846.0,846.0,0,1.0,0.0,MEDIUM
CVE-2021-33611,output,CWE-79,6.1,2.8,2.0,0.0,0.0,1,0.0,0.0,MEDIUM
CVE-2021-29771,vulnerable,CWE-79,5.4,2.3,38.0,,,0,,,MEDIUM
CVE-2021-41174,platform,CWE-79,6.9,1.6,4.0,,,0,,,MEDIUM
CVE-2021-38403,versions,CWE-79,5.5,2.3,57.0,844.0,844.0,0,1.0,0.0,MEDIUM
CVE-2021-38407,versions,CWE-79,5.5,2.3,58.0,844.0,844.0,0,1.0,0.0,MEDIUM
CVE-2021-38411,versions,CWE-79,5.5,2.3,59.0,844.0,844.0,0,1.0,0.0,MEDIUM
CVE-2021-38428,versions,CWE-79,5.5,2.3,60.0,844.0,844.0,0,1.0,0.0,MEDIUM
CVE-2021-38488,versions,CWE-79,5.5,2.3,61.0,844.0,844.0,0,1.0,0.0,MEDIUM
CVE-2021-41249,for,CWE-79,7.1,1.6,41.0,,,0,,,HIGH
CVE-2021-22260,stored,CWE-79,7.7,1.3,19.0,,,1,,,HIGH
CVE-2021-39906,validation,CWE-79,8.7,2.3,3.0,279.0,279.0,0,0.0,0.0,HIGH
CVE-2021-42662,vulnerability,CWE-79,5.4,2.3,36.0,,,1,,,MEDIUM
CVE-2021-42664,exists,CWE-79,5.4,2.3,4.0,,,1,,,MEDIUM
CVE-2021-25978,versions,CWE-79,5.4,2.3,60.0,840.0,840.0,0,1.0,0.0,MEDIUM
CVE-2020-4153,and,CWE-79,5.4,2.3,44.0,,,0,,,MEDIUM
CVE-2021-29735,and,CWE-79,5.4,2.3,45.0,,,0,,,MEDIUM
CVE-2021-24693,plugin,CWE-79,9.0,2.3,25.0,,,1,,,CRITICAL
CVE-2021-43570,verify,CWE-347,9.8,3.9,1.0,0.0,0.0,1,1.0,0.0,CRITICAL
CVE-2021-35488,allows,CWE-79,6.1,2.8,8.0,0.0,0.0,1,0.0,0.0,MEDIUM
CVE-2021-35489,allows,CWE-79,6.1,2.8,9.0,0.0,0.0,1,0.0,0.0,MEDIUM
CVE-2021-25974,versions,CWE-79,5.4,2.3,61.0,838.0,838.0,0,1.0,0.0,MEDIUM
CVE-2021-25975,publify,CWE-79,5.4,2.3,1.0,508.0,508.0,0,1.0,0.0,MEDIUM
CVE-2020-4140,vulnerable,CWE-79,5.4,2.3,37.0,,,0,,,MEDIUM
CVE-2021-43331,before,CWE-79,6.1,2.8,40.0,760.0,760.0,0,0.0,0.0,MEDIUM
CVE-2021-42838,info,CWE-79,6.1,2.8,1.0,,,0,,,MEDIUM
CVE-2021-42703,vulnerability,CWE-79,5.4,2.8,36.0,,,0,,,MEDIUM
CVE-2021-38982,and,CWE-79,5.4,2.3,46.0,,,0,,,MEDIUM
CVE-2021-41951,before,CWE-79,6.1,2.8,41.0,757.0,757.0,1,0.0,0.0,MEDIUM
CVE-2021-41269,library,CWE-94,10.0,3.9,20.0,1700.0,1700.0,1,7.0,5.83,CRITICAL
CVE-2021-25982,forum,CWE-79,6.1,2.8,1.0,628.0,628.0,0,0.0,0.0,MEDIUM
CVE-2021-25983,forum,CWE-79,6.1,2.8,2.0,628.0,628.0,0,0.0,0.0,MEDIUM
CVE-2021-25984,forum,CWE-79,6.1,2.8,3.0,628.0,628.0,0,0.0,0.0,MEDIUM
CVE-2021-35528,vulnerability,CWE-284,7.2,0.8,37.0,,,0,,,HIGH
CVE-2021-42360,sites,CWE-79,7.6,2.8,1.0,0.0,0.0,1,0.0,0.0,HIGH
CVE-2021-41164,open,CWE-79,8.2,2.3,17.0,,,0,,,HIGH
CVE-2021-41165,open,CWE-79,8.2,2.3,18.0,,,0,,,HIGH
CVE-2021-33489,through,CWE-79,6.1,2.8,33.0,,,1,,,MEDIUM
CVE-2021-33493,middleware,CWE-94,6.0,0.8,1.0,0.0,0.0,1,0.0,0.0,MEDIUM
CVE-2021-38377,through,CWE-330,6.1,2.8,34.0,,,1,,,MEDIUM
CVE-2021-23673,affects,CWE-79,5.4,2.8,7.0,,,1,,,MEDIUM
CVE-2021-25986,versions,CWE-79,5.4,2.3,61.0,824.0,824.0,0,1.0,0.0,MEDIUM
CVE-2021-36332,and,CWE-601,5.4,2.8,46.0,,,0,,,MEDIUM
CVE-2021-40369,carefully,CWE-79,6.1,2.8,1.0,,,0,,,MEDIUM
CVE-2021-43785,emoji,CWE-79,7.6,2.8,1.0,1394.0,1394.0,0,3.0,0.17,HIGH
CVE-2021-24918,plugin,CWE-79,5.4,2.3,26.0,,,1,,,MEDIUM
CVE-2021-43787,open,CWE-79,9.0,2.3,19.0,,,1,,,CRITICAL
CVE-2021-42118,operating,CWE-79,8.1,2.8,1.0,,,0,,,HIGH
CVE-2021-42119,operating,CWE-79,7.3,2.1,2.0,,,0,,,HIGH
CVE-2021-25987,versions,CWE-79,5.0,1.8,62.0,817.0,817.0,0,1.0,0.0,MEDIUM
CVE-2021-29849,and,CWE-79,6.1,2.8,47.0,,,0,,,MEDIUM
CVE-2021-23262,administrators,CWE-913,4.2,0.5,1.0,,,0,,,MEDIUM
CVE-2021-20493,and,CWE-79,6.1,2.8,48.0,,,0,,,MEDIUM
CVE-2021-38909,and,CWE-79,5.4,2.3,49.0,,,0,,,MEDIUM
CVE-2021-23562,affects,CWE-434,4.2,1.6,7.0,,,0,,,MEDIUM
CVE-2021-29116,stored,CWE-79,6.1,2.8,19.0,,,0,,,MEDIUM
CVE-2021-36760,possible,CWE-79,6.1,2.8,4.0,0.0,0.0,0,0.0,0.0,MEDIUM
CVE-2021-41029,improper,CWE-79,6.4,3.1,1.0,,,0,,,MEDIUM
CVE-2021-42752,improper,CWE-79,5.4,2.3,2.0,,,0,,,MEDIUM
CVE-2021-37941,local,CWE-269,7.8,1.8,1.0,380.0,380.0,0,0.0,0.0,HIGH
CVE-2021-38509,unusual,CWE-1021,4.3,2.8,1.0,,,0,,,MEDIUM
CVE-2021-43528,unexpectedly,CWE-269,6.5,2.8,1.0,,,0,,,MEDIUM
CVE-2021-20137,reflected,CWE-79,6.1,2.8,11.0,,,1,,,MEDIUM
CVE-2021-43703,vulnerability,NVD-CWE-Other,9.8,3.9,34.0,,,1,,,CRITICAL
CVE-2021-37935,information,CWE-200,7.5,3.9,1.0,0.0,0.0,0,2.0,0.0,HIGH
CVE-2021-24045,type,CWE-843,9.8,3.9,2.0,,,0,,,CRITICAL
CVE-2021-41272,client,CWE-681,7.5,3.9,4.0,,,0,,,HIGH
CVE-2021-42064,configured,CWE-89,9.8,3.9,1.0,,,0,,,CRITICAL
CVE-2021-44549,provides,CWE-295,7.4,2.2,3.0,0.0,0.0,0,0.0,0.0,HIGH
CVE-2021-44042,issue,CWE-116,9.8,3.9,33.0,64.0,64.0,0,0.0,0.0,CRITICAL
CVE-2021-39183,open,CWE-79,8.2,2.3,20.0,,,1,,,HIGH
CVE-2021-43827,library,CWE-755,4.3,2.8,20.0,1671.0,1671.0,0,7.0,5.83,MEDIUM
CVE-2021-38883,and,CWE-79,5.4,2.3,51.0,,,0,,,MEDIUM
CVE-2021-44163,chatbot,CWE-79,6.1,2.8,1.0,0.0,0.0,0,1.0,0.0,MEDIUM
CVE-2021-44916,affected,CWE-79,6.1,2.8,7.0,1564.0,1564.0,1,0.0,1.25,MEDIUM
CVE-2021-43842,wiki,CWE-79,5.4,2.3,2.0,1683.0,1683.0,0,6.0,0.5,MEDIUM
CVE-2021-38893,and,CWE-79,5.4,2.3,50.0,,,0,,,MEDIUM
CVE-2021-38966,for,CWE-79,5.4,2.3,43.0,,,0,,,MEDIUM
CVE-2021-43853,framework,CWE-79,8.7,2.3,4.0,,,0,,,HIGH
CVE-2021-45472,through,CWE-79,6.1,2.8,34.0,,,0,,,MEDIUM
CVE-2021-38961,vulnerable,CWE-79,6.1,2.8,38.0,,,0,,,MEDIUM
CVE-2021-43855,wiki,CWE-79,8.2,2.8,3.0,1677.0,1677.0,1,6.0,0.5,HIGH
CVE-2021-43856,wiki,CWE-79,8.2,2.8,4.0,1677.0,1677.0,1,6.0,0.5,HIGH
CVE-2021-45425,versions,CWE-79,6.1,2.8,59.0,789.0,789.0,1,1.0,0.0,MEDIUM
CVE-2021-45903,persistent,CWE-79,6.1,2.8,2.0,1609.0,1609.0,0,10.0,16.17,MEDIUM
CVE-2021-45812,affected,CWE-79,6.1,2.8,8.0,1556.0,1556.0,1,0.0,1.25,MEDIUM
CVE-2021-45813,affected,CWE-79,6.1,2.8,9.0,1556.0,1556.0,1,0.0,1.25,MEDIUM
CVE-2021-44832,versions,CWE-20,6.6,0.7,60.0,789.0,789.0,0,1.0,0.0,MEDIUM
CVE-2021-25993,versions,CWE-79,5.4,2.3,61.0,788.0,788.0,1,1.0,0.0,MEDIUM
CVE-2021-43861,based,CWE-20,7.2,1.2,3.0,,,0,,,HIGH
CVE-2021-43862,plugin,CWE-80,3.7,1.2,27.0,,,1,,,LOW
CVE-2021-38876,and,CWE-79,6.1,2.8,51.0,,,0,,,MEDIUM
CVE-2021-43942,versions,CWE-79,6.1,2.8,62.0,783.0,783.0,0,1.0,0.0,MEDIUM
CVE-2021-45979,and,CWE-78,7.8,1.8,52.0,,,0,,,HIGH
CVE-2021-45980,and,NVD-CWE-noinfo,7.8,1.8,53.0,,,0,,,HIGH
CVE-2021-43852,affected,CWE-74,8.8,2.8,7.0,1548.0,1548.0,0,0.0,1.25,HIGH
CVE-2022-21662,free,CWE-79,8.0,1.3,1.0,0.0,0.0,0,0.0,0.0,HIGH
CVE-2021-38895,and,CWE-79,5.4,2.3,54.0,,,0,,,MEDIUM
CVE-2022-22116,versions,CWE-79,5.4,2.3,62.0,776.0,776.0,1,1.0,0.0,MEDIUM
CVE-2022-21671,client,CWE-200,8.1,2.8,5.0,,,0,,,HIGH
CVE-2021-44649,does,CWE-79,5.4,2.3,2.0,,,1,,,MEDIUM
CVE-2021-43960,affected,CWE-79,4.8,1.7,8.0,1540.0,1540.0,1,0.0,1.25,MEDIUM
CVE-2022-21675,reverse,CWE-22,9.9,3.1,1.0,0.0,0.0,0,0.0,0.0,CRITICAL
CVE-2022-22112,versions,CWE-79,5.4,2.3,63.0,774.0,774.0,1,1.0,0.0,MEDIUM
CVE-2022-22123,versions,CWE-79,5.4,2.3,64.0,773.0,773.0,1,1.0,0.0,MEDIUM
CVE-2022-22124,versions,CWE-79,5.4,2.3,65.0,773.0,773.0,1,1.0,0.0,MEDIUM
CVE-2022-22125,versions,CWE-79,4.8,1.7,66.0,773.0,773.0,1,1.0,0.0,MEDIUM
CVE-2021-43761,offering,CWE-79,8.0,2.1,4.0,,,0,,,HIGH
CVE-2021-43764,offering,CWE-79,8.0,2.1,5.0,,,0,,,HIGH
CVE-2021-43765,offering,CWE-79,8.1,2.8,6.0,,,0,,,HIGH
CVE-2021-44176,offering,CWE-79,8.1,2.8,7.0,,,0,,,HIGH
CVE-2021-44177,offering,CWE-79,8.1,2.8,8.0,,,0,,,HIGH
CVE-2021-44178,offering,CWE-79,5.4,2.8,9.0,,,0,,,MEDIUM
CVE-2021-34994,vulnerability,CWE-20,8.8,2.8,34.0,,,0,,,HIGH
CVE-2021-24044,passing,CWE-843,9.8,3.9,1.0,,,0,,,CRITICAL
CVE-2020-28919,stored,CWE-79,5.4,2.3,17.0,,,1,,,MEDIUM
CVE-2022-21694,open,CWE-732,3.7,2.2,19.0,,,0,,,LOW
CVE-2022-21700,full,CWE-400,5.3,3.9,2.0,235.0,235.0,0,0.0,0.0,MEDIUM
CVE-2022-21248,the,NVD-CWE-noinfo,3.7,2.2,43.0,0.0,0.0,0,0.0,0.0,LOW
CVE-2022-21271,the,NVD-CWE-noinfo,5.3,3.9,44.0,0.0,0.0,0,0.0,0.0,MEDIUM
CVE-2022-21277,the,NVD-CWE-noinfo,5.3,3.9,45.0,0.0,0.0,0,0.0,0.0,MEDIUM
CVE-2022-21282,the,NVD-CWE-noinfo,5.3,3.9,46.0,0.0,0.0,0,0.0,0.0,MEDIUM
CVE-2022-21283,the,NVD-CWE-noinfo,5.3,3.9,47.0,0.0,0.0,0,0.0,0.0,MEDIUM
CVE-2022-21291,the,NVD-CWE-noinfo,5.3,3.9,48.0,0.0,0.0,0,0.0,0.0,MEDIUM
CVE-2022-21293,the,NVD-CWE-noinfo,5.3,3.9,49.0,0.0,0.0,0,0.0,0.0,MEDIUM
CVE-2022-21294,the,NVD-CWE-noinfo,5.3,3.9,50.0,0.0,0.0,0,0.0,0.0,MEDIUM
CVE-2022-21296,the,NVD-CWE-noinfo,5.3,3.9,51.0,0.0,0.0,0,0.0,0.0,MEDIUM
CVE-2022-21299,the,NVD-CWE-noinfo,5.3,3.9,52.0,0.0,0.0,0,0.0,0.0,MEDIUM
CVE-2022-21305,the,NVD-CWE-noinfo,5.3,3.9,53.0,0.0,0.0,0,0.0,0.0,MEDIUM
CVE-2022-21340,the,NVD-CWE-noinfo,5.3,3.9,54.0,0.0,0.0,0,0.0,0.0,MEDIUM
CVE-2022-21341,the,NVD-CWE-noinfo,5.3,3.9,55.0,0.0,0.0,0,0.0,0.0,MEDIUM
CVE-2022-21349,the,NVD-CWE-noinfo,5.3,3.9,56.0,0.0,0.0,0,0.0,0.0,MEDIUM
CVE-2022-21360,the,NVD-CWE-noinfo,5.3,3.9,57.0,0.0,0.0,0,0.0,0.0,MEDIUM
CVE-2022-21365,the,NVD-CWE-noinfo,5.3,3.9,58.0,0.0,0.0,0,0.0,0.0,MEDIUM
CVE-2022-21366,the,NVD-CWE-noinfo,5.3,3.9,59.0,0.0,0.0,0,0.0,0.0,MEDIUM
CVE-2022-21393,the,NVD-CWE-noinfo,4.3,2.8,60.0,0.0,0.0,0,0.0,0.0,MEDIUM
CVE-2021-46030,attack,CWE-79,5.4,2.3,1.0,759.0,759.0,1,0.0,0.0,MEDIUM
CVE-2021-26247,unauthenticated,CWE-79,6.1,2.8,1.0,,,0,,,MEDIUM
CVE-2022-23045,allows,CWE-79,4.8,1.7,9.0,0.0,0.0,1,0.0,0.0,MEDIUM
CVE-2021-33848,version,CWE-79,5.4,2.8,19.0,0.0,0.0,0,0.0,0.0,MEDIUM
CVE-2021-43355,version,CWE-603,7.3,3.9,20.0,0.0,0.0,0,0.0,0.0,HIGH
CVE-2021-24423,plugin,CWE-79,4.8,1.7,27.0,,,1,,,MEDIUM
CVE-2022-23437,vulnerability,CWE-835,6.5,2.8,34.0,,,0,,,MEDIUM
CVE-2021-45224,issue,CWE-79,6.1,2.8,30.0,23.0,23.0,1,0.0,0.0,MEDIUM
CVE-2022-23008,versions,CWE-94,5.4,2.3,67.0,761.0,761.0,0,1.0,0.0,MEDIUM
CVE-2022-23013,version,CWE-79,8.8,2.8,21.0,0.0,0.0,0,0.0,0.0,HIGH
CVE-2021-41766,allows,CWE-502,8.1,2.2,10.0,0.0,0.0,0,0.0,0.0,HIGH
CVE-2021-46065,scripting,CWE-79,4.8,1.7,48.0,,,1,,,MEDIUM
CVE-2021-43859,open,CWE-400,7.5,3.9,18.0,,,1,,,HIGH
CVE-2022-23596,open,CWE-835,7.5,3.9,19.0,,,1,,,HIGH
CVE-2021-24814,action,CWE-79,9.6,2.8,1.0,0.0,0.0,1,0.0,0.0,CRITICAL
CVE-2022-0220,action,CWE-116,6.1,2.8,2.0,0.0,0.0,1,0.0,0.0,MEDIUM
CVE-2021-40420,vulnerability,CWE-416,8.8,2.8,35.0,,,1,,,HIGH
CVE-2022-0218,plugin,CWE-79,8.3,3.9,28.0,,,1,,,HIGH
CVE-2022-22150,memory,CWE-460,8.8,2.8,1.0,1137.0,1137.0,1,0.0,0.0,HIGH
CVE-2022-0473,administrators,CWE-79,3.8,1.2,2.0,,,0,,,LOW
CVE-2022-24682,issue,CWE-116,6.1,2.8,30.0,7.0,7.0,1,0.0,0.0,MEDIUM
CVE-2022-23631,superjson,CWE-94,9.0,2.2,1.0,0.0,0.0,1,1.0,0.0,CRITICAL
CVE-2022-22532,versions,CWE-444,9.8,3.9,67.0,746.0,746.0,0,1.0,0.0,CRITICAL
CVE-2022-22533,improper,CWE-416,7.5,3.9,3.0,,,0,,,HIGH
CVE-2022-22536,and,CWE-444,10.0,3.9,53.0,,,0,,,CRITICAL
CVE-2022-22812,vulnerability,CWE-79,6.1,2.8,35.0,,,0,,,MEDIUM
CVE-2022-23047,allows,CWE-79,4.8,1.7,11.0,0.0,0.0,1,0.0,0.0,MEDIUM
CVE-2022-23049,allows,CWE-79,5.4,2.3,12.0,0.0,0.0,1,0.0,0.0,MEDIUM
CVE-2022-0020,stored,CWE-79,6.8,0.9,18.0,,,0,,,MEDIUM
CVE-2022-24289,serialization,CWE-502,8.8,2.8,1.0,0.0,0.0,0,0.0,0.0,HIGH
CVE-2021-42940,vulnerability,CWE-79,9.9,3.1,36.0,,,1,,,CRITICAL
CVE-2022-23707,vulnerability,CWE-79,5.4,2.3,37.0,,,0,,,MEDIUM
CVE-2021-25115,plugin,CWE-79,6.4,3.1,29.0,,,1,,,MEDIUM
CVE-2021-39079,for,CWE-79,5.4,2.3,42.0,,,0,,,MEDIUM
CVE-2022-23637,application,CWE-79,6.1,2.8,2.0,0.0,0.0,0,0.0,0.0,MEDIUM
CVE-2021-4106,vulnerability,CWE-691,7.8,1.8,36.0,,,0,,,HIGH
CVE-2021-46372,base,CWE-79,5.4,2.3,1.0,445.0,445.0,1,0.0,0.0,MEDIUM
CVE-2022-24358,vulnerability,CWE-125,8.8,2.8,37.0,,,0,,,HIGH
CVE-2022-25256,allows,CWE-79,6.1,2.8,12.0,0.0,0.0,0,0.0,0.0,MEDIUM
CVE-2022-22126,versions,CWE-79,6.1,2.8,61.0,735.0,735.0,0,1.0,0.0,MEDIUM
CVE-2022-23053,versions,CWE-79,6.1,2.8,62.0,735.0,735.0,0,1.0,0.0,MEDIUM
CVE-2022-23054,versions,CWE-79,6.1,2.8,63.0,735.0,735.0,0,1.0,0.0,MEDIUM
CVE-2021-43943,versions,CWE-79,4.8,1.7,64.0,732.0,732.0,0,1.0,0.0,MEDIUM
CVE-2021-44565,vulnerability,CWE-79,5.4,2.3,38.0,,,1,,,MEDIUM
CVE-2022-24708,open,CWE-79,6.5,2.3,19.0,,,0,,,MEDIUM
CVE-2022-24709,the,CWE-79,8.8,2.8,59.0,0.0,0.0,0,0.0,0.0,HIGH
CVE-2022-24948,carefully,CWE-79,6.1,2.8,2.0,,,0,,,MEDIUM
CVE-2021-37504,scripting,CWE-79,6.1,2.8,42.0,,,0,,,MEDIUM
CVE-2021-43945,versions,CWE-79,4.8,1.7,64.0,728.0,728.0,0,1.0,0.0,MEDIUM
CVE-2021-45414,vulnerability,NVD-CWE-noinfo,9.8,3.9,39.0,,,1,,,CRITICAL
CVE-2021-46387,affected,CWE-79,6.1,2.8,7.0,1493.0,1493.0,1,0.0,1.25,MEDIUM
CVE-2022-23656,open,CWE-79,4.6,2.1,20.0,,,0,,,MEDIUM
CVE-2021-40637,affected,CWE-79,6.1,2.8,8.0,1491.0,1491.0,1,0.0,1.25,MEDIUM
CVE-2022-24723,mutation,CWE-20,5.3,3.9,1.0,1465.0,1465.0,1,1.0,1.17,MEDIUM
CVE-2022-23051,allows,CWE-79,5.4,2.3,12.0,0.0,0.0,1,0.0,0.0,MEDIUM
CVE-2022-23710,vulnerability,CWE-79,6.1,2.8,40.0,,,0,,,MEDIUM
CVE-2022-24725,shell,CWE-200,6.2,2.5,1.0,0.0,0.0,1,0.0,0.0,MEDIUM
CVE-2022-25220,allows,CWE-79,4.8,1.7,13.0,0.0,0.0,1,0.0,0.0,MEDIUM
CVE-2021-43392,and,CWE-347,6.2,2.5,51.0,,,0,,,MEDIUM
CVE-2021-43393,and,CWE-347,6.2,2.5,52.0,,,0,,,MEDIUM
CVE-2021-44748,vulnerability,CWE-79,5.5,2.1,38.0,,,0,,,MEDIUM
CVE-2021-41541,vulnerability,CWE-79,6.1,2.8,39.0,,,0,,,MEDIUM
CVE-2021-41542,vulnerability,CWE-79,6.1,2.8,40.0,,,0,,,MEDIUM
CVE-2022-24282,vulnerability,CWE-502,7.2,1.2,41.0,,,0,,,HIGH
CVE-2022-24917,authenticated,CWE-79,3.7,1.2,1.0,,,0,,,LOW
CVE-2022-24918,authenticated,CWE-79,3.7,1.2,2.0,,,0,,,LOW
CVE-2022-24919,authenticated,CWE-79,3.7,1.2,3.0,,,0,,,LOW
CVE-2022-24744,open,CWE-613,2.6,1.2,20.0,,,0,,,LOW
CVE-2022-24745,open,CWE-384,4.8,2.2,21.0,,,0,,,MEDIUM
CVE-2022-24746,open,CWE-79,6.1,2.8,22.0,,,0,,,MEDIUM
CVE-2022-24747,open,CWE-200,6.3,1.8,23.0,,,0,,,MEDIUM
CVE-2022-24748,open,CWE-287,6.8,1.6,24.0,,,0,,,MEDIUM
CVE-2021-32005,vulnerability,CWE-79,6.5,2.3,42.0,,,0,,,MEDIUM
CVE-2021-44032,before,NVD-CWE-Other,7.5,3.9,29.0,642.0,642.0,1,0.0,0.0,HIGH
CVE-2022-21146,scripting,CWE-79,6.3,2.8,43.0,,,0,,,MEDIUM
CVE-2022-21158,stored,CWE-79,5.4,2.3,19.0,,,0,,,MEDIUM
CVE-2022-24432,scripting,CWE-79,5.5,2.1,44.0,,,0,,,MEDIUM
CVE-2022-26520,pgjdbc,NVD-CWE-noinfo,9.8,3.9,1.0,,,0,,,CRITICAL
CVE-2020-36518,before,CWE-787,7.5,3.9,31.0,642.0,642.0,1,0.0,0.0,HIGH
CVE-2021-32009,vulnerability,CWE-79,5.0,1.6,43.0,,,0,,,MEDIUM
CVE-2022-23731,javascript,CWE-264,7.8,1.8,1.0,1293.0,1293.0,0,3.0,0.67,HIGH
CVE-2021-45888,issue,CWE-79,4.8,1.7,25.0,0.0,0.0,1,0.0,0.0,MEDIUM
CVE-2021-39055,through,CWE-79,5.4,2.3,24.0,,,0,,,MEDIUM
CVE-2022-27203,and,CWE-22,6.5,2.8,52.0,,,0,,,MEDIUM
CVE-2021-43956,deserialize,CWE-1321,6.1,2.8,1.0,1336.0,1336.0,0,3.0,0.33,MEDIUM
CVE-2021-42552,vulnerability,CWE-79,6.1,2.8,44.0,,,1,,,MEDIUM
CVE-2021-45822,scripting,CWE-79,6.1,2.8,45.0,,,1,,,MEDIUM
CVE-2022-24728,open,CWE-79,5.4,2.3,25.0,,,0,,,MEDIUM
CVE-2022-24072,devtools,CWE-269,6.1,2.8,1.0,535.0,535.0,0,1.0,0.0,MEDIUM
CVE-2022-24075,browser,CWE-552,6.5,2.8,1.0,,,0,,,MEDIUM
CVE-2022-0748,package,CWE-79,9.8,3.9,3.0,0.0,0.0,1,0.0,0.0,CRITICAL
CVE-2022-25760,versions,CWE-94,7.1,1.6,64.0,711.0,711.0,1,1.0,0.0,HIGH
CVE-2022-24771,called,CWE-347,7.5,3.9,1.0,607.0,607.0,0,0.0,0.0,HIGH
CVE-2022-24772,called,CWE-347,7.5,3.9,2.0,607.0,607.0,0,0.0,0.0,HIGH
CVE-2022-24773,called,CWE-347,5.3,3.9,3.0,607.0,607.0,0,0.0,0.0,MEDIUM
CVE-2022-22589,validation,NVD-CWE-Other,6.1,2.8,4.0,145.0,145.0,0,0.0,0.0,MEDIUM
CVE-2022-27246,issue,CWE-79,6.1,2.8,26.0,0.0,0.0,0,0.0,0.0,MEDIUM
CVE-2022-0475,translator,CWE-79,3.5,0.9,1.0,0.0,0.0,0,0.0,0.0,LOW
CVE-2022-26494,was,CWE-79,4.8,1.7,5.0,0.0,0.0,0,0.0,0.0,MEDIUM
CVE-2022-21718,framework,CWE-668,3.4,1.7,5.0,,,0,,,LOW
CVE-2022-25221,allows,CWE-79,6.1,2.8,14.0,0.0,0.0,1,0.0,0.0,MEDIUM
CVE-2021-44751,vulnerability,CWE-276,4.3,0.9,44.0,,,0,,,MEDIUM
CVE-2021-44683,browser,CWE-1021,8.2,2.8,2.0,,,1,,,HIGH
CVE-2022-24783,runtime,CWE-269,10.0,3.9,2.0,0.0,0.0,0,0.0,0.0,CRITICAL
CVE-2021-40906,software,CWE-79,6.1,2.8,2.0,0.0,0.0,0,0.0,0.0,MEDIUM
CVE-2022-23059,vulnerability,CWE-79,4.8,1.7,45.0,,,1,,,MEDIUM
CVE-2022-26947,through,CWE-79,6.3,2.1,25.0,,,0,,,MEDIUM
CVE-2022-26951,through,CWE-79,6.5,2.8,26.0,,,0,,,MEDIUM
CVE-2022-24131,affected,CWE-79,6.1,2.8,9.0,1464.0,1464.0,1,0.0,1.25,MEDIUM
CVE-2021-44310,issue,CWE-79,4.8,1.7,25.0,0.0,0.0,1,0.0,0.0,MEDIUM
CVE-2022-24802,typescript,CWE-915,8.1,2.2,1.0,0.0,0.0,0,0.0,0.0,HIGH
CVE-2022-24785,date,CWE-22,7.5,3.9,1.0,,,0,,,HIGH
CVE-2022-24814,and,CWE-79,8.8,2.8,49.0,,,0,,,HIGH
CVE-2021-39114,versions,CWE-94,8.8,2.8,68.0,692.0,692.0,0,1.0,0.0,HIGH
CVE-2020-19229,uses,CWE-502,9.8,3.9,2.0,,,1,,,CRITICAL
CVE-2022-28650,before,CWE-79,7.3,2.1,28.0,616.0,616.0,0,0.0,0.0,HIGH
CVE-2021-40374,stored,CWE-79,5.4,2.3,20.0,,,1,,,MEDIUM
CVE-2022-20763,vulnerability,CWE-502,5.4,2.8,46.0,,,0,,,MEDIUM
CVE-2022-24229,scripting,CWE-79,6.1,2.8,21.0,,,1,,,MEDIUM
CVE-2022-0840,plugin,CWE-79,4.8,1.7,28.0,,,1,,,MEDIUM
CVE-2021-39068,and,CWE-79,5.4,2.3,50.0,,,0,,,MEDIUM
CVE-2022-24827,library,CWE-89,8.1,2.2,6.0,1553.0,1553.0,0,7.0,5.83,HIGH
CVE-2022-24833,minimalist,CWE-79,8.2,2.8,1.0,0.0,0.0,1,0.0,0.0,HIGH
CVE-2022-24839,html,CWE-400,7.5,3.9,1.0,0.0,0.0,0,1.0,0.0,HIGH
CVE-2022-27139,arbitrary,CWE-434,9.8,3.9,1.0,,,1,,,CRITICAL
CVE-2022-27669,unauthenticated,CWE-862,7.5,3.9,2.0,,,0,,,HIGH
CVE-2022-28795,vulnerability,NVD-CWE-noinfo,6.5,2.8,47.0,,,0,,,MEDIUM
CVE-2021-42136,stored,CWE-79,9.0,2.3,20.0,,,1,,,CRITICAL
CVE-2022-24816,project,CWE-94,10.0,3.9,1.0,,,0,,,CRITICAL
CVE-2022-24818,open,CWE-20,8.2,1.5,26.0,,,0,,,HIGH
CVE-2022-24847,open,CWE-20,7.2,1.2,27.0,,,0,,,HIGH
CVE-2021-43288,issue,CWE-79,5.4,2.3,26.0,0.0,0.0,1,0.0,0.0,MEDIUM
CVE-2021-45228,issue,CWE-79,5.4,2.3,27.0,0.0,0.0,1,0.0,0.0,MEDIUM
CVE-2022-21145,stored,CWE-80,4.8,1.7,21.0,,,1,,,MEDIUM
CVE-2022-24846,tile,CWE-20,9.1,2.3,1.0,0.0,0.0,0,0.0,0.0,CRITICAL
CVE-2022-0661,plugin,CWE-94,7.2,1.2,29.0,,,1,,,HIGH
CVE-2022-0765,plugin,CWE-79,5.4,2.3,30.0,,,1,,,MEDIUM
CVE-2022-21426,the,NVD-CWE-noinfo,5.3,3.9,49.0,0.0,0.0,0,0.0,0.0,MEDIUM
CVE-2022-21434,the,NVD-CWE-noinfo,5.3,3.9,50.0,0.0,0.0,0,0.0,0.0,MEDIUM
CVE-2022-21443,the,NVD-CWE-noinfo,3.7,2.2,51.0,0.0,0.0,0,0.0,0.0,LOW
CVE-2022-21449,the,NVD-CWE-noinfo,7.5,3.9,52.0,0.0,0.0,0,0.0,0.0,HIGH
CVE-2022-21476,the,NVD-CWE-noinfo,7.5,3.9,53.0,0.0,0.0,0,0.0,0.0,HIGH
CVE-2022-21496,the,NVD-CWE-noinfo,5.3,3.9,54.0,0.0,0.0,0,0.0,0.0,MEDIUM
CVE-2022-21498,the,NVD-CWE-noinfo,6.5,2.8,55.0,0.0,0.0,0,0.0,0.0,MEDIUM
CVE-2022-0070,fix,CWE-250,8.8,2.0,1.0,0.0,0.0,1,0.0,0.0,HIGH
CVE-2022-25344,issue,CWE-79,6.1,2.8,27.0,0.0,0.0,1,0.0,0.0,MEDIUM
CVE-2022-24799,the,CWE-79,9.6,2.8,56.0,0.0,0.0,0,0.0,0.0,CRITICAL
CVE-2022-24864,blockchain,CWE-79,4.1,2.3,1.0,0.0,0.0,0,0.0,0.0,MEDIUM
CVE-2022-26133,versions,CWE-502,9.8,3.9,66.0,676.0,676.0,0,1.0,0.0,CRITICAL
CVE-2022-29532,issue,CWE-79,4.8,1.7,28.0,0.0,0.0,1,0.0,0.0,MEDIUM
CVE-2021-41161,web,CWE-79,9.3,2.8,7.0,,,0,,,CRITICAL
CVE-2022-22435,vulnerable,CWE-79,5.4,2.3,28.0,,,0,,,MEDIUM
CVE-2022-22436,vulnerable,CWE-79,5.4,2.3,29.0,,,0,,,MEDIUM
CVE-2022-24867,and,CWE-200,7.5,3.9,51.0,,,0,,,HIGH
CVE-2022-24868,and,CWE-79,7.3,2.1,52.0,,,0,,,HIGH
CVE-2022-28820,version,CWE-79,6.1,2.8,17.0,0.0,0.0,0,0.0,0.0,MEDIUM
CVE-2022-26673,has,CWE-79,5.4,2.3,1.0,0.0,0.0,0,0.0,0.0,MEDIUM
CVE-2021-32927,attacker,CWE-79,7.1,2.8,1.0,,,0,,,HIGH
CVE-2021-38946,and,CWE-79,5.4,2.3,53.0,,,0,,,MEDIUM
CVE-2022-1439,repository,CWE-79,6.1,2.8,1.0,,,1,,,MEDIUM
CVE-2022-28586,edit,CWE-79,6.1,2.8,1.0,0.0,0.0,1,0.0,0.0,MEDIUM
CVE-2022-29078,ejs,CWE-94,9.8,3.9,1.0,,,1,,,CRITICAL
CVE-2022-1027,plugin,CWE-79,4.8,1.7,31.0,,,1,,,MEDIUM
CVE-2022-28448,vulnerable,CWE-79,5.4,2.3,30.0,,,1,,,MEDIUM
CVE-2022-28450,vulnerable,CWE-79,5.4,2.3,31.0,,,1,,,MEDIUM
CVE-2021-41041,before,CWE-252,5.3,3.9,26.0,595.0,595.0,0,0.0,0.0,MEDIUM
CVE-2022-22345,and,CWE-79,4.8,1.7,54.0,,,0,,,MEDIUM
CVE-2021-43932,vulnerable,CWE-79,9.0,2.3,29.0,,,0,,,CRITICAL
CVE-2021-38952,vulnerable,CWE-79,5.4,2.3,30.0,,,0,,,MEDIUM
CVE-2022-22322,vulnerable,CWE-79,5.4,2.3,31.0,,,0,,,MEDIUM
CVE-2022-22427,vulnerable,CWE-79,6.1,2.8,32.0,,,0,,,MEDIUM
CVE-2022-22443,vulnerable,CWE-79,5.4,2.3,33.0,,,0,,,MEDIUM
CVE-2022-29584,before,CWE-79,5.4,2.3,27.0,593.0,593.0,0,0.0,0.0,MEDIUM
CVE-2022-1530,repository,CWE-79,6.1,2.8,2.0,,,1,,,MEDIUM
CVE-2022-29936,before,CWE-502,8.8,2.8,28.0,592.0,592.0,1,0.0,0.0,HIGH
CVE-2022-23060,vulnerability,CWE-79,4.8,1.7,47.0,,,1,,,MEDIUM
CVE-2022-21230,affects,NVD-CWE-Other,5.5,1.8,4.0,,,0,,,MEDIUM
CVE-2021-31674,and,CWE-79,6.1,2.8,55.0,,,1,,,MEDIUM
CVE-2022-23065,versions,CWE-79,5.4,2.3,65.0,664.0,664.0,1,1.0,0.0,MEDIUM
CVE-2022-1255,and,CWE-79,4.8,1.7,56.0,,,1,,,MEDIUM
CVE-2022-24897,evaluate,CWE-22,7.5,1.6,1.0,1234.0,1234.0,1,1.0,0.17,HIGH
CVE-2020-23620,all,CWE-502,9.8,3.9,3.0,,,0,,,CRITICAL
CVE-2020-23621,all,CWE-502,9.8,3.9,4.0,,,0,,,CRITICAL
CVE-2022-1571,scripting,CWE-79,6.1,2.8,21.0,,,1,,,MEDIUM
CVE-2022-25781,vulnerability,CWE-79,4.2,1.6,48.0,,,0,,,MEDIUM
CVE-2022-1584,repository,CWE-79,6.1,2.8,3.0,,,1,,,MEDIUM
CVE-2022-1464,xss,CWE-79,5.4,2.3,1.0,,,1,,,MEDIUM
CVE-2022-27230,all,CWE-79,7.5,1.6,5.0,,,0,,,HIGH
CVE-2022-27878,all,CWE-79,6.8,0.9,6.0,,,0,,,MEDIUM
CVE-2022-27880,versions,CWE-79,4.8,1.7,66.0,661.0,661.0,0,1.0,0.0,MEDIUM
CVE-2022-28707,versions,CWE-79,8.0,2.1,67.0,661.0,661.0,0,1.0,0.0,HIGH
CVE-2022-28716,versions,CWE-79,7.5,1.6,68.0,661.0,661.0,0,1.0,0.0,HIGH
CVE-2022-24823,asynchronous,CWE-378,5.5,1.8,1.0,0.0,0.0,1,0.0,0.0,MEDIUM
CVE-2021-27760,issue,CWE-20,4.6,2.1,29.0,0.0,0.0,0,0.0,0.0,MEDIUM
CVE-2022-24039,vulnerability,CWE-75,9.0,2.3,48.0,,,0,,,CRITICAL
CVE-2021-39024,and,CWE-79,6.1,2.8,56.0,,,0,,,MEDIUM
CVE-2021-39059,and,CWE-79,5.4,2.3,56.0,,,0,,,MEDIUM
CVE-2022-22320,and,CWE-79,4.8,1.7,57.0,,,0,,,MEDIUM
CVE-2021-31330,vulnerability,CWE-79,5.4,2.3,48.0,,,1,,,MEDIUM
CVE-2022-30557,and,CWE-843,7.5,3.9,58.0,,,0,,,HIGH
CVE-2022-28873,vulnerability,NVD-CWE-noinfo,4.3,0.9,49.0,,,0,,,MEDIUM
CVE-2022-21238,scripting,CWE-80,6.1,2.8,21.0,,,1,,,MEDIUM
CVE-2022-25172,information,CWE-1004,6.1,2.8,2.0,0.0,0.0,1,2.0,0.0,MEDIUM
CVE-2022-28818,versions,CWE-79,6.1,2.8,68.0,654.0,654.0,0,1.0,0.0,MEDIUM
CVE-2022-22970,spring,CWE-770,5.3,1.6,3.0,0.0,0.0,0,4.0,0.0,MEDIUM
CVE-2022-30782,through,CWE-330,7.5,3.9,24.0,,,0,,,HIGH
CVE-2022-30013,stored,CWE-79,5.4,2.3,20.0,,,1,,,MEDIUM
CVE-2021-27442,product,CWE-79,9.4,3.9,1.0,0.0,0.0,0,0.0,0.0,CRITICAL
CVE-2022-30110,file,CWE-79,6.1,2.8,3.0,0.0,0.0,0,0.0,0.0,MEDIUM
CVE-2022-30970,and,CWE-79,5.4,2.3,59.0,,,0,,,MEDIUM
CVE-2022-25224,allows,CWE-79,5.4,2.3,14.0,0.0,0.0,1,0.0,0.0,MEDIUM
CVE-2022-30551,allows,CWE-400,7.5,3.9,15.0,0.0,0.0,0,0.0,0.0,HIGH
CVE-2022-24045,vulnerability,CWE-614,6.5,2.8,49.0,,,0,,,MEDIUM
CVE-2022-24905,declarative,CWE-20,4.3,2.8,1.0,0.0,0.0,0,1.0,0.0,MEDIUM
CVE-2021-39043,and,CWE-79,5.4,2.3,59.0,,,0,,,MEDIUM
CVE-2022-1093,plugin,CWE-79,4.8,1.7,32.0,,,1,,,MEDIUM
CVE-2022-29219,implementation,CWE-190,7.5,3.9,3.0,,,0,,,HIGH
CVE-2022-29249,library,CWE-327,7.5,3.9,7.0,1510.0,1510.0,0,7.0,5.83,HIGH
CVE-2022-29091,and,CWE-79,5.3,3.9,60.0,,,0,,,MEDIUM
CVE-2022-20765,vulnerability,CWE-80,4.8,1.7,50.0,,,0,,,MEDIUM
CVE-2022-0642,plugin,CWE-352,5.4,2.3,33.0,,,1,,,MEDIUM
CVE-2022-1528,plugin,CWE-79,6.1,2.8,34.0,,,1,,,MEDIUM
CVE-2021-27914,scripting,CWE-79,7.6,1.0,21.0,,,0,,,HIGH
CVE-2022-28799,application,CWE-425,8.8,2.8,4.0,0.0,0.0,0,0.0,0.0,HIGH
CVE-2022-30999,extension,CWE-79,8.7,2.3,1.0,0.0,0.0,1,0.0,0.0,HIGH
CVE-2022-31018,web,CWE-400,7.5,3.9,8.0,,,0,,,HIGH
CVE-2021-45983,allows,NVD-CWE-noinfo,9.8,3.9,16.0,0.0,0.0,0,0.0,0.0,CRITICAL
CVE-2022-26497,allows,CWE-79,5.4,2.3,17.0,0.0,0.0,1,0.0,0.0,MEDIUM
CVE-2022-31023,web,CWE-209,5.9,2.2,9.0,,,0,,,MEDIUM
CVE-2022-26866,before,CWE-79,5.5,2.3,25.0,558.0,558.0,0,0.0,0.0,MEDIUM
CVE-2022-32269,the,CWE-79,9.8,3.9,53.0,0.0,0.0,1,0.0,0.0,CRITICAL
CVE-2022-1940,vulnerability,CWE-79,7.7,1.3,50.0,,,0,,,HIGH
CVE-2022-28051,functionality,CWE-79,5.4,2.3,1.0,,,1,,,MEDIUM
CVE-2022-30746,caller,CWE-285,7.5,3.9,1.0,0.0,0.0,0,0.0,0.0,HIGH
CVE-2022-31470,vulnerability,CWE-79,6.1,2.8,51.0,,,0,,,MEDIUM
CVE-2022-21122,package,CWE-94,9.0,2.2,5.0,0.0,0.0,1,0.0,0.0,CRITICAL
CVE-2022-1695,plugin,CWE-352,4.3,2.8,35.0,,,1,,,MEDIUM
CVE-2022-25804,issue,CWE-276,5.5,1.8,30.0,0.0,0.0,1,0.0,0.0,MEDIUM
CVE-2021-41502,issue,CWE-79,5.4,2.3,30.0,0.0,0.0,1,0.0,0.0,MEDIUM
CVE-2022-31053,authentication,CWE-347,9.8,3.9,1.0,0.0,0.0,1,0.0,0.0,CRITICAL
CVE-2022-29247,framework,CWE-668,2.2,0.7,7.0,,,0,,,LOW
CVE-2022-29257,framework,CWE-20,6.6,0.7,8.0,,,0,,,MEDIUM
CVE-2022-25167,versions,CWE-20,9.8,3.9,69.0,622.0,622.0,0,1.0,0.0,CRITICAL
CVE-2022-29034,vulnerability,CWE-79,6.1,2.8,49.0,,,1,,,MEDIUM
CVE-2022-31619,vulnerability,CWE-798,8.8,2.8,50.0,,,0,,,HIGH
CVE-2022-29614,startservice,CWE-269,5.0,0.3,1.0,,,1,,,MEDIUM
CVE-2021-41420,stored,CWE-79,5.4,2.3,20.0,,,1,,,MEDIUM
CVE-2022-33915,the,CWE-362,7.0,1.0,53.0,0.0,0.0,0,0.0,0.0,HIGH
CVE-2022-25772,scripting,CWE-79,9.6,2.8,21.0,,,0,,,CRITICAL
CVE-2022-23072,versions,CWE-79,3.5,6.8,71.0,615.0,615.0,1,1.0,0.0,LOW
CVE-2022-23073,versions,CWE-79,3.5,6.8,72.0,615.0,615.0,1,1.0,0.0,LOW
CVE-2021-41432,stored,CWE-79,5.4,2.3,21.0,,,1,,,MEDIUM
CVE-2022-1667,controls,CWE-841,7.5,3.9,1.0,,,0,,,HIGH
CVE-2022-2105,controls,CWE-841,9.4,3.9,2.0,,,0,,,CRITICAL
CVE-2021-39047,and,CWE-79,6.1,2.8,54.0,,,0,,,MEDIUM
CVE-2022-22502,and,CWE-79,5.4,2.3,55.0,,,0,,,MEDIUM
CVE-2022-27238,version,CWE-79,5.4,2.3,17.0,0.0,0.0,0,0.0,0.0,MEDIUM
CVE-2021-38871,and,CWE-79,5.4,2.3,56.0,,,0,,,MEDIUM
CVE-2022-29096,and,CWE-79,6.1,2.8,57.0,,,0,,,MEDIUM
CVE-2022-33910,vulnerability,CWE-79,5.4,2.3,52.0,,,1,,,MEDIUM
CVE-2022-29168,secure,CWE-79,9.6,2.8,1.0,1397.0,1397.0,0,1.0,0.5,CRITICAL
CVE-2022-1028,and,CWE-79,4.8,1.7,58.0,,,1,,,MEDIUM
CVE-2022-1029,plugin,CWE-79,4.8,1.7,34.0,,,1,,,MEDIUM
CVE-2022-1321,plugin,CWE-79,4.8,1.7,35.0,,,1,,,MEDIUM
CVE-2022-1995,plugin,CWE-79,4.8,1.7,36.0,,,1,,,MEDIUM
CVE-2022-31064,open,CWE-79,6.5,2.3,26.0,,,1,,,MEDIUM
CVE-2022-31065,open,CWE-79,6.5,2.3,27.0,,,0,,,MEDIUM
CVE-2022-31094,web,CWE-79,7.1,2.8,8.0,,,0,,,HIGH
CVE-2022-31108,based,CWE-74,4.1,2.3,2.0,,,1,,,MEDIUM
CVE-2022-28803,through,CWE-79,5.4,2.3,23.0,,,0,,,MEDIUM
CVE-2021-39074,vulnerable,CWE-79,6.1,2.8,29.0,,,0,,,MEDIUM
CVE-2013-4170,general,CWE-79,6.1,2.8,1.0,0.0,0.0,0,0.0,0.0,MEDIUM
CVE-2022-23719,prior,CWE-288,7.2,0.6,11.0,74.0,74.0,0,2.0,0.0,HIGH
CVE-2022-2230,vulnerability,CWE-79,8.1,1.7,53.0,,,0,,,HIGH
CVE-2022-31113,open,CWE-79,6.3,2.8,28.0,,,0,,,MEDIUM
CVE-2022-34911,issue,CWE-79,6.1,2.8,27.0,0.0,0.0,0,0.0,0.0,MEDIUM
CVE-2022-35229,authenticated,CWE-79,3.7,1.2,4.0,,,0,,,LOW
CVE-2022-35230,authenticated,CWE-79,3.7,1.2,5.0,,,0,,,LOW
CVE-2022-23713,vulnerability,CWE-79,6.1,2.8,53.0,,,0,,,MEDIUM
CVE-2022-31129,moment,CWE-400,7.5,3.9,1.0,0.0,0.0,1,2.0,0.0,HIGH
CVE-2015-5236,was,CWE-345,7.5,3.9,4.0,0.0,0.0,1,0.0,0.0,HIGH
CVE-2022-31133,versions,CWE-79,5.9,1.7,71.0,598.0,598.0,0,1.0,0.0,MEDIUM
CVE-2022-33098,was,CWE-79,6.1,2.8,5.0,0.0,0.0,0,0.0,0.0,MEDIUM
CVE-2022-34166,and,CWE-79,5.4,2.3,58.0,,,0,,,MEDIUM
CVE-2022-34167,and,CWE-79,5.4,2.3,59.0,,,0,,,MEDIUM
CVE-2022-22370,and,CWE-79,5.4,2.3,60.0,,,0,,,MEDIUM
CVE-2022-31102,declarative,CWE-79,2.6,1.0,2.0,0.0,0.0,0,1.0,0.0,LOW
CVE-2021-46827,issue,CWE-79,6.1,2.8,28.0,0.0,0.0,0,0.0,0.0,MEDIUM
CVE-2022-34358,and,CWE-79,5.4,2.3,61.0,,,0,,,MEDIUM
CVE-2022-32114,unrestricted,CWE-434,8.8,2.8,1.0,,,1,,,HIGH
CVE-2021-39015,and,CWE-79,5.4,2.3,62.0,,,0,,,MEDIUM
CVE-2022-22477,and,CWE-79,6.1,2.8,63.0,,,0,,,MEDIUM
CVE-2022-23201,versions,CWE-79,6.1,2.8,71.0,590.0,590.0,0,1.0,0.0,MEDIUM
CVE-2022-31159,for,CWE-22,7.9,1.3,29.0,,,1,,,HIGH
CVE-2022-30981,issue,CWE-502,8.8,2.8,30.0,0.0,0.0,0,0.0,0.0,HIGH
CVE-2021-41419,before,CWE-502,9.8,3.9,26.0,513.0,513.0,1,0.0,0.0,CRITICAL
CVE-2021-29788,vulnerable,CWE-79,5.4,2.3,21.0,,,0,,,MEDIUM
CVE-2021-29790,vulnerable,CWE-79,5.4,2.3,22.0,,,0,,,MEDIUM
CVE-2022-28681,vulnerability,CWE-125,6.1,1.8,50.0,,,0,,,MEDIUM
CVE-2022-28682,vulnerability,CWE-125,7.8,1.8,51.0,,,0,,,HIGH
CVE-2022-34873,vulnerability,CWE-125,3.3,1.8,52.0,,,0,,,LOW
CVE-2022-34874,vulnerability,CWE-125,3.3,1.8,53.0,,,0,,,LOW
CVE-2022-34875,vulnerability,CWE-125,3.3,1.8,54.0,,,0,,,LOW
CVE-2022-35912,before,NVD-CWE-noinfo,9.8,3.9,26.0,511.0,511.0,0,0.0,0.0,CRITICAL
CVE-2022-22417,and,CWE-79,5.4,2.3,62.0,,,0,,,MEDIUM
CVE-2022-34169,library,CWE-681,7.5,3.9,6.0,1454.0,1454.0,0,7.0,5.83,HIGH
CVE-2022-21540,the,NVD-CWE-noinfo,5.3,3.9,54.0,0.0,0.0,0,0.0,0.0,MEDIUM
CVE-2022-21541,the,NVD-CWE-noinfo,5.9,2.2,55.0,0.0,0.0,0,0.0,0.0,MEDIUM
CVE-2022-21549,the,NVD-CWE-noinfo,5.3,3.9,56.0,0.0,0.0,0,0.0,0.0,MEDIUM
CVE-2022-21565,the,NVD-CWE-noinfo,6.5,2.8,57.0,0.0,0.0,0,0.0,0.0,MEDIUM
CVE-2022-31160,curated,CWE-79,6.1,2.8,1.0,,,1,,,MEDIUM
CVE-2020-28459,affects,CWE-79,7.3,3.9,6.0,,,1,,,HIGH
CVE-2022-22999,devices,CWE-79,8.2,1.5,1.0,,,0,,,HIGH
CVE-2020-36290,macro,CWE-79,5.4,2.3,1.0,0.0,0.0,0,0.0,0.0,MEDIUM
CVE-2021-33437,issue,CWE-401,5.5,1.8,30.0,0.0,0.0,1,0.0,0.0,MEDIUM
CVE-2021-33438,issue,CWE-787,5.5,1.8,31.0,0.0,0.0,1,0.0,0.0,MEDIUM
CVE-2021-33439,issue,CWE-190,5.5,1.8,32.0,0.0,0.0,1,0.0,0.0,MEDIUM
CVE-2021-33440,issue,CWE-476,5.5,1.8,33.0,0.0,0.0,1,0.0,0.0,MEDIUM
CVE-2021-33441,issue,CWE-476,5.5,1.8,34.0,0.0,0.0,1,0.0,0.0,MEDIUM
CVE-2021-33442,issue,CWE-476,5.5,1.8,35.0,0.0,0.0,1,0.0,0.0,MEDIUM
CVE-2021-33443,issue,CWE-787,5.5,1.8,36.0,0.0,0.0,1,0.0,0.0,MEDIUM
CVE-2021-33444,issue,CWE-476,5.5,1.8,37.0,0.0,0.0,1,0.0,0.0,MEDIUM
CVE-2021-33445,issue,CWE-476,5.5,1.8,38.0,0.0,0.0,1,0.0,0.0,MEDIUM
CVE-2021-33446,issue,CWE-476,5.5,1.8,39.0,0.0,0.0,1,0.0,0.0,MEDIUM
CVE-2021-33447,issue,CWE-476,5.5,1.8,40.0,0.0,0.0,1,0.0,0.0,MEDIUM
CVE-2021-33448,issue,CWE-787,5.5,1.8,41.0,0.0,0.0,1,0.0,0.0,MEDIUM
CVE-2021-33449,issue,CWE-476,5.5,1.8,42.0,0.0,0.0,1,0.0,0.0,MEDIUM
CVE-2022-27105,vulnerable,CWE-79,5.4,2.3,23.0,,,0,,,MEDIUM
CVE-2022-24405,through,CWE-78,9.8,3.9,21.0,,,1,,,CRITICAL
CVE-2022-36899,and,NVD-CWE-Other,8.2,3.9,61.0,,,0,,,HIGH
CVE-2022-36900,and,NVD-CWE-Other,8.2,3.9,62.0,,,0,,,HIGH
CVE-2022-36950,unauthenticated,NVD-CWE-noinfo,9.8,3.9,3.0,,,0,,,CRITICAL
CVE-2022-35630,scripting,CWE-79,6.1,2.8,19.0,,,0,,,MEDIUM
CVE-2022-31774,through,CWE-79,5.4,2.3,22.0,,,0,,,MEDIUM
CVE-2022-32750,through,CWE-79,5.4,2.3,23.0,,,0,,,MEDIUM
CVE-2022-31179,simple,CWE-74,8.1,2.2,5.0,,,1,,,HIGH
CVE-2022-31180,simple,CWE-74,9.8,3.9,6.0,,,1,,,CRITICAL
CVE-2022-35923,javascript,CWE-400,7.5,3.9,2.0,1149.0,1149.0,1,3.0,0.67,HIGH
CVE-2022-36967,prior,CWE-79,6.1,2.8,12.0,40.0,40.0,0,2.0,0.0,MEDIUM
CVE-2022-31175,rich,CWE-79,5.8,1.6,1.0,1347.0,1347.0,0,10.0,1.17,MEDIUM
CVE-2022-31197,for,CWE-89,7.1,1.2,31.0,,,1,,,HIGH
CVE-2022-27166,carefully,CWE-79,6.1,2.8,3.0,,,0,,,MEDIUM
CVE-2022-28730,carefully,CWE-79,6.1,2.8,4.0,,,0,,,MEDIUM
CVE-2022-28732,carefully,CWE-79,6.1,2.8,5.0,,,0,,,MEDIUM
CVE-2021-46676,vulnerability,CWE-79,4.0,0.6,56.0,,,0,,,MEDIUM
CVE-2021-46677,vulnerability,CWE-79,4.0,0.6,57.0,,,0,,,MEDIUM
CVE-2021-46678,vulnerability,CWE-79,4.0,0.6,58.0,,,0,,,MEDIUM
CVE-2021-46679,vulnerability,CWE-79,4.0,0.6,59.0,,,0,,,MEDIUM
CVE-2021-46680,vulnerability,CWE-79,4.0,0.6,60.0,,,0,,,MEDIUM
CVE-2021-46681,vulnerability,CWE-79,4.0,0.6,61.0,,,0,,,MEDIUM
CVE-2022-31663,and,CWE-79,6.1,2.8,61.0,,,0,,,MEDIUM
CVE-2022-2668,issue,NVD-CWE-noinfo,7.2,1.2,43.0,0.0,0.0,0,0.0,0.0,HIGH
CVE-2022-2391,plugin,CWE-79,5.4,2.3,29.0,,,1,,,MEDIUM
CVE-2022-36801,versions,CWE-79,6.1,2.8,68.0,565.0,565.0,0,1.0,0.0,MEDIUM
CVE-2022-33929,and,CWE-79,6.1,2.8,62.0,,,0,,,MEDIUM
CVE-2022-35697,version,CWE-79,5.4,2.3,18.0,0.0,0.0,0,0.0,0.0,MEDIUM
CVE-2022-37044,the,CWE-79,6.1,2.8,53.0,0.0,0.0,0,0.0,0.0,MEDIUM
CVE-2022-35585,stored,CWE-79,4.8,1.7,19.0,,,1,,,MEDIUM
CVE-2022-35587,scripting,CWE-79,4.8,1.7,20.0,,,1,,,MEDIUM
CVE-2022-35589,scripting,CWE-79,4.8,1.7,21.0,,,1,,,MEDIUM
CVE-2022-35590,scripting,CWE-79,4.8,1.7,22.0,,,1,,,MEDIUM
CVE-2021-42750,scripting,CWE-79,4.8,1.7,23.0,,,1,,,MEDIUM
CVE-2021-42751,scripting,CWE-79,4.8,1.7,24.0,,,1,,,MEDIUM
CVE-2022-36007,inspired,CWE-22,6.1,1.8,1.0,,,1,,,MEDIUM
CVE-2022-24654,stored,CWE-79,5.4,2.3,20.0,,,1,,,MEDIUM
CVE-2022-36010,library,CWE-95,10.0,3.9,7.0,1427.0,1427.0,1,7.0,5.83,CRITICAL
CVE-2022-38186,reflected,CWE-79,6.1,2.8,6.0,,,0,,,MEDIUM
CVE-2022-38188,reflected,CWE-79,6.1,2.8,7.0,,,0,,,MEDIUM
CVE-2022-38190,stored,CWE-79,6.1,2.8,21.0,,,0,,,MEDIUM
CVE-2022-38192,stored,CWE-79,6.1,2.8,22.0,,,0,,,MEDIUM
CVE-2022-38189,stored,CWE-79,5.4,2.3,23.0,,,0,,,MEDIUM
CVE-2021-39035,through,CWE-79,5.4,2.3,21.0,,,0,,,MEDIUM
CVE-2022-34257,versions,CWE-79,6.1,2.8,69.0,558.0,558.0,0,1.0,0.0,MEDIUM
CVE-2022-34258,versions,CWE-79,4.8,1.7,70.0,558.0,558.0,0,1.0,0.0,MEDIUM
CVE-2022-37063,thermal,CWE-79,5.4,2.3,1.0,0.0,0.0,1,0.0,0.0,MEDIUM
CVE-2022-29805,vulnerability,CWE-502,9.8,3.9,59.0,,,1,,,CRITICAL
CVE-2022-35554,reflected,CWE-79,6.1,2.8,8.0,,,1,,,MEDIUM
CVE-2022-34916,versions,CWE-20,9.8,3.9,71.0,554.0,554.0,0,1.0,0.0,CRITICAL
CVE-2022-26842,reflected,CWE-79,9.6,2.8,9.0,,,1,,,CRITICAL
CVE-2022-28712,scripting,CWE-79,9.0,2.3,18.0,,,1,,,CRITICAL
CVE-2022-30690,scripting,CWE-79,6.1,2.8,19.0,,,1,,,MEDIUM
CVE-2022-32770,scripting,CWE-79,6.1,2.8,20.0,,,0,,,MEDIUM
CVE-2022-32771,scripting,CWE-79,6.1,2.8,21.0,,,0,,,MEDIUM
CVE-2022-32772,scripting,CWE-79,6.1,2.8,22.0,,,0,,,MEDIUM
CVE-2022-32777,information,CWE-732,7.5,3.9,3.0,0.0,0.0,0,2.0,0.0,HIGH
CVE-2022-32778,information,CWE-732,7.5,3.9,4.0,0.0,0.0,0,2.0,0.0,HIGH
CVE-2022-37160,and,CWE-79,5.4,2.3,63.0,,,1,,,MEDIUM
CVE-2022-37162,and,CWE-79,5.4,2.3,64.0,,,1,,,MEDIUM
CVE-2022-37318,before,CWE-79,7.0,2.2,24.0,474.0,474.0,0,0.0,0.0,HIGH
CVE-2021-3427,vulnerable,CWE-79,6.1,2.8,23.0,,,1,,,MEDIUM
CVE-2022-35714,vulnerable,CWE-79,5.4,2.3,24.0,,,0,,,MEDIUM
CVE-2021-41780,before,CWE-416,7.8,1.8,25.0,471.0,471.0,0,0.0,0.0,HIGH
CVE-2021-41781,before,CWE-416,7.8,1.8,26.0,471.0,471.0,0,0.0,0.0,HIGH
CVE-2021-41782,before,CWE-416,7.8,1.8,27.0,471.0,471.0,0,0.0,0.0,HIGH
CVE-2021-41783,before,CWE-416,7.8,1.8,28.0,471.0,471.0,0,0.0,0.0,HIGH
CVE-2021-41784,before,CWE-416,7.8,1.8,29.0,471.0,471.0,0,0.0,0.0,HIGH
CVE-2021-41785,before,CWE-416,7.8,1.8,30.0,471.0,471.0,0,0.0,0.0,HIGH
CVE-2022-36033,jsoup,CWE-79,6.1,2.8,1.0,1296.0,1296.0,1,0.0,0.17,MEDIUM
CVE-2022-1663,plugin,CWE-200,6.5,3.9,26.0,,,1,,,MEDIUM
CVE-2022-36036,provides,CWE-94,3.6,1.0,2.0,0.0,0.0,1,0.0,0.0,LOW
CVE-2022-36037,kirby,CWE-79,5.9,1.6,1.0,0.0,0.0,0,0.0,0.0,MEDIUM
CVE-2021-38934,and,CWE-79,5.4,2.3,64.0,,,0,,,MEDIUM
CVE-2022-33935,versions,CWE-79,5.4,2.3,71.0,544.0,544.0,0,1.0,0.0,MEDIUM
CVE-2022-37021,versions,CWE-502,9.8,3.9,72.0,544.0,544.0,0,1.0,0.0,CRITICAL
CVE-2022-37022,versions,CWE-502,8.8,2.8,73.0,544.0,544.0,0,1.0,0.0,HIGH
CVE-2022-37023,versions,CWE-502,6.5,2.8,74.0,544.0,544.0,0,1.0,0.0,MEDIUM
CVE-2022-36051,combines,CWE-436,8.7,2.3,1.0,,,0,,,HIGH
CVE-2022-38790,before,CWE-79,5.4,2.3,29.0,467.0,467.0,1,0.0,0.0,MEDIUM
CVE-2022-39824,injection,CWE-79,8.9,2.3,2.0,,,1,,,HIGH
CVE-2022-39049,attacker,CWE-79,3.5,0.9,3.0,,,0,,,LOW
CVE-2022-39050,attacker,CWE-79,4.6,2.1,4.0,,,0,,,MEDIUM
CVE-2022-2941,plugin,CWE-79,5.5,2.3,26.0,,,1,,,MEDIUM
CVE-2022-31792,stored,CWE-79,5.4,2.3,21.0,,,0,,,MEDIUM
CVE-2022-37253,scripting,CWE-79,5.4,2.3,23.0,,,0,,,MEDIUM
CVE-2022-36064,shell,CWE-400,5.9,2.2,2.0,0.0,0.0,1,0.0,0.0,MEDIUM
CVE-2022-37731,ftcms,CWE-79,6.1,2.8,1.0,,,1,,,MEDIUM
CVE-2022-36080,file,CWE-79,6.1,2.8,2.0,0.0,0.0,0,0.0,0.0,MEDIUM
CVE-2022-36094,contains,CWE-79,8.9,2.3,1.0,,,1,,,HIGH
CVE-2022-36096,all,CWE-79,8.9,2.3,7.0,,,0,,,HIGH
CVE-2022-36097,provides,CWE-79,8.9,2.3,3.0,0.0,0.0,1,0.0,0.0,HIGH
CVE-2022-36098,user,CWE-79,8.9,2.3,1.0,,,1,,,HIGH
CVE-2022-40317,allows,CWE-79,5.4,2.3,15.0,0.0,0.0,1,0.0,0.0,MEDIUM
CVE-2022-37767,allows,CWE-863,9.8,3.9,16.0,0.0,0.0,1,0.0,0.0,CRITICAL
CVE-2022-39207,open,CWE-79,5.4,2.3,28.0,,,1,,,MEDIUM
CVE-2022-34336,and,CWE-79,5.4,2.3,63.0,,,0,,,MEDIUM
CVE-2022-40626,unauthenticated,CWE-79,4.8,0.5,4.0,,,0,,,MEDIUM
CVE-2018-25047,before,CWE-79,5.4,2.3,29.0,454.0,454.0,1,0.0,0.0,MEDIUM
CVE-2022-38845,feature,CWE-79,6.1,2.8,1.0,,,1,,,MEDIUM
CVE-2022-30677,versions,CWE-79,5.4,2.3,69.0,527.0,527.0,0,1.0,0.0,MEDIUM
CVE-2022-30678,versions,CWE-79,5.4,2.3,70.0,527.0,527.0,0,1.0,0.0,MEDIUM
CVE-2022-30680,versions,CWE-79,5.4,2.3,71.0,527.0,527.0,0,1.0,0.0,MEDIUM
CVE-2022-30681,versions,CWE-79,5.4,2.3,72.0,527.0,527.0,0,1.0,0.0,MEDIUM
CVE-2022-30682,versions,CWE-79,5.4,2.3,73.0,527.0,527.0,0,1.0,0.0,MEDIUM
CVE-2022-30684,versions,CWE-79,5.4,2.3,74.0,527.0,527.0,0,1.0,0.0,MEDIUM
CVE-2022-30685,versions,CWE-79,5.4,2.3,75.0,527.0,527.0,0,1.0,0.0,MEDIUM
CVE-2022-30686,versions,CWE-79,5.4,2.3,76.0,527.0,527.0,0,1.0,0.0,MEDIUM
CVE-2022-34218,versions,CWE-79,5.4,2.3,77.0,527.0,527.0,0,1.0,0.0,MEDIUM
CVE-2022-35664,versions,CWE-79,5.4,2.3,78.0,527.0,527.0,0,1.0,0.0,MEDIUM
CVE-2022-40778,stored,CWE-79,5.4,2.3,21.0,,,0,,,MEDIUM
CVE-2022-3245,injection,CWE-94,6.1,2.8,3.0,,,1,,,MEDIUM
CVE-2022-39218,for,CWE-335,7.5,3.9,48.0,,,0,,,HIGH
CVE-2022-37027,allows,CWE-88,7.2,1.2,17.0,0.0,0.0,1,0.0,0.0,HIGH
CVE-2022-33681,hostname,CWE-295,5.9,2.2,1.0,,,0,,,MEDIUM
CVE-2022-33682,hostname,CWE-295,5.9,2.2,2.0,,,0,,,MEDIUM
CVE-2022-35721,for,CWE-79,5.4,2.3,49.0,,,0,,,MEDIUM
CVE-2022-36944,before,CWE-502,9.8,3.9,30.0,445.0,445.0,1,0.0,0.0,CRITICAL
CVE-2022-40748,vulnerable,CWE-79,5.4,2.3,23.0,,,0,,,MEDIUM
CVE-2022-38438,versions,CWE-79,5.4,2.3,78.0,520.0,520.0,0,1.0,0.0,MEDIUM
CVE-2022-38439,versions,CWE-79,5.4,2.3,79.0,520.0,520.0,0,1.0,0.0,MEDIUM
CVE-2022-36025,versions,CWE-196,9.1,3.9,80.0,520.0,520.0,0,1.0,0.0,CRITICAL
CVE-2022-23463,solution,CWE-917,9.4,3.9,1.0,0.0,0.0,1,5.0,0.0,CRITICAL
CVE-2022-39243,external,CWE-77,8.4,2.5,1.0,0.0,0.0,1,0.0,0.0,HIGH
CVE-2022-37028,prone,CWE-79,5.4,2.3,1.0,,,0,,,MEDIUM
CVE-2022-39035,has,CWE-79,6.1,2.8,2.0,0.0,0.0,0,0.0,0.0,MEDIUM
CVE-2022-39053,has,CWE-79,6.1,2.8,3.0,0.0,0.0,0,0.0,0.0,MEDIUM
CVE-2022-39054,enterprise,CWE-79,6.1,2.8,1.0,0.0,0.0,0,0.0,0.0,MEDIUM
CVE-2022-22387,vulnerable,CWE-79,5.4,2.3,23.0,,,0,,,MEDIUM
CVE-2022-35722,for,CWE-79,5.4,2.3,41.0,,,0,,,MEDIUM
CVE-2021-41434,stored,CWE-79,5.4,2.3,22.0,,,1,,,MEDIUM
CVE-2022-39236,the,CWE-20,4.3,2.8,51.0,0.0,0.0,0,0.0,0.0,MEDIUM
CVE-2022-39249,the,CWE-287,7.5,3.9,52.0,0.0,0.0,0,0.0,0.0,HIGH
CVE-2022-39251,the,CWE-287,8.6,3.9,53.0,0.0,0.0,0,0.0,0.0,HIGH
CVE-2015-1931,before,CWE-312,5.5,1.8,30.0,440.0,440.0,0,0.0,0.0,MEDIUM
CVE-2021-42046,issue,CWE-79,6.1,2.8,42.0,0.0,0.0,0,0.0,0.0,MEDIUM
CVE-2021-42048,issue,CWE-79,4.8,1.7,43.0,0.0,0.0,0,0.0,0.0,MEDIUM
CVE-2022-1719,ticket,CWE-79,5.4,2.3,1.0,,,1,,,MEDIUM
CVE-2022-39250,the,CWE-287,8.6,3.9,54.0,0.0,0.0,0,0.0,0.0,HIGH
CVE-2022-39232,open,CWE-20,6.5,2.8,30.0,,,0,,,MEDIUM
CVE-2022-28851,versions,CWE-79,5.4,2.3,80.0,513.0,513.0,0,1.0,0.0,MEDIUM
CVE-2022-38709,and,CWE-79,6.1,2.8,61.0,,,0,,,MEDIUM
CVE-2022-41853,using,CWE-470,8.0,1.3,3.0,,,0,,,HIGH
CVE-2022-27810,was,CWE-674,7.5,3.9,7.0,0.0,0.0,0,0.0,0.0,HIGH
CVE-2022-39862,authorization,CWE-285,5.3,3.9,1.0,,,0,,,MEDIUM
CVE-2022-32234,out,CWE-787,9.8,3.9,1.0,1102.0,1102.0,0,1.0,0.33,CRITICAL
CVE-2022-35289,condition,CWE-680,9.8,3.9,1.0,0.0,0.0,0,0.0,0.0,CRITICAL
CVE-2022-40138,integer,CWE-681,9.8,3.9,1.0,0.0,0.0,0,0.0,0.0,CRITICAL
CVE-2022-40178,vulnerability,CWE-79,5.4,2.3,59.0,,,0,,,MEDIUM
CVE-2022-40180,vulnerability,CWE-352,5.3,1.6,60.0,,,0,,,MEDIUM
CVE-2022-40181,vulnerability,CWE-84,8.3,2.8,61.0,,,0,,,HIGH
CVE-2022-40182,vulnerability,CWE-250,8.8,2.8,62.0,,,0,,,HIGH
CVE-2022-41376,was,CWE-79,6.1,2.8,8.0,0.0,0.0,1,0.0,0.0,MEDIUM
CVE-2022-42235,issue,CWE-79,5.4,2.3,40.0,0.0,0.0,1,0.0,0.0,MEDIUM
CVE-2022-42236,issue,CWE-79,5.4,2.3,41.0,0.0,0.0,0,0.0,0.0,MEDIUM
CVE-2022-20419,there,NVD-CWE-noinfo,7.8,1.8,1.0,7.0,7.0,0,0.0,0.0,HIGH
CVE-2022-38138,client,CWE-824,7.5,3.9,4.0,,,0,,,HIGH
CVE-2022-42715,reflected,CWE-79,6.1,2.8,6.0,,,1,,,MEDIUM
CVE-2022-41349,the,CWE-79,6.1,2.8,55.0,0.0,0.0,0,0.0,0.0,MEDIUM
CVE-2022-41350,accepts,CWE-79,6.1,2.8,1.0,0.0,0.0,0,3.0,0.0,MEDIUM
CVE-2022-41351,the,CWE-79,6.1,2.8,56.0,0.0,0.0,0,0.0,0.0,MEDIUM
CVE-2022-39303,moderation,CWE-89,8.1,2.2,1.0,,,0,,,HIGH
CVE-2022-32177,versions,CWE-434,9.0,2.3,81.0,500.0,500.0,1,1.0,0.0,CRITICAL
CVE-2022-39311,continuous,CWE-502,9.1,2.3,1.0,,,0,,,CRITICAL
CVE-2022-32176,versions,CWE-434,9.0,2.3,82.0,496.0,496.0,1,1.0,0.0,CRITICAL
CVE-2022-21597,the,NVD-CWE-noinfo,5.3,3.9,57.0,0.0,0.0,0,0.0,0.0,MEDIUM
CVE-2022-21618,the,NVD-CWE-noinfo,5.3,3.9,58.0,0.0,0.0,0,0.0,0.0,MEDIUM
CVE-2022-21619,the,NVD-CWE-noinfo,3.7,2.2,59.0,0.0,0.0,0,0.0,0.0,LOW
CVE-2022-21624,the,NVD-CWE-noinfo,3.7,2.2,60.0,0.0,0.0,0,0.0,0.0,LOW
CVE-2022-21626,the,NVD-CWE-noinfo,5.3,3.9,61.0,0.0,0.0,0,0.0,0.0,MEDIUM
CVE-2022-21628,the,NVD-CWE-noinfo,5.3,3.9,62.0,0.0,0.0,0,0.0,0.0,MEDIUM
CVE-2022-21634,the,NVD-CWE-noinfo,7.5,3.9,63.0,0.0,0.0,0,0.0,0.0,HIGH
CVE-2022-39399,the,NVD-CWE-noinfo,3.7,2.2,64.0,0.0,0.0,0,0.0,0.0,LOW
CVE-2022-39419,the,NVD-CWE-noinfo,4.3,2.8,65.0,0.0,0.0,0,0.0,0.0,MEDIUM
CVE-2022-42466,was,CWE-79,6.1,2.8,9.0,0.0,0.0,0,0.0,0.0,MEDIUM
CVE-2022-43422,and,NVD-CWE-noinfo,5.3,3.9,61.0,,,0,,,MEDIUM
CVE-2022-43423,for,NVD-CWE-noinfo,5.3,3.9,40.0,,,0,,,MEDIUM
CVE-2022-43424,and,NVD-CWE-noinfo,5.3,3.9,62.0,,,0,,,MEDIUM
CVE-2022-43428,for,NVD-CWE-noinfo,5.3,3.9,41.0,,,0,,,MEDIUM
CVE-2022-39259,jadx,CWE-20,3.3,1.8,1.0,,,1,,,LOW
CVE-2022-35739,through,CWE-79,5.3,3.9,15.0,,,1,,,MEDIUM
CVE-2022-36783,malicious,CWE-79,6.5,2.3,2.0,,,0,,,MEDIUM
CVE-2022-38195,reflected,CWE-79,6.1,2.8,7.0,,,0,,,MEDIUM
CVE-2022-38198,reflected,CWE-79,6.1,2.8,8.0,,,0,,,MEDIUM
CVE-2022-38200,cross,CWE-79,6.1,2.8,1.0,0.0,0.0,0,0.0,0.0,MEDIUM
CVE-2022-39326,are,CWE-94,8.8,2.8,2.0,0.0,0.0,0,0.0,0.0,HIGH
CVE-2022-39350,used,CWE-79,5.4,2.3,1.0,,,0,,,MEDIUM
CVE-2022-41704,vulnerability,CWE-918,7.5,3.9,61.0,,,0,,,HIGH
CVE-2022-42890,vulnerability,CWE-918,7.5,3.9,62.0,,,0,,,HIGH
CVE-2022-39357,free,CWE-1321,8.1,2.2,2.0,0.0,0.0,0,0.0,0.0,HIGH
CVE-2022-42468,versions,CWE-20,9.8,3.9,81.0,487.0,487.0,0,1.0,0.0,CRITICAL
CVE-2022-43766,version,NVD-CWE-noinfo,7.5,3.9,8.0,0.0,0.0,0,0.0,0.0,HIGH
CVE-2022-40183,error,CWE-79,5.8,1.6,1.0,,,0,,,MEDIUM
CVE-2022-40184,filtering,CWE-79,5.1,1.0,1.0,,,0,,,MEDIUM
CVE-2022-39024,function,CWE-79,6.1,2.8,1.0,0.0,0.0,0,0.0,0.0,MEDIUM
CVE-2022-39025,function,CWE-79,6.1,2.8,2.0,0.0,0.0,0,0.0,0.0,MEDIUM
CVE-2022-39026,page,CWE-79,5.4,2.3,1.0,755.0,755.0,0,0.0,0.0,MEDIUM
CVE-2022-39027,function,CWE-79,5.4,2.3,3.0,0.0,0.0,0,0.0,0.0,MEDIUM
CVE-2022-40739,report,CWE-79,5.4,2.3,1.0,0.0,0.0,0,0.0,0.0,MEDIUM
CVE-2022-41679,version,CWE-79,4.7,2.8,9.0,0.0,0.0,0,0.0,0.0,MEDIUM
CVE-2022-39016,injection,CWE-20,8.2,2.3,4.0,,,0,,,HIGH
CVE-2022-40190,firmware,CWE-79,8.8,2.8,1.0,,,0,,,HIGH
CVE-2022-31777,stored,CWE-74,5.4,2.3,20.0,,,0,,,MEDIUM
CVE-2022-39353,xmldom,CWE-20,9.4,3.9,1.0,,,1,,,CRITICAL
CVE-2022-32287,relative,CWE-22,7.5,3.9,1.0,,,0,,,HIGH
CVE-2022-30615,vulnerable,CWE-79,5.4,2.3,21.0,,,0,,,MEDIUM
CVE-2022-35642,vulnerable,CWE-79,5.4,2.3,22.0,,,0,,,MEDIUM
CVE-2022-44724,macro,CWE-79,8.9,2.3,2.0,0.0,0.0,1,0.0,0.0,HIGH
CVE-2022-20969,vulnerability,CWE-79,4.8,1.7,63.0,,,0,,,MEDIUM
CVE-2022-43565,versions,CWE-20,8.1,2.8,75.0,478.0,478.0,0,1.0,0.0,HIGH
CVE-2022-43568,versions,CWE-79,8.8,2.8,76.0,478.0,478.0,1,1.0,0.0,HIGH
CVE-2022-36077,framework,CWE-200,7.2,3.9,7.0,,,0,,,HIGH
CVE-2022-31688,prior,CWE-79,6.1,2.8,13.0,0.0,0.0,0,2.0,0.0,MEDIUM
CVE-2022-39368,implementation,CWE-404,8.2,3.9,5.0,,,0,,,HIGH
CVE-2022-35740,before,CWE-79,6.1,2.8,31.0,397.0,397.0,1,0.0,0.0,MEDIUM
CVE-2022-36776,for,CWE-79,5.4,2.3,53.0,,,0,,,MEDIUM
CVE-2022-40750,and,CWE-79,5.4,2.3,59.0,,,0,,,MEDIUM
CVE-2022-34315,vulnerable,CWE-79,5.4,2.3,22.0,,,0,,,MEDIUM
CVE-2022-34317,vulnerable,CWE-79,5.4,2.3,23.0,,,0,,,MEDIUM
CVE-2022-40844,model,CWE-79,5.4,2.3,1.0,,,1,,,MEDIUM
CVE-2022-40846,model,CWE-79,4.8,1.7,2.0,,,1,,,MEDIUM
CVE-2022-3240,plugin,CWE-352,8.8,2.8,20.0,,,1,,,HIGH
CVE-2022-40753,vulnerable,CWE-79,5.4,2.3,24.0,,,0,,,MEDIUM
CVE-2022-30768,issue,CWE-79,5.4,2.3,41.0,0.0,0.0,0,0.0,0.0,MEDIUM
CVE-2022-41917,open,CWE-200,4.3,2.8,27.0,,,0,,,MEDIUM
CVE-2022-45047,uses,CWE-502,9.8,3.9,2.0,,,0,,,CRITICAL
CVE-2022-4022,plugin,CWE-79,6.4,3.1,21.0,,,0,,,MEDIUM
CVE-2022-39834,stored,CWE-79,5.4,2.3,20.0,,,0,,,MEDIUM
CVE-2022-45461,through,CWE-78,7.5,1.6,16.0,,,0,,,HIGH
CVE-2022-38390,versions,CWE-79,5.4,2.3,76.0,465.0,465.0,0,1.0,0.0,MEDIUM
CVE-2022-4068,user,CWE-915,5.4,2.3,2.0,,,1,,,MEDIUM
CVE-2022-45146,issue,CWE-416,5.5,1.8,42.0,0.0,0.0,1,0.0,0.0,MEDIUM
CVE-2022-32774,vulnerability,CWE-416,7.8,1.8,65.0,,,1,,,HIGH
CVE-2022-37332,vulnerability,CWE-416,7.8,1.8,66.0,,,1,,,HIGH
CVE-2022-38097,vulnerability,CWE-416,7.8,1.8,67.0,,,0,,,HIGH
CVE-2022-40129,vulnerability,CWE-416,7.8,1.8,68.0,,,1,,,HIGH
CVE-2022-4105,stored,CWE-79,5.4,2.3,21.0,,,1,,,MEDIUM
CVE-2022-37429,through,CWE-79,5.4,2.3,15.0,,,0,,,MEDIUM
CVE-2022-38145,through,CWE-79,5.4,2.3,16.0,,,0,,,MEDIUM
CVE-2022-41946,pgjdbc,CWE-200,4.7,1.0,2.0,,,1,,,MEDIUM
CVE-2022-44789,logical,CWE-787,8.8,2.8,1.0,0.0,0.0,0,0.0,0.0,HIGH
CVE-2022-37720,vulnerable,CWE-79,9.0,2.3,26.0,,,1,,,CRITICAL
CVE-2022-37721,vulnerable,CWE-79,9.0,2.3,27.0,,,0,,,CRITICAL
CVE-2022-41957,node,CWE-690,7.5,3.9,1.0,1162.0,1162.0,0,2.0,0.33,HIGH
CVE-2022-41676,website,CWE-85,5.4,2.3,1.0,0.0,0.0,0,0.0,0.0,MEDIUM
CVE-2022-36433,creation,CWE-79,6.1,2.8,1.0,,,1,,,MEDIUM
CVE-2022-46155,the,CWE-522,7.6,1.0,53.0,0.0,0.0,0,0.0,0.0,HIGH
CVE-2022-40849,version,CWE-79,5.4,2.3,10.0,0.0,0.0,1,0.0,0.0,MEDIUM
CVE-2022-43484,review,CWE-20,7.8,1.8,1.0,0.0,0.0,1,0.0,0.0,HIGH
CVE-2022-46161,pdfmake,CWE-94,10.0,3.9,1.0,,,1,,,CRITICAL
CVE-2022-43668,versions,CWE-79,6.1,2.8,74.0,446.0,446.0,0,1.0,0.0,MEDIUM
CVE-2022-41735,through,CWE-79,5.4,2.3,17.0,,,0,,,MEDIUM
CVE-2022-23487,the,CWE-400,7.5,3.9,54.0,0.0,0.0,0,0.0,0.0,HIGH
CVE-2022-38754,potential,CWE-79,8.0,2.1,1.0,1278.0,1278.0,0,0.0,0.17,HIGH
CVE-2022-23494,tinymce,CWE-79,5.4,2.3,1.0,,,0,,,MEDIUM
CVE-2022-23496,java,CWE-755,7.5,3.9,1.0,,,0,,,HIGH
CVE-2022-41947,open,CWE-79,5.4,2.3,26.0,,,0,,,MEDIUM
CVE-2022-41299,through,CWE-79,4.4,1.3,18.0,,,0,,,MEDIUM
CVE-2022-3881,errors,CWE-352,5.7,2.1,1.0,,,1,,,MEDIUM
CVE-2022-46903,processing,CWE-79,5.4,2.3,1.0,0.0,0.0,0,2.0,0.0,MEDIUM
CVE-2022-46904,processing,CWE-79,5.4,2.3,2.0,0.0,0.0,0,2.0,0.0,MEDIUM
CVE-2022-46905,processing,CWE-79,6.1,2.8,3.0,0.0,0.0,0,2.0,0.0,MEDIUM
CVE-2022-46906,processing,CWE-79,5.4,2.3,4.0,0.0,0.0,0,2.0,0.0,MEDIUM
CVE-2022-41262,insufficient,CWE-79,6.1,2.8,1.0,,,0,,,MEDIUM
CVE-2022-44303,version,CWE-79,6.1,2.8,11.0,0.0,0.0,1,0.0,0.0,MEDIUM
CVE-2022-44575,vulnerability,CWE-79,6.1,2.8,69.0,,,0,,,MEDIUM
CVE-2022-43996,package,CWE-79,5.4,2.3,42.0,0.0,0.0,0,0.0,0.0,MEDIUM
CVE-2022-3073,example,CWE-79,6.1,2.8,1.0,0.0,0.0,0,0.0,0.0,MEDIUM
CVE-2022-28703,stored,CWE-80,5.4,2.3,21.0,,,1,,,MEDIUM
CVE-2022-32763,scripting,CWE-184,6.1,2.8,23.0,,,1,,,MEDIUM
CVE-2022-32531,and,CWE-295,5.9,2.2,55.0,,,0,,,MEDIUM
CVE-2022-46870,vulnerability,CWE-79,5.4,2.3,70.0,,,0,,,MEDIUM
CVE-2022-35694,version,CWE-79,5.4,2.3,12.0,0.0,0.0,0,0.0,0.0,MEDIUM
CVE-2022-35696,version,CWE-79,5.4,2.3,13.0,0.0,0.0,0,0.0,0.0,MEDIUM
CVE-2022-42360,version,CWE-79,5.4,2.3,14.0,0.0,0.0,0,0.0,0.0,MEDIUM
CVE-2022-42366,version,CWE-79,5.4,2.3,15.0,0.0,0.0,0,0.0,0.0,MEDIUM
CVE-2022-42367,version,CWE-79,5.4,2.3,16.0,0.0,0.0,0,0.0,0.0,MEDIUM
CVE-2022-44462,version,CWE-79,5.4,2.3,17.0,0.0,0.0,0,0.0,0.0,MEDIUM
CVE-2022-44468,version,CWE-79,5.4,2.3,18.0,0.0,0.0,0,0.0,0.0,MEDIUM
CVE-2022-44469,version,CWE-79,5.4,2.3,19.0,0.0,0.0,0,0.0,0.0,MEDIUM
CVE-2022-44473,version,CWE-79,5.4,2.3,20.0,0.0,0.0,0,0.0,0.0,MEDIUM
CVE-2022-30679,version,CWE-79,5.4,2.3,21.0,0.0,0.0,0,0.0,0.0,MEDIUM
CVE-2022-35693,version,CWE-79,5.4,2.3,22.0,0.0,0.0,0,0.0,0.0,MEDIUM
CVE-2022-35695,version,CWE-79,5.4,2.3,23.0,0.0,0.0,0,0.0,0.0,MEDIUM
CVE-2022-42345,version,CWE-79,5.4,2.3,24.0,0.0,0.0,0,0.0,0.0,MEDIUM
CVE-2022-42346,version,CWE-79,5.4,2.3,25.0,0.0,0.0,0,0.0,0.0,MEDIUM
CVE-2022-42348,version,CWE-79,5.4,2.3,26.0,0.0,0.0,0,0.0,0.0,MEDIUM
CVE-2022-42349,version,CWE-79,5.4,2.3,27.0,0.0,0.0,0,0.0,0.0,MEDIUM
CVE-2022-42350,version,CWE-79,5.4,2.3,28.0,0.0,0.0,0,0.0,0.0,MEDIUM
CVE-2022-42352,version,CWE-79,5.4,2.3,29.0,0.0,0.0,0,0.0,0.0,MEDIUM
CVE-2022-42354,version,CWE-79,5.4,2.3,30.0,0.0,0.0,0,0.0,0.0,MEDIUM
CVE-2022-42356,version,CWE-79,5.4,2.3,31.0,0.0,0.0,0,0.0,0.0,MEDIUM
CVE-2022-42357,version,CWE-79,5.4,2.3,32.0,0.0,0.0,0,0.0,0.0,MEDIUM
CVE-2022-42362,version,CWE-79,5.4,2.3,33.0,0.0,0.0,0,0.0,0.0,MEDIUM
CVE-2022-42364,version,CWE-79,5.4,2.3,34.0,0.0,0.0,0,0.0,0.0,MEDIUM
CVE-2022-42365,version,CWE-79,5.4,2.3,35.0,0.0,0.0,0,0.0,0.0,MEDIUM
CVE-2022-44463,version,CWE-79,5.4,2.3,36.0,0.0,0.0,0,0.0,0.0,MEDIUM
CVE-2022-44465,version,CWE-79,5.4,2.3,37.0,0.0,0.0,0,0.0,0.0,MEDIUM
CVE-2022-44466,version,CWE-79,5.4,2.3,38.0,0.0,0.0,0,0.0,0.0,MEDIUM
CVE-2022-44467,version,CWE-79,5.4,2.3,39.0,0.0,0.0,0,0.0,0.0,MEDIUM
CVE-2022-44470,version,CWE-79,5.4,2.3,40.0,0.0,0.0,0,0.0,0.0,MEDIUM
CVE-2022-44471,version,CWE-79,5.4,2.3,41.0,0.0,0.0,0,0.0,0.0,MEDIUM
CVE-2022-44474,version,CWE-79,5.4,2.3,42.0,0.0,0.0,0,0.0,0.0,MEDIUM
CVE-2022-39160,and,CWE-79,6.1,2.8,55.0,,,0,,,MEDIUM
CVE-2022-46771,through,CWE-79,4.6,2.1,18.0,,,0,,,MEDIUM
CVE-2022-44510,version,CWE-79,5.4,2.3,43.0,0.0,0.0,0,0.0,0.0,MEDIUM
CVE-2022-1529,attacker,CWE-1321,8.8,2.8,5.0,,,0,,,HIGH
CVE-2022-1802,attacker,CWE-1321,8.8,2.8,6.0,,,0,,,HIGH
CVE-2022-22755,using,CWE-672,8.8,2.8,2.0,,,0,,,HIGH
CVE-2022-22759,document,NVD-CWE-noinfo,9.6,2.8,1.0,0.0,0.0,0,0.0,0.0,CRITICAL
CVE-2022-22762,certain,NVD-CWE-noinfo,4.3,2.8,1.0,0.0,0.0,0,0.0,0.0,MEDIUM
CVE-2022-26382,the,CWE-203,4.3,2.8,55.0,0.0,0.0,1,0.0,0.0,MEDIUM
CVE-2022-26384,attacker,NVD-CWE-noinfo,9.6,2.8,7.0,,,1,,,CRITICAL
CVE-2022-28282,using,CWE-416,6.5,2.8,3.0,,,1,,,MEDIUM
CVE-2022-2200,object,CWE-1321,8.8,2.8,1.0,,,0,,,HIGH
CVE-2022-34475,tags,CWE-79,6.1,2.8,1.0,0.0,0.0,0,0.0,0.0,MEDIUM
CVE-2022-38475,attacker,CWE-863,6.5,2.8,8.0,,,0,,,MEDIUM
CVE-2022-3033,user,CWE-79,8.1,2.8,3.0,,,0,,,HIGH
CVE-2022-45406,condition,CWE-416,9.8,3.9,2.0,0.0,0.0,0,0.0,0.0,CRITICAL
CVE-2022-45411,occurs,CWE-79,6.1,2.8,1.0,,,0,,,MEDIUM
CVE-2022-22456,vulnerable,CWE-79,4.2,1.1,27.0,,,0,,,MEDIUM
CVE-2022-46175,extension,CWE-1321,7.1,1.6,2.0,0.0,0.0,1,0.0,0.0,HIGH
CVE-2022-44012,issue,CWE-79,5.4,2.3,43.0,0.0,0.0,1,0.0,0.0,MEDIUM
CVE-2022-23544,open,CWE-79,7.2,3.9,26.0,,,1,,,HIGH
CVE-2022-41966,serializes,CWE-120,8.2,3.9,1.0,,,1,,,HIGH
CVE-2022-41967,runtime,CWE-611,7.0,2.2,2.0,0.0,0.0,0,0.0,0.0,HIGH
CVE-2022-23553,scaffolding,CWE-863,7.5,3.9,1.0,0.0,0.0,0,0.0,0.0,HIGH
CVE-2022-23554,scaffolding,CWE-287,6.5,3.9,2.0,0.0,0.0,0,0.0,0.0,MEDIUM
CVE-2022-38204,reflected,CWE-79,6.1,2.8,8.0,,,0,,,MEDIUM
CVE-2022-38206,reflected,CWE-79,6.1,2.8,9.0,,,0,,,MEDIUM
CVE-2022-38207,reflected,CWE-79,6.1,2.8,10.0,,,0,,,MEDIUM
CVE-2022-38209,reflected,CWE-79,6.1,2.8,11.0,,,0,,,MEDIUM
CVE-2022-34322,issues,CWE-79,9.0,2.3,1.0,0.0,0.0,1,0.0,0.0,CRITICAL
CVE-2022-34323,issues,CWE-79,5.4,2.3,2.0,0.0,0.0,1,0.0,0.0,MEDIUM
CVE-2022-48197,scripting,CWE-79,6.1,2.8,24.0,,,0,,,MEDIUM
CVE-2022-4142,plugin,,4.8,1.7,21.0,,,1,,,MEDIUM
CVE-2021-32821,collection,CWE-400,6.2,2.5,1.0,0.0,0.0,1,0.0,0.0,MEDIUM
CVE-2021-32824,java,CWE-502,9.8,3.9,2.0,,,1,,,CRITICAL
CVE-2022-22352,through,CWE-79,5.4,2.3,18.0,,,0,,,MEDIUM
CVE-2023-22467,library,CWE-1333,7.5,3.9,6.0,1285.0,1285.0,0,7.0,5.83,HIGH
CVE-2022-34330,through,CWE-79,6.1,2.8,19.0,,,0,,,MEDIUM
CVE-2023-22475,open,CWE-79,6.3,2.8,27.0,,,0,,,MEDIUM
CVE-2022-45911,issue,CWE-79,6.1,2.8,44.0,0.0,0.0,0,0.0,0.0,MEDIUM
CVE-2022-45913,issue,CWE-79,6.1,2.8,45.0,0.0,0.0,0,0.0,0.0,MEDIUM
CVE-2021-36603,firmware,CWE-79,6.1,2.8,2.0,,,1,,,MEDIUM
CVE-2023-0017,unauthenticated,CWE-284,9.4,3.9,5.0,,,0,,,CRITICAL
CVE-2022-3573,issue,CWE-79,5.4,2.3,46.0,0.0,0.0,0,0.0,0.0,MEDIUM
CVE-2022-40983,integer,CWE-190,8.8,2.8,2.0,0.0,0.0,1,0.0,0.0,HIGH
CVE-2022-43591,buffer,CWE-122,8.8,2.8,1.0,0.0,0.0,1,0.0,0.0,HIGH
CVE-2021-46872,issue,CWE-79,6.1,2.8,46.0,0.0,0.0,0,0.0,0.0,MEDIUM
CVE-2022-3143,possible,CWE-203,7.4,2.2,1.0,0.0,0.0,0,0.0,0.0,HIGH
CVE-2023-22491,free,CWE-20,8.1,2.8,2.0,0.0,0.0,1,0.0,0.0,HIGH
CVE-2022-39195,scripting,CWE-79,6.1,2.8,25.0,,,0,,,MEDIUM
CVE-2023-22499,runtime,CWE-362,7.5,1.6,3.0,0.0,0.0,1,0.0,0.0,HIGH
CVE-2022-39429,the,NVD-CWE-noinfo,4.3,2.8,56.0,0.0,0.0,0,0.0,0.0,MEDIUM
CVE-2023-21830,the,NVD-CWE-noinfo,5.3,3.9,57.0,0.0,0.0,0,0.0,0.0,MEDIUM
CVE-2023-21835,the,NVD-CWE-noinfo,5.3,3.9,58.0,0.0,0.0,0,0.0,0.0,MEDIUM
CVE-2023-21843,the,NVD-CWE-noinfo,3.7,2.2,59.0,0.0,0.0,0,0.0,0.0,LOW
CVE-2023-21849,the,NVD-CWE-noinfo,7.5,3.9,60.0,0.0,0.0,0,0.0,0.0,HIGH
CVE-2022-47966,products,NVD-CWE-noinfo,9.8,3.9,2.0,714.0,714.0,1,0.0,0.0,CRITICAL
CVE-2023-22594,for,CWE-79,4.6,2.1,51.0,,,0,,,MEDIUM
CVE-2022-45927,issue,CWE-639,8.8,2.8,47.0,0.0,0.0,1,0.0,0.0,HIGH
CVE-2022-47194,insecure,CWE-453,5.4,2.3,1.0,,,1,,,MEDIUM
CVE-2022-47195,insecure,CWE-453,5.4,2.3,2.0,,,1,,,MEDIUM
CVE-2022-47196,insecure,CWE-453,5.4,2.3,3.0,,,1,,,MEDIUM
CVE-2022-47197,insecure,CWE-453,5.4,2.3,4.0,,,1,,,MEDIUM
CVE-2023-22910,issue,CWE-79,5.4,2.3,48.0,0.0,0.0,1,0.0,0.0,MEDIUM
CVE-2023-22724,and,CWE-79,6.2,1.7,50.0,,,0,,,MEDIUM
CVE-2023-23949,authenticated,CWE-79,5.4,2.3,6.0,,,0,,,MEDIUM
CVE-2022-48010,was,CWE-79,5.4,2.3,9.0,0.0,0.0,1,0.0,0.0,MEDIUM
CVE-2022-39813,allows,CWE-79,6.1,2.8,14.0,0.0,0.0,1,0.0,0.0,MEDIUM
CVE-2022-23552,platform,CWE-79,7.3,2.1,2.0,,,0,,,HIGH
CVE-2023-24065,allows,CWE-79,5.4,2.3,15.0,0.0,0.0,1,0.0,0.0,MEDIUM
CVE-2022-46835,and,CWE-22,8.8,2.8,51.0,,,0,,,HIGH
CVE-2022-47983,vulnerable,CWE-79,5.4,2.3,27.0,,,0,,,MEDIUM
CVE-2023-0599,versions,CWE-79,6.1,0.9,62.0,389.0,389.0,0,1.0,0.0,MEDIUM
CVE-2022-2546,plugin,,4.7,1.6,21.0,,,1,,,MEDIUM
CVE-2023-23925,work,CWE-400,8.6,3.9,1.0,960.0,960.0,0,1.0,0.17,HIGH
CVE-2023-23941,integration,CWE-345,7.5,3.9,1.0,0.0,0.0,0,0.0,0.0,HIGH
CVE-2023-23942,tool,CWE-79,5.4,2.3,3.0,0.0,0.0,0,0.0,0.0,MEDIUM
CVE-2022-21948,vulnerability,CWE-79,4.3,2.8,68.0,,,1,,,MEDIUM
CVE-2022-41311,stored,CWE-79,5.4,2.3,21.0,,,1,,,MEDIUM
CVE-2022-41312,stored,CWE-79,5.4,2.3,22.0,,,1,,,MEDIUM
CVE-2022-41313,stored,CWE-79,5.4,2.3,23.0,,,1,,,MEDIUM
CVE-2023-22735,team,CWE-436,4.4,1.3,1.0,,,0,,,MEDIUM
CVE-2023-25194,possible,CWE-502,8.8,2.8,2.0,0.0,0.0,0,0.0,0.0,HIGH
CVE-2023-23475,vulnerable,CWE-79,4.6,2.1,28.0,,,0,,,MEDIUM
CVE-2023-24815,set,CWE-22,4.8,2.2,1.0,,,1,,,MEDIUM
CVE-2023-21434,input,CWE-20,6.2,2.5,1.0,0.0,0.0,0,0.0,0.0,MEDIUM
CVE-2022-33934,versions,CWE-79,7.7,1.1,62.0,380.0,380.0,0,1.0,0.0,HIGH
CVE-2023-25558,metadata,CWE-502,7.5,1.6,1.0,0.0,0.0,0,0.0,0.0,HIGH
CVE-2023-25561,metadata,CWE-755,5.7,0.5,2.0,0.0,0.0,0,0.0,0.0,MEDIUM
CVE-2022-4286,reflected,CWE-79,6.1,2.8,12.0,,,0,,,MEDIUM
CVE-2022-47373,and,CWE-352,6.4,0.9,51.0,,,0,,,MEDIUM
CVE-2022-25978,versions,CWE-79,5.4,2.8,63.0,376.0,376.0,1,1.0,0.0,MEDIUM
CVE-2023-25761,and,CWE-79,5.4,2.3,52.0,,,0,,,MEDIUM
CVE-2023-25762,and,CWE-79,5.4,2.3,53.0,,,0,,,MEDIUM
CVE-2022-27890,was,CWE-297,6.3,2.1,10.0,0.0,0.0,0,0.0,0.0,MEDIUM
CVE-2022-48307,was,CWE-297,6.3,2.1,11.0,0.0,0.0,0,0.0,0.0,MEDIUM
CVE-2022-48308,was,CWE-297,6.3,2.1,12.0,0.0,0.0,0,0.0,0.0,MEDIUM
CVE-2023-25653,implementation,CWE-835,7.5,3.9,5.0,,,0,,,HIGH
CVE-2019-17003,code,CWE-79,6.1,2.8,1.0,,,1,,,MEDIUM
CVE-2023-22868,vulnerable,CWE-79,5.4,2.3,29.0,,,0,,,MEDIUM
CVE-2022-43579,through,CWE-79,4.6,2.1,20.0,,,0,,,MEDIUM
CVE-2014-125087,vulnerability,CWE-611,5.5,2.1,64.0,,,1,,,MEDIUM
CVE-2023-0442,plugin,,6.1,2.8,20.0,,,1,,,MEDIUM
CVE-2023-25928,vulnerable,CWE-79,4.6,2.1,30.0,,,0,,,MEDIUM
CVE-2023-22984,was,CWE-79,6.1,2.8,13.0,0.0,0.0,1,0.0,0.0,MEDIUM
CVE-2023-25158,open,CWE-89,9.8,3.9,25.0,,,0,,,CRITICAL
CVE-2023-25157,open,CWE-89,9.8,3.9,26.0,,,0,,,CRITICAL
CVE-2022-43578,through,CWE-79,4.6,2.1,21.0,,,0,,,MEDIUM
CVE-2023-25154,open,CWE-79,7.1,2.8,27.0,,,0,,,HIGH
CVE-2023-24810,open,CWE-79,7.1,2.8,28.0,,,0,,,HIGH
CVE-2023-24811,open,CWE-79,7.1,2.8,29.0,,,0,,,HIGH
CVE-2023-22860,for,CWE-79,5.4,2.3,51.0,,,0,,,MEDIUM
CVE-2023-26042,open,CWE-79,6.1,2.8,29.0,,,0,,,MEDIUM
CVE-2023-0511,vulnerability,CWE-23,9.1,3.9,64.0,,,0,,,CRITICAL
CVE-2023-27293,neutralization,CWE-79,6.1,2.8,1.0,,,1,,,MEDIUM
CVE-2023-27294,neutralization,CWE-79,5.4,2.3,2.0,,,1,,,MEDIUM
CVE-2023-27295,request,CWE-352,5.4,2.8,1.0,,,1,,,MEDIUM
CVE-2022-37936,deserialization,CWE-502,9.8,3.9,1.0,,,0,,,CRITICAL
CVE-2023-0507,platform,CWE-79,7.3,2.1,3.0,,,0,,,HIGH
CVE-2023-0594,platform,CWE-79,7.3,2.1,4.0,,,0,,,HIGH
CVE-2022-4901,stored,CWE-79,3.3,1.8,23.0,,,0,,,LOW
CVE-2023-22462,platform,CWE-79,6.4,1.2,5.0,,,0,,,MEDIUM
CVE-2023-26046,middleware,CWE-80,6.5,3.9,1.0,0.0,0.0,0,0.0,0.0,MEDIUM
CVE-2022-35645,and,CWE-79,6.4,3.1,54.0,,,0,,,MEDIUM
CVE-2023-1165,vulnerability,CWE-89,5.5,2.1,64.0,,,1,,,MEDIUM
CVE-2023-26047,middleware,CWE-79,6.5,3.9,2.0,0.0,0.0,0,0.0,0.0,MEDIUM
CVE-2023-26491,open,CWE-79,5.4,2.8,29.0,,,0,,,MEDIUM
CVE-2023-26486,visualization,CWE-79,6.5,3.9,1.0,0.0,0.0,1,0.0,0.0,MEDIUM
CVE-2022-44875,through,CWE-79,5.4,2.3,22.0,,,1,,,MEDIUM
CVE-2023-22856,stored,CWE-79,8.5,1.8,24.0,,,0,,,HIGH
CVE-2023-22857,stored,CWE-79,8.5,3.1,25.0,,,0,,,HIGH
CVE-2023-0746,help,CWE-79,6.3,2.8,1.0,,,0,,,MEDIUM
CVE-2023-23326,vulnerability,CWE-79,5.4,2.3,59.0,,,1,,,MEDIUM
CVE-2021-46875,issue,CWE-79,6.1,2.8,47.0,0.0,0.0,0,0.0,0.0,MEDIUM
CVE-2023-23857,missing,CWE-287,9.9,3.9,1.0,1151.0,1151.0,0,1.0,0.5,CRITICAL
CVE-2023-24526,for,CWE-306,5.3,3.9,52.0,,,0,,,MEDIUM
CVE-2023-25617,versions,CWE-78,9.0,2.3,59.0,349.0,349.0,0,1.0,0.0,CRITICAL
CVE-2023-26460,for,CWE-284,5.3,3.9,53.0,,,0,,,MEDIUM
CVE-2023-27268,version,CWE-284,5.3,3.9,41.0,0.0,0.0,0,0.0,0.0,MEDIUM
CVE-2022-47154,vulnerability,CWE-352,4.3,2.8,59.0,,,0,,,MEDIUM
CVE-2022-43874,and,CWE-79,6.1,2.8,52.0,,,0,,,MEDIUM
CVE-2022-43441,code,CWE-915,8.1,2.2,2.0,,,1,,,HIGH
CVE-2023-27494,software,CWE-79,5.9,1.6,3.0,0.0,0.0,0,0.0,0.0,MEDIUM
CVE-2023-27592,feed,CWE-79,4.8,1.2,1.0,,,0,,,MEDIUM
CVE-2023-28725,distributed,CWE-434,9.1,3.9,1.0,1210.0,1210.0,1,10.0,2.67,CRITICAL
CVE-2023-21615,versions,CWE-79,5.4,2.3,58.0,340.0,340.0,0,1.0,0.0,MEDIUM
CVE-2023-21616,versions,CWE-79,5.4,2.3,59.0,340.0,340.0,0,1.0,0.0,MEDIUM
CVE-2023-22252,versions,CWE-79,5.4,2.3,60.0,340.0,340.0,0,1.0,0.0,MEDIUM
CVE-2023-22253,versions,CWE-79,5.4,2.3,61.0,340.0,340.0,0,1.0,0.0,MEDIUM
CVE-2023-22254,versions,CWE-79,5.4,2.3,62.0,340.0,340.0,0,1.0,0.0,MEDIUM
CVE-2023-22269,versions,CWE-79,5.4,2.3,63.0,340.0,340.0,0,1.0,0.0,MEDIUM
CVE-2023-28439,open,CWE-79,4.7,1.6,24.0,,,0,,,MEDIUM
CVE-2023-1608,vulnerability,CWE-89,6.3,2.8,60.0,,,1,,,MEDIUM
CVE-2023-1609,vulnerability,CWE-79,3.5,2.1,61.0,,,1,,,LOW
CVE-2023-28445,runtime,CWE-125,9.9,3.1,4.0,0.0,0.0,0,0.0,0.0,CRITICAL
CVE-2022-38745,versions,CWE-94,7.8,1.8,66.0,338.0,338.0,0,1.0,0.0,HIGH
CVE-2023-28446,simple,CWE-150,8.8,2.8,3.0,,,1,,,HIGH
CVE-2023-28867,before,CWE-770,7.5,3.9,26.0,261.0,261.0,0,0.0,0.0,HIGH
CVE-2023-22902,file,CWE-79,5.4,2.3,3.0,0.0,0.0,0,0.0,0.0,MEDIUM
CVE-2023-24839,specific,CWE-79,6.1,2.8,1.0,0.0,0.0,0,0.0,0.0,MEDIUM
CVE-2023-25018,transportation,CWE-79,5.4,2.3,1.0,,,0,,,MEDIUM
CVE-2023-28650,unauthenticated,CWE-79,6.1,2.8,5.0,,,0,,,MEDIUM
CVE-2023-22249,versions,CWE-79,4.8,1.7,67.0,335.0,335.0,0,1.0,0.0,MEDIUM
CVE-2023-28629,open,CWE-79,5.4,2.3,25.0,,,0,,,MEDIUM
CVE-2023-28430,email,CWE-77,7.3,2.1,1.0,0.0,0.0,1,0.0,0.0,HIGH
CVE-2023-25722,issue,NVD-CWE-noinfo,5.5,1.8,46.0,0.0,0.0,0,0.0,0.0,MEDIUM
CVE-2022-36059,messaging,CWE-1321,8.2,3.9,1.0,0.0,0.0,0,0.0,0.0,HIGH
CVE-2022-36060,chat,CWE-1321,8.2,3.9,1.0,0.0,0.0,0,3.0,0.0,HIGH
CVE-2023-28103,chat,CWE-1321,8.2,3.9,2.0,0.0,0.0,0,3.0,0.0,HIGH
CVE-2023-28427,messaging,CWE-1321,8.2,3.9,2.0,0.0,0.0,0,0.0,0.0,HIGH
CVE-2023-28447,template,CWE-79,7.1,2.8,1.0,0.0,0.0,0,0.0,0.0,HIGH
CVE-2022-37349,vulnerability,CWE-125,7.8,1.8,60.0,,,0,,,HIGH
CVE-2022-37350,vulnerability,CWE-125,7.8,1.8,61.0,,,0,,,HIGH
CVE-2022-37365,vulnerability,CWE-749,7.8,1.8,62.0,,,0,,,HIGH
CVE-2022-37366,vulnerability,CWE-125,7.8,1.8,63.0,,,0,,,HIGH
CVE-2022-37368,vulnerability,CWE-125,5.5,1.8,64.0,,,0,,,MEDIUM
CVE-2022-37376,vulnerability,CWE-125,3.3,1.8,65.0,,,0,,,LOW
CVE-2022-37377,vulnerability,CWE-843,7.8,1.8,66.0,,,0,,,HIGH
CVE-2022-37378,vulnerability,CWE-416,7.8,1.8,67.0,,,0,,,HIGH
CVE-2022-37380,vulnerability,CWE-125,5.5,1.8,68.0,,,0,,,MEDIUM
CVE-2022-37383,vulnerability,CWE-125,5.5,1.8,69.0,,,0,,,MEDIUM
CVE-2022-37386,vulnerability,CWE-125,5.5,1.8,70.0,,,0,,,MEDIUM
CVE-2023-27489,open,CWE-79,7.6,2.1,26.0,,,0,,,HIGH
CVE-2023-1656,vulnerability,CWE-319,7.5,1.6,71.0,,,0,,,HIGH
CVE-2023-28462,rebind,NVD-CWE-noinfo,9.8,3.9,1.0,,,0,,,CRITICAL
CVE-2023-28846,framework,CWE-400,5.9,2.2,5.0,,,0,,,MEDIUM
CVE-2023-26283,vulnerable,CWE-79,5.4,2.3,31.0,,,0,,,MEDIUM
CVE-2023-28670,and,CWE-79,5.4,2.3,53.0,,,0,,,MEDIUM
CVE-2023-28679,and,CWE-79,5.4,2.3,54.0,,,0,,,MEDIUM
CVE-2020-36692,reflected,CWE-79,6.5,2.8,13.0,,,0,,,MEDIUM
CVE-2020-19277,vulnerability,CWE-79,5.4,2.3,72.0,,,1,,,MEDIUM
CVE-2023-26789,vulnerable,CWE-79,6.1,2.8,32.0,,,0,,,MEDIUM
CVE-2023-0750,implements,CWE-602,9.8,3.9,1.0,0.0,0.0,0,0.0,0.0,CRITICAL
CVE-2023-24538,not,CWE-94,9.8,3.9,1.0,0.0,0.0,0,0.0,0.0,CRITICAL
CVE-2023-28500,insecure,CWE-502,9.8,3.9,5.0,,,0,,,CRITICAL
CVE-2022-43914,vulnerable,CWE-79,4.6,2.1,33.0,,,0,,,MEDIUM
CVE-2022-43928,for,NVD-CWE-noinfo,4.9,1.2,53.0,,,0,,,MEDIUM
CVE-2023-0157,plugin,CWE-79,4.8,1.7,21.0,,,1,,,MEDIUM
CVE-2023-0546,plugin,,5.4,2.3,22.0,,,1,,,MEDIUM
CVE-2023-26919,and,CWE-74,7.2,3.9,54.0,,,1,,,HIGH
CVE-2023-28341,site,CWE-79,6.1,2.8,1.0,,,0,,,MEDIUM
CVE-2023-24527,for,CWE-306,5.3,3.9,54.0,,,0,,,MEDIUM
CVE-2023-26458,information,CWE-668,6.8,2.3,4.0,0.0,0.0,0,2.0,0.0,MEDIUM
CVE-2023-24464,scripting,CWE-79,5.4,2.3,20.0,,,0,,,MEDIUM
CVE-2023-26123,the,CWE-79,6.1,2.8,43.0,0.0,0.0,1,0.0,0.0,MEDIUM
CVE-2023-29529,the,CWE-862,5.0,3.1,44.0,0.0,0.0,0,0.0,0.0,MEDIUM
CVE-2023-30535,provides,CWE-20,7.3,2.1,3.0,0.0,0.0,0,0.0,0.0,HIGH
CVE-2022-48177,and,CWE-79,5.4,2.3,54.0,,,1,,,MEDIUM
CVE-2023-29201,are,CWE-79,9.0,2.3,3.0,0.0,0.0,1,0.0,0.0,CRITICAL
CVE-2023-29202,are,CWE-79,9.0,2.3,4.0,0.0,0.0,1,0.0,0.0,CRITICAL
CVE-2023-29206,are,CWE-79,9.0,2.3,5.0,0.0,0.0,1,0.0,0.0,CRITICAL
CVE-2023-29207,are,CWE-79,8.9,2.3,6.0,0.0,0.0,1,0.0,0.0,HIGH
CVE-2018-17883,issue,CWE-79,6.1,2.8,44.0,0.0,0.0,0,0.0,0.0,MEDIUM
CVE-2022-46389,exists,CWE-79,6.1,2.8,1.0,,,0,,,MEDIUM
CVE-2023-21930,the,NVD-CWE-noinfo,7.4,2.2,45.0,0.0,0.0,0,0.0,0.0,HIGH
CVE-2023-21934,the,NVD-CWE-noinfo,6.8,1.6,46.0,0.0,0.0,0,0.0,0.0,MEDIUM
CVE-2023-21937,the,NVD-CWE-noinfo,3.7,2.2,47.0,0.0,0.0,0,0.0,0.0,LOW
CVE-2023-21938,the,NVD-CWE-noinfo,3.7,2.2,48.0,0.0,0.0,0,0.0,0.0,LOW
CVE-2023-21939,the,NVD-CWE-noinfo,5.3,3.9,49.0,0.0,0.0,0,0.0,0.0,MEDIUM
CVE-2023-21954,the,NVD-CWE-noinfo,5.9,2.2,50.0,0.0,0.0,0,0.0,0.0,MEDIUM
CVE-2023-21967,the,NVD-CWE-noinfo,5.9,2.2,51.0,0.0,0.0,0,0.0,0.0,MEDIUM
CVE-2023-21968,the,NVD-CWE-noinfo,3.7,2.2,52.0,0.0,0.0,0,0.0,0.0,LOW
CVE-2023-21986,the,NVD-CWE-noinfo,5.7,2.5,53.0,0.0,0.0,0,0.0,0.0,MEDIUM
CVE-2023-26048,java,CWE-400,5.3,3.9,3.0,,,0,,,MEDIUM
CVE-2023-26049,java,CWE-200,2.4,0.9,4.0,,,0,,,LOW
CVE-2023-29411,for,CWE-306,9.8,3.9,55.0,,,0,,,CRITICAL
CVE-2023-29412,used,CWE-78,9.8,3.9,2.0,,,0,,,CRITICAL
CVE-2023-29196,open,CWE-79,4.2,1.6,24.0,,,0,,,MEDIUM
CVE-2023-30538,open,CWE-79,5.4,2.8,25.0,,,0,,,MEDIUM
CVE-2023-29515,generic,CWE-79,7.7,3.1,7.0,1055.0,1055.0,1,1.0,0.33,HIGH
CVE-2023-30614,payments,CWE-79,7.1,2.8,1.0,0.0,0.0,0,0.0,0.0,HIGH
CVE-2023-29528,are,CWE-79,9.0,2.3,13.0,0.0,0.0,1,0.0,0.0,CRITICAL
CVE-2023-30613,open,CWE-434,8.1,2.8,26.0,,,1,,,HIGH
CVE-2023-22665,insufficient,CWE-917,5.4,2.3,2.0,,,0,,,MEDIUM
CVE-2023-30177,vulnerable,CWE-79,6.1,2.8,32.0,,,0,,,MEDIUM
CVE-2023-24966,and,CWE-79,6.1,2.8,52.0,,,0,,,MEDIUM
CVE-2023-30852,open,CWE-22,4.4,0.7,27.0,,,0,,,MEDIUM
CVE-2023-30454,issue,CWE-79,6.1,2.8,43.0,0.0,0.0,0,0.0,0.0,MEDIUM
CVE-2023-30857,the,CWE-1321,3.7,2.2,46.0,0.0,0.0,0,0.0,0.0,LOW
CVE-2022-43871,for,CWE-79,4.6,2.1,57.0,,,0,,,MEDIUM
CVE-2023-30792,tag,CWE-79,6.1,2.8,1.0,0.0,0.0,0,0.0,0.0,MEDIUM
CVE-2023-30441,and,CWE-327,7.5,3.9,52.0,,,0,,,HIGH
CVE-2023-27108,issue,NVD-CWE-noinfo,5.3,3.9,44.0,0.0,0.0,1,0.0,0.0,MEDIUM
CVE-2023-30639,before,CWE-79,7.1,1.8,23.0,225.0,225.0,0,0.0,0.0,HIGH
CVE-2023-26268,documents,CWE-200,4.4,1.3,1.0,0.0,0.0,0,0.0,0.0,MEDIUM
CVE-2023-1384,function,CWE-80,4.3,2.8,4.0,0.0,0.0,0,0.0,0.0,MEDIUM
CVE-2023-27378,reflected,CWE-79,7.5,1.6,14.0,,,0,,,HIGH
CVE-2023-25827,insufficient,CWE-79,8.2,2.8,3.0,,,0,,,HIGH
CVE-2023-31414,versions,CWE-94,8.8,2.8,62.0,297.0,297.0,0,1.0,0.0,HIGH
CVE-2023-31415,version,CWE-94,8.8,2.8,43.0,0.0,0.0,0,0.0,0.0,HIGH
CVE-2022-43866,and,CWE-79,5.4,2.3,50.0,,,0,,,MEDIUM
CVE-2023-24957,and,CWE-79,5.4,2.3,51.0,,,0,,,MEDIUM
CVE-2023-2582,prototype,CWE-1321,6.1,2.8,1.0,0.0,0.0,1,0.0,0.0,MEDIUM
CVE-2023-30744,versions,CWE-306,8.2,3.9,60.0,293.0,293.0,0,1.0,0.0,HIGH
CVE-2023-32066,open,CWE-79,5.4,2.3,28.0,,,0,,,MEDIUM
CVE-2023-32071,generic,CWE-79,9.0,2.3,13.0,1034.0,1034.0,0,1.0,0.33,CRITICAL
CVE-2023-25830,reflected,CWE-79,6.1,2.8,15.0,,,0,,,MEDIUM
CVE-2023-25831,reflected,CWE-79,6.1,2.8,16.0,,,0,,,MEDIUM
CVE-2023-0007,scripting,CWE-80,6.5,1.2,20.0,,,0,,,MEDIUM
CVE-2023-24540,all,NVD-CWE-noinfo,9.8,3.9,2.0,,,0,,,CRITICAL
CVE-2021-39036,and,CWE-79,6.1,2.8,48.0,,,0,,,MEDIUM
CVE-2023-28520,vulnerable,CWE-79,6.4,3.1,26.0,,,0,,,MEDIUM
CVE-2023-32787,before,CWE-400,7.5,3.9,24.0,211.0,211.0,0,0.0,0.0,HIGH
CVE-2023-31576,arbitrary,CWE-434,8.8,2.8,1.0,,,1,,,HIGH
CVE-2021-27131,vulnerable,CWE-79,5.4,2.3,27.0,,,1,,,MEDIUM
CVE-2023-23556,error,CWE-787,9.8,3.9,3.0,,,0,,,CRITICAL
CVE-2023-23557,error,CWE-843,9.8,3.9,4.0,,,0,,,CRITICAL
CVE-2023-24832,null,CWE-476,7.5,3.9,1.0,0.0,0.0,0,0.0,0.0,HIGH
CVE-2023-24833,addition,CWE-416,7.5,3.9,1.0,,,0,,,HIGH
CVE-2023-25933,type,CWE-843,9.8,3.9,1.0,,,0,,,CRITICAL
CVE-2023-28081,bytecode,CWE-416,9.8,3.9,1.0,1111.0,1111.0,0,2.0,0.5,CRITICAL
CVE-2023-30470,related,CWE-416,9.8,3.9,1.0,0.0,0.0,0,1.0,0.0,CRITICAL
CVE-2023-31862,jizhicms,CWE-79,5.4,2.3,1.0,,,1,,,MEDIUM
CVE-2023-28529,vulnerable,CWE-79,5.5,2.3,28.0,,,0,,,MEDIUM
CVE-2021-46888,issue,CWE-79,5.4,2.3,43.0,0.0,0.0,1,0.0,0.0,MEDIUM
CVE-2023-31779,and,CWE-79,5.4,2.3,47.0,,,0,,,MEDIUM
CVE-2023-28394,versions,CWE-78,8.8,2.8,59.0,279.0,279.0,0,1.0,0.0,HIGH
CVE-2023-32697,library,CWE-94,8.8,2.8,7.0,1146.0,1146.0,0,7.0,5.83,HIGH
CVE-2022-42225,version,CWE-79,5.4,2.3,44.0,0.0,0.0,1,0.0,0.0,MEDIUM
CVE-2022-46907,carefully,CWE-79,6.1,2.8,4.0,,,0,,,MEDIUM
CVE-2023-20868,contains,CWE-79,6.1,2.8,3.0,,,0,,,MEDIUM
CVE-2023-33255,issue,CWE-79,6.1,2.8,44.0,0.0,0.0,1,0.0,0.0,MEDIUM
CVE-2023-33187,open,CWE-319,5.4,1.0,29.0,,,0,,,MEDIUM
CVE-2023-21514,scheme,CWE-20,7.5,1.6,1.0,0.0,0.0,0,0.0,0.0,HIGH
CVE-2023-21515,which,CWE-20,7.5,1.6,1.0,,,0,,,HIGH
CVE-2023-21516,vulnerability,CWE-20,7.5,1.6,65.0,,,0,,,HIGH
CVE-2023-32686,open,CWE-79,8.1,2.8,30.0,,,0,,,HIGH
CVE-2023-32695,parser,CWE-20,7.3,3.9,1.0,,,0,,,HIGH
CVE-2023-33182,app,CWE-20,0.0,2.8,1.0,0.0,0.0,0,0.0,0.0,NONE
CVE-2023-33186,team,CWE-79,8.2,2.3,2.0,,,0,,,HIGH
CVE-2023-2113,plugin,,4.8,1.7,18.0,,,1,,,MEDIUM
CVE-2023-32689,open,CWE-434,6.3,1.8,31.0,,,0,,,MEDIUM
CVE-2023-23956,user,CWE-79,5.4,2.3,4.0,,,0,,,MEDIUM
CVE-2023-33961,lean,CWE-79,8.9,2.3,1.0,1122.0,1122.0,0,10.0,1.17,HIGH
CVE-2023-33962,templating,CWE-79,5.4,2.3,1.0,0.0,0.0,1,0.0,0.0,MEDIUM
CVE-2023-28350,issue,CWE-79,6.1,2.8,45.0,0.0,0.0,1,0.0,0.0,MEDIUM
CVE-2023-33966,runtime,CWE-269,8.6,3.9,4.0,0.0,0.0,0,0.0,0.0,HIGH
CVE-2023-33971,plugin,CWE-79,6.1,2.8,17.0,,,1,,,MEDIUM
CVE-2023-33287,stored,CWE-79,5.4,2.3,21.0,,,0,,,MEDIUM
CVE-2023-32715,the,CWE-79,4.7,1.6,45.0,0.0,0.0,0,0.0,0.0,MEDIUM
CVE-2023-28705,has,CWE-79,5.4,2.3,3.0,0.0,0.0,0,0.0,0.0,MEDIUM
CVE-2023-29549,certain,CWE-326,6.5,2.8,2.0,0.0,0.0,0,0.0,0.0,MEDIUM
CVE-2023-3055,plugin,CWE-352,6.1,2.8,18.0,,,0,,,MEDIUM
CVE-2023-2301,vcita,CWE-352,6.1,2.8,1.0,,,0,,,MEDIUM
CVE-2023-2303,and,CWE-352,6.1,2.8,47.0,,,0,,,MEDIUM
CVE-2023-2405,and,CWE-352,6.1,2.8,48.0,,,1,,,MEDIUM
CVE-2023-2407,vcita,CWE-352,6.1,2.8,2.0,,,1,,,MEDIUM
CVE-2023-32217,and,CWE-470,9.0,2.3,49.0,,,0,,,CRITICAL
CVE-2023-33969,open,CWE-79,6.4,3.1,32.0,,,1,,,MEDIUM
CVE-2022-46165,open,CWE-79,4.6,2.1,33.0,,,1,,,MEDIUM
CVE-2023-34104,open,CWE-400,7.5,3.9,34.0,,,0,,,HIGH
CVE-2023-33977,open,CWE-79,8.1,2.8,35.0,,,1,,,HIGH
CVE-2021-4372,and,CWE-79,6.5,3.9,50.0,,,1,,,MEDIUM
CVE-2022-4948,plugin,CWE-862,4.3,2.8,19.0,,,1,,,MEDIUM
CVE-2023-33846,for,CWE-79,5.4,2.3,58.0,,,0,,,MEDIUM
CVE-2023-23480,and,CWE-79,5.4,2.3,51.0,,,0,,,MEDIUM
CVE-2023-23481,and,CWE-79,6.4,3.1,52.0,,,0,,,MEDIUM
CVE-2023-32751,through,CWE-79,5.4,2.3,20.0,,,1,,,MEDIUM
CVE-2023-34112,project,CWE-94,4.3,2.8,1.0,,,1,,,MEDIUM
CVE-2023-0695,for,CWE-79,5.4,2.3,60.0,,,0,,,MEDIUM
CVE-2023-0708,for,CWE-79,5.4,2.3,61.0,,,0,,,MEDIUM
CVE-2023-0709,for,CWE-79,5.4,2.3,62.0,,,0,,,MEDIUM
CVE-2023-0710,for,CWE-79,4.9,1.8,63.0,,,0,,,MEDIUM
CVE-2023-2414,for,CWE-862,5.4,2.8,64.0,,,1,,,MEDIUM
CVE-2023-34245,the,CWE-79,8.1,2.8,45.0,0.0,0.0,0,0.0,0.0,HIGH
CVE-2023-35042,some,NVD-CWE-noinfo,9.8,3.9,1.0,0.0,0.0,0,0.0,0.0,CRITICAL
CVE-2023-2277,plugin,CWE-352,6.1,2.8,19.0,,,1,,,MEDIUM
CVE-2023-0010,reflected,CWE-79,5.4,2.8,17.0,,,0,,,MEDIUM
CVE-2023-2976,default,CWE-552,5.5,1.8,1.0,,,0,,,MEDIUM
CVE-2023-2819,stored,CWE-79,4.3,1.2,22.0,,,0,,,MEDIUM
CVE-2023-34453,fast,CWE-190,5.9,2.2,3.0,378.0,378.0,1,0.0,0.0,MEDIUM
CVE-2023-34454,fast,CWE-190,5.9,2.2,4.0,378.0,378.0,0,0.0,0.0,MEDIUM
CVE-2023-34455,fast,CWE-770,7.5,3.9,5.0,378.0,378.0,1,0.0,0.0,HIGH
CVE-2023-29302,versions,CWE-79,5.4,2.3,60.0,255.0,255.0,0,1.0,0.0,MEDIUM
CVE-2023-29304,versions,CWE-79,5.4,2.3,61.0,255.0,255.0,0,1.0,0.0,MEDIUM
CVE-2023-29322,versions,CWE-79,5.4,2.3,62.0,255.0,255.0,0,1.0,0.0,MEDIUM
CVE-2023-24031,issue,CWE-79,6.1,2.8,45.0,0.0,0.0,0,0.0,0.0,MEDIUM
CVE-2023-34461,open,CWE-79,4.6,2.1,35.0,,,0,,,MEDIUM
CVE-2023-26436,with,CWE-94,7.1,0.5,1.0,0.0,0.0,0,0.0,0.0,HIGH
CVE-2023-35155,generic,CWE-79,8.8,2.8,14.0,989.0,989.0,1,1.0,0.33,HIGH
CVE-2023-35156,generic,CWE-87,9.6,2.8,15.0,989.0,989.0,0,1.0,0.33,CRITICAL
CVE-2023-35158,generic,CWE-87,9.6,2.8,16.0,989.0,989.0,0,1.0,0.33,CRITICAL
CVE-2023-35159,generic,CWE-87,9.6,2.8,17.0,989.0,989.0,0,1.0,0.33,CRITICAL
CVE-2023-35160,generic,CWE-87,9.6,2.8,18.0,989.0,989.0,0,1.0,0.33,CRITICAL
CVE-2023-35161,generic,CWE-87,9.6,2.8,19.0,989.0,989.0,0,1.0,0.33,CRITICAL
CVE-2023-35162,generic,CWE-79,9.6,2.8,20.0,989.0,989.0,0,1.0,0.33,CRITICAL
CVE-2023-35931,simple,CWE-526,3.1,1.6,4.0,,,1,,,LOW
CVE-2023-32339,vulnerable,CWE-79,6.1,2.8,29.0,,,0,,,MEDIUM
CVE-2023-34098,open,CWE-200,5.3,3.9,36.0,,,0,,,MEDIUM
CVE-2023-26274,vulnerable,CWE-79,4.6,2.1,30.0,,,0,,,MEDIUM
CVE-2023-34835,vulnerability,CWE-79,5.4,2.3,59.0,,,1,,,MEDIUM
CVE-2015-1313,and,CWE-425,6.5,3.9,49.0,,,1,,,MEDIUM
CVE-2023-34599,vulnerabilities,CWE-79,6.1,2.8,1.0,0.0,0.0,1,0.0,0.0,MEDIUM
CVE-2023-37251,issue,CWE-79,6.1,2.8,46.0,0.0,0.0,0,0.0,0.0,MEDIUM
CVE-2023-37256,issue,CWE-79,6.1,2.8,47.0,0.0,0.0,1,0.0,0.0,MEDIUM
CVE-2023-37360,before,CWE-74,5.9,2.5,23.0,165.0,165.0,1,0.0,0.0,MEDIUM
CVE-2023-36477,generic,CWE-79,9.0,2.3,22.0,982.0,982.0,1,1.0,0.33,CRITICAL
CVE-2023-33201,before,CWE-295,5.3,3.9,24.0,161.0,161.0,0,0.0,0.0,MEDIUM
CVE-2023-24496,scripting,CWE-80,4.7,1.6,18.0,,,1,,,MEDIUM
CVE-2023-24497,scripting,CWE-80,4.7,1.6,19.0,,,1,,,MEDIUM
CVE-2021-39014,vulnerable,CWE-79,6.4,3.1,30.0,,,0,,,MEDIUM
CVE-2023-31405,for,CWE-117,5.3,3.9,63.0,,,0,,,MEDIUM
CVE-2023-36386,vulnerability,CWE-79,8.8,2.8,58.0,,,0,,,HIGH
CVE-2023-36389,vulnerability,CWE-79,8.8,2.8,59.0,,,0,,,HIGH
CVE-2023-36390,vulnerability,CWE-79,8.8,2.8,60.0,,,0,,,HIGH
CVE-2023-32693,participatory,CWE-79,8.1,2.8,1.0,,,0,,,HIGH
CVE-2023-34089,participatory,CWE-79,8.1,2.8,2.0,,,0,,,HIGH
CVE-2023-32200,insufficient,CWE-917,8.8,2.8,4.0,,,0,,,HIGH
CVE-2023-37630,vulnerable,CWE-79,6.1,2.8,31.0,,,1,,,MEDIUM
CVE-2023-29449,preprocessing,CWE-400,5.9,2.2,1.0,0.0,0.0,0,0.0,0.0,MEDIUM
CVE-2023-29450,can,CWE-200,8.5,1.8,1.0,0.0,0.0,0,0.0,0.0,HIGH
CVE-2023-29458,embeddable,CWE-129,5.9,1.6,1.0,,,0,,,MEDIUM
CVE-2023-31705,scripting,CWE-79,5.4,2.3,20.0,,,0,,,MEDIUM
CVE-2023-37464,library,CWE-327,8.6,3.9,9.0,1094.0,1094.0,1,7.0,5.83,HIGH
CVE-2023-2507,version,CWE-79,9.3,2.8,44.0,0.0,0.0,1,0.0,0.0,CRITICAL
CVE-2023-30791,version,CWE-434,7.1,1.2,45.0,0.0,0.0,1,0.0,0.0,HIGH
CVE-2023-22006,the,NVD-CWE-noinfo,3.1,1.6,45.0,0.0,0.0,0,0.0,0.0,LOW
CVE-2023-22036,the,NVD-CWE-noinfo,3.7,2.2,46.0,0.0,0.0,0,0.0,0.0,LOW
CVE-2023-22041,the,NVD-CWE-noinfo,5.1,1.4,47.0,0.0,0.0,0,0.0,0.0,MEDIUM
CVE-2023-22043,supported,NVD-CWE-noinfo,5.9,2.2,1.0,,,0,,,MEDIUM
CVE-2023-22044,the,NVD-CWE-noinfo,3.7,2.2,48.0,0.0,0.0,0,0.0,0.0,LOW
CVE-2023-22045,the,NVD-CWE-noinfo,3.7,2.2,49.0,0.0,0.0,0,0.0,0.0,LOW
CVE-2023-22049,the,NVD-CWE-noinfo,3.7,2.2,50.0,0.0,0.0,0,0.0,0.0,LOW
CVE-2023-22051,the,NVD-CWE-noinfo,3.7,2.2,51.0,0.0,0.0,0,0.0,0.0,LOW
CVE-2023-22052,the,NVD-CWE-noinfo,3.1,1.6,52.0,0.0,0.0,0,0.0,0.0,LOW
CVE-2023-28754,vulnerability,CWE-502,8.8,2.8,56.0,,,0,,,HIGH
CVE-2023-27379,vulnerability,CWE-416,8.8,2.8,57.0,,,1,,,HIGH
CVE-2023-28744,vulnerability,CWE-416,8.8,2.8,58.0,,,1,,,HIGH
CVE-2023-32664,type,CWE-843,8.8,2.8,2.0,,,1,,,HIGH
CVE-2023-33866,vulnerability,CWE-416,8.8,2.8,59.0,,,1,,,HIGH
CVE-2023-33876,vulnerability,CWE-416,8.8,2.8,60.0,,,1,,,HIGH
CVE-2023-37899,framework,CWE-754,7.5,3.9,4.0,,,1,,,HIGH
CVE-2023-32476,version,CWE-200,6.4,0.5,46.0,0.0,0.0,0,0.0,0.0,MEDIUM
CVE-2023-25835,stored,CWE-79,8.4,1.7,21.0,,,0,,,HIGH
CVE-2023-25836,vulnerability,CWE-79,5.4,2.3,61.0,,,0,,,MEDIUM
CVE-2023-25837,vulnerability,CWE-79,8.4,1.7,62.0,,,0,,,HIGH
CVE-2023-25841,stored,CWE-79,6.1,2.8,22.0,,,0,,,MEDIUM
CVE-2023-25929,and,CWE-79,4.6,2.1,43.0,,,0,,,MEDIUM
CVE-2023-38057,improper,CWE-20,4.1,2.3,2.0,,,0,,,MEDIUM
CVE-2022-28865,issue,CWE-79,5.4,2.3,46.0,0.0,0.0,1,0.0,0.0,MEDIUM
CVE-2022-28867,issue,CWE-79,5.4,2.3,47.0,0.0,0.0,1,0.0,0.0,MEDIUM
CVE-2023-26045,based,CWE-22,10.0,3.9,1.0,,,0,,,CRITICAL
CVE-2023-37895,object,CWE-502,9.8,3.9,2.0,,,0,,,CRITICAL
CVE-2023-38647,attacker,CWE-502,9.8,3.9,8.0,,,0,,,CRITICAL
CVE-2023-31466,issue,CWE-79,5.4,2.3,35.0,0.0,0.0,1,0.0,0.0,MEDIUM
CVE-2023-22595,and,CWE-79,5.4,2.3,42.0,,,0,,,MEDIUM
CVE-2023-24971,and,CWE-502,7.5,3.9,43.0,,,0,,,HIGH
CVE-2023-34360,stored,CWE-79,8.2,2.3,23.0,,,0,,,HIGH
CVE-2023-38308,issue,CWE-79,6.1,2.8,36.0,0.0,0.0,1,0.0,0.0,MEDIUM
CVE-2023-38309,issue,CWE-79,6.1,2.8,37.0,0.0,0.0,1,0.0,0.0,MEDIUM
CVE-2023-31928,reflected,CWE-79,6.3,2.8,18.0,,,0,,,MEDIUM
CVE-2023-26316,vulnerability,CWE-79,6.1,2.8,61.0,,,0,,,MEDIUM
CVE-2022-40609,and,CWE-502,8.1,2.2,44.0,,,0,,,HIGH
CVE-2023-38138,reflected,CWE-79,7.5,1.6,19.0,,,0,,,HIGH
CVE-2023-38423,scripting,CWE-79,5.4,2.3,20.0,,,0,,,MEDIUM
CVE-2023-36480,client,CWE-502,9.8,3.9,3.0,,,0,,,CRITICAL
CVE-2023-38689,modification,CWE-502,8.1,2.2,1.0,,,0,,,HIGH
CVE-2023-39532,environment,CWE-20,9.8,3.9,1.0,0.0,0.0,1,0.0,0.0,CRITICAL
CVE-2023-39518,uncompleted,CWE-79,5.4,2.3,1.0,,,0,,,MEDIUM
CVE-2023-26961,does,CWE-79,4.8,1.7,2.0,,,1,,,MEDIUM
CVE-2023-39951,provides,CWE-200,6.5,2.8,4.0,0.0,0.0,1,0.0,0.0,MEDIUM
CVE-2023-22843,authenticated,CWE-79,6.4,0.9,4.0,,,0,,,MEDIUM
CVE-2023-39000,reflected,CWE-79,6.1,2.8,20.0,,,1,,,MEDIUM
CVE-2023-38347,issue,CWE-79,6.1,2.8,38.0,0.0,0.0,1,0.0,0.0,MEDIUM
CVE-2020-27449,vulnerability,CWE-79,6.1,2.8,56.0,,,0,,,MEDIUM
CVE-2023-30186,use,CWE-416,9.8,3.9,1.0,0.0,0.0,1,0.0,0.0,CRITICAL
CVE-2023-30187,out,CWE-787,9.8,3.9,2.0,795.0,795.0,1,1.0,0.33,CRITICAL
CVE-2023-30188,vulnerability,CWE-835,7.5,3.9,57.0,,,1,,,HIGH
CVE-2023-38687,flexible,CWE-79,5.4,2.3,1.0,,,1,,,MEDIUM
CVE-2023-40013,javascript,CWE-79,7.1,1.6,1.0,772.0,772.0,0,3.0,0.67,HIGH
CVE-2023-2122,plugin,,6.1,2.8,16.0,,,1,,,MEDIUM
CVE-2023-34412,vulnerability,CWE-79,4.8,1.7,58.0,,,0,,,MEDIUM
CVE-2023-40313,interpreter,NVD-CWE-noinfo,7.1,1.6,1.0,,,0,,,HIGH
CVE-2023-40168,desktop,CWE-863,7.4,2.8,1.0,0.0,0.0,0,0.0,0.0,HIGH
CVE-2023-2317,before,CWE-79,8.6,1.8,23.0,116.0,116.0,1,0.0,0.0,HIGH
CVE-2023-2318,and,CWE-79,8.6,1.8,45.0,,,1,,,HIGH
CVE-2023-40176,generic,CWE-79,9.0,2.3,25.0,928.0,928.0,0,1.0,0.33,CRITICAL
CVE-2023-40185,shescape,CWE-150,6.5,2.2,1.0,,,1,,,MEDIUM
CVE-2023-40030,downloads,CWE-79,6.1,2.8,1.0,206.0,206.0,0,0.0,0.0,MEDIUM
CVE-2023-40577,handles,CWE-79,7.5,3.9,1.0,430.0,430.0,0,0.0,0.0,HIGH
CVE-2020-11711,issue,CWE-79,4.8,1.7,46.0,0.0,0.0,0,0.0,0.0,MEDIUM
CVE-2023-24620,issue,CWE-611,5.5,1.8,47.0,0.0,0.0,1,0.0,0.0,MEDIUM
CVE-2023-24621,issue,CWE-502,7.8,1.8,48.0,0.0,0.0,1,0.0,0.0,HIGH
CVE-2022-43909,vulnerable,CWE-79,4.6,2.1,27.0,,,0,,,MEDIUM
CVE-2023-30435,and,CWE-79,8.9,2.3,44.0,,,0,,,HIGH
CVE-2023-30436,and,CWE-79,5.5,1.3,45.0,,,0,,,MEDIUM
CVE-2023-41037,implementation,CWE-347,4.3,2.8,4.0,,,1,,,MEDIUM
CVE-2023-41642,reflected,CWE-79,6.1,2.8,17.0,,,1,,,MEDIUM
CVE-2023-41034,device,CWE-611,6.5,2.2,1.0,0.0,0.0,0,0.0,0.0,MEDIUM
CVE-2023-41049,open,CWE-79,7.5,3.9,35.0,,,0,,,HIGH
CVE-2023-41054,fork,CWE-918,8.2,3.9,2.0,0.0,0.0,1,0.0,0.0,HIGH
CVE-2023-41055,fork,CWE-918,7.5,3.9,3.0,0.0,0.0,1,0.0,0.0,HIGH
CVE-2020-10128,product,CWE-79,5.4,2.3,1.0,0.0,0.0,0,0.0,0.0,MEDIUM
CVE-2023-39366,open,CWE-79,6.1,0.9,36.0,,,1,,,MEDIUM
CVE-2023-39510,open,CWE-79,6.1,0.9,37.0,,,1,,,MEDIUM
CVE-2023-39512,open,CWE-79,6.1,0.9,38.0,,,1,,,MEDIUM
CVE-2023-39513,open,CWE-79,6.1,0.9,39.0,,,1,,,MEDIUM
CVE-2023-39514,open,CWE-79,6.1,0.9,40.0,,,1,,,MEDIUM
CVE-2023-39515,open,CWE-79,6.1,0.9,41.0,,,1,,,MEDIUM
CVE-2023-39516,open,CWE-79,6.1,0.9,42.0,,,1,,,MEDIUM
CVE-2023-0925,runs,CWE-502,9.8,3.9,1.0,880.0,880.0,0,0.0,0.17,CRITICAL
CVE-2023-39511,open,CWE-79,6.1,0.9,43.0,,,1,,,MEDIUM
CVE-2023-23623,framework,CWE-670,7.5,1.6,5.0,,,0,,,HIGH
CVE-2023-29198,framework,CWE-754,6.0,1.8,6.0,,,0,,,MEDIUM
CVE-2023-39956,framework,CWE-94,6.1,1.3,7.0,,,0,,,MEDIUM
CVE-2023-40397,issue,NVD-CWE-noinfo,9.8,3.9,49.0,0.0,0.0,0,0.0,0.0,CRITICAL
CVE-2023-39422,endpoints,CWE-798,6.5,3.9,1.0,902.0,902.0,0,5.0,1.0,MEDIUM
CVE-2023-4528,deserialization,CWE-502,7.2,1.2,2.0,,,0,,,HIGH
CVE-2023-41316,localization,CWE-20,5.5,2.1,1.0,0.0,0.0,1,0.0,0.0,MEDIUM
CVE-2022-22402,vulnerable,CWE-79,5.4,2.3,28.0,,,0,,,MEDIUM
CVE-2023-42470,application,CWE-94,9.8,3.9,1.0,0.0,0.0,1,0.0,0.0,CRITICAL
CVE-2023-42471,application,CWE-94,9.8,3.9,2.0,0.0,0.0,1,0.0,0.0,CRITICAL
CVE-2023-3612,app,CWE-749,8.2,2.8,2.0,0.0,0.0,0,0.0,0.0,HIGH
CVE-2023-41103,allows,CWE-79,5.4,2.3,6.0,0.0,0.0,0,0.0,0.0,MEDIUM
CVE-2023-41336,functionality,CWE-20,6.5,3.9,1.0,,,0,,,MEDIUM
CVE-2023-4294,plugin,,6.1,2.8,15.0,,,1,,,MEDIUM
CVE-2023-38878,reflected,CWE-79,6.1,2.8,18.0,,,1,,,MEDIUM
CVE-2023-40624,based,CWE-79,5.5,2.1,2.0,,,0,,,MEDIUM
CVE-2023-41331,prior,CWE-917,9.8,3.9,3.0,0.0,0.0,0,2.0,0.0,CRITICAL
CVE-2023-29305,versions,CWE-79,6.1,2.8,50.0,166.0,166.0,0,1.0,0.0,MEDIUM
CVE-2023-29306,versions,CWE-79,6.1,2.8,51.0,166.0,166.0,0,1.0,0.0,MEDIUM
CVE-2023-29183,improper,CWE-79,8.0,2.1,2.0,,,0,,,HIGH
CVE-2023-38214,versions,CWE-79,5.4,2.3,52.0,165.0,165.0,0,1.0,0.0,MEDIUM
CVE-2023-38215,versions,CWE-79,5.4,2.3,53.0,165.0,165.0,0,1.0,0.0,MEDIUM
CVE-2023-4802,reflected,CWE-79,4.8,1.7,19.0,,,0,,,MEDIUM
CVE-2023-4803,reflected,CWE-79,4.8,1.7,20.0,,,0,,,MEDIUM
CVE-2023-40617,reflected,CWE-79,6.1,2.8,21.0,,,0,,,MEDIUM
CVE-2023-40167,based,CWE-130,5.3,3.9,3.0,,,0,,,MEDIUM
CVE-2023-41900,based,CWE-1390,3.5,1.8,4.0,,,1,,,LOW
CVE-2023-38582,scripting,CWE-79,6.3,2.8,10.0,,,0,,,MEDIUM
CVE-2023-4093,and,CWE-79,5.5,2.1,44.0,,,0,,,MEDIUM
CVE-2023-40932,scripting,CWE-79,5.4,2.3,11.0,,,0,,,MEDIUM
CVE-2023-42656,versions,CWE-79,6.1,2.8,44.0,158.0,158.0,0,1.0,0.0,MEDIUM
CVE-2023-40618,reflected,CWE-79,6.1,2.8,22.0,,,1,,,MEDIUM
CVE-2023-38875,reflected,CWE-79,6.1,2.8,23.0,,,0,,,MEDIUM
CVE-2023-38876,reflected,CWE-79,6.1,2.8,24.0,,,0,,,MEDIUM
CVE-2023-41616,reflected,CWE-79,4.8,1.7,25.0,,,0,,,MEDIUM
CVE-2023-4892,has,CWE-79,5.7,2.1,4.0,0.0,0.0,1,0.0,0.0,MEDIUM
CVE-2023-43642,port,CWE-770,7.5,3.9,1.0,,,1,,,HIGH
CVE-2023-30959,change,CWE-84,4.1,2.3,1.0,0.0,0.0,0,0.0,0.0,MEDIUM
CVE-2023-40045,versions,CWE-79,8.3,1.6,42.0,151.0,151.0,0,1.0,0.0,HIGH
CVE-2023-40047,version,CWE-79,8.3,1.6,46.0,0.0,0.0,0,0.0,0.0,HIGH
CVE-2023-40451,issue,NVD-CWE-noinfo,8.8,2.8,50.0,0.0,0.0,0,0.0,0.0,HIGH
CVE-2023-4523,products,CWE-79,9.4,3.9,2.0,462.0,462.0,0,0.0,0.0,CRITICAL
CVE-2023-39410,deserializing,CWE-502,7.5,3.9,1.0,,,0,,,HIGH
CVE-2023-32670,vulnerability,CWE-79,9.0,2.3,59.0,,,0,,,CRITICAL
CVE-2023-32671,stored,CWE-79,6.3,2.1,16.0,,,0,,,MEDIUM
CVE-2023-32790,vulnerability,CWE-79,4.6,2.1,60.0,,,0,,,MEDIUM
CVE-2023-3196,vulnerability,CWE-79,4.7,1.2,61.0,,,0,,,MEDIUM
CVE-2023-4564,vulnerability,CWE-79,4.7,1.2,62.0,,,0,,,MEDIUM
CVE-2023-35905,and,CWE-79,4.6,2.1,45.0,,,0,,,MEDIUM
CVE-2023-30736,authorization,NVD-CWE-noinfo,4.4,1.8,2.0,,,0,,,MEDIUM
CVE-2023-44272,scripting,CWE-79,5.4,2.3,12.0,,,0,,,MEDIUM
CVE-2023-4492,version,CWE-79,6.1,2.8,47.0,0.0,0.0,0,0.0,0.0,MEDIUM
CVE-2023-4493,version,CWE-79,6.1,2.8,48.0,0.0,0.0,0,0.0,0.0,MEDIUM
CVE-2023-40684,and,CWE-79,4.6,2.1,46.0,,,0,,,MEDIUM
CVE-2023-42809,client,CWE-502,9.6,2.8,4.0,,,1,,,CRITICAL
CVE-2023-44390,library,CWE-79,6.1,2.8,8.0,1011.0,1011.0,0,7.0,5.83,MEDIUM
CVE-2023-44766,vulnerability,CWE-79,4.8,1.7,63.0,,,1,,,MEDIUM
CVE-2023-45311,fsevents,CWE-94,9.8,3.9,1.0,,,1,,,CRITICAL
CVE-2023-42477,version,CWE-918,6.5,3.9,49.0,0.0,0.0,0,0.0,0.0,MEDIUM
CVE-2023-34354,stored,CWE-80,3.4,1.7,17.0,,,1,,,LOW
CVE-2023-29453,not,CWE-94,9.8,3.9,2.0,0.0,0.0,0,0.0,0.0,CRITICAL
CVE-2023-5562,unsafe,CWE-79,6.1,2.8,1.0,362.0,362.0,0,3.0,0.0,MEDIUM
CVE-2023-38219,versions,CWE-79,8.7,2.3,41.0,136.0,136.0,0,1.0,0.0,HIGH
CVE-2023-35024,for,CWE-79,4.6,2.1,38.0,,,0,,,MEDIUM
CVE-2023-40367,vulnerable,CWE-79,5.4,2.3,28.0,,,0,,,MEDIUM
CVE-2022-48612,vulnerability,CWE-79,6.1,2.8,60.0,,,1,,,MEDIUM
CVE-2023-5421,attacker,CWE-20,3.5,0.9,7.0,,,0,,,LOW
CVE-2023-45683,saml,CWE-79,7.1,2.8,1.0,0.0,0.0,0,0.0,0.0,HIGH
CVE-2023-5087,plugin,,5.4,2.3,16.0,,,1,,,MEDIUM
CVE-2023-45358,before,CWE-79,8.5,3.1,12.0,57.0,57.0,0,0.0,0.0,HIGH
CVE-2023-22025,the,NVD-CWE-noinfo,3.7,2.2,43.0,0.0,0.0,0,0.0,0.0,LOW
CVE-2023-22067,the,NVD-CWE-noinfo,5.3,3.9,44.0,0.0,0.0,0,0.0,0.0,MEDIUM
CVE-2023-22081,the,NVD-CWE-noinfo,5.3,3.9,45.0,0.0,0.0,0,0.0,0.0,MEDIUM
CVE-2023-22091,the,NVD-CWE-noinfo,4.8,2.2,46.0,0.0,0.0,0,0.0,0.0,MEDIUM
CVE-2023-22096,the,NVD-CWE-noinfo,4.3,2.8,47.0,0.0,0.0,0,0.0,0.0,MEDIUM
CVE-2023-45811,deobfuscator,CWE-1321,8.1,1.4,1.0,,,1,,,HIGH
CVE-2023-5631,before,CWE-79,6.1,2.8,13.0,55.0,55.0,1,0.0,0.0,MEDIUM
CVE-2023-45958,was,CWE-79,6.1,2.8,7.0,0.0,0.0,0,0.0,0.0,MEDIUM
CVE-2023-40153,affected,CWE-79,5.4,2.8,2.0,895.0,895.0,0,0.0,1.25,MEDIUM
CVE-2023-45279,allows,CWE-79,5.4,2.3,5.0,0.0,0.0,1,0.0,0.0,MEDIUM
CVE-2023-45280,allows,CWE-79,5.4,2.3,6.0,0.0,0.0,1,0.0,0.0,MEDIUM
CVE-2023-45815,open,CWE-79,6.4,1.2,42.0,,,1,,,MEDIUM
CVE-2023-45819,open,CWE-79,6.1,2.8,43.0,,,0,,,MEDIUM
CVE-2023-41895,assistant,CWE-79,8.8,2.8,1.0,920.0,920.0,0,4.0,1.67,HIGH
CVE-2023-41898,assistant,CWE-94,8.6,1.8,3.0,920.0,920.0,0,4.0,1.67,HIGH
CVE-2023-45394,vulnerability,CWE-79,5.4,2.3,61.0,,,1,,,MEDIUM
CVE-2023-44483,versions,CWE-532,6.5,2.8,40.0,129.0,129.0,0,1.0,0.0,MEDIUM
CVE-2023-46122,sbt,CWE-22,3.9,1.3,1.0,0.0,0.0,1,0.0,0.0,LOW
CVE-2023-38722,and,CWE-79,6.4,3.1,44.0,,,0,,,MEDIUM
CVE-2023-33840,vulnerable,CWE-79,4.8,1.7,29.0,,,0,,,MEDIUM
CVE-2023-44760,vulnerabilities,CWE-79,4.8,1.7,2.0,0.0,0.0,1,0.0,0.0,MEDIUM
CVE-2023-37908,generic,CWE-83,9.0,2.3,26.0,865.0,865.0,1,1.0,0.33,CRITICAL
CVE-2023-37913,generic,CWE-22,9.9,3.1,28.0,865.0,865.0,1,1.0,0.33,CRITICAL
CVE-2023-39219,dependency,CWE-400,7.5,1.6,2.0,0.0,0.0,0,0.0,0.0,HIGH
CVE-2023-41339,open,CWE-918,8.6,3.9,44.0,,,0,,,HIGH
CVE-2023-43795,open,CWE-918,8.6,3.9,45.0,,,0,,,HIGH
CVE-2023-46120,client,CWE-400,4.9,1.2,5.0,,,1,,,MEDIUM
CVE-2023-46126,privacy,CWE-79,3.9,0.5,2.0,,,0,,,LOW
CVE-2023-45135,generic,CWE-116,9.0,2.3,29.0,865.0,865.0,1,1.0,0.33,CRITICAL
CVE-2023-46233,library,CWE-328,9.1,3.9,8.0,991.0,991.0,0,7.0,5.83,CRITICAL
CVE-2023-46238,identity,CWE-79,8.7,2.3,1.0,619.0,619.0,0,1.0,0.0,HIGH
CVE-2023-46604,protocol,CWE-502,10.0,3.9,3.0,133.0,133.0,1,0.0,0.0,CRITICAL
CVE-2023-45671,open,CWE-79,4.7,1.6,46.0,,,1,,,MEDIUM
CVE-2023-47174,gateway,CWE-502,9.8,3.9,1.0,,,0,,,CRITICAL
CVE-2023-1716,scripting,CWE-79,9.0,2.3,13.0,,,1,,,CRITICAL
CVE-2023-1717,pollution,CWE-79,9.6,2.8,1.0,,,1,,,CRITICAL
CVE-2023-1719,variable,CWE-665,7.5,3.9,1.0,0.0,0.0,1,0.0,0.0,HIGH
CVE-2023-1720,mime,CWE-434,9.6,2.8,1.0,0.0,0.0,1,0.0,0.0,CRITICAL
CVE-2023-46475,vulnerability,CWE-79,5.4,2.3,60.0,,,1,,,MEDIUM
CVE-2023-42029,and,CWE-79,4.8,1.7,45.0,,,0,,,MEDIUM
CVE-2023-41343,file,CWE-79,5.4,2.3,2.0,0.0,0.0,0,0.0,0.0,MEDIUM
CVE-2023-41350,has,CWE-307,7.5,3.9,3.0,0.0,0.0,0,0.0,0.0,HIGH
CVE-2023-4043,before,CWE-20,5.9,2.2,14.0,39.0,39.0,1,0.0,0.0,MEDIUM
CVE-2023-4592,vulnerability,CWE-79,6.1,2.8,61.0,,,0,,,MEDIUM
CVE-2023-5532,plugin,CWE-352,6.1,2.8,17.0,,,0,,,MEDIUM
CVE-2023-46744,open,CWE-79,5.4,2.3,47.0,,,1,,,MEDIUM
CVE-2023-39913,vulnerability,CWE-20,8.8,2.8,61.0,,,0,,,HIGH
CVE-2023-47114,privacy,CWE-79,4.3,0.9,3.0,,,0,,,MEDIUM
CVE-2023-46729,provides,CWE-918,9.3,2.8,5.0,0.0,0.0,0,0.0,0.0,CRITICAL
CVE-2023-43057,vulnerable,CWE-79,4.6,2.1,28.0,,,0,,,MEDIUM
CVE-2023-38364,vulnerable,CWE-79,6.1,2.8,29.0,,,0,,,MEDIUM
CVE-2023-42480,unauthenticated,CWE-307,5.3,3.9,3.0,,,0,,,MEDIUM
CVE-2023-46099,vulnerability,CWE-79,5.4,1.2,59.0,,,0,,,MEDIUM
CVE-2023-48094,scripting,CWE-79,6.1,2.8,14.0,,,0,,,MEDIUM
CVE-2023-5987,vulnerability,CWE-79,6.1,2.8,59.0,,,0,,,MEDIUM
CVE-2023-4771,scripting,CWE-79,6.1,2.8,15.0,,,0,,,MEDIUM
CVE-2023-44352,versions,CWE-79,6.1,2.8,35.0,100.0,100.0,0,1.0,0.0,MEDIUM
CVE-2023-48238,javascript,CWE-345,7.5,3.9,2.0,677.0,677.0,1,3.0,0.67,HIGH
CVE-2022-46337,cleverly,CWE-74,9.8,3.9,1.0,,,0,,,CRITICAL
CVE-2023-48241,generic,CWE-285,7.5,3.9,30.0,839.0,839.0,0,1.0,0.33,HIGH
CVE-2023-38881,reflected,CWE-79,6.1,2.8,23.0,,,0,,,MEDIUM
CVE-2023-38882,reflected,CWE-79,6.1,2.8,24.0,,,0,,,MEDIUM
CVE-2023-38883,reflected,CWE-79,6.1,2.8,25.0,,,0,,,MEDIUM
CVE-2023-22516,severity,NVD-CWE-noinfo,8.8,2.8,1.0,,,0,,,HIGH
CVE-2021-37942,local,CWE-269,7.0,1.0,1.0,0.0,0.0,0,0.0,0.0,HIGH
CVE-2023-2438,plugin,CWE-352,6.1,2.8,16.0,,,0,,,MEDIUM
CVE-2023-48705,and,CWE-79,7.1,1.3,45.0,,,0,,,HIGH
CVE-2023-4594,vulnerability,CWE-79,6.1,2.8,56.0,,,0,,,MEDIUM
CVE-2023-41791,vulnerability,CWE-79,8.4,1.8,57.0,,,0,,,HIGH
CVE-2023-41792,vulnerability,CWE-352,5.9,1.7,58.0,,,0,,,MEDIUM
CVE-2023-41810,vulnerability,CWE-79,4.0,0.6,59.0,,,0,,,MEDIUM
CVE-2023-41811,vulnerability,CWE-79,5.3,0.6,60.0,,,0,,,MEDIUM
CVE-2023-33202,for,CWE-400,5.5,1.8,24.0,,,1,,,MEDIUM
CVE-2023-32616,vulnerability,CWE-416,8.8,2.8,61.0,,,1,,,HIGH
CVE-2023-35985,arbitrary,CWE-73,8.8,2.8,2.0,,,1,,,HIGH
CVE-2023-38573,vulnerability,CWE-416,8.8,2.8,62.0,,,1,,,HIGH
CVE-2023-39542,code,CWE-73,8.8,2.8,3.0,,,1,,,HIGH
CVE-2023-40194,arbitrary,CWE-73,8.8,2.8,3.0,,,1,,,HIGH
CVE-2023-41257,type,CWE-843,8.8,2.8,3.0,,,0,,,HIGH
CVE-2023-49145,through,CWE-79,7.9,1.3,13.0,,,0,,,HIGH
CVE-2023-47437,vulnerability,CWE-79,5.4,2.3,63.0,,,0,,,MEDIUM
CVE-2023-6359,vulnerability,CWE-79,5.4,2.3,64.0,,,0,,,MEDIUM
CVE-2023-48042,filters,CWE-79,6.1,2.8,1.0,0.0,0.0,0,1.0,0.0,MEDIUM
CVE-2022-41678,user,CWE-287,8.8,2.8,3.0,,,0,,,HIGH
CVE-2023-6217,versions,CWE-79,7.1,2.8,37.0,88.0,88.0,0,1.0,0.0,HIGH
CVE-2023-49693,has,CWE-306,9.8,3.9,4.0,0.0,0.0,1,0.0,0.0,CRITICAL
CVE-2023-47418,vulnerability,NVD-CWE-noinfo,9.8,3.9,65.0,,,1,,,CRITICAL
CVE-2023-49077,dockerized,CWE-79,8.3,2.8,1.0,89.0,89.0,0,1.0,0.0,HIGH
CVE-2023-6027,critical,CWE-79,6.1,2.8,1.0,,,0,,,MEDIUM
CVE-2023-6419,vulnerability,CWE-79,6.5,2.8,66.0,,,0,,,MEDIUM
CVE-2023-6420,vulnerability,CWE-79,6.5,2.8,67.0,,,0,,,MEDIUM
CVE-2023-6422,vulnerability,CWE-79,6.3,2.8,68.0,,,0,,,MEDIUM
CVE-2023-6423,vulnerability,CWE-79,6.3,2.8,69.0,,,0,,,MEDIUM
CVE-2023-6424,vulnerability,CWE-79,6.3,2.8,70.0,,,0,,,MEDIUM
CVE-2023-6425,vulnerability,CWE-79,6.3,2.8,71.0,,,0,,,MEDIUM
CVE-2023-6426,vulnerability,CWE-79,6.3,2.8,72.0,,,0,,,MEDIUM
CVE-2023-6427,vulnerability,CWE-79,6.3,2.8,73.0,,,0,,,MEDIUM
CVE-2023-6428,vulnerability,CWE-79,6.3,2.8,74.0,,,0,,,MEDIUM
CVE-2023-6429,vulnerability,CWE-79,6.3,2.8,75.0,,,0,,,MEDIUM
CVE-2023-6430,vulnerability,CWE-79,6.3,2.8,76.0,,,0,,,MEDIUM
CVE-2023-6431,vulnerability,CWE-79,6.3,2.8,77.0,,,0,,,MEDIUM
CVE-2023-6432,vulnerability,CWE-79,6.3,2.8,78.0,,,0,,,MEDIUM
CVE-2023-6433,vulnerability,CWE-79,6.3,2.8,79.0,,,0,,,MEDIUM
CVE-2023-6434,vulnerability,CWE-79,6.3,2.8,80.0,,,0,,,MEDIUM
CVE-2023-6435,vulnerability,CWE-79,6.3,2.8,81.0,,,0,,,MEDIUM
CVE-2023-6033,neutralization,CWE-79,8.7,2.3,3.0,,,0,,,HIGH
CVE-2023-43015,vulnerable,CWE-79,5.4,2.3,24.0,,,0,,,MEDIUM
CVE-2023-42009,vulnerable,CWE-79,5.4,2.3,25.0,,,0,,,MEDIUM
CVE-2023-42022,vulnerable,CWE-79,5.4,2.3,26.0,,,0,,,MEDIUM
CVE-2023-46174,vulnerable,CWE-79,5.4,2.3,27.0,,,0,,,MEDIUM
CVE-2023-44402,open,CWE-345,6.1,1.3,47.0,,,0,,,MEDIUM
CVE-2023-49093,browser,CWE-94,9.8,3.9,1.0,,,1,,,CRITICAL
CVE-2023-44301,and,CWE-79,5.4,2.3,46.0,,,0,,,MEDIUM
CVE-2023-49289,framework,CWE-79,6.3,2.8,7.0,,,0,,,MEDIUM
CVE-2023-42580,validation,NVD-CWE-Other,7.5,1.6,1.0,0.0,0.0,0,0.0,0.0,HIGH
CVE-2023-42581,validation,NVD-CWE-Other,7.5,1.6,2.0,0.0,0.0,0,0.0,0.0,HIGH
CVE-2023-46674,issue,CWE-502,6.0,0.5,46.0,0.0,0.0,0,0.0,0.0,MEDIUM
CVE-2023-28875,issue,CWE-79,5.4,2.3,47.0,0.0,0.0,1,0.0,0.0,MEDIUM
CVE-2023-46857,before,CWE-79,5.4,2.3,13.0,6.0,6.0,1,0.0,0.0,MEDIUM
CVE-2023-48172,vulnerability,CWE-79,5.4,2.3,81.0,,,1,,,MEDIUM
CVE-2023-48206,vulnerability,CWE-79,6.1,2.8,82.0,,,1,,,MEDIUM
CVE-2023-48208,vulnerability,CWE-79,6.1,2.8,83.0,,,0,,,MEDIUM
CVE-2023-6333,affected,CWE-79,7.5,1.7,3.0,846.0,846.0,0,0.0,1.25,HIGH
CVE-2023-28873,issue,CWE-79,5.4,2.3,49.0,0.0,0.0,1,0.0,0.0,MEDIUM
CVE-2023-49802,plugin,CWE-79,6.7,1.2,16.0,,,0,,,MEDIUM
CVE-2023-49805,monitoring,CWE-1385,6.0,1.2,2.0,0.0,0.0,1,0.0,0.0,MEDIUM
CVE-2023-42476,version,CWE-79,6.8,2.3,47.0,0.0,0.0,0,0.0,0.0,MEDIUM
CVE-2023-49580,for,CWE-732,7.3,3.9,25.0,,,0,,,HIGH
CVE-2023-49581,for,CWE-89,4.1,0.7,26.0,,,0,,,MEDIUM
CVE-2023-4932,application,CWE-79,6.3,1.5,3.0,0.0,0.0,0,0.0,0.0,MEDIUM
CVE-2023-46282,vulnerability,CWE-79,7.1,1.6,90.0,,,0,,,HIGH
CVE-2023-6719,vulnerability,CWE-79,6.3,2.8,91.0,,,0,,,MEDIUM
CVE-2023-6720,vulnerability,CWE-79,5.5,2.1,92.0,,,0,,,MEDIUM
CVE-2023-6379,scripting,CWE-79,5.4,2.8,16.0,,,0,,,MEDIUM
CVE-2023-6789,scripting,CWE-79,4.3,0.9,17.0,,,0,,,MEDIUM
CVE-2023-6790,scripting,CWE-79,8.8,2.8,18.0,,,0,,,HIGH
CVE-2023-47620,home,CWE-79,6.1,2.8,1.0,0.0,0.0,1,1.0,0.0,MEDIUM
CVE-2023-47623,home,CWE-79,6.1,2.8,2.0,0.0,0.0,1,1.0,0.0,MEDIUM
CVE-2023-44286,versions,CWE-79,8.8,2.8,37.0,73.0,73.0,0,1.0,0.0,HIGH
CVE-2023-6364,versions,CWE-79,7.6,1.0,38.0,73.0,73.0,0,1.0,0.0,HIGH
CVE-2023-6365,versions,CWE-79,7.6,1.0,39.0,73.0,73.0,0,1.0,0.0,HIGH
CVE-2023-6366,versions,CWE-79,7.6,1.0,40.0,73.0,73.0,0,1.0,0.0,HIGH
CVE-2023-6367,versions,CWE-79,7.6,1.0,41.0,73.0,73.0,0,1.0,0.0,HIGH
CVE-2023-50713,provides,CWE-1220,6.5,1.3,6.0,0.0,0.0,0,0.0,0.0,MEDIUM
CVE-2023-47064,versions,CWE-79,5.4,2.3,42.0,73.0,73.0,0,1.0,0.0,MEDIUM
CVE-2023-47065,versions,CWE-79,5.4,2.3,43.0,73.0,73.0,0,1.0,0.0,MEDIUM
CVE-2023-48440,versions,CWE-79,5.4,2.3,44.0,73.0,73.0,0,1.0,0.0,MEDIUM
CVE-2023-48442,versions,CWE-79,5.4,2.3,45.0,73.0,73.0,0,1.0,0.0,MEDIUM
CVE-2023-48443,versions,CWE-79,5.4,2.3,46.0,73.0,73.0,0,1.0,0.0,MEDIUM
CVE-2023-48444,versions,CWE-79,5.4,2.3,47.0,73.0,73.0,0,1.0,0.0,MEDIUM
CVE-2023-48445,versions,CWE-79,5.4,2.3,48.0,73.0,73.0,0,1.0,0.0,MEDIUM
CVE-2023-48446,versions,CWE-79,5.4,2.3,49.0,73.0,73.0,0,1.0,0.0,MEDIUM
CVE-2023-48447,versions,CWE-79,5.4,2.3,50.0,73.0,73.0,0,1.0,0.0,MEDIUM
CVE-2023-48448,versions,CWE-79,5.4,2.3,51.0,73.0,73.0,0,1.0,0.0,MEDIUM
CVE-2023-48449,versions,CWE-79,5.4,2.3,52.0,73.0,73.0,0,1.0,0.0,MEDIUM
CVE-2023-48450,versions,CWE-79,5.4,2.3,53.0,73.0,73.0,0,1.0,0.0,MEDIUM
CVE-2023-48451,versions,CWE-79,5.4,2.3,54.0,73.0,73.0,0,1.0,0.0,MEDIUM
CVE-2023-48452,versions,CWE-79,5.4,2.3,55.0,73.0,73.0,0,1.0,0.0,MEDIUM
CVE-2023-48453,versions,CWE-79,5.4,2.3,56.0,73.0,73.0,0,1.0,0.0,MEDIUM
CVE-2023-48454,versions,CWE-79,5.4,2.3,57.0,73.0,73.0,0,1.0,0.0,MEDIUM
CVE-2023-48455,versions,CWE-79,5.4,2.3,58.0,73.0,73.0,0,1.0,0.0,MEDIUM
CVE-2023-48456,versions,CWE-79,5.4,2.3,59.0,73.0,73.0,0,1.0,0.0,MEDIUM
CVE-2023-48457,versions,CWE-79,5.4,2.3,60.0,73.0,73.0,0,1.0,0.0,MEDIUM
CVE-2023-48458,versions,CWE-79,5.4,2.3,61.0,73.0,73.0,0,1.0,0.0,MEDIUM
CVE-2023-48459,versions,CWE-79,5.4,2.3,62.0,73.0,73.0,0,1.0,0.0,MEDIUM
CVE-2023-48460,versions,CWE-79,5.4,2.3,63.0,73.0,73.0,0,1.0,0.0,MEDIUM
CVE-2023-48461,versions,CWE-79,5.4,2.3,64.0,73.0,73.0,0,1.0,0.0,MEDIUM
CVE-2023-48462,versions,CWE-79,5.4,2.3,65.0,73.0,73.0,0,1.0,0.0,MEDIUM
CVE-2023-48463,versions,CWE-79,5.4,2.3,66.0,73.0,73.0,0,1.0,0.0,MEDIUM
CVE-2023-48464,versions,CWE-79,5.4,2.3,67.0,73.0,73.0,0,1.0,0.0,MEDIUM
CVE-2023-48465,versions,CWE-79,5.4,2.3,68.0,73.0,73.0,0,1.0,0.0,MEDIUM
CVE-2023-48466,versions,CWE-79,5.4,2.3,69.0,73.0,73.0,0,1.0,0.0,MEDIUM
CVE-2023-48467,versions,CWE-79,5.4,2.3,70.0,73.0,73.0,0,1.0,0.0,MEDIUM
CVE-2023-48468,versions,CWE-79,5.4,2.3,71.0,73.0,73.0,0,1.0,0.0,MEDIUM
CVE-2023-48469,versions,CWE-79,5.4,2.3,72.0,73.0,73.0,0,1.0,0.0,MEDIUM
CVE-2023-48470,versions,CWE-79,5.4,2.3,73.0,73.0,73.0,0,1.0,0.0,MEDIUM
CVE-2023-48471,versions,CWE-79,5.4,2.3,74.0,73.0,73.0,0,1.0,0.0,MEDIUM
CVE-2023-48472,versions,CWE-79,5.4,2.3,75.0,73.0,73.0,0,1.0,0.0,MEDIUM
CVE-2023-48473,versions,CWE-79,5.4,2.3,76.0,73.0,73.0,0,1.0,0.0,MEDIUM
CVE-2023-48474,versions,CWE-79,5.4,2.3,77.0,73.0,73.0,0,1.0,0.0,MEDIUM
CVE-2023-48475,versions,CWE-79,5.4,2.3,78.0,73.0,73.0,0,1.0,0.0,MEDIUM
CVE-2023-48476,versions,CWE-79,5.4,2.3,79.0,73.0,73.0,0,1.0,0.0,MEDIUM
CVE-2023-48477,versions,CWE-79,5.4,2.3,80.0,73.0,73.0,0,1.0,0.0,MEDIUM
CVE-2023-48478,versions,CWE-79,5.4,2.3,81.0,73.0,73.0,0,1.0,0.0,MEDIUM
CVE-2023-48479,versions,CWE-79,5.4,2.3,82.0,73.0,73.0,0,1.0,0.0,MEDIUM
CVE-2023-48480,versions,CWE-79,5.4,2.3,83.0,73.0,73.0,0,1.0,0.0,MEDIUM
CVE-2023-48481,versions,CWE-79,5.4,2.3,84.0,73.0,73.0,0,1.0,0.0,MEDIUM
CVE-2023-48482,versions,CWE-79,5.4,2.3,85.0,73.0,73.0,0,1.0,0.0,MEDIUM
CVE-2023-48483,versions,CWE-79,5.4,2.3,86.0,73.0,73.0,0,1.0,0.0,MEDIUM
CVE-2023-48484,versions,CWE-79,5.4,2.3,87.0,73.0,73.0,0,1.0,0.0,MEDIUM
CVE-2023-48485,versions,CWE-79,5.4,2.3,88.0,73.0,73.0,0,1.0,0.0,MEDIUM
CVE-2023-48486,versions,CWE-79,5.4,2.3,89.0,73.0,73.0,0,1.0,0.0,MEDIUM
CVE-2023-48487,versions,CWE-79,5.4,2.3,90.0,73.0,73.0,0,1.0,0.0,MEDIUM
CVE-2023-48488,versions,CWE-79,5.4,2.3,91.0,73.0,73.0,0,1.0,0.0,MEDIUM
CVE-2023-48489,versions,CWE-79,5.4,2.3,92.0,73.0,73.0,0,1.0,0.0,MEDIUM
CVE-2023-48490,versions,CWE-79,5.4,2.3,93.0,73.0,73.0,0,1.0,0.0,MEDIUM
CVE-2023-48491,versions,CWE-79,5.4,2.3,94.0,73.0,73.0,0,1.0,0.0,MEDIUM
CVE-2023-48492,versions,CWE-79,5.4,2.3,95.0,73.0,73.0,0,1.0,0.0,MEDIUM
CVE-2023-48493,versions,CWE-79,5.4,2.3,96.0,73.0,73.0,0,1.0,0.0,MEDIUM
CVE-2023-48494,versions,CWE-79,5.4,2.3,97.0,73.0,73.0,0,1.0,0.0,MEDIUM
CVE-2023-48495,versions,CWE-79,5.4,2.3,98.0,73.0,73.0,0,1.0,0.0,MEDIUM
CVE-2023-48496,versions,CWE-79,5.4,2.3,99.0,73.0,73.0,0,1.0,0.0,MEDIUM
CVE-2023-48497,versions,CWE-79,5.4,2.3,100.0,73.0,73.0,0,1.0,0.0,MEDIUM
CVE-2023-48498,versions,CWE-79,5.4,2.3,101.0,73.0,73.0,0,1.0,0.0,MEDIUM
CVE-2023-48499,versions,CWE-79,5.4,2.3,102.0,73.0,73.0,0,1.0,0.0,MEDIUM
CVE-2023-48500,versions,CWE-79,5.4,2.3,103.0,73.0,73.0,0,1.0,0.0,MEDIUM
CVE-2023-48501,versions,CWE-79,5.4,2.3,104.0,73.0,73.0,0,1.0,0.0,MEDIUM
CVE-2023-48502,versions,CWE-79,5.4,2.3,105.0,73.0,73.0,0,1.0,0.0,MEDIUM
CVE-2023-48503,versions,CWE-79,5.4,2.3,106.0,73.0,73.0,0,1.0,0.0,MEDIUM
CVE-2023-48504,versions,CWE-79,5.4,2.3,107.0,73.0,73.0,0,1.0,0.0,MEDIUM
CVE-2023-48505,versions,CWE-79,5.4,2.3,108.0,73.0,73.0,0,1.0,0.0,MEDIUM
CVE-2023-48506,versions,CWE-79,5.4,2.3,109.0,73.0,73.0,0,1.0,0.0,MEDIUM
CVE-2023-48507,versions,CWE-79,5.4,2.3,110.0,73.0,73.0,0,1.0,0.0,MEDIUM
CVE-2023-48508,versions,CWE-79,5.4,2.3,111.0,73.0,73.0,0,1.0,0.0,MEDIUM
CVE-2023-48509,versions,CWE-79,5.4,2.3,112.0,73.0,73.0,0,1.0,0.0,MEDIUM
CVE-2023-48510,versions,CWE-79,5.4,2.3,113.0,73.0,73.0,0,1.0,0.0,MEDIUM
CVE-2023-48511,versions,CWE-79,5.4,2.3,114.0,73.0,73.0,0,1.0,0.0,MEDIUM
CVE-2023-48512,versions,CWE-79,5.4,2.3,115.0,73.0,73.0,0,1.0,0.0,MEDIUM
CVE-2023-48513,versions,CWE-79,5.4,2.3,116.0,73.0,73.0,0,1.0,0.0,MEDIUM
CVE-2023-48514,versions,CWE-79,5.4,2.3,117.0,73.0,73.0,0,1.0,0.0,MEDIUM
CVE-2023-48515,versions,CWE-79,5.4,2.3,118.0,73.0,73.0,0,1.0,0.0,MEDIUM
CVE-2023-48516,versions,CWE-79,5.4,2.3,119.0,73.0,73.0,0,1.0,0.0,MEDIUM
CVE-2023-48517,versions,CWE-79,5.4,2.3,120.0,73.0,73.0,0,1.0,0.0,MEDIUM
CVE-2023-48518,versions,CWE-79,5.4,2.3,121.0,73.0,73.0,0,1.0,0.0,MEDIUM
CVE-2023-48519,versions,CWE-79,5.4,2.3,122.0,73.0,73.0,0,1.0,0.0,MEDIUM
CVE-2023-48520,versions,CWE-79,5.4,2.3,123.0,73.0,73.0,0,1.0,0.0,MEDIUM
CVE-2023-48521,versions,CWE-79,5.4,2.3,124.0,73.0,73.0,0,1.0,0.0,MEDIUM
CVE-2023-48522,versions,CWE-79,5.4,2.3,125.0,73.0,73.0,0,1.0,0.0,MEDIUM
CVE-2023-48523,versions,CWE-79,5.4,2.3,126.0,73.0,73.0,0,1.0,0.0,MEDIUM
CVE-2023-48524,versions,CWE-79,5.4,2.3,127.0,73.0,73.0,0,1.0,0.0,MEDIUM
CVE-2023-48525,versions,CWE-79,5.4,2.3,128.0,73.0,73.0,0,1.0,0.0,MEDIUM
CVE-2023-48526,versions,CWE-79,5.4,2.3,129.0,73.0,73.0,0,1.0,0.0,MEDIUM
CVE-2023-48527,versions,CWE-79,5.4,2.3,130.0,73.0,73.0,0,1.0,0.0,MEDIUM
CVE-2023-48528,versions,CWE-79,5.4,2.3,131.0,73.0,73.0,0,1.0,0.0,MEDIUM
CVE-2023-48529,versions,CWE-79,5.4,2.3,132.0,73.0,73.0,0,1.0,0.0,MEDIUM
CVE-2023-48530,versions,CWE-79,5.4,2.3,133.0,73.0,73.0,0,1.0,0.0,MEDIUM
CVE-2023-48531,versions,CWE-79,5.4,2.3,134.0,73.0,73.0,0,1.0,0.0,MEDIUM
CVE-2023-48532,versions,CWE-79,5.4,2.3,135.0,73.0,73.0,0,1.0,0.0,MEDIUM
CVE-2023-48533,versions,CWE-79,5.4,2.3,136.0,73.0,73.0,0,1.0,0.0,MEDIUM
CVE-2023-48534,versions,CWE-79,5.4,2.3,137.0,73.0,73.0,0,1.0,0.0,MEDIUM
CVE-2023-48535,versions,CWE-79,5.4,2.3,138.0,73.0,73.0,0,1.0,0.0,MEDIUM
CVE-2023-48536,versions,CWE-79,5.4,2.3,139.0,73.0,73.0,0,1.0,0.0,MEDIUM
CVE-2023-48537,versions,CWE-79,5.4,2.3,140.0,73.0,73.0,0,1.0,0.0,MEDIUM
CVE-2023-48538,versions,CWE-79,5.4,2.3,141.0,73.0,73.0,0,1.0,0.0,MEDIUM
CVE-2023-48539,versions,CWE-79,5.4,2.3,142.0,73.0,73.0,0,1.0,0.0,MEDIUM
CVE-2023-48540,versions,CWE-79,5.4,2.3,143.0,73.0,73.0,0,1.0,0.0,MEDIUM
CVE-2023-48541,versions,CWE-79,5.4,2.3,144.0,73.0,73.0,0,1.0,0.0,MEDIUM
CVE-2023-48542,versions,CWE-79,5.4,2.3,145.0,73.0,73.0,0,1.0,0.0,MEDIUM
CVE-2023-48543,versions,CWE-79,5.4,2.3,146.0,73.0,73.0,0,1.0,0.0,MEDIUM
CVE-2023-48544,versions,CWE-79,5.4,2.3,147.0,73.0,73.0,0,1.0,0.0,MEDIUM
CVE-2023-48545,versions,CWE-79,5.4,2.3,148.0,73.0,73.0,0,1.0,0.0,MEDIUM
CVE-2023-48546,versions,CWE-79,5.4,2.3,149.0,73.0,73.0,0,1.0,0.0,MEDIUM
CVE-2023-48547,versions,CWE-79,5.4,2.3,150.0,73.0,73.0,0,1.0,0.0,MEDIUM
CVE-2023-48548,versions,CWE-79,5.4,2.3,151.0,73.0,73.0,0,1.0,0.0,MEDIUM
CVE-2023-48549,versions,CWE-79,5.4,2.3,152.0,73.0,73.0,0,1.0,0.0,MEDIUM
CVE-2023-48550,versions,CWE-79,5.4,2.3,153.0,73.0,73.0,0,1.0,0.0,MEDIUM
CVE-2023-48551,versions,CWE-79,5.4,2.3,154.0,73.0,73.0,0,1.0,0.0,MEDIUM
CVE-2023-48552,versions,CWE-79,5.4,2.3,155.0,73.0,73.0,0,1.0,0.0,MEDIUM
CVE-2023-48553,versions,CWE-79,5.4,2.3,156.0,73.0,73.0,0,1.0,0.0,MEDIUM
CVE-2023-48554,versions,CWE-79,5.4,2.3,157.0,73.0,73.0,0,1.0,0.0,MEDIUM
CVE-2023-48555,versions,CWE-79,5.4,2.3,158.0,73.0,73.0,0,1.0,0.0,MEDIUM
CVE-2023-48556,versions,CWE-79,5.4,2.3,159.0,73.0,73.0,0,1.0,0.0,MEDIUM
CVE-2023-48557,versions,CWE-79,5.4,2.3,160.0,73.0,73.0,0,1.0,0.0,MEDIUM
CVE-2023-48558,versions,CWE-79,5.4,2.3,161.0,73.0,73.0,0,1.0,0.0,MEDIUM
CVE-2023-48559,versions,CWE-79,5.4,2.3,162.0,73.0,73.0,0,1.0,0.0,MEDIUM
CVE-2023-48560,versions,CWE-79,5.4,2.3,163.0,73.0,73.0,0,1.0,0.0,MEDIUM
CVE-2023-48561,versions,CWE-79,5.4,2.3,164.0,73.0,73.0,0,1.0,0.0,MEDIUM
CVE-2023-48562,versions,CWE-79,5.4,2.3,165.0,73.0,73.0,0,1.0,0.0,MEDIUM
CVE-2023-48563,versions,CWE-79,5.4,2.3,166.0,73.0,73.0,0,1.0,0.0,MEDIUM
CVE-2023-48564,versions,CWE-79,5.4,2.3,167.0,73.0,73.0,0,1.0,0.0,MEDIUM
CVE-2023-48565,versions,CWE-79,5.4,2.3,168.0,73.0,73.0,0,1.0,0.0,MEDIUM
CVE-2023-48566,versions,CWE-79,5.4,2.3,169.0,73.0,73.0,0,1.0,0.0,MEDIUM
CVE-2023-48567,versions,CWE-79,5.4,2.3,170.0,73.0,73.0,0,1.0,0.0,MEDIUM
CVE-2023-48568,versions,CWE-79,5.4,2.3,171.0,73.0,73.0,0,1.0,0.0,MEDIUM
CVE-2023-48569,versions,CWE-79,5.4,2.3,172.0,73.0,73.0,0,1.0,0.0,MEDIUM
CVE-2023-48570,versions,CWE-79,5.4,2.3,173.0,73.0,73.0,0,1.0,0.0,MEDIUM
CVE-2023-48571,versions,CWE-79,5.4,2.3,174.0,73.0,73.0,0,1.0,0.0,MEDIUM
CVE-2023-48572,versions,CWE-79,5.4,2.3,175.0,73.0,73.0,0,1.0,0.0,MEDIUM
CVE-2023-48573,versions,CWE-79,5.4,2.3,176.0,73.0,73.0,0,1.0,0.0,MEDIUM
CVE-2023-48574,versions,CWE-79,5.4,2.3,177.0,73.0,73.0,0,1.0,0.0,MEDIUM
CVE-2023-48575,versions,CWE-79,5.4,2.3,178.0,73.0,73.0,0,1.0,0.0,MEDIUM
CVE-2023-48576,versions,CWE-79,5.4,2.3,179.0,73.0,73.0,0,1.0,0.0,MEDIUM
CVE-2023-48577,versions,CWE-79,5.4,2.3,180.0,73.0,73.0,0,1.0,0.0,MEDIUM
CVE-2023-48578,versions,CWE-79,5.4,2.3,181.0,73.0,73.0,0,1.0,0.0,MEDIUM
CVE-2023-48579,versions,CWE-79,5.4,2.3,182.0,73.0,73.0,0,1.0,0.0,MEDIUM
CVE-2023-48580,versions,CWE-79,5.4,2.3,183.0,73.0,73.0,0,1.0,0.0,MEDIUM
CVE-2023-48581,versions,CWE-79,5.4,2.3,184.0,73.0,73.0,0,1.0,0.0,MEDIUM
CVE-2023-48582,versions,CWE-79,5.4,2.3,185.0,73.0,73.0,0,1.0,0.0,MEDIUM
CVE-2023-48583,versions,CWE-79,5.4,2.3,186.0,73.0,73.0,0,1.0,0.0,MEDIUM
CVE-2023-48584,versions,CWE-79,5.4,2.3,187.0,73.0,73.0,0,1.0,0.0,MEDIUM
CVE-2023-48585,versions,CWE-79,5.4,2.3,188.0,73.0,73.0,0,1.0,0.0,MEDIUM
CVE-2023-48586,versions,CWE-79,5.4,2.3,189.0,73.0,73.0,0,1.0,0.0,MEDIUM
CVE-2023-48587,versions,CWE-79,5.4,2.3,190.0,73.0,73.0,0,1.0,0.0,MEDIUM
CVE-2023-48588,versions,CWE-79,5.4,2.3,191.0,73.0,73.0,0,1.0,0.0,MEDIUM
CVE-2023-48589,versions,CWE-79,5.4,2.3,192.0,73.0,73.0,0,1.0,0.0,MEDIUM
CVE-2023-48590,versions,CWE-79,5.4,2.3,193.0,73.0,73.0,0,1.0,0.0,MEDIUM
CVE-2023-48591,versions,CWE-79,5.4,2.3,194.0,73.0,73.0,0,1.0,0.0,MEDIUM
CVE-2023-48592,versions,CWE-79,5.4,2.3,195.0,73.0,73.0,0,1.0,0.0,MEDIUM
CVE-2023-48593,versions,CWE-79,5.4,2.3,196.0,73.0,73.0,0,1.0,0.0,MEDIUM
CVE-2023-48594,versions,CWE-79,5.4,2.3,197.0,73.0,73.0,0,1.0,0.0,MEDIUM
CVE-2023-48595,versions,CWE-79,5.4,2.3,198.0,73.0,73.0,0,1.0,0.0,MEDIUM
CVE-2023-48596,versions,CWE-79,5.4,2.3,199.0,73.0,73.0,0,1.0,0.0,MEDIUM
CVE-2023-48597,versions,CWE-79,5.4,2.3,200.0,73.0,73.0,0,1.0,0.0,MEDIUM
CVE-2023-48598,versions,CWE-79,5.4,2.3,201.0,73.0,73.0,0,1.0,0.0,MEDIUM
CVE-2023-48599,versions,CWE-79,4.3,2.8,202.0,73.0,73.0,0,1.0,0.0,MEDIUM
CVE-2023-48600,versions,CWE-79,5.4,2.3,203.0,73.0,73.0,0,1.0,0.0,MEDIUM
CVE-2023-48601,versions,CWE-79,5.4,2.3,204.0,73.0,73.0,0,1.0,0.0,MEDIUM
CVE-2023-48602,versions,CWE-79,5.4,2.3,205.0,73.0,73.0,0,1.0,0.0,MEDIUM
CVE-2023-48603,versions,CWE-79,5.4,2.3,206.0,73.0,73.0,0,1.0,0.0,MEDIUM
CVE-2023-48604,versions,CWE-79,5.4,2.3,207.0,73.0,73.0,0,1.0,0.0,MEDIUM
CVE-2023-48605,versions,CWE-79,5.4,2.3,208.0,73.0,73.0,0,1.0,0.0,MEDIUM
CVE-2023-48606,versions,CWE-79,5.4,2.3,209.0,73.0,73.0,0,1.0,0.0,MEDIUM
CVE-2023-48607,versions,CWE-79,5.4,2.3,210.0,73.0,73.0,0,1.0,0.0,MEDIUM
CVE-2023-48609,versions,CWE-79,5.4,2.3,211.0,73.0,73.0,0,1.0,0.0,MEDIUM
CVE-2023-48610,versions,CWE-79,5.4,2.3,212.0,73.0,73.0,0,1.0,0.0,MEDIUM
CVE-2023-48611,versions,CWE-79,5.4,2.3,213.0,73.0,73.0,0,1.0,0.0,MEDIUM
CVE-2023-48612,versions,CWE-79,5.4,2.3,214.0,73.0,73.0,0,1.0,0.0,MEDIUM
CVE-2023-48613,versions,CWE-79,5.4,2.3,215.0,73.0,73.0,0,1.0,0.0,MEDIUM
CVE-2023-48614,versions,CWE-79,5.4,2.3,216.0,73.0,73.0,0,1.0,0.0,MEDIUM
CVE-2023-48615,versions,CWE-79,5.4,2.3,217.0,73.0,73.0,0,1.0,0.0,MEDIUM
CVE-2023-48616,versions,CWE-79,5.4,2.3,218.0,73.0,73.0,0,1.0,0.0,MEDIUM
CVE-2023-48617,versions,CWE-79,5.4,2.3,219.0,73.0,73.0,0,1.0,0.0,MEDIUM
CVE-2023-48618,versions,CWE-79,5.4,2.3,220.0,73.0,73.0,0,1.0,0.0,MEDIUM
CVE-2023-48619,versions,CWE-79,5.4,2.3,221.0,73.0,73.0,0,1.0,0.0,MEDIUM
CVE-2023-48620,versions,CWE-79,5.4,2.3,222.0,73.0,73.0,0,1.0,0.0,MEDIUM
CVE-2023-48621,versions,CWE-79,5.4,2.3,223.0,73.0,73.0,0,1.0,0.0,MEDIUM
CVE-2023-48622,versions,CWE-79,5.4,2.3,224.0,73.0,73.0,0,1.0,0.0,MEDIUM
CVE-2023-48623,versions,CWE-79,5.4,2.3,225.0,73.0,73.0,0,1.0,0.0,MEDIUM
CVE-2023-48624,versions,CWE-79,5.4,2.3,226.0,73.0,73.0,0,1.0,0.0,MEDIUM
CVE-2023-48795,transport,CWE-354,5.9,2.2,1.0,,,1,,,MEDIUM
CVE-2023-47707,vulnerable,CWE-79,5.4,2.3,28.0,,,0,,,MEDIUM
CVE-2023-6769,vulnerability,CWE-79,6.5,2.8,91.0,,,0,,,MEDIUM
CVE-2023-50249,official,CWE-400,7.5,3.9,1.0,,,0,,,HIGH
CVE-2023-51457,versions,CWE-79,5.4,2.3,227.0,67.0,67.0,0,1.0,0.0,MEDIUM
CVE-2023-51458,versions,CWE-79,5.4,2.3,228.0,67.0,67.0,0,1.0,0.0,MEDIUM
CVE-2023-51459,versions,CWE-79,5.4,2.3,229.0,67.0,67.0,0,1.0,0.0,MEDIUM
CVE-2023-51460,versions,CWE-79,5.4,2.3,230.0,67.0,67.0,0,1.0,0.0,MEDIUM
CVE-2023-51461,versions,CWE-79,5.4,2.3,231.0,67.0,67.0,0,1.0,0.0,MEDIUM
CVE-2023-51462,versions,CWE-79,5.4,2.3,232.0,67.0,67.0,0,1.0,0.0,MEDIUM
CVE-2023-47265,versions,CWE-79,5.4,2.3,233.0,67.0,67.0,0,1.0,0.0,MEDIUM
CVE-2023-50823,vulnerability,CWE-79,6.5,2.3,92.0,,,0,,,MEDIUM
CVE-2023-49086,robust,CWE-79,5.4,2.3,1.0,0.0,0.0,1,1.0,0.0,MEDIUM
CVE-2023-50250,open,CWE-79,5.4,2.8,46.0,,,1,,,MEDIUM
CVE-2023-50924,shift,CWE-79,7.3,1.3,1.0,0.0,0.0,0,0.0,0.0,HIGH
CVE-2023-51451,service,CWE-918,4.3,2.8,1.0,0.0,0.0,0,0.0,0.0,MEDIUM
CVE-2021-38927,vulnerable,CWE-79,7.2,3.9,28.0,,,0,,,HIGH
CVE-2022-34267,issue,CWE-287,9.8,3.9,47.0,0.0,0.0,1,0.0,0.0,CRITICAL
CVE-2022-34268,issue,CWE-502,9.8,3.9,48.0,0.0,0.0,1,0.0,0.0,CRITICAL
CVE-2023-43481,issue,CWE-94,9.8,3.9,49.0,0.0,0.0,1,0.0,0.0,CRITICAL
CVE-2023-43955,application,CWE-94,9.8,3.9,4.0,0.0,0.0,1,0.0,0.0,CRITICAL
CVE-2023-47882,application,NVD-CWE-Other,7.1,1.8,5.0,0.0,0.0,1,0.0,0.0,HIGH
CVE-2023-47883,browser,CWE-94,9.8,3.9,2.0,,,1,,,CRITICAL
CVE-2023-51079,long,NVD-CWE-noinfo,5.3,3.9,1.0,0.0,0.0,1,0.0,0.0,MEDIUM
CVE-2023-7148,vulnerability,CWE-94,5.0,1.6,93.0,,,1,,,MEDIUM
CVE-2023-49299,vulnerability,CWE-20,8.8,2.8,94.0,,,0,,,HIGH
CVE-2023-6000,plugin,CWE-79,6.1,2.8,17.0,,,1,,,MEDIUM
CVE-2024-21908,versions,CWE-79,6.1,2.8,234.0,53.0,53.0,1,1.0,0.0,MEDIUM
CVE-2024-21910,versions,CWE-79,6.1,2.8,235.0,53.0,53.0,1,1.0,0.0,MEDIUM
CVE-2024-21911,versions,CWE-79,6.1,2.8,236.0,53.0,53.0,1,1.0,0.0,MEDIUM
CVE-2023-5880,the,CWE-79,8.8,2.8,36.0,0.0,0.0,0,0.0,0.0,HIGH
CVE-2024-21634,implementation,CWE-770,7.5,3.9,4.0,,,0,,,HIGH
CVE-2024-22048,versions,CWE-79,6.1,2.8,237.0,52.0,52.0,0,1.0,0.0,MEDIUM
CVE-2023-52121,vulnerability,CWE-352,5.4,2.8,94.0,,,0,,,MEDIUM
CVE-2023-29051,templates,CWE-284,8.1,2.8,1.0,0.0,0.0,0,0.0,0.0,HIGH
CVE-2023-47861,scripting,CWE-79,9.0,2.3,17.0,,,1,,,CRITICAL
CVE-2023-48728,scripting,CWE-79,9.6,2.8,18.0,,,1,,,CRITICAL
CVE-2023-48730,scripting,CWE-79,8.5,1.8,19.0,,,0,,,HIGH
CVE-2024-21637,vulnerable,CWE-79,7.6,1.0,29.0,,,0,,,HIGH
CVE-2023-5118,application,CWE-79,5.4,2.3,6.0,0.0,0.0,0,0.0,0.0,MEDIUM
CVE-2023-49254,user,CWE-78,8.8,2.8,3.0,,,0,,,HIGH
CVE-2023-49258,browser,CWE-79,6.1,2.8,3.0,,,0,,,MEDIUM
CVE-2023-51067,unauthenticated,CWE-79,6.1,2.8,3.0,,,1,,,MEDIUM
CVE-2023-51068,authenticated,CWE-79,5.4,2.3,5.0,,,1,,,MEDIUM
CVE-2023-50290,vulnerability,CWE-200,6.5,2.8,95.0,,,0,,,MEDIUM
CVE-2024-0317,affecting,CWE-79,5.4,2.8,1.0,,,0,,,MEDIUM
CVE-2024-0318,affecting,CWE-79,5.4,2.8,2.0,,,0,,,MEDIUM
CVE-2024-0320,affecting,CWE-79,5.4,2.8,3.0,,,0,,,MEDIUM
CVE-2024-0554,scripting,CWE-79,5.5,2.1,20.0,,,0,,,MEDIUM
CVE-2022-2413,plugin,CWE-79,5.4,2.3,17.0,,,1,,,MEDIUM
CVE-2022-3194,plugin,CWE-79,5.4,2.3,18.0,,,1,,,MEDIUM
CVE-2023-4757,for,CWE-79,5.4,2.3,28.0,,,1,,,MEDIUM
CVE-2024-20918,the,NVD-CWE-noinfo,7.4,2.2,39.0,0.0,0.0,0,0.0,0.0,HIGH
CVE-2024-20922,the,NVD-CWE-noinfo,2.5,1.0,40.0,0.0,0.0,0,0.0,0.0,LOW
CVE-2024-20926,the,NVD-CWE-noinfo,5.9,2.2,41.0,0.0,0.0,0,0.0,0.0,MEDIUM
CVE-2024-20932,the,NVD-CWE-noinfo,7.5,3.9,42.0,0.0,0.0,0,0.0,0.0,HIGH
CVE-2024-20952,the,NVD-CWE-noinfo,7.4,2.2,43.0,0.0,0.0,0,0.0,0.0,HIGH
CVE-2024-20955,the,NVD-CWE-noinfo,3.7,2.2,44.0,0.0,0.0,0,0.0,0.0,LOW
CVE-2024-22191,framework,CWE-79,7.3,2.1,8.0,,,1,,,HIGH
CVE-2023-20258,vulnerability,NVD-CWE-noinfo,6.5,1.2,96.0,,,0,,,MEDIUM
CVE-2024-22414,simple,CWE-79,6.5,2.3,3.0,,,1,,,MEDIUM
CVE-2023-51463,versions,CWE-79,5.4,2.3,238.0,39.0,39.0,0,1.0,0.0,MEDIUM
CVE-2023-51464,versions,CWE-79,5.4,2.3,239.0,39.0,39.0,0,1.0,0.0,MEDIUM
CVE-2024-22418,enterprise,CWE-79,6.5,2.3,1.0,0.0,0.0,1,0.0,0.0,MEDIUM
CVE-2024-23659,before,CWE-79,6.1,2.8,14.0,0.0,0.0,0,0.0,0.0,MEDIUM
CVE-2024-22876,and,CWE-79,5.4,2.3,46.0,,,0,,,MEDIUM
CVE-2024-22877,vulnerable,CWE-79,5.4,2.3,30.0,,,0,,,MEDIUM
CVE-2024-23331,frontend,CWE-178,7.5,3.9,1.0,0.0,0.0,1,0.0,0.0,HIGH
CVE-2024-0758,before,CWE-79,6.1,2.8,15.0,0.0,0.0,0,0.0,0.0,MEDIUM
CVE-2024-23680,for,CWE-347,5.3,3.9,29.0,,,0,,,MEDIUM
CVE-2024-23681,versions,CWE-284,8.2,1.5,240.0,37.0,37.0,1,1.0,0.0,HIGH
CVE-2024-23682,versions,CWE-501,8.2,1.5,241.0,37.0,37.0,1,1.0,0.0,HIGH
CVE-2024-23683,versions,NVD-CWE-noinfo,8.2,1.5,242.0,37.0,37.0,1,1.0,0.0,HIGH
CVE-2024-23684,algorithmic,CWE-407,7.5,3.9,1.0,,,0,,,HIGH
CVE-2024-0605,with,CWE-362,7.5,1.6,2.0,0.0,0.0,0,0.0,0.0,HIGH
CVE-2024-0606,attacker,CWE-79,6.1,2.8,4.0,,,0,,,MEDIUM
CVE-2024-23348,input,NVD-CWE-noinfo,8.8,2.8,2.0,0.0,0.0,0,0.0,0.0,HIGH
CVE-2023-45889,vulnerability,CWE-79,6.1,2.8,97.0,,,1,,,MEDIUM
CVE-2024-23636,defaults,CWE-502,9.8,3.9,1.0,0.0,0.0,0,0.0,0.0,CRITICAL
CVE-2023-7238,payload,CWE-79,7.1,2.8,1.0,,,0,,,HIGH
CVE-2023-47115,popular,CWE-79,7.1,2.8,1.0,0.0,0.0,1,0.0,0.0,HIGH
CVE-2024-23633,open,CWE-79,4.7,2.8,47.0,,,0,,,MEDIUM
CVE-2023-6282,does,CWE-79,5.4,2.8,2.0,,,0,,,MEDIUM
CVE-2023-41474,vulnerability,CWE-22,6.5,2.8,98.0,,,1,,,MEDIUM
CVE-2023-5124,plugin,CWE-79,4.8,1.7,19.0,,,1,,,MEDIUM
CVE-2024-24569,set,CWE-22,5.4,2.2,2.0,,,1,,,MEDIUM
CVE-2022-40744,vulnerable,CWE-79,4.8,1.7,34.0,,,0,,,MEDIUM
CVE-2023-51072,stored,CWE-79,5.4,2.3,14.0,,,0,,,MEDIUM
CVE-2023-47144,through,CWE-79,6.1,2.8,10.0,,,0,,,MEDIUM
CVE-2023-37527,reflected,CWE-79,5.4,2.3,23.0,,,0,,,MEDIUM
CVE-2023-50947,and,CWE-79,5.4,2.3,45.0,,,0,,,MEDIUM
CVE-2023-6028,reflected,CWE-79,6.1,2.8,24.0,,,0,,,MEDIUM
CVE-2024-24574,open,CWE-79,6.5,3.9,48.0,,,1,,,MEDIUM
CVE-2024-0660,plugin,CWE-352,6.1,2.8,19.0,,,0,,,MEDIUM
CVE-2024-24594,scripting,CWE-79,9.9,3.1,20.0,,,1,,,CRITICAL
CVE-2023-40143,attacker,CWE-79,5.4,2.8,5.0,,,0,,,MEDIUM
CVE-2023-42765,attacker,CWE-79,5.4,2.3,6.0,,,0,,,MEDIUM
CVE-2023-45222,attacker,CWE-79,5.4,2.8,7.0,,,0,,,MEDIUM
CVE-2023-45227,attacker,CWE-79,5.4,2.8,8.0,,,0,,,MEDIUM
CVE-2024-24815,open,CWE-79,6.1,2.8,49.0,,,0,,,MEDIUM
CVE-2024-24816,open,CWE-79,6.1,2.8,50.0,,,0,,,MEDIUM
CVE-2024-23639,modern,CWE-15,5.1,2.5,1.0,,,0,,,MEDIUM
CVE-2023-50291,vulnerability,CWE-522,7.5,3.9,99.0,,,0,,,HIGH
CVE-2023-50386,with,CWE-434,8.8,2.8,3.0,0.0,0.0,0,0.0,0.0,HIGH
CVE-2024-23724,through,CWE-79,9.0,2.3,11.0,,,1,,,CRITICAL
CVE-2024-22126,application,CWE-79,6.1,2.8,7.0,0.0,0.0,0,0.0,0.0,MEDIUM
CVE-2024-22128,for,CWE-79,4.7,1.6,34.0,,,0,,,MEDIUM
CVE-2024-24743,version,CWE-611,8.6,3.9,15.0,0.0,0.0,0,0.0,0.0,HIGH
CVE-2023-45206,issue,CWE-79,6.1,2.8,49.0,0.0,0.0,0,0.0,0.0,MEDIUM
CVE-2023-45207,issue,CWE-79,6.1,2.8,50.0,0.0,0.0,0,0.0,0.0,MEDIUM
CVE-2023-48432,issue,CWE-79,6.1,2.8,51.0,0.0,0.0,0,0.0,0.0,MEDIUM
CVE-2023-50808,before,CWE-79,6.1,2.8,15.0,0.0,0.0,0,0.0,0.0,MEDIUM
CVE-2024-0007,scripting,CWE-79,6.8,0.9,21.0,,,0,,,MEDIUM
CVE-2024-0010,reflected,CWE-79,4.3,2.8,24.0,,,0,,,MEDIUM
CVE-2024-0011,reflected,CWE-79,4.3,2.8,25.0,,,0,,,MEDIUM
CVE-2024-20717,versions,CWE-79,5.4,2.3,242.0,10.0,10.0,0,1.0,0.0,MEDIUM
CVE-2024-20719,versions,CWE-79,9.1,2.3,243.0,10.0,10.0,0,1.0,0.0,CRITICAL
CVE-2024-25627,free,CWE-79,3.5,0.9,3.0,0.0,0.0,1,0.0,0.0,LOW
CVE-2024-20903,the,NVD-CWE-noinfo,6.5,2.8,40.0,0.0,0.0,0,0.0,0.0,MEDIUM
CVE-2024-20919,the,NVD-CWE-noinfo,5.9,2.2,41.0,0.0,0.0,0,0.0,0.0,MEDIUM
CVE-2024-20921,the,CWE-276,5.9,2.2,42.0,0.0,0.0,0,0.0,0.0,MEDIUM
CVE-2024-20923,the,NVD-CWE-noinfo,3.1,1.6,43.0,0.0,0.0,0,0.0,0.0,LOW
CVE-2024-20925,the,NVD-CWE-noinfo,3.1,1.6,44.0,0.0,0.0,0,0.0,0.0,LOW
CVE-2024-20945,the,NVD-CWE-noinfo,4.7,1.0,45.0,0.0,0.0,0,0.0,0.0,MEDIUM
CVE-2024-21496,versions,CWE-79,6.1,2.8,244.0,9.0,9.0,1,1.0,0.0,MEDIUM
CVE-2024-26129,version,CWE-22,5.8,3.9,16.0,0.0,0.0,0,0.0,0.0,MEDIUM
CVE-2024-25973,affected,CWE-20,5.4,2.3,4.0,772.0,772.0,1,0.0,1.25,MEDIUM
CVE-2024-25974,affected,CWE-20,5.4,2.3,5.0,772.0,772.0,1,0.0,1.25,MEDIUM
CVE-2024-25606,vulnerability,CWE-611,8.0,1.3,99.0,,,0,,,HIGH
CVE-2024-25610,through,CWE-1188,9.0,2.3,11.0,,,0,,,CRITICAL
CVE-2024-21678,severity,CWE-79,8.5,3.1,2.0,,,0,,,HIGH
CVE-2024-26135,full,CWE-346,8.3,1.6,1.0,0.0,0.0,1,0.0,0.0,HIGH
CVE-2024-25147,scripting,CWE-79,9.6,2.8,22.0,,,0,,,CRITICAL
CVE-2023-33843,vulnerable,CWE-79,5.4,2.3,32.0,,,0,,,MEDIUM
CVE-2024-26311,before,CWE-79,5.7,2.1,16.0,0.0,0.0,0,0.0,0.0,MEDIUM
CVE-2024-1563,attacker,CWE-367,8.1,2.2,9.0,,,0,,,HIGH
CVE-2024-26281,scanning,CWE-79,4.7,2.8,1.0,754.0,754.0,0,0.0,0.08,MEDIUM
CVE-2024-26282,url,CWE-80,7.1,2.8,1.0,0.0,0.0,0,0.0,0.0,HIGH
CVE-2024-26283,attacker,CWE-83,7.8,1.8,10.0,,,0,,,HIGH
CVE-2024-23320,vulnerability,CWE-20,8.8,2.8,100.0,,,0,,,HIGH
CVE-2023-38359,and,CWE-79,6.1,2.8,43.0,,,0,,,MEDIUM
CVE-2023-43051,and,CWE-79,5.4,2.3,44.0,,,0,,,MEDIUM
CVE-2024-22201,based,CWE-400,7.5,3.9,5.0,,,0,,,HIGH
CVE-2024-26465,based,CWE-79,6.1,2.8,6.0,,,0,,,MEDIUM
CVE-2024-26466,based,CWE-79,6.1,2.8,7.0,,,0,,,MEDIUM
CVE-2024-26467,based,CWE-79,6.1,2.8,8.0,,,0,,,MEDIUM
CVE-2024-26468,based,CWE-79,6.1,2.8,9.0,,,0,,,MEDIUM
CVE-2024-27087,content,CWE-79,4.6,2.1,1.0,0.0,0.0,0,0.0,0.0,MEDIUM
CVE-2023-50303,vulnerable,CWE-79,6.1,2.8,33.0,,,0,,,MEDIUM
CVE-2024-27285,file,CWE-79,5.4,2.8,4.0,0.0,0.0,1,0.0,0.0,MEDIUM
CVE-2024-26450,issue,CWE-79,5.4,2.8,51.0,0.0,0.0,0,0.0,0.0,MEDIUM
CVE-2023-37529,scripting,CWE-79,3.0,1.3,23.0,,,0,,,LOW
CVE-2023-37530,scripting,CWE-79,3.0,1.3,24.0,,,0,,,LOW
CVE-2023-37531,scripting,CWE-79,3.3,0.7,25.0,,,0,,,LOW
CVE-2023-41165,issue,CWE-79,4.8,1.7,52.0,0.0,0.0,0,0.0,0.0,MEDIUM
CVE-2023-51775,component,CWE-400,6.5,2.8,1.0,0.0,0.0,1,0.0,0.0,MEDIUM
CVE-2024-0590,plugin,CWE-352,6.1,2.8,19.0,,,0,,,MEDIUM
CVE-2024-25712,before,CWE-79,6.1,2.8,18.0,0.0,0.0,1,0.0,0.0,MEDIUM
CVE-2024-25831,affected,CWE-79,5.4,2.3,6.0,763.0,763.0,1,0.0,1.25,MEDIUM
CVE-2024-26131,version,CWE-923,8.4,2.5,17.0,0.0,0.0,0,0.0,0.0,HIGH
CVE-2024-26471,reflected,CWE-79,5.4,2.8,26.0,,,0,,,MEDIUM
CVE-2024-26472,version,CWE-79,6.1,2.8,18.0,0.0,0.0,0,0.0,0.0,MEDIUM
CVE-2024-26473,reflected,CWE-79,6.1,2.8,27.0,,,0,,,MEDIUM
CVE-2024-27083,application,CWE-79,4.3,2.8,8.0,0.0,0.0,0,0.0,0.0,MEDIUM
CVE-2024-1976,plugin,CWE-352,4.3,2.8,20.0,,,0,,,MEDIUM
CVE-2024-2001,vulnerability,CWE-79,5.5,2.1,100.0,,,0,,,MEDIUM
CVE-2023-28525,vulnerable,CWE-79,4.8,1.7,34.0,,,0,,,MEDIUM
CVE-2024-2078,vulnerability,CWE-79,4.6,2.1,101.0,,,0,,,MEDIUM
CVE-2024-24906,all,CWE-79,7.6,1.2,3.0,,,0,,,HIGH
CVE-2024-24904,all,CWE-79,7.6,1.2,4.0,,,0,,,HIGH
CVE-2024-24905,all,CWE-79,7.6,1.2,5.0,,,0,,,HIGH
CVE-2024-24907,all,CWE-79,7.6,1.2,6.0,,,0,,,HIGH
CVE-2023-43054,and,CWE-79,6.4,3.1,44.0,,,0,,,MEDIUM
CVE-2023-38360,vulnerable,CWE-79,6.1,2.8,35.0,,,0,,,MEDIUM
CVE-2024-2188,vulnerability,CWE-79,6.1,1.8,101.0,,,0,,,MEDIUM
CVE-2024-27627,reflected,CWE-94,6.1,2.8,28.0,,,0,,,MEDIUM
CVE-2024-27931,and,CWE-20,5.8,3.9,45.0,,,1,,,MEDIUM
CVE-2024-25858,before,CWE-450,8.4,2.5,19.0,0.0,0.0,0,0.0,0.0,HIGH
CVE-2024-2211,stored,CWE-79,4.6,2.1,9.0,,,0,,,MEDIUM
CVE-2024-27287,system,CWE-79,6.5,1.2,1.0,,,0,,,MEDIUM
CVE-2024-28213,before,CWE-502,9.8,3.9,20.0,0.0,0.0,0,0.0,0.0,CRITICAL
CVE-2024-2245,vulnerability,CWE-79,5.4,2.8,102.0,,,0,,,MEDIUM
CVE-2024-26313,before,CWE-79,7.3,2.1,21.0,0.0,0.0,0,0.0,0.0,HIGH
CVE-2024-2319,vulnerability,CWE-79,5.4,2.8,103.0,,,0,,,MEDIUM
CVE-2024-28176,jose,CWE-400,4.9,1.2,1.0,0.0,0.0,0,0.0,0.0,MEDIUM
CVE-2024-28180,jose,CWE-409,4.3,2.8,2.0,0.0,0.0,0,0.0,0.0,MEDIUM
CVE-2024-28823,allows,CWE-79,6.1,2.8,6.0,0.0,0.0,0,0.0,0.0,MEDIUM
CVE-2024-28199,phlex,CWE-79,7.1,2.8,1.0,0.0,0.0,0,0.0,0.0,HIGH
CVE-2024-22127,version,CWE-77,9.1,2.3,19.0,0.0,0.0,0,0.0,0.0,CRITICAL
CVE-2024-1304,scripting,CWE-79,6.3,2.8,26.0,,,0,,,MEDIUM
CVE-2024-1528,version,CWE-79,7.4,2.8,20.0,0.0,0.0,0,0.0,0.0,HIGH
CVE-2024-1529,which,CWE-79,7.4,2.8,2.0,,,0,,,HIGH
CVE-2024-27135,input,CWE-20,8.5,1.8,2.0,0.0,0.0,0,0.0,0.0,HIGH
CVE-2024-28112,session,CWE-79,6.1,0.9,1.0,,,0,,,MEDIUM
CVE-2015-10130,plugin,CWE-352,5.3,3.9,21.0,,,0,,,MEDIUM
CVE-2023-28517,and,CWE-79,5.4,2.3,46.0,,,0,,,MEDIUM
CVE-2023-38723,vulnerable,CWE-79,6.4,3.1,36.0,,,0,,,MEDIUM
CVE-2024-28175,declarative,CWE-79,9.0,2.3,1.0,0.0,0.0,0,1.0,0.0,CRITICAL
CVE-2024-22397,the,CWE-79,8.3,1.7,48.0,0.0,0.0,0,0.0,0.0,HIGH
CVE-2023-46182,and,CWE-79,5.4,2.3,46.0,,,0,,,MEDIUM
CVE-2023-47162,and,CWE-79,6.1,2.8,47.0,,,0,,,MEDIUM
CVE-2023-47699,and,CWE-79,6.1,2.8,48.0,,,0,,,MEDIUM
CVE-2024-28254,unified,CWE-78,8.8,2.8,1.0,0.0,0.0,0,0.0,0.0,HIGH
CVE-2024-28848,unified,CWE-94,8.8,2.8,2.0,0.0,0.0,0,0.0,0.0,HIGH
CVE-2024-24230,has,CWE-94,7.5,1.6,5.0,0.0,0.0,0,0.0,0.0,HIGH
CVE-2024-2050,vulnerability,CWE-79,8.2,2.8,102.0,,,0,,,HIGH
CVE-2024-27104,and,CWE-79,4.5,0.9,49.0,,,0,,,MEDIUM
CVE-2024-20760,versions,CWE-79,5.4,2.3,246.0,0.0,0.0,0,1.0,0.0,MEDIUM
CVE-2024-20768,versions,CWE-79,5.4,2.3,247.0,0.0,0.0,0,1.0,0.0,MEDIUM
CVE-2024-26028,versions,CWE-79,5.4,2.3,248.0,0.0,0.0,0,1.0,0.0,MEDIUM
CVE-2024-26030,versions,CWE-79,5.4,2.3,249.0,0.0,0.0,0,1.0,0.0,MEDIUM
CVE-2024-26031,versions,CWE-79,5.4,2.3,250.0,0.0,0.0,0,1.0,0.0,MEDIUM
CVE-2024-26032,versions,CWE-79,5.4,2.3,251.0,0.0,0.0,0,1.0,0.0,MEDIUM
CVE-2024-26033,versions,CWE-79,5.4,2.3,252.0,0.0,0.0,0,1.0,0.0,MEDIUM
CVE-2024-26034,versions,CWE-79,5.4,2.3,253.0,0.0,0.0,0,1.0,0.0,MEDIUM
CVE-2024-26035,versions,CWE-79,5.4,2.3,254.0,0.0,0.0,0,1.0,0.0,MEDIUM
CVE-2024-26038,versions,CWE-79,5.4,2.3,255.0,0.0,0.0,0,1.0,0.0,MEDIUM
CVE-2024-26040,versions,CWE-79,5.4,2.3,256.0,0.0,0.0,0,1.0,0.0,MEDIUM
CVE-2024-26041,versions,CWE-79,5.4,2.3,257.0,0.0,0.0,0,1.0,0.0,MEDIUM
CVE-2024-26042,versions,CWE-79,5.4,2.3,258.0,0.0,0.0,0,1.0,0.0,MEDIUM
CVE-2024-26043,versions,CWE-79,5.4,2.3,259.0,0.0,0.0,0,1.0,0.0,MEDIUM
CVE-2024-26044,versions,CWE-79,5.4,2.3,260.0,0.0,0.0,0,1.0,0.0,MEDIUM
CVE-2024-26045,versions,CWE-79,5.4,2.3,261.0,0.0,0.0,0,1.0,0.0,MEDIUM
CVE-2024-26050,versions,CWE-79,4.8,1.7,262.0,0.0,0.0,0,1.0,0.0,MEDIUM
CVE-2024-26051,versions,CWE-79,5.4,2.3,263.0,0.0,0.0,0,1.0,0.0,MEDIUM
CVE-2024-26052,versions,CWE-79,5.4,2.3,264.0,0.0,0.0,0,1.0,0.0,MEDIUM
CVE-2024-26056,versions,CWE-79,5.4,2.3,265.0,0.0,0.0,0,1.0,0.0,MEDIUM
CVE-2024-26059,versions,CWE-79,5.4,2.3,266.0,0.0,0.0,0,1.0,0.0,MEDIUM
CVE-2024-26061,versions,CWE-79,5.4,2.3,267.0,0.0,0.0,0,1.0,0.0,MEDIUM
CVE-2024-26062,versions,CWE-79,5.4,2.3,268.0,0.0,0.0,0,1.0,0.0,MEDIUM
CVE-2024-26064,versions,CWE-79,5.4,2.3,269.0,0.0,0.0,0,1.0,0.0,MEDIUM
CVE-2024-26065,versions,CWE-79,5.4,2.3,270.0,0.0,0.0,0,1.0,0.0,MEDIUM
CVE-2024-26067,versions,CWE-79,5.4,2.3,271.0,0.0,0.0,0,1.0,0.0,MEDIUM
CVE-2024-26069,versions,CWE-79,5.4,2.3,272.0,0.0,0.0,0,1.0,0.0,MEDIUM
CVE-2024-26073,versions,CWE-79,5.4,2.3,273.0,0.0,0.0,0,1.0,0.0,MEDIUM
CVE-2024-26080,versions,CWE-79,5.4,2.3,274.0,0.0,0.0,0,1.0,0.0,MEDIUM
CVE-2024-26094,versions,CWE-79,5.4,2.3,275.0,0.0,0.0,0,1.0,0.0,MEDIUM
CVE-2024-26096,versions,CWE-79,5.4,2.3,276.0,0.0,0.0,0,1.0,0.0,MEDIUM
CVE-2024-26101,versions,CWE-79,5.4,2.3,277.0,0.0,0.0,0,1.0,0.0,MEDIUM
CVE-2024-26102,versions,CWE-79,5.4,2.3,278.0,0.0,0.0,0,1.0,0.0,MEDIUM
CVE-2024-26103,versions,CWE-79,5.4,2.3,279.0,0.0,0.0,0,1.0,0.0,MEDIUM
CVE-2024-26104,versions,CWE-79,5.4,2.3,280.0,0.0,0.0,0,1.0,0.0,MEDIUM
CVE-2024-26105,versions,CWE-79,5.4,2.3,281.0,0.0,0.0,0,1.0,0.0,MEDIUM
CVE-2024-26106,versions,CWE-79,5.4,2.3,282.0,0.0,0.0,0,1.0,0.0,MEDIUM
CVE-2024-26107,versions,CWE-79,5.4,2.3,283.0,0.0,0.0,0,1.0,0.0,MEDIUM
CVE-2024-26118,versions,CWE-79,5.4,2.3,284.0,0.0,0.0,0,1.0,0.0,MEDIUM
CVE-2024-26120,versions,CWE-79,5.4,2.3,285.0,0.0,0.0,0,1.0,0.0,MEDIUM
CVE-2024-26124,versions,CWE-79,5.4,2.3,286.0,0.0,0.0,0,1.0,0.0,MEDIUM
CVE-2024-26125,versions,CWE-79,5.4,2.3,287.0,0.0,0.0,0,1.0,0.0,MEDIUM
CVE-2024-24578,operating,CWE-23,10.0,3.9,1.0,,,1,,,CRITICAL
CVE-2024-28237,provides,CWE-79,4.0,0.6,7.0,0.0,0.0,1,0.0,0.0,MEDIUM
CVE-2024-28855,open,CWE-20,8.1,2.8,44.0,,,0,,,HIGH
CVE-2024-1146,vulnerability,CWE-79,5.8,3.9,103.0,,,0,,,MEDIUM
CVE-2024-1785,plugin,CWE-352,5.4,2.8,22.0,,,0,,,MEDIUM
CVE-2023-41877,open,CWE-22,7.2,1.2,45.0,,,0,,,HIGH
CVE-2023-51444,open,CWE-20,7.2,1.2,46.0,,,1,,,HIGH
CVE-2023-51445,open,CWE-79,4.8,1.7,47.0,,,1,,,MEDIUM
CVE-2024-23634,open,CWE-20,6.0,1.2,48.0,,,1,,,MEDIUM
CVE-2024-23640,open,CWE-79,4.8,1.7,49.0,,,0,,,MEDIUM
CVE-2024-23642,open,CWE-79,4.8,1.7,50.0,,,0,,,MEDIUM
CVE-2024-23643,open,CWE-79,4.8,1.7,51.0,,,0,,,MEDIUM
CVE-2024-23818,open,CWE-79,4.8,1.7,52.0,,,0,,,MEDIUM
CVE-2024-23819,open,CWE-79,4.8,1.7,53.0,,,0,,,MEDIUM
CVE-2024-23821,open,CWE-79,4.8,1.7,54.0,,,0,,,MEDIUM
CVE-2024-27926,open,CWE-79,6.1,2.8,55.0,,,0,,,MEDIUM
CVE-2024-27932,and,CWE-20,4.6,2.1,50.0,,,1,,,MEDIUM
CVE-2024-27933,and,CWE-863,8.2,1.5,51.0,,,1,,,HIGH
CVE-2024-27934,and,CWE-416,8.4,2.5,52.0,,,1,,,HIGH
CVE-2024-27935,and,CWE-488,7.2,3.9,53.0,,,1,,,HIGH
CVE-2024-27936,and,CWE-150,8.8,2.8,54.0,,,1,,,HIGH
CVE-2024-1538,plugin,CWE-352,8.8,2.8,23.0,,,0,,,HIGH
CVE-2024-29943,attacker,CWE-125,9.8,3.9,11.0,,,0,,,CRITICAL
CVE-2024-29944,attacker,CWE-830,8.4,2.5,12.0,,,0,,,HIGH
CVE-2024-2726,vulnerability,CWE-79,6.1,2.8,104.0,,,0,,,MEDIUM
CVE-2022-32754,vulnerable,CWE-79,4.8,1.7,37.0,,,0,,,MEDIUM
CVE-2024-2227,vulnerability,CWE-22,10.0,3.9,105.0,,,0,,,CRITICAL
CVE-2024-28434,platform,CWE-79,7.6,2.8,1.0,,,1,,,HIGH
CVE-2024-27300,open,CWE-79,5.5,2.1,55.0,,,1,,,MEDIUM
CVE-2024-28106,open,CWE-79,4.3,0.9,56.0,,,1,,,MEDIUM
CVE-2024-28243,library,CWE-674,6.5,2.8,9.0,839.0,839.0,0,7.0,5.83,MEDIUM
CVE-2024-28244,library,CWE-674,6.5,2.8,10.0,839.0,839.0,0,7.0,5.83,MEDIUM
CVE-2024-28245,library,CWE-116,6.3,2.8,11.0,839.0,839.0,0,7.0,5.83,MEDIUM
CVE-2024-28246,library,CWE-184,5.5,2.1,12.0,839.0,839.0,0,7.0,5.83,MEDIUM
CVE-2024-29808,parameter,CWE-79,5.4,2.3,1.0,0.0,0.0,1,0.0,0.0,MEDIUM
CVE-2024-29809,parameter,CWE-79,5.4,2.3,2.0,0.0,0.0,1,0.0,0.0,MEDIUM
CVE-2024-29810,parameter,CWE-79,5.4,2.3,3.0,0.0,0.0,1,0.0,0.0,MEDIUM
CVE-2024-29832,parameter,CWE-79,6.1,2.8,4.0,0.0,0.0,1,0.0,0.0,MEDIUM
CVE-2024-28335,before,CWE-22,9.1,3.9,21.0,0.0,0.0,0,0.0,0.0,CRITICAL
CVE-2023-50961,vulnerable,CWE-79,4.8,1.7,38.0,,,0,,,MEDIUM
CVE-2024-27270,through,CWE-79,4.7,1.6,11.0,,,0,,,MEDIUM
CVE-2024-28784,vulnerable,CWE-79,5.4,2.3,39.0,,,0,,,MEDIUM
CVE-2024-29882,simple,CWE-79,7.2,3.9,3.0,,,1,,,HIGH
CVE-2024-23727,application,CWE-94,8.4,2.5,9.0,0.0,0.0,0,0.0,0.0,HIGH
CVE-2024-29890,business,CWE-79,8.8,2.8,1.0,,,0,,,HIGH
CVE-2024-31033,through,,6.8,1.6,12.0,,,0,,,MEDIUM
CVE-2024-20799,versions,CWE-79,5.4,2.3,279.0,0.0,0.0,0,1.0,0.0,MEDIUM
CVE-2024-31393,the,NVD-CWE-noinfo,4.3,2.8,50.0,0.0,0.0,0,0.0,0.0,MEDIUM
CVE-2023-44040,before,CWE-79,6.1,2.8,22.0,0.0,0.0,0,0.0,0.0,MEDIUM
CVE-2024-2753,version,CWE-79,2.0,0.5,20.0,0.0,0.0,0,0.0,0.0,LOW
CVE-2023-25199,reflected,CWE-79,5.4,2.3,28.0,,,0,,,MEDIUM
CVE-2024-20800,versions,CWE-79,5.4,2.3,280.0,0.0,0.0,0,1.0,0.0,MEDIUM
CVE-2024-25698,reflected,CWE-79,6.1,2.8,29.0,,,0,,,MEDIUM
CVE-2024-25700,stored,CWE-79,4.8,1.7,10.0,,,0,,,MEDIUM
CVE-2024-25705,scripting,CWE-79,5.4,2.3,27.0,,,0,,,MEDIUM
CVE-2024-25708,stored,CWE-79,4.8,1.7,11.0,,,0,,,MEDIUM
CVE-2024-25709,stored,CWE-79,6.1,2.8,12.0,,,0,,,MEDIUM
CVE-2024-30264,chatbot,CWE-79,8.1,2.8,1.0,0.0,0.0,1,1.0,0.0,HIGH
CVE-2024-31204,dockerized,CWE-79,6.1,0.9,2.0,0.0,0.0,1,1.0,0.0,MEDIUM
CVE-2024-31848,path,CWE-22,9.8,3.9,1.0,478.0,478.0,0,3.0,0.0,CRITICAL
CVE-2024-31849,path,CWE-22,9.8,3.9,2.0,478.0,478.0,0,3.0,0.0,CRITICAL
CVE-2024-31850,path,CWE-22,8.6,3.9,3.0,478.0,478.0,0,3.0,0.0,HIGH
CVE-2024-31851,path,CWE-22,8.6,3.9,4.0,478.0,478.0,0,3.0,0.0,HIGH
CVE-2024-27899,and,CWE-640,8.8,2.8,53.0,,,0,,,HIGH
CVE-2024-30214,application,CWE-79,4.8,1.7,10.0,0.0,0.0,0,0.0,0.0,MEDIUM
CVE-2024-31544,stored,CWE-79,5.4,2.8,13.0,,,1,,,MEDIUM
CVE-2024-1637,plugin,CWE-862,4.3,2.8,22.0,,,0,,,MEDIUM
CVE-2024-20778,versions,CWE-79,5.4,2.3,281.0,0.0,0.0,0,1.0,0.0,MEDIUM
CVE-2024-20779,versions,CWE-79,5.4,2.3,282.0,0.0,0.0,0,1.0,0.0,MEDIUM
CVE-2024-20780,versions,CWE-79,5.4,2.3,283.0,0.0,0.0,0,1.0,0.0,MEDIUM
CVE-2024-26046,versions,CWE-79,5.4,2.3,284.0,0.0,0.0,0,1.0,0.0,MEDIUM
CVE-2024-26047,versions,CWE-79,5.4,2.3,285.0,0.0,0.0,0,1.0,0.0,MEDIUM
CVE-2024-26076,versions,CWE-79,5.4,2.3,286.0,0.0,0.0,0,1.0,0.0,MEDIUM
CVE-2024-26079,versions,CWE-79,5.4,2.3,287.0,0.0,0.0,0,1.0,0.0,MEDIUM
CVE-2024-26084,versions,CWE-79,5.4,2.3,288.0,0.0,0.0,0,1.0,0.0,MEDIUM
CVE-2024-26087,versions,CWE-79,5.4,2.3,289.0,0.0,0.0,0,1.0,0.0,MEDIUM
CVE-2024-26097,versions,CWE-79,5.4,2.3,290.0,0.0,0.0,0,1.0,0.0,MEDIUM
CVE-2024-26098,versions,CWE-79,5.4,2.3,291.0,0.0,0.0,0,1.0,0.0,MEDIUM
CVE-2024-26122,versions,CWE-79,5.4,2.3,292.0,0.0,0.0,0,1.0,0.0,MEDIUM
CVE-2024-20759,versions,CWE-79,8.1,1.7,293.0,0.0,0.0,0,1.0,0.0,HIGH
CVE-2024-27477,vulnerability,CWE-79,6.1,2.8,91.0,,,1,,,MEDIUM
CVE-2024-1602,vulnerable,CWE-79,6.1,2.8,37.0,,,1,,,MEDIUM
CVE-2024-3570,stored,CWE-79,5.4,2.3,14.0,,,1,,,MEDIUM
CVE-2024-31995,provides,CWE-613,4.3,2.8,8.0,0.0,0.0,0,0.0,0.0,MEDIUM
CVE-2023-45186,through,CWE-79,4.8,1.7,13.0,,,0,,,MEDIUM
CVE-2023-50307,through,CWE-79,5.4,2.3,14.0,,,0,,,MEDIUM
CVE-2024-22357,through,CWE-79,5.4,2.3,15.0,,,0,,,MEDIUM
CVE-2023-47714,through,CWE-79,4.8,1.7,16.0,,,0,,,MEDIUM
CVE-2024-22359,through,CWE-79,6.1,2.8,17.0,,,0,,,MEDIUM
CVE-2024-3776,parameter,CWE-79,6.1,2.8,5.0,0.0,0.0,0,0.0,0.0,MEDIUM
CVE-2024-3853,could,CWE-416,7.5,1.6,1.0,0.0,0.0,0,0.0,0.0,HIGH
CVE-2024-3858,was,CWE-476,7.5,3.9,2.0,0.0,0.0,0,0.0,0.0,HIGH
CVE-2024-3862,assignment,CWE-908,5.3,1.6,1.0,0.0,0.0,0,0.0,0.0,MEDIUM
CVE-2024-20954,the,NVD-CWE-noinfo,3.7,2.2,50.0,0.0,0.0,0,0.0,0.0,LOW
CVE-2024-21002,the,CWE-276,2.5,1.0,51.0,0.0,0.0,0,0.0,0.0,LOW
CVE-2024-21003,the,NVD-CWE-noinfo,3.1,1.6,52.0,0.0,0.0,0,0.0,0.0,LOW
CVE-2024-21004,the,CWE-276,2.5,1.0,53.0,0.0,0.0,0,0.0,0.0,LOW
CVE-2024-21005,the,NVD-CWE-noinfo,3.1,1.6,54.0,0.0,0.0,0,0.0,0.0,LOW
CVE-2024-21011,the,CWE-770,3.7,2.2,55.0,0.0,0.0,0,0.0,0.0,LOW
CVE-2024-21012,the,CWE-276,3.7,2.2,56.0,0.0,0.0,0,0.0,0.0,LOW
CVE-2024-21068,the,NVD-CWE-noinfo,3.7,2.2,57.0,0.0,0.0,0,0.0,0.0,LOW
CVE-2024-21085,the,NVD-CWE-noinfo,3.7,2.2,58.0,0.0,0.0,0,0.0,0.0,LOW
CVE-2024-21093,the,NVD-CWE-noinfo,5.3,1.6,59.0,0.0,0.0,0,0.0,0.0,MEDIUM
CVE-2024-21094,the,CWE-349,3.7,2.2,60.0,0.0,0.0,0,0.0,0.0,LOW
CVE-2024-21098,the,NVD-CWE-noinfo,3.7,2.2,61.0,0.0,0.0,0,0.0,0.0,LOW
CVE-2024-30253,the,CWE-119,7.5,3.9,63.0,0.0,0.0,0,0.0,0.0,HIGH
CVE-2024-32472,excalidraw,CWE-79,6.1,2.8,1.0,,,0,,,MEDIUM
CVE-2024-32477,and,CWE-78,7.7,2.5,52.0,,,1,,,HIGH
CVE-2024-29962,before,CWE-276,5.5,1.8,23.0,0.0,0.0,0,0.0,0.0,MEDIUM
CVE-2024-3654,vulnerability,CWE-79,6.3,2.8,92.0,,,0,,,MEDIUM
CVE-2024-29183,solution,CWE-79,6.1,2.8,1.0,0.0,0.0,0,5.0,0.0,MEDIUM
CVE-2024-4026,vulnerability,CWE-79,4.6,2.1,93.0,,,0,,,MEDIUM
CVE-2024-27348,vulnerability,NVD-CWE-noinfo,9.8,3.9,94.0,,,1,,,CRITICAL
CVE-2024-32653,jadx,CWE-20,6.1,1.3,1.0,,,0,,,MEDIUM
CVE-2024-32656,live,CWE-862,7.8,1.8,1.0,0.0,0.0,0,0.0,0.0,HIGH
CVE-2023-47731,through,CWE-79,5.4,2.3,18.0,,,0,,,MEDIUM
CVE-2024-32869,application,CWE-22,5.3,3.9,11.0,0.0,0.0,1,0.0,0.0,MEDIUM
CVE-2024-32876,app,CWE-502,8.5,1.8,3.0,0.0,0.0,0,0.0,0.0,HIGH
CVE-2024-4174,vulnerability,CWE-79,5.4,2.8,95.0,,,0,,,MEDIUM
CVE-2023-5675,flaw,CWE-285,6.5,3.9,3.0,,,0,,,MEDIUM
CVE-2023-6717,flaw,CWE-79,6.0,0.5,4.0,,,0,,,MEDIUM
CVE-2024-33670,before,CWE-79,4.3,2.8,24.0,0.0,0.0,0,0.0,0.0,MEDIUM
CVE-2024-32887,simple,CWE-79,5.5,2.1,4.0,,,0,,,MEDIUM
CVE-2024-33883,ejs,CWE-693,4.0,2.5,1.0,,,0,,,MEDIUM
CVE-2024-4302,online,CWE-79,6.1,2.8,1.0,,,0,,,MEDIUM
CVE-2024-4310,vulnerability,CWE-79,6.3,2.8,96.0,,,0,,,MEDIUM
CVE-2024-32492,issue,CWE-94,7.1,2.8,49.0,0.0,0.0,0,0.0,0.0,HIGH
CVE-2024-25575,type,CWE-843,8.8,2.8,4.0,,,1,,,HIGH
CVE-2024-25648,vulnerability,CWE-416,8.8,2.8,97.0,,,1,,,HIGH
CVE-2024-25938,vulnerability,CWE-416,8.8,2.8,98.0,,,1,,,HIGH
CVE-2024-32970,framework,CWE-79,7.1,2.8,7.0,,,0,,,HIGH
CVE-2024-32966,tiny,CWE-79,5.8,1.6,1.0,0.0,0.0,0,0.0,0.0,MEDIUM
CVE-2024-28775,vulnerable,CWE-79,4.4,1.3,37.0,,,0,,,MEDIUM
CVE-2024-34061,free,CWE-79,4.3,2.8,4.0,0.0,0.0,0,0.0,0.0,MEDIUM
CVE-2024-34148,and,CWE-1321,6.8,1.6,52.0,,,0,,,MEDIUM
CVE-2024-1679,with,CWE-79,6.4,3.1,4.0,0.0,0.0,0,0.0,0.0,MEDIUM
CVE-2023-27363,vulnerability,CWE-749,7.8,1.8,100.0,,,0,,,HIGH
CVE-2023-37330,vulnerability,CWE-749,7.8,1.8,101.0,,,0,,,HIGH
CVE-2023-39469,vulnerability,CWE-94,7.2,1.2,102.0,,,0,,,HIGH
CVE-2023-39476,vulnerability,CWE-502,9.8,3.9,103.0,,,0,,,CRITICAL
CVE-2023-39487,util,CWE-125,5.5,1.8,1.0,372.0,372.0,0,0.0,0.0,MEDIUM
CVE-2023-39493,vulnerability,CWE-749,7.8,1.8,104.0,,,0,,,HIGH
CVE-2023-40472,vulnerability,CWE-822,7.8,1.8,105.0,,,0,,,HIGH
CVE-2023-40473,vulnerability,CWE-125,5.5,1.8,106.0,,,0,,,MEDIUM
CVE-2023-42073,vulnerability,CWE-125,5.5,1.8,107.0,,,0,,,MEDIUM
CVE-2024-34447,issue,CWE-297,7.5,3.9,50.0,0.0,0.0,0,0.0,0.0,HIGH
CVE-2024-34089,issue,CWE-79,7.3,2.1,51.0,0.0,0.0,0,0.0,0.0,HIGH
CVE-2024-34091,issue,CWE-79,7.3,2.1,52.0,0.0,0.0,0,0.0,0.0,HIGH
CVE-2024-34342,displays,CWE-79,7.1,1.6,1.0,0.0,0.0,0,0.0,0.0,HIGH
CVE-2024-34346,and,CWE-863,8.4,1.7,51.0,,,0,,,HIGH
CVE-2024-27202,scripting,CWE-79,4.7,1.6,28.0,,,0,,,MEDIUM
CVE-2024-31156,stored,CWE-79,8.0,2.1,15.0,,,0,,,HIGH
CVE-2024-33604,reflected,CWE-79,6.1,2.8,29.0,,,0,,,MEDIUM
CVE-2024-34347,run,CWE-77,8.3,1.6,1.0,579.0,579.0,0,0.0,0.17,HIGH
CVE-2023-38264,through,CWE-502,5.9,2.2,22.0,,,0,,,MEDIUM
CVE-2023-50717,software,CWE-79,5.7,2.1,1.0,0.0,0.0,1,0.0,0.0,MEDIUM
CVE-2024-28277,vulnerability,CWE-79,6.1,2.8,108.0,,,0,,,MEDIUM
CVE-2024-28781,through,CWE-79,5.4,2.3,23.0,,,0,,,MEDIUM
CVE-2024-28866,continuous,CWE-79,3.1,1.6,1.0,,,0,,,LOW
CVE-2024-29857,issue,CWE-125,7.5,3.9,53.0,0.0,0.0,0,0.0,0.0,HIGH
CVE-2024-29894,provides,CWE-79,5.4,2.8,8.0,0.0,0.0,1,0.0,0.0,MEDIUM
CVE-2024-2299,stored,CWE-79,6.1,2.8,16.0,,,1,,,MEDIUM
CVE-2024-30171,issue,CWE-203,5.9,2.2,54.0,0.0,0.0,0,0.0,0.0,MEDIUM
CVE-2024-30172,issue,,7.5,3.9,55.0,0.0,0.0,0,0.0,0.0,HIGH
CVE-2024-32669,vulnerability,CWE-20,5.3,3.9,109.0,,,0,,,MEDIUM
CVE-2024-32672,issue,CWE-20,5.3,3.9,56.0,0.0,0.0,0,0.0,0.0,MEDIUM
CVE-2024-34081,open,CWE-79,6.6,2.3,50.0,,,0,,,MEDIUM
CVE-2024-34345,library,CWE-611,8.1,2.2,13.0,789.0,789.0,0,7.0,5.83,HIGH
CVE-2024-34349,open,CWE-79,4.8,1.7,51.0,,,0,,,MEDIUM
CVE-2024-4068,package,CWE-1050,7.5,3.9,7.0,0.0,0.0,1,0.0,0.0,HIGH
CVE-2024-4823,that,CWE-79,6.5,2.8,2.0,0.0,0.0,0,0.0,0.0,MEDIUM
CVE-2024-32733,missing,CWE-79,6.1,2.8,1.0,723.0,723.0,0,1.0,0.5,MEDIUM
CVE-2024-33007,control,CWE-79,3.5,2.1,1.0,417.0,417.0,0,1.0,0.0,LOW
CVE-2024-33864,issue,CWE-918,5.9,2.5,57.0,0.0,0.0,0,0.0,0.0,MEDIUM
CVE-2024-34355,enterprise,CWE-79,3.5,2.1,2.0,0.0,0.0,0,0.0,0.0,LOW
CVE-2024-30054,,CWE-20,6.5,2.8,,,,0,,,MEDIUM
CVE-2024-4367,type,NVD-CWE-noinfo,8.8,2.8,5.0,,,0,,,HIGH
CVE-2024-32888,for,CWE-89,10.0,3.9,28.0,,,0,,,CRITICAL
CVE-2024-3967,has,CWE-502,7.6,0.9,6.0,0.0,0.0,0,0.0,0.0,HIGH
CVE-2024-3851,stored,CWE-79,5.4,2.3,17.0,,,1,,,MEDIUM
CVE-2024-31974,application,CWE-94,6.3,2.8,12.0,0.0,0.0,0,0.0,0.0,MEDIUM
CVE-2024-34241,scripting,CWE-79,4.8,1.7,28.0,,,1,,,MEDIUM
CVE-2024-34710,wiki,CWE-1336,7.1,2.8,1.0,801.0,801.0,0,6.0,0.5,HIGH
CVE-2024-35224,the,CWE-80,7.6,2.3,58.0,0.0,0.0,0,0.0,0.0,HIGH
CVE-2024-36361,through,CWE-94,6.8,1.6,24.0,,,0,,,MEDIUM
CVE-2023-47710,and,CWE-79,5.4,2.3,50.0,,,0,,,MEDIUM
CVE-2023-49572,vulnerability,CWE-79,7.1,2.8,110.0,,,0,,,HIGH
CVE-2023-49573,vulnerability,CWE-79,7.1,2.8,111.0,,,0,,,HIGH
CVE-2023-49574,vulnerability,CWE-79,7.1,2.8,112.0,,,0,,,HIGH
CVE-2023-49575,vulnerability,CWE-79,7.1,2.8,113.0,,,0,,,HIGH
CVE-2023-46442,infinite,CWE-400,4.3,2.8,1.0,0.0,0.0,0,0.0,0.0,MEDIUM
CVE-2024-5351,vulnerability,CWE-502,6.3,2.8,113.0,,,1,,,MEDIUM
CVE-2024-5405,vulnerability,CWE-79,6.3,2.8,114.0,,,0,,,MEDIUM
CVE-2023-37411,through,CWE-79,4.8,1.7,25.0,,,0,,,MEDIUM
CVE-2024-28793,and,CWE-79,4.9,1.8,51.0,,,0,,,MEDIUM
CVE-2024-36472,through,CWE-346,6.5,2.8,26.0,,,0,,,MEDIUM
CVE-2024-25976,authentication,CWE-79,6.1,2.8,2.0,0.0,0.0,0,0.0,0.0,MEDIUM
CVE-2024-36114,library,CWE-125,8.6,3.9,13.0,774.0,774.0,0,7.0,5.83,HIGH
CVE-2022-43384,through,CWE-79,4.6,2.1,27.0,,,0,,,MEDIUM
CVE-2022-43575,through,CWE-79,5.4,2.3,28.0,,,0,,,MEDIUM
CVE-2024-5520,vulnerabilities,CWE-79,6.4,3.1,3.0,0.0,0.0,0,0.0,0.0,MEDIUM
CVE-2024-5521,vulnerabilities,CWE-79,6.4,3.1,4.0,0.0,0.0,0,0.0,0.0,MEDIUM
CVE-2024-35432,vulnerable,CWE-79,6.1,2.8,35.0,,,1,,,MEDIUM
CVE-2024-32877,application,CWE-79,4.2,1.6,13.0,0.0,0.0,0,0.0,0.0,MEDIUM
CVE-2024-31889,and,CWE-79,5.4,2.3,52.0,,,0,,,MEDIUM
CVE-2024-31907,and,CWE-79,5.4,2.3,53.0,,,0,,,MEDIUM
CVE-2024-31908,and,CWE-79,6.4,3.1,54.0,,,0,,,MEDIUM
CVE-2024-36120,removes,CWE-94,8.1,1.4,1.0,,,0,,,HIGH
CVE-2024-36123,skin,CWE-79,6.5,1.2,1.0,0.0,0.0,1,0.0,0.0,MEDIUM
CVE-2023-51219,deep,CWE-79,9.6,2.8,1.0,0.0,0.0,0,0.0,0.0,CRITICAL
CVE-2024-4812,flaw,CWE-79,4.8,1.7,5.0,,,0,,,MEDIUM
CVE-2024-5673,affecting,CWE-79,6.1,2.8,4.0,,,0,,,MEDIUM
CVE-2024-2288,vulnerability,CWE-352,8.3,2.8,115.0,,,1,,,HIGH
CVE-2024-3110,stored,CWE-79,8.7,2.3,17.0,,,1,,,HIGH
CVE-2024-3166,vulnerability,CWE-79,9.6,2.8,117.0,,,1,,,CRITICAL
CVE-2024-3402,stored,CWE-79,5.4,2.3,18.0,,,1,,,MEDIUM
CVE-2024-5478,vulnerability,CWE-79,6.1,2.8,118.0,,,1,,,MEDIUM
CVE-2022-45176,issue,CWE-79,5.4,2.3,57.0,0.0,0.0,1,0.0,0.0,MEDIUM
CVE-2024-3850,vulnerable,CWE-79,5.4,2.3,37.0,,,0,,,MEDIUM
CVE-2024-37166,ghtml,CWE-79,8.9,2.3,1.0,0.0,0.0,0,0.0,0.0,HIGH
CVE-2024-37168,implements,CWE-789,5.3,3.9,2.0,0.0,0.0,0,0.0,0.0,MEDIUM
CVE-2024-28164,allows,CWE-200,5.3,3.9,6.0,0.0,0.0,0,0.0,0.0,MEDIUM
CVE-2024-34688,unrestricted,CWE-400,7.5,3.9,1.0,,,0,,,HIGH
CVE-2024-5694,attacker,CWE-416,7.5,3.9,13.0,,,0,,,HIGH
CVE-2024-23111,improper,CWE-79,6.8,0.9,4.0,,,0,,,MEDIUM
CVE-2024-35225,allows,CWE-79,9.6,2.8,7.0,0.0,0.0,0,0.0,0.0,CRITICAL
CVE-2024-5739,browser,CWE-79,6.1,2.8,4.0,,,0,,,MEDIUM
CVE-2024-37297,platform,CWE-79,5.4,2.3,2.0,,,0,,,MEDIUM
CVE-2024-37304,package,CWE-79,6.1,2.8,7.0,0.0,0.0,0,0.0,0.0,MEDIUM
CVE-2024-5906,scripting,CWE-79,4.8,1.7,29.0,,,0,,,MEDIUM
CVE-2024-20769,versions,CWE-79,5.4,2.3,288.0,0.0,0.0,0,1.0,0.0,MEDIUM
CVE-2024-20784,versions,CWE-79,5.4,2.3,289.0,0.0,0.0,0,1.0,0.0,MEDIUM
CVE-2024-26036,versions,CWE-79,5.4,2.3,290.0,0.0,0.0,0,1.0,0.0,MEDIUM
CVE-2024-26037,versions,CWE-79,5.4,2.3,291.0,0.0,0.0,0,1.0,0.0,MEDIUM
CVE-2024-26039,versions,CWE-79,5.4,2.3,292.0,0.0,0.0,0,1.0,0.0,MEDIUM
CVE-2024-26049,versions,CWE-79,4.8,1.7,293.0,0.0,0.0,0,1.0,0.0,MEDIUM
CVE-2024-26053,versions,CWE-79,5.4,2.3,294.0,0.0,0.0,0,1.0,0.0,MEDIUM
CVE-2024-26054,versions,CWE-79,5.4,2.3,295.0,0.0,0.0,0,1.0,0.0,MEDIUM
CVE-2024-26055,versions,CWE-79,5.4,2.3,296.0,0.0,0.0,0,1.0,0.0,MEDIUM
CVE-2024-26057,versions,CWE-79,5.4,2.3,297.0,0.0,0.0,0,1.0,0.0,MEDIUM
CVE-2024-26058,versions,CWE-79,5.4,2.3,298.0,0.0,0.0,0,1.0,0.0,MEDIUM
CVE-2024-26060,versions,CWE-79,5.4,2.3,299.0,0.0,0.0,0,1.0,0.0,MEDIUM
CVE-2024-26066,versions,CWE-79,5.4,2.3,300.0,0.0,0.0,0,1.0,0.0,MEDIUM
CVE-2024-26068,versions,CWE-79,5.4,2.3,301.0,0.0,0.0,0,1.0,0.0,MEDIUM
CVE-2024-26070,versions,CWE-79,5.4,2.3,302.0,0.0,0.0,0,1.0,0.0,MEDIUM
CVE-2024-26071,versions,CWE-79,5.4,2.3,303.0,0.0,0.0,0,1.0,0.0,MEDIUM
CVE-2024-26072,versions,CWE-79,5.4,2.3,304.0,0.0,0.0,0,1.0,0.0,MEDIUM
CVE-2024-26074,versions,CWE-79,5.4,2.3,305.0,0.0,0.0,0,1.0,0.0,MEDIUM
CVE-2024-26075,versions,CWE-79,5.4,2.3,306.0,0.0,0.0,0,1.0,0.0,MEDIUM
CVE-2024-26077,versions,CWE-79,5.4,2.3,307.0,0.0,0.0,0,1.0,0.0,MEDIUM
CVE-2024-26078,versions,CWE-79,5.4,2.3,308.0,0.0,0.0,0,1.0,0.0,MEDIUM
CVE-2024-26081,versions,CWE-79,5.4,2.3,309.0,0.0,0.0,0,1.0,0.0,MEDIUM
CVE-2024-26082,versions,CWE-79,5.4,2.3,310.0,0.0,0.0,0,1.0,0.0,MEDIUM
CVE-2024-26083,versions,CWE-79,5.4,2.3,311.0,0.0,0.0,0,1.0,0.0,MEDIUM
CVE-2024-26085,versions,CWE-79,5.4,2.3,312.0,0.0,0.0,0,1.0,0.0,MEDIUM
CVE-2024-26086,versions,CWE-79,5.4,2.3,313.0,0.0,0.0,0,1.0,0.0,MEDIUM
CVE-2024-26088,versions,CWE-79,5.4,2.3,314.0,0.0,0.0,0,1.0,0.0,MEDIUM
CVE-2024-26089,versions,CWE-79,5.4,2.8,315.0,0.0,0.0,0,1.0,0.0,MEDIUM
CVE-2024-26090,versions,CWE-79,5.4,2.8,316.0,0.0,0.0,0,1.0,0.0,MEDIUM
CVE-2024-26091,versions,CWE-79,5.4,2.8,317.0,0.0,0.0,0,1.0,0.0,MEDIUM
CVE-2024-26092,versions,CWE-79,5.4,2.3,318.0,0.0,0.0,0,1.0,0.0,MEDIUM
CVE-2024-26093,versions,CWE-79,5.4,2.3,319.0,0.0,0.0,0,1.0,0.0,MEDIUM
CVE-2024-26095,versions,CWE-79,5.4,2.3,320.0,0.0,0.0,0,1.0,0.0,MEDIUM
CVE-2024-26110,versions,CWE-79,5.4,2.3,321.0,0.0,0.0,0,1.0,0.0,MEDIUM
CVE-2024-26111,versions,CWE-79,5.4,2.3,322.0,0.0,0.0,0,1.0,0.0,MEDIUM
CVE-2024-26113,versions,CWE-79,5.4,2.3,323.0,0.0,0.0,0,1.0,0.0,MEDIUM
CVE-2024-26114,versions,CWE-79,5.4,2.3,324.0,0.0,0.0,0,1.0,0.0,MEDIUM
CVE-2024-26115,versions,CWE-79,5.4,2.3,325.0,0.0,0.0,0,1.0,0.0,MEDIUM
CVE-2024-26116,versions,CWE-79,5.4,2.3,326.0,0.0,0.0,0,1.0,0.0,MEDIUM
CVE-2024-26117,versions,CWE-79,5.4,2.3,327.0,0.0,0.0,0,1.0,0.0,MEDIUM
CVE-2024-26121,versions,CWE-79,5.4,2.3,328.0,0.0,0.0,0,1.0,0.0,MEDIUM
CVE-2024-26123,versions,CWE-79,5.4,2.3,329.0,0.0,0.0,0,1.0,0.0,MEDIUM
CVE-2024-34119,versions,CWE-79,5.4,2.3,330.0,0.0,0.0,0,1.0,0.0,MEDIUM
CVE-2024-34120,versions,CWE-79,5.4,2.3,331.0,0.0,0.0,0,1.0,0.0,MEDIUM
CVE-2024-36141,versions,CWE-79,5.4,2.3,332.0,0.0,0.0,0,1.0,0.0,MEDIUM
CVE-2024-36142,versions,CWE-79,5.4,2.3,333.0,0.0,0.0,0,1.0,0.0,MEDIUM
CVE-2024-36143,versions,CWE-79,5.4,2.3,334.0,0.0,0.0,0,1.0,0.0,MEDIUM
CVE-2024-36144,versions,CWE-79,5.4,2.3,335.0,0.0,0.0,0,1.0,0.0,MEDIUM
CVE-2024-36146,versions,CWE-79,5.4,2.3,336.0,0.0,0.0,0,1.0,0.0,MEDIUM
CVE-2024-36147,versions,CWE-79,5.4,2.3,337.0,0.0,0.0,0,1.0,0.0,MEDIUM
CVE-2024-36148,versions,CWE-79,5.4,2.3,338.0,0.0,0.0,0,1.0,0.0,MEDIUM
CVE-2024-36149,versions,CWE-79,5.4,2.3,339.0,0.0,0.0,0,1.0,0.0,MEDIUM
CVE-2024-36150,versions,CWE-79,5.4,2.3,340.0,0.0,0.0,0,1.0,0.0,MEDIUM
CVE-2024-36151,versions,CWE-79,5.4,2.3,341.0,0.0,0.0,0,1.0,0.0,MEDIUM
CVE-2024-36152,versions,CWE-79,5.4,2.3,342.0,0.0,0.0,0,1.0,0.0,MEDIUM
CVE-2024-36153,versions,CWE-79,5.4,2.3,343.0,0.0,0.0,0,1.0,0.0,MEDIUM
CVE-2024-36154,versions,CWE-79,5.4,2.3,344.0,0.0,0.0,0,1.0,0.0,MEDIUM
CVE-2024-36155,versions,CWE-79,5.4,2.3,345.0,0.0,0.0,0,1.0,0.0,MEDIUM
CVE-2024-36156,versions,CWE-79,5.4,2.3,346.0,0.0,0.0,0,1.0,0.0,MEDIUM
CVE-2024-36157,versions,CWE-79,5.4,2.3,347.0,0.0,0.0,0,1.0,0.0,MEDIUM
CVE-2024-36158,versions,CWE-79,5.4,2.3,348.0,0.0,0.0,0,1.0,0.0,MEDIUM
CVE-2024-36159,versions,CWE-79,5.4,2.3,349.0,0.0,0.0,0,1.0,0.0,MEDIUM
CVE-2024-36160,versions,CWE-79,5.4,2.3,350.0,0.0,0.0,0,1.0,0.0,MEDIUM
CVE-2024-36161,versions,CWE-79,5.4,2.3,351.0,0.0,0.0,0,1.0,0.0,MEDIUM
CVE-2024-36162,versions,CWE-79,5.4,2.3,352.0,0.0,0.0,0,1.0,0.0,MEDIUM
CVE-2024-36163,versions,CWE-79,5.4,2.3,353.0,0.0,0.0,0,1.0,0.0,MEDIUM
CVE-2024-36164,versions,CWE-79,5.4,2.3,354.0,0.0,0.0,0,1.0,0.0,MEDIUM
CVE-2024-36165,versions,CWE-79,5.4,2.3,355.0,0.0,0.0,0,1.0,0.0,MEDIUM
CVE-2024-36166,versions,CWE-79,5.4,2.3,356.0,0.0,0.0,0,1.0,0.0,MEDIUM
CVE-2024-36167,versions,CWE-79,5.4,2.3,357.0,0.0,0.0,0,1.0,0.0,MEDIUM
CVE-2024-36168,versions,CWE-79,5.4,2.3,358.0,0.0,0.0,0,1.0,0.0,MEDIUM
CVE-2024-36169,versions,CWE-79,5.4,2.3,359.0,0.0,0.0,0,1.0,0.0,MEDIUM
CVE-2024-36170,versions,CWE-79,5.4,2.3,360.0,0.0,0.0,0,1.0,0.0,MEDIUM
CVE-2024-36171,versions,CWE-79,5.4,2.3,361.0,0.0,0.0,0,1.0,0.0,MEDIUM
CVE-2024-36172,versions,CWE-79,5.4,2.3,362.0,0.0,0.0,0,1.0,0.0,MEDIUM
CVE-2024-36173,versions,CWE-79,5.4,2.3,363.0,0.0,0.0,0,1.0,0.0,MEDIUM
CVE-2024-36174,versions,CWE-79,5.4,2.3,364.0,0.0,0.0,0,1.0,0.0,MEDIUM
CVE-2024-36175,versions,CWE-79,5.4,2.3,365.0,0.0,0.0,0,1.0,0.0,MEDIUM
CVE-2024-36176,versions,CWE-79,5.4,2.3,366.0,0.0,0.0,0,1.0,0.0,MEDIUM
CVE-2024-36177,versions,CWE-79,5.4,2.3,367.0,0.0,0.0,0,1.0,0.0,MEDIUM
CVE-2024-36178,versions,CWE-79,5.4,2.3,368.0,0.0,0.0,0,1.0,0.0,MEDIUM
CVE-2024-36179,versions,CWE-79,5.4,2.3,369.0,0.0,0.0,0,1.0,0.0,MEDIUM
CVE-2024-36180,versions,CWE-79,5.4,2.3,370.0,0.0,0.0,0,1.0,0.0,MEDIUM
CVE-2024-36181,versions,CWE-79,5.4,2.3,371.0,0.0,0.0,0,1.0,0.0,MEDIUM
CVE-2024-36182,versions,CWE-79,5.4,2.3,372.0,0.0,0.0,0,1.0,0.0,MEDIUM
CVE-2024-36183,versions,CWE-79,5.4,2.3,373.0,0.0,0.0,0,1.0,0.0,MEDIUM
CVE-2024-36184,versions,CWE-79,5.4,2.3,374.0,0.0,0.0,0,1.0,0.0,MEDIUM
CVE-2024-36185,versions,CWE-79,5.4,2.3,375.0,0.0,0.0,0,1.0,0.0,MEDIUM
CVE-2024-36186,versions,CWE-79,5.4,2.3,376.0,0.0,0.0,0,1.0,0.0,MEDIUM
CVE-2024-36187,versions,CWE-79,5.4,2.3,377.0,0.0,0.0,0,1.0,0.0,MEDIUM
CVE-2024-36188,versions,CWE-79,5.4,2.3,378.0,0.0,0.0,0,1.0,0.0,MEDIUM
CVE-2024-36189,versions,CWE-79,5.4,2.3,379.0,0.0,0.0,0,1.0,0.0,MEDIUM
CVE-2024-36190,versions,CWE-79,5.4,2.3,380.0,0.0,0.0,0,1.0,0.0,MEDIUM
CVE-2024-36191,versions,CWE-79,5.4,2.3,381.0,0.0,0.0,0,1.0,0.0,MEDIUM
CVE-2024-36192,versions,CWE-79,5.4,2.3,382.0,0.0,0.0,0,1.0,0.0,MEDIUM
CVE-2024-36193,versions,CWE-79,5.4,2.3,383.0,0.0,0.0,0,1.0,0.0,MEDIUM
CVE-2024-36194,versions,CWE-79,5.4,2.3,384.0,0.0,0.0,0,1.0,0.0,MEDIUM
CVE-2024-36195,versions,CWE-79,5.4,2.3,385.0,0.0,0.0,0,1.0,0.0,MEDIUM
CVE-2024-36196,versions,CWE-79,5.4,2.3,386.0,0.0,0.0,0,1.0,0.0,MEDIUM
CVE-2024-36197,versions,CWE-79,5.4,2.3,387.0,0.0,0.0,0,1.0,0.0,MEDIUM
CVE-2024-36198,versions,CWE-79,5.4,2.3,388.0,0.0,0.0,0,1.0,0.0,MEDIUM
CVE-2024-36199,versions,CWE-79,5.4,2.3,389.0,0.0,0.0,0,1.0,0.0,MEDIUM
CVE-2024-36200,versions,CWE-79,5.4,2.3,390.0,0.0,0.0,0,1.0,0.0,MEDIUM
CVE-2024-36201,versions,CWE-79,5.4,2.3,391.0,0.0,0.0,0,1.0,0.0,MEDIUM
CVE-2024-36202,versions,CWE-79,5.4,2.3,392.0,0.0,0.0,0,1.0,0.0,MEDIUM
CVE-2024-36203,versions,CWE-79,5.4,2.3,393.0,0.0,0.0,0,1.0,0.0,MEDIUM
CVE-2024-36204,versions,CWE-79,5.4,2.3,394.0,0.0,0.0,0,1.0,0.0,MEDIUM
CVE-2024-36205,versions,CWE-79,5.4,2.3,395.0,0.0,0.0,0,1.0,0.0,MEDIUM
CVE-2024-36206,versions,CWE-79,5.4,2.3,396.0,0.0,0.0,0,1.0,0.0,MEDIUM
CVE-2024-36207,versions,CWE-79,5.4,2.3,397.0,0.0,0.0,0,1.0,0.0,MEDIUM
CVE-2024-36208,versions,CWE-79,5.4,2.3,398.0,0.0,0.0,0,1.0,0.0,MEDIUM
CVE-2024-36209,versions,CWE-79,5.4,2.3,399.0,0.0,0.0,0,1.0,0.0,MEDIUM
CVE-2024-36210,versions,CWE-79,5.4,2.3,400.0,0.0,0.0,0,1.0,0.0,MEDIUM
CVE-2024-36211,versions,CWE-79,5.4,2.3,401.0,0.0,0.0,0,1.0,0.0,MEDIUM
CVE-2024-36212,versions,CWE-79,5.4,2.3,402.0,0.0,0.0,0,1.0,0.0,MEDIUM
CVE-2024-36213,versions,CWE-79,5.4,2.3,403.0,0.0,0.0,0,1.0,0.0,MEDIUM
CVE-2024-36214,versions,CWE-79,5.4,2.3,404.0,0.0,0.0,0,1.0,0.0,MEDIUM
CVE-2024-36215,versions,CWE-79,5.4,2.3,405.0,0.0,0.0,0,1.0,0.0,MEDIUM
CVE-2024-36216,versions,CWE-79,5.4,2.3,406.0,0.0,0.0,0,1.0,0.0,MEDIUM
CVE-2024-36217,versions,CWE-79,5.4,2.3,407.0,0.0,0.0,0,1.0,0.0,MEDIUM
CVE-2024-36218,versions,CWE-79,5.4,2.3,408.0,0.0,0.0,0,1.0,0.0,MEDIUM
CVE-2024-36219,versions,CWE-79,5.4,2.3,409.0,0.0,0.0,0,1.0,0.0,MEDIUM
CVE-2024-36220,versions,CWE-79,5.4,2.3,410.0,0.0,0.0,0,1.0,0.0,MEDIUM
CVE-2024-36221,versions,CWE-79,5.4,2.3,411.0,0.0,0.0,0,1.0,0.0,MEDIUM
CVE-2024-36222,versions,CWE-79,5.4,2.3,412.0,0.0,0.0,0,1.0,0.0,MEDIUM
CVE-2024-36224,versions,CWE-79,5.4,2.3,413.0,0.0,0.0,0,1.0,0.0,MEDIUM
CVE-2024-36225,versions,CWE-79,5.4,2.3,414.0,0.0,0.0,0,1.0,0.0,MEDIUM
CVE-2024-36227,versions,CWE-79,5.4,2.3,415.0,0.0,0.0,0,1.0,0.0,MEDIUM
CVE-2024-36228,versions,CWE-79,5.4,2.3,416.0,0.0,0.0,0,1.0,0.0,MEDIUM
CVE-2024-36229,versions,CWE-79,5.4,2.3,417.0,0.0,0.0,0,1.0,0.0,MEDIUM
CVE-2024-36230,versions,CWE-79,5.4,2.3,418.0,0.0,0.0,0,1.0,0.0,MEDIUM
CVE-2024-36231,versions,CWE-79,5.4,2.3,419.0,0.0,0.0,0,1.0,0.0,MEDIUM
CVE-2024-36232,versions,CWE-79,5.4,2.3,420.0,0.0,0.0,0,1.0,0.0,MEDIUM
CVE-2024-36233,versions,CWE-79,5.4,2.3,421.0,0.0,0.0,0,1.0,0.0,MEDIUM
CVE-2024-36234,versions,CWE-79,5.4,2.3,422.0,0.0,0.0,0,1.0,0.0,MEDIUM
CVE-2024-36235,versions,CWE-79,5.4,2.3,423.0,0.0,0.0,0,1.0,0.0,MEDIUM
CVE-2024-36236,versions,CWE-79,5.4,2.3,424.0,0.0,0.0,0,1.0,0.0,MEDIUM
CVE-2024-36238,versions,CWE-79,5.4,2.3,425.0,0.0,0.0,0,1.0,0.0,MEDIUM
CVE-2024-36239,versions,CWE-79,5.4,2.3,426.0,0.0,0.0,0,1.0,0.0,MEDIUM
CVE-2024-34105,versions,CWE-79,4.8,1.7,427.0,0.0,0.0,0,1.0,0.0,MEDIUM
CVE-2024-27162,printers,CWE-79,6.1,2.8,1.0,,,0,,,MEDIUM
CVE-2024-31159,parameter,CWE-79,4.8,1.7,6.0,0.0,0.0,0,0.0,0.0,MEDIUM
CVE-2024-31160,parameter,CWE-79,4.8,1.7,7.0,0.0,0.0,0,0.0,0.0,MEDIUM
CVE-2024-4270,plugin,CWE-79,5.4,2.3,18.0,,,1,,,MEDIUM
CVE-2024-4271,plugin,CWE-79,4.6,2.1,19.0,,,1,,,MEDIUM
CVE-2024-36656,registered,CWE-79,6.1,2.8,1.0,,,1,,,MEDIUM
CVE-2024-37888,plugin,CWE-79,6.1,2.8,20.0,,,0,,,MEDIUM
CVE-2024-37902,versions,CWE-22,10.0,3.9,425.0,0.0,0.0,0,1.0,0.0,CRITICAL
CVE-2024-28147,authenticated,CWE-434,7.4,2.8,4.0,,,0,,,HIGH
CVE-2023-49111,installations,CWE-79,6.5,2.8,1.0,,,0,,,MEDIUM
CVE-2023-49113,scanning,CWE-312,7.8,1.8,2.0,635.0,635.0,0,0.0,0.08,HIGH
CVE-2023-37898,free,CWE-79,8.2,2.3,5.0,0.0,0.0,1,0.0,0.0,HIGH
CVE-2022-42974,plus,CWE-79,4.8,1.3,1.0,0.0,0.0,0,0.0,0.0,MEDIUM
CVE-2024-21517,affects,CWE-79,4.2,1.6,2.0,,,1,,,MEDIUM
CVE-2024-27136,page,CWE-79,6.1,2.8,2.0,153.0,153.0,0,0.0,0.0,MEDIUM
CVE-2024-34141,versions,CWE-79,5.4,2.3,426.0,0.0,0.0,0,1.0,0.0,MEDIUM
CVE-2024-34142,versions,CWE-79,5.4,2.3,427.0,0.0,0.0,0,1.0,0.0,MEDIUM
CVE-2024-38364,open,CWE-79,2.6,1.2,48.0,,,0,,,LOW
CVE-2024-28973,versions,CWE-79,5.9,1.7,428.0,0.0,0.0,0,1.0,0.0,MEDIUM
CVE-2024-38375,and,CWE-416,5.3,0.5,48.0,,,0,,,MEDIUM
CVE-2024-38527,diagramming,CWE-79,5.4,2.2,1.0,,,0,,,MEDIUM
CVE-2024-39669,the,CWE-94,9.8,3.9,57.0,0.0,0.0,0,0.0,0.0,CRITICAL
CVE-2023-42014,through,CWE-79,5.4,2.3,29.0,,,0,,,MEDIUM
CVE-2024-35153,and,CWE-79,4.8,1.7,49.0,,,0,,,MEDIUM
CVE-2024-38514,vulnerability,CWE-918,7.4,2.2,118.0,,,0,,,HIGH
CVE-2024-28795,vulnerable,CWE-79,5.4,2.3,36.0,,,0,,,MEDIUM
CVE-2024-5062,reflected,CWE-79,6.1,2.8,27.0,,,1,,,MEDIUM
CVE-2024-28798,vulnerable,CWE-79,7.2,3.9,37.0,,,0,,,HIGH
CVE-2024-28797,vulnerable,CWE-79,6.4,3.1,38.0,,,0,,,MEDIUM
CVE-2023-50964,vulnerable,CWE-79,5.4,2.3,39.0,,,0,,,MEDIUM
CVE-2024-28794,vulnerable,CWE-79,5.4,2.3,40.0,,,0,,,MEDIUM
CVE-2024-34696,open,CWE-200,4.5,0.9,47.0,,,0,,,MEDIUM
CVE-2024-36422,drag,CWE-79,6.1,2.8,1.0,0.0,0.0,1,0.0,0.0,MEDIUM
CVE-2024-36992,versions,CWE-79,5.4,2.3,429.0,0.0,0.0,0,1.0,0.0,MEDIUM
CVE-2024-36993,versions,CWE-79,5.4,2.3,430.0,0.0,0.0,1,1.0,0.0,MEDIUM
CVE-2024-36994,versions,CWE-79,5.4,2.3,431.0,0.0,0.0,0,1.0,0.0,MEDIUM
CVE-2024-36997,versions,CWE-79,8.1,1.7,432.0,0.0,0.0,0,1.0,0.0,HIGH
CVE-2024-36423,drag,CWE-79,6.1,2.8,2.0,0.0,0.0,1,0.0,0.0,MEDIUM
CVE-2024-37145,drag,CWE-79,6.1,2.8,3.0,0.0,0.0,1,0.0,0.0,MEDIUM
CVE-2024-37146,drag,CWE-79,6.1,2.8,4.0,0.0,0.0,1,0.0,0.0,MEDIUM
CVE-2024-6427,vulnerability,CWE-400,7.5,3.9,119.0,,,0,,,HIGH
CVE-2024-35234,discussion,CWE-79,4.2,1.6,1.0,0.0,0.0,0,0.0,0.0,MEDIUM
CVE-2024-29318,vulnerable,CWE-79,5.4,2.3,41.0,,,1,,,MEDIUM
CVE-2024-6229,stored,CWE-79,5.4,2.3,18.0,,,1,,,MEDIUM
CVE-2024-5711,stored,CWE-79,6.1,2.8,19.0,,,1,,,MEDIUM
CVE-2024-37528,for,CWE-79,4.8,1.7,22.0,,,0,,,MEDIUM
CVE-2024-37389,through,CWE-79,4.6,2.1,31.0,,,0,,,MEDIUM
CVE-2024-5971,vulnerability,CWE-674,7.5,3.9,121.0,,,0,,,HIGH
CVE-2024-40618,browser,CWE-79,9.6,2.8,5.0,,,0,,,CRITICAL
CVE-2024-6528,vulnerability,CWE-79,5.4,2.3,119.0,,,0,,,MEDIUM
CVE-2024-6035,vulnerability,CWE-79,6.1,2.8,120.0,,,1,,,MEDIUM
CVE-2024-6485,security,CWE-79,6.4,1.6,1.0,0.0,0.0,0,0.0,0.0,MEDIUM
CVE-2024-40690,vulnerable,CWE-79,5.4,2.3,40.0,,,0,,,MEDIUM
CVE-2024-4269,plugin,CWE-79,6.1,2.8,21.0,,,1,,,MEDIUM
CVE-2024-4272,plugin,CWE-79,6.1,2.8,22.0,,,1,,,MEDIUM
CVE-2024-39728,and,CWE-79,6.4,3.1,49.0,,,0,,,MEDIUM
CVE-2024-39735,and,CWE-79,5.4,2.3,50.0,,,0,,,MEDIUM
CVE-2024-6742,does,CWE-79,5.4,2.3,4.0,,,0,,,MEDIUM
CVE-2023-46801,data,CWE-502,8.8,2.8,2.0,0.0,0.0,0,0.0,0.0,HIGH
CVE-2024-6740,does,CWE-79,6.1,2.8,5.0,,,1,,,MEDIUM
CVE-2024-6741,has,CWE-693,5.8,3.9,6.0,0.0,0.0,1,0.0,0.0,MEDIUM
CVE-2024-31946,issue,CWE-79,4.2,0.6,53.0,0.0,0.0,0,0.0,0.0,MEDIUM
CVE-2024-4224,authenticated,CWE-79,5.4,2.3,4.0,,,0,,,MEDIUM
CVE-2024-1937,plugin,CWE-862,7.1,2.8,23.0,,,0,,,HIGH
CVE-2024-40626,open,CWE-79,7.3,2.1,49.0,,,1,,,HIGH
CVE-2024-21686,severity,CWE-79,8.7,2.3,3.0,,,0,,,HIGH
CVE-2024-21131,the,NVD-CWE-noinfo,3.7,2.2,59.0,0.0,0.0,0,0.0,0.0,LOW
CVE-2024-21138,the,NVD-CWE-noinfo,3.7,2.2,60.0,0.0,0.0,0,0.0,0.0,LOW
CVE-2024-21140,the,CWE-200,4.8,2.2,61.0,0.0,0.0,0,0.0,0.0,MEDIUM
CVE-2024-21144,the,NVD-CWE-noinfo,3.7,2.2,62.0,0.0,0.0,0,0.0,0.0,LOW
CVE-2024-21145,the,NVD-CWE-noinfo,4.8,2.2,63.0,0.0,0.0,0,0.0,0.0,MEDIUM
CVE-2024-21147,the,CWE-200,7.4,2.2,64.0,0.0,0.0,0,0.0,0.0,HIGH
CVE-2024-21174,the,CWE-770,3.1,1.6,65.0,0.0,0.0,0,0.0,0.0,LOW
CVE-2023-7272,before,CWE-787,8.6,3.9,23.0,0.0,0.0,1,0.0,0.0,HIGH
CVE-2024-28796,through,CWE-79,6.4,3.1,31.0,,,0,,,MEDIUM
CVE-2024-32981,framework,CWE-79,5.4,2.8,9.0,,,0,,,MEDIUM
CVE-2024-39126,before,CWE-79,5.4,2.3,24.0,0.0,0.0,0,0.0,0.0,MEDIUM
CVE-2024-39090,version,CWE-352,6.1,2.8,15.0,0.0,0.0,1,0.0,0.0,MEDIUM
CVE-2024-40642,netty,CWE-20,8.1,2.2,1.0,0.0,0.0,1,0.0,0.0,HIGH
CVE-2024-6960,machine,CWE-502,7.5,1.6,1.0,0.0,0.0,0,0.0,0.0,HIGH
CVE-2024-25638,dnsjava,CWE-345,8.9,2.2,1.0,,,0,,,HIGH
CVE-2024-32484,reflected,CWE-80,7.4,2.8,28.0,,,1,,,HIGH
CVE-2024-34128,versions,CWE-79,5.4,2.3,432.0,0.0,0.0,0,1.0,0.0,MEDIUM
CVE-2024-6783,vulnerability,CWE-79,4.8,2.2,116.0,,,0,,,MEDIUM
CVE-2024-41663,help,CWE-79,3.5,2.1,1.0,,,0,,,LOW
CVE-2024-3246,plugin,CWE-352,6.1,2.8,24.0,,,0,,,MEDIUM
CVE-2024-31971,stored,CWE-79,4.8,1.7,18.0,,,0,,,MEDIUM
CVE-2024-41662,vulnerability,CWE-79,8.6,1.8,117.0,,,1,,,HIGH
CVE-2024-41705,stored,CWE-79,7.1,1.8,19.0,,,0,,,HIGH
CVE-2024-41706,stored,CWE-79,7.3,2.1,20.0,,,0,,,HIGH
CVE-2024-28772,and,CWE-79,6.8,1.6,50.0,,,0,,,MEDIUM
CVE-2024-41805,web,CWE-79,6.1,2.8,3.0,,,0,,,MEDIUM
CVE-2024-6548,plugin,CWE-200,5.3,3.9,25.0,,,0,,,MEDIUM
CVE-2024-32671,vulnerability,CWE-122,9.8,3.9,118.0,,,0,,,CRITICAL
CVE-2024-6124,before,CWE-79,5.4,2.3,25.0,0.0,0.0,0,0.0,0.0,MEDIUM
CVE-2024-6881,versions,CWE-79,5.4,2.3,434.0,0.0,0.0,0,1.0,0.0,MEDIUM
CVE-2024-41676,support,CWE-79,4.1,2.3,1.0,0.0,0.0,0,0.0,0.0,MEDIUM
CVE-2024-41818,open,CWE-400,7.5,3.9,50.0,,,1,,,HIGH
CVE-2024-40094,before,,5.3,3.9,26.0,0.0,0.0,0,0.0,0.0,MEDIUM
CVE-2024-31199,allows,CWE-79,8.8,2.8,8.0,0.0,0.0,0,0.0,0.0,HIGH
CVE-2024-37900,generic,CWE-96,6.4,1.2,9.0,585.0,585.0,1,1.0,0.33,MEDIUM
CVE-2024-41947,generic,CWE-80,9.0,2.3,10.0,585.0,585.0,0,1.0,0.33,CRITICAL
CVE-2024-41953,open,CWE-79,4.3,2.8,51.0,,,0,,,MEDIUM
CVE-2024-4353,versions,CWE-20,4.8,1.7,435.0,0.0,0.0,0,1.0,0.0,MEDIUM
CVE-2024-41948,the,CWE-1259,3.0,1.3,60.0,0.0,0.0,0,0.0,0.0,LOW
CVE-2024-7204,does,CWE-79,6.1,2.8,6.0,,,0,,,MEDIUM
CVE-2024-7314,affected,CWE-288,9.8,3.9,7.0,607.0,607.0,1,0.0,1.25,CRITICAL
CVE-2024-41959,dockerized,CWE-79,7.6,2.8,3.0,0.0,0.0,0,1.0,0.0,HIGH
CVE-2024-41960,dockerized,CWE-79,3.8,1.2,4.0,0.0,0.0,0,1.0,0.0,LOW
CVE-2024-34343,free,CWE-79,6.3,2.8,6.0,0.0,0.0,1,0.0,0.0,MEDIUM
CVE-2024-34344,free,CWE-94,8.8,2.8,7.0,0.0,0.0,0,0.0,0.0,HIGH
CVE-2024-6200,versions,CWE-79,8.0,2.1,436.0,0.0,0.0,0,1.0,0.0,HIGH
CVE-2024-41995,resource,CWE-1188,7.5,3.9,1.0,0.0,0.0,0,0.0,0.0,HIGH
CVE-2024-33975,vulnerability,CWE-79,7.1,2.8,118.0,,,0,,,HIGH
CVE-2024-33976,vulnerability,CWE-79,7.1,2.8,119.0,,,0,,,HIGH
CVE-2024-33989,vulnerability,CWE-79,7.1,2.8,120.0,,,0,,,HIGH
CVE-2024-33990,vulnerability,CWE-79,7.1,2.8,121.0,,,0,,,HIGH
CVE-2024-41910,vulnerability,CWE-79,6.1,2.8,122.0,,,0,,,MEDIUM
CVE-2024-43111,pressing,CWE-79,6.1,2.8,1.0,475.0,475.0,0,1.0,2.58,MEDIUM
CVE-2024-41677,performance,CWE-79,6.3,2.8,1.0,,,1,,,MEDIUM
CVE-2024-6706,can,CWE-79,6.1,2.8,1.0,0.0,0.0,1,0.0,0.0,MEDIUM
CVE-2024-6892,can,CWE-81,6.1,2.8,2.0,0.0,0.0,0,0.0,0.0,MEDIUM
CVE-2024-42493,vulnerable,CWE-200,5.3,3.9,41.0,,,0,,,MEDIUM
CVE-2024-29831,vulnerability,CWE-20,8.8,2.8,122.0,,,0,,,HIGH
CVE-2024-36461,users,CWE-822,9.1,3.1,1.0,0.0,0.0,0,0.0,0.0,CRITICAL
CVE-2024-42467,provider,CWE-918,10.0,3.9,1.0,0.0,0.0,0,0.0,0.0,CRITICAL
CVE-2024-21550,open,CWE-79,6.1,2.8,52.0,,,0,,,MEDIUM
CVE-2024-27443,issue,CWE-79,6.1,2.8,48.0,0.0,0.0,0,0.0,0.0,MEDIUM
CVE-2024-33533,issue,CWE-79,5.4,2.3,49.0,0.0,0.0,0,0.0,0.0,MEDIUM
CVE-2024-33536,issue,CWE-79,5.4,2.3,50.0,0.0,0.0,0,0.0,0.0,MEDIUM
CVE-2024-33005,the,CWE-862,6.3,0.8,61.0,0.0,0.0,0,0.0,0.0,MEDIUM
CVE-2024-42374,does,CWE-91,8.2,3.9,6.0,,,0,,,HIGH
CVE-2024-41774,vulnerable,CWE-79,4.8,1.7,42.0,,,0,,,MEDIUM
CVE-2024-28986,was,CWE-502,9.8,3.9,3.0,0.0,0.0,0,0.0,0.0,CRITICAL
CVE-2024-39400,versions,CWE-79,8.1,1.7,437.0,0.0,0.0,0,1.0,0.0,HIGH
CVE-2024-39403,versions,CWE-79,7.6,2.3,438.0,0.0,0.0,0,1.0,0.0,HIGH
CVE-2024-27267,through,CWE-362,5.9,2.2,32.0,,,0,,,MEDIUM
CVE-2024-43368,editor,CWE-79,6.5,2.8,1.0,632.0,632.0,0,2.0,0.33,MEDIUM
CVE-2024-6533,allows,CWE-79,5.4,2.3,9.0,0.0,0.0,1,0.0,0.0,MEDIUM
CVE-2024-43373,webcrack,CWE-20,7.7,1.8,1.0,,,1,,,HIGH
CVE-2024-43357,the,CWE-248,8.6,3.9,62.0,0.0,0.0,0,0.0,0.0,HIGH
CVE-2024-43367,embeddable,CWE-248,7.5,3.9,1.0,,,0,,,HIGH
CVE-2024-43006,stored,CWE-79,5.4,2.3,20.0,,,0,,,MEDIUM
CVE-2024-43009,reflected,CWE-79,4.7,2.8,26.0,,,0,,,MEDIUM
CVE-2024-43400,generic,CWE-96,9.0,2.3,10.0,566.0,566.0,0,1.0,0.33,CRITICAL
CVE-2024-23729,application,CWE-79,6.1,2.8,15.0,0.0,0.0,1,0.0,0.0,MEDIUM
CVE-2024-7775,builder,CWE-79,5.5,2.3,1.0,0.0,0.0,0,0.0,0.0,MEDIUM
CVE-2024-42369,messaging,CWE-674,4.1,2.3,1.0,0.0,0.0,0,0.0,0.0,MEDIUM
CVE-2024-21690,severity,CWE-79,8.2,2.8,4.0,,,0,,,HIGH
CVE-2024-41572,with,CWE-79,6.1,2.8,5.0,0.0,0.0,0,0.0,0.0,MEDIUM
CVE-2024-43787,application,CWE-352,5.0,1.6,16.0,0.0,0.0,1,0.0,0.0,MEDIUM
CVE-2023-6452,vulnerability,CWE-79,9.6,2.8,121.0,,,0,,,CRITICAL
CVE-2024-41841,versions,CWE-79,5.4,2.3,440.0,0.0,0.0,0,1.0,0.0,MEDIUM
CVE-2024-41842,versions,CWE-79,4.8,1.7,441.0,0.0,0.0,0,1.0,0.0,MEDIUM
CVE-2024-41843,versions,CWE-79,5.4,2.3,442.0,0.0,0.0,0,1.0,0.0,MEDIUM
CVE-2024-41844,versions,CWE-79,5.4,2.3,443.0,0.0,0.0,0,1.0,0.0,MEDIUM
CVE-2024-41845,versions,CWE-79,5.4,2.3,444.0,0.0,0.0,0,1.0,0.0,MEDIUM
CVE-2024-41846,versions,CWE-79,5.4,2.3,445.0,0.0,0.0,0,1.0,0.0,MEDIUM
CVE-2024-41847,versions,CWE-79,5.4,2.3,446.0,0.0,0.0,0,1.0,0.0,MEDIUM
CVE-2024-41848,versions,CWE-79,5.4,2.3,447.0,0.0,0.0,0,1.0,0.0,MEDIUM
CVE-2024-41875,versions,CWE-79,5.4,2.3,448.0,0.0,0.0,0,1.0,0.0,MEDIUM
CVE-2024-41876,versions,CWE-79,5.4,2.3,449.0,0.0,0.0,0,1.0,0.0,MEDIUM
CVE-2024-41877,versions,CWE-79,5.4,2.3,450.0,0.0,0.0,0,1.0,0.0,MEDIUM
CVE-2024-41878,versions,CWE-79,5.4,2.3,451.0,0.0,0.0,0,1.0,0.0,MEDIUM
CVE-2024-37392,stored,CWE-79,6.1,2.8,21.0,,,0,,,MEDIUM
CVE-2024-40111,persistent,CWE-79,4.8,1.7,1.0,640.0,640.0,1,10.0,16.17,MEDIUM
CVE-2024-45240,application,,7.4,1.4,17.0,0.0,0.0,0,0.0,0.0,HIGH
CVE-2024-43788,module,CWE-79,6.4,1.6,1.0,,,1,,,MEDIUM
CVE-2024-43414,architecture,CWE-674,7.5,3.9,1.0,205.0,205.0,1,6.0,0.0,HIGH
CVE-2024-45046,pure,CWE-79,5.4,2.3,2.0,0.0,0.0,1,0.0,0.0,MEDIUM
CVE-2024-5624,application,CWE-79,6.1,2.8,18.0,0.0,0.0,0,0.0,0.0,MEDIUM
CVE-2024-45045,collaborative,CWE-84,6.3,2.8,1.0,0.0,0.0,0,0.0,0.0,MEDIUM
CVE-2024-8328,test,CWE-79,5.4,2.3,1.0,,,0,,,MEDIUM
CVE-2024-6585,stored,CWE-79,5.4,2.3,22.0,,,0,,,MEDIUM
CVE-2024-28100,open,CWE-79,8.9,2.3,51.0,,,0,,,HIGH
CVE-2024-43792,open,CWE-79,6.3,2.8,52.0,,,1,,,MEDIUM
CVE-2024-8384,garbage,CWE-787,9.8,3.9,1.0,0.0,0.0,0,0.0,0.0,CRITICAL
CVE-2024-43412,open,CWE-79,4.6,2.1,53.0,,,0,,,MEDIUM
CVE-2024-43413,open,CWE-79,3.5,0.9,54.0,,,0,,,LOW
CVE-2024-45389,fully,CWE-79,6.4,1.6,2.0,,,0,,,MEDIUM
CVE-2024-8399,could,NVD-CWE-noinfo,4.7,2.8,2.0,0.0,0.0,0,0.0,0.0,MEDIUM
CVE-2024-8413,vulnerability,CWE-79,5.4,2.8,125.0,,,0,,,MEDIUM
CVE-2024-45400,plugin,CWE-79,6.1,2.8,25.0,,,0,,,MEDIUM
CVE-2024-45294,repository,CWE-611,8.6,3.9,1.0,,,0,,,HIGH
CVE-2023-39333,crafted,CWE-94,5.3,3.9,1.0,,,0,,,MEDIUM
CVE-2024-45296,turns,CWE-1333,7.5,3.9,1.0,612.0,612.0,0,0.0,0.17,HIGH
CVE-2024-45279,insufficient,CWE-79,6.1,2.8,1.0,,,0,,,MEDIUM
CVE-2024-45280,insufficient,CWE-79,4.8,1.7,2.0,,,0,,,MEDIUM
CVE-2024-45283,for,CWE-256,6.0,1.5,21.0,,,0,,,MEDIUM
CVE-2024-40754,vulnerability,CWE-122,9.8,3.9,126.0,,,0,,,CRITICAL
CVE-2024-27257,and,CWE-540,4.3,2.8,43.0,,,0,,,MEDIUM
CVE-2024-44676,eladmin,CWE-79,4.8,1.7,1.0,,,1,,,MEDIUM
CVE-2024-45592,formerly,CWE-79,8.2,2.3,1.0,,,0,,,HIGH
CVE-2024-43793,open,CWE-79,6.3,2.8,47.0,,,1,,,MEDIUM
CVE-2024-8622,and,CWE-79,6.1,2.8,44.0,,,0,,,MEDIUM
CVE-2024-45856,scripting,CWE-79,9.0,2.3,26.0,,,1,,,CRITICAL
CVE-2024-8776,from,CWE-79,6.1,2.8,1.0,,,0,,,MEDIUM
CVE-2024-39772,versions,CWE-284,3.7,2.2,448.0,0.0,0.0,0,1.0,0.0,LOW
CVE-2024-45799,for,CWE-79,7.3,3.9,22.0,,,0,,,HIGH
CVE-2024-45800,open,CWE-79,5.0,1.6,48.0,,,0,,,MEDIUM
CVE-2024-38380,vulnerability,CWE-79,5.5,2.1,128.0,,,0,,,MEDIUM
CVE-2024-45803,library,CWE-79,6.1,2.8,12.0,663.0,663.0,0,7.0,5.83,MEDIUM
CVE-2024-45811,frontend,CWE-200,4.8,1.2,2.0,0.0,0.0,0,0.0,0.0,MEDIUM
CVE-2024-45812,frontend,CWE-79,6.4,1.6,3.0,0.0,0.0,0,0.0,0.0,MEDIUM
CVE-2024-7254,project,CWE-400,7.5,3.9,3.0,,,0,,,HIGH
CVE-2024-8652,vulnerability,CWE-79,6.1,2.8,129.0,,,0,,,MEDIUM
CVE-2024-8653,vulnerability,CWE-79,6.1,2.8,130.0,,,0,,,MEDIUM
CVE-2024-45489,before,CWE-284,9.8,3.9,26.0,0.0,0.0,0,0.0,0.0,CRITICAL
CVE-2024-42346,free,CWE-79,7.6,2.8,8.0,0.0,0.0,0,0.0,0.0,HIGH
CVE-2024-47061,javascript,CWE-79,8.3,2.8,2.0,369.0,369.0,0,3.0,0.67,HIGH
CVE-2024-47226,stored,CWE-79,5.4,2.3,23.0,,,1,,,MEDIUM
CVE-2024-47068,module,CWE-79,6.1,2.8,2.0,,,1,,,MEDIUM
CVE-2023-46948,reflected,CWE-79,5.4,2.3,18.0,,,0,,,MEDIUM
CVE-2024-9141,vulnerability,CWE-79,5.4,2.8,131.0,,,0,,,MEDIUM
CVE-2024-45613,version,CWE-79,6.1,2.8,15.0,0.0,0.0,0,0.0,0.0,MEDIUM
CVE-2024-8704,plugin,CWE-22,7.2,1.2,25.0,,,0,,,HIGH
CVE-2024-47169,roleplaying,CWE-35,8.8,2.8,1.0,,,0,,,HIGH
CVE-2024-45986,stored,CWE-79,5.4,2.3,24.0,,,1,,,MEDIUM
CVE-2024-8644,vulnerability,CWE-315,7.5,3.9,133.0,,,0,,,HIGH
CVE-2024-46470,vulnerability,CWE-79,6.1,2.8,134.0,,,1,,,MEDIUM
CVE-2024-45745,before,CWE-611,5.0,3.1,27.0,0.0,0.0,0,0.0,0.0,MEDIUM
CVE-2024-46367,vulnerability,CWE-79,9.6,2.8,135.0,,,0,,,CRITICAL
CVE-2024-8457,switch,CWE-79,4.8,1.7,1.0,0.0,0.0,0,0.0,0.0,MEDIUM
CVE-2024-45772,vulnerability,CWE-502,5.1,1.0,136.0,,,0,,,MEDIUM
CVE-2024-45073,and,CWE-79,4.8,1.7,44.0,,,0,,,MEDIUM
CVE-2024-47604,package,CWE-79,8.2,2.8,7.0,0.0,0.0,0,0.0,0.0,HIGH
CVE-2024-9393,attacker,NVD-CWE-Other,7.5,3.9,12.0,,,0,,,HIGH
CVE-2024-9394,attacker,NVD-CWE-Other,7.5,3.9,13.0,,,0,,,HIGH
CVE-2024-47523,network,CWE-79,7.5,1.7,1.0,0.0,0.0,1,0.0,0.0,HIGH
CVE-2024-47524,network,CWE-79,7.2,1.2,2.0,0.0,0.0,1,0.0,0.0,HIGH
CVE-2024-47525,network,CWE-79,7.5,1.7,3.0,0.0,0.0,1,0.0,0.0,HIGH
CVE-2024-47526,network,CWE-79,3.5,0.9,4.0,0.0,0.0,1,0.0,0.0,LOW
CVE-2024-47527,network,CWE-79,7.5,1.7,5.0,0.0,0.0,1,0.0,0.0,HIGH
CVE-2024-9344,for,CWE-79,6.1,2.8,20.0,,,0,,,MEDIUM
CVE-2024-33209,vulnerable,CWE-79,5.4,2.3,40.0,,,1,,,MEDIUM
CVE-2024-9440,versions,CWE-79,5.4,2.8,447.0,0.0,0.0,1,1.0,0.0,MEDIUM
CVE-2024-45962,allows,CWE-79,4.7,2.8,9.0,0.0,0.0,1,0.0,0.0,MEDIUM
CVE-2024-28888,vulnerability,CWE-416,8.8,2.8,133.0,,,1,,,HIGH
CVE-2024-47561,parsing,CWE-502,7.3,3.9,1.0,0.0,0.0,0,5.0,0.0,HIGH
CVE-2024-47618,content,CWE-79,5.4,2.3,2.0,0.0,0.0,0,0.0,0.0,MEDIUM
CVE-2024-25691,reflected,CWE-79,6.1,2.8,19.0,,,0,,,MEDIUM
CVE-2024-25694,stored,CWE-79,4.8,1.7,24.0,,,0,,,MEDIUM
CVE-2024-25701,stored,CWE-79,4.8,1.7,25.0,,,0,,,MEDIUM
CVE-2024-25702,stored,CWE-79,4.8,1.7,26.0,,,0,,,MEDIUM
CVE-2024-25707,reflected,CWE-79,4.8,1.7,20.0,,,0,,,MEDIUM
CVE-2024-38036,reflected,CWE-79,5.4,2.3,21.0,,,0,,,MEDIUM
CVE-2024-38038,reflected,CWE-79,6.1,2.8,22.0,,,0,,,MEDIUM
CVE-2024-8149,reflected,CWE-79,4.6,2.1,23.0,,,0,,,MEDIUM
CVE-2024-8743,and,CWE-434,6.8,1.6,43.0,,,0,,,MEDIUM
CVE-2024-45153,versions,CWE-79,5.4,2.3,448.0,0.0,0.0,0,1.0,0.0,MEDIUM
CVE-2024-42831,reflected,CWE-79,6.1,2.8,24.0,,,0,,,MEDIUM
CVE-2024-45060,pure,CWE-79,7.1,2.8,3.0,0.0,0.0,1,0.0,0.0,HIGH
CVE-2024-47610,affected,CWE-79,7.3,2.1,7.0,541.0,541.0,0,0.0,1.25,HIGH
CVE-2024-47772,open,CWE-79,6.5,3.9,49.0,,,0,,,MEDIUM
CVE-2024-47781,extension,CWE-79,6.1,2.8,1.0,0.0,0.0,0,0.0,0.0,MEDIUM
CVE-2024-9467,reflected,CWE-79,6.1,2.8,25.0,,,0,,,MEDIUM
CVE-2024-47812,extension,CWE-79,6.0,1.2,2.0,0.0,0.0,0,0.0,0.0,MEDIUM
CVE-2024-45123,versions,CWE-79,6.1,2.8,449.0,0.0,0.0,0,1.0,0.0,MEDIUM
CVE-2024-45127,versions,CWE-79,4.8,1.7,450.0,0.0,0.0,0,1.0,0.0,MEDIUM
CVE-2024-48937,before,CWE-79,6.1,2.8,27.0,0.0,0.0,0,0.0,0.0,MEDIUM
CVE-2024-9592,plugin,CWE-352,6.1,2.8,26.0,,,0,,,MEDIUM
CVE-2024-48120,vulnerable,CWE-79,5.4,2.3,40.0,,,1,,,MEDIUM
CVE-2024-6763,lightweight,CWE-1286,3.7,2.2,2.0,0.0,0.0,1,4.0,0.0,LOW
CVE-2024-45740,versions,CWE-79,5.4,2.3,450.0,0.0,0.0,0,1.0,0.0,MEDIUM
CVE-2024-45741,versions,CWE-79,5.4,2.3,451.0,0.0,0.0,0,1.0,0.0,MEDIUM
CVE-2024-47826,open,CWE-79,3.5,0.9,50.0,,,0,,,LOW
CVE-2024-9969,does,CWE-79,5.4,2.3,7.0,,,0,,,MEDIUM
CVE-2024-48622,scripting,CWE-79,6.6,1.8,24.0,,,1,,,MEDIUM
CVE-2024-21208,the,CWE-203,3.7,2.2,62.0,0.0,0.0,0,0.0,0.0,LOW
CVE-2024-21210,versions,CWE-203,3.7,2.2,452.0,0.0,0.0,0,1.0,0.0,LOW
CVE-2024-21211,the,CWE-922,3.7,2.2,63.0,0.0,0.0,0,0.0,0.0,LOW
CVE-2024-21217,the,NVD-CWE-noinfo,3.7,2.2,64.0,0.0,0.0,0,0.0,0.0,LOW
CVE-2024-21235,the,NVD-CWE-noinfo,4.8,2.2,65.0,0.0,0.0,0,0.0,0.0,MEDIUM
CVE-2024-21251,the,NVD-CWE-noinfo,3.1,1.6,66.0,0.0,0.0,0,0.0,0.0,LOW
CVE-2020-36839,plugin,CWE-352,8.3,2.8,26.0,,,0,,,HIGH
CVE-2021-4444,plugin,CWE-862,7.3,3.9,27.0,,,0,,,HIGH
CVE-2024-8918,plugin,CWE-434,7.4,2.2,28.0,,,0,,,HIGH
CVE-2023-32192,vulnerability,CWE-80,8.3,2.8,132.0,,,0,,,HIGH
CVE-2023-32193,vulnerability,CWE-80,8.3,2.8,133.0,,,0,,,HIGH
CVE-2024-47139,stored,CWE-80,6.8,0.9,26.0,,,0,,,MEDIUM
CVE-2024-45071,and,CWE-79,5.5,2.3,44.0,,,0,,,MEDIUM
CVE-2024-3186,vulnerability,CWE-476,5.3,1.6,134.0,,,0,,,MEDIUM
CVE-2024-3187,issue,CWE-415,5.9,1.6,39.0,0.0,0.0,0,0.0,0.0,MEDIUM
CVE-2024-49579,before,CWE-940,8.1,2.8,27.0,0.0,0.0,0,0.0,0.0,HIGH
CVE-2024-10099,stored,CWE-79,6.1,2.8,27.0,,,1,,,MEDIUM
CVE-2024-30875,vulnerability,CWE-79,7.1,2.8,135.0,,,0,,,HIGH
CVE-2024-40746,stored,CWE-79,5.4,2.3,28.0,,,0,,,MEDIUM
CVE-2024-49210,was,CWE-79,5.2,0.9,3.0,0.0,0.0,0,0.0,0.0,MEDIUM
CVE-2024-49211,was,CWE-79,5.2,0.9,4.0,0.0,0.0,0,0.0,0.0,MEDIUM
CVE-2024-10332,vulnerability,CWE-79,6.1,2.8,135.0,,,0,,,MEDIUM
CVE-2024-47878,free,CWE-79,8.1,2.8,8.0,0.0,0.0,1,0.0,0.0,HIGH
CVE-2024-47880,free,CWE-79,8.1,2.8,10.0,0.0,0.0,1,0.0,0.0,HIGH
CVE-2024-47883,fork,CWE-36,9.1,3.9,1.0,0.0,0.0,1,0.0,0.0,CRITICAL
CVE-2024-48396,vulnerable,CWE-79,6.1,2.8,40.0,,,0,,,MEDIUM
CVE-2020-26305,port,CWE-1333,7.5,3.9,1.0,,,0,,,HIGH
CVE-2020-26308,provides,CWE-1333,7.5,3.9,7.0,0.0,0.0,1,0.0,0.0,HIGH
CVE-2024-45477,through,CWE-79,4.6,2.1,32.0,,,0,,,MEDIUM
CVE-2024-50344,version,CWE-80,4.6,2.1,12.0,0.0,0.0,0,0.0,0.0,MEDIUM
CVE-2024-31972,devices,CWE-79,4.3,1.2,1.0,,,0,,,MEDIUM
CVE-2024-31975,devices,CWE-79,4.8,1.7,2.0,,,0,,,MEDIUM
CVE-2024-42041,application,CWE-94,8.1,2.8,17.0,0.0,0.0,0,0.0,0.0,HIGH
CVE-2024-39332,allows,CWE-22,9.8,3.9,8.0,0.0,0.0,1,0.0,0.0,CRITICAL
CVE-2024-41745,vulnerable,CWE-79,6.1,2.8,41.0,,,0,,,MEDIUM
CVE-2024-30618,allows,CWE-79,6.1,2.8,9.0,0.0,0.0,1,0.0,0.0,MEDIUM
CVE-2024-48059,project,CWE-79,6.1,2.8,4.0,,,1,,,MEDIUM
CVE-2024-50335,software,CWE-79,4.9,1.2,2.0,0.0,0.0,0,0.0,0.0,MEDIUM
CVE-2024-51379,vulnerability,CWE-79,8.4,1.7,134.0,,,1,,,HIGH
CVE-2024-51380,vulnerability,CWE-79,8.4,1.7,135.0,,,1,,,HIGH
CVE-2024-35146,and,CWE-79,5.4,2.3,43.0,,,0,,,MEDIUM
CVE-2020-11926,issue,CWE-79,7.5,3.9,39.0,0.0,0.0,0,0.0,0.0,HIGH
CVE-2024-51989,open,CWE-79,7.1,2.8,44.0,,,0,,,HIGH
CVE-2024-51994,web,CWE-79,5.4,2.3,4.0,,,0,,,MEDIUM
CVE-2024-46960,application,CWE-94,8.8,2.8,18.0,0.0,0.0,0,0.0,0.0,HIGH
CVE-2024-46961,application,CWE-94,8.1,2.8,19.0,0.0,0.0,0,0.0,0.0,HIGH
CVE-2024-49523,versions,CWE-79,5.4,2.3,452.0,0.0,0.0,0,1.0,0.0,MEDIUM
CVE-2024-52000,simple,CWE-79,6.1,2.8,4.0,,,0,,,MEDIUM
CVE-2024-52007,complete,CWE-611,8.6,3.9,1.0,0.0,0.0,0,0.0,0.0,HIGH
CVE-2024-11019,from,CWE-79,6.1,2.8,2.0,,,0,,,MEDIUM
CVE-2024-11021,from,CWE-79,5.4,2.3,3.0,,,0,,,MEDIUM
CVE-2024-45088,vulnerable,CWE-79,6.4,3.1,41.0,,,0,,,MEDIUM
CVE-2024-45087,and,CWE-79,4.8,1.7,44.0,,,0,,,MEDIUM
CVE-2024-46965,application,CWE-94,5.4,2.8,20.0,0.0,0.0,0,0.0,0.0,MEDIUM
CVE-2024-51486,web,CWE-79,5.5,2.1,5.0,,,1,,,MEDIUM
CVE-2024-51490,web,CWE-79,5.5,2.1,6.0,,,1,,,MEDIUM
CVE-2024-46962,application,CWE-94,9.1,3.9,21.0,0.0,0.0,0,0.0,0.0,CRITICAL
CVE-2024-46963,application,CWE-94,8.1,2.8,22.0,0.0,0.0,0,0.0,0.0,HIGH
CVE-2024-46964,application,CWE-94,8.1,2.8,23.0,0.0,0.0,0,0.0,0.0,HIGH
CVE-2024-46966,application,CWE-94,8.1,2.8,24.0,0.0,0.0,0,0.0,0.0,HIGH
CVE-2024-50601,and,CWE-79,6.1,2.8,45.0,,,0,,,MEDIUM
CVE-2024-42372,missing,CWE-862,6.5,3.9,2.0,542.0,542.0,0,1.0,0.5,MEDIUM
CVE-2024-47588,under,CWE-522,4.7,1.0,1.0,0.0,0.0,0,0.0,0.0,MEDIUM
CVE-2024-47592,allows,CWE-307,5.3,3.9,10.0,0.0,0.0,0,0.0,0.0,MEDIUM
CVE-2024-36140,vulnerability,CWE-79,6.8,2.3,135.0,,,0,,,MEDIUM
CVE-2024-51093,vulnerability,CWE-79,8.7,2.3,136.0,,,0,,,HIGH
CVE-2024-45879,file,CWE-79,5.4,2.3,3.0,0.0,0.0,0,0.0,0.0,MEDIUM
CVE-2024-52552,and,CWE-79,8.0,2.1,46.0,,,0,,,HIGH
CVE-2024-5920,scripting,CWE-79,4.8,1.7,23.0,,,0,,,MEDIUM
CVE-2024-45099,vulnerable,CWE-79,3.1,0.5,41.0,,,0,,,LOW
CVE-2024-45642,vulnerable,CWE-942,5.3,3.9,42.0,,,0,,,MEDIUM
CVE-2024-8648,issue,CWE-79,6.1,2.8,40.0,0.0,0.0,0,0.0,0.0,MEDIUM
CVE-2024-5125,version,CWE-79,7.3,1.8,13.0,0.0,0.0,1,0.0,0.0,HIGH
CVE-2021-3741,stored,CWE-79,5.4,2.3,29.0,,,0,,,MEDIUM
CVE-2021-3988,vulnerability,CWE-79,6.1,2.8,135.0,,,1,,,MEDIUM
CVE-2022-1226,vulnerability,CWE-79,4.8,1.7,136.0,,,1,,,MEDIUM
CVE-2023-0109,stored,CWE-79,5.4,2.3,30.0,,,1,,,MEDIUM
CVE-2023-2332,stored,CWE-79,4.8,1.7,31.0,,,1,,,MEDIUM
CVE-2024-11182,issue,CWE-79,6.1,2.8,41.0,0.0,0.0,0,0.0,0.0,MEDIUM
CVE-2024-41785,through,CWE-79,6.1,2.8,33.0,,,0,,,MEDIUM
CVE-2024-49754,network,CWE-79,7.5,1.7,6.0,0.0,0.0,1,0.0,0.0,HIGH
CVE-2024-49758,network,CWE-79,4.8,1.7,7.0,0.0,0.0,1,0.0,0.0,MEDIUM
CVE-2024-49759,network,CWE-79,4.8,1.7,8.0,0.0,0.0,1,0.0,0.0,MEDIUM
CVE-2024-49764,network,CWE-79,4.8,1.7,9.0,0.0,0.0,1,0.0,0.0,MEDIUM
CVE-2024-50350,network,CWE-79,4.8,1.7,10.0,0.0,0.0,1,0.0,0.0,MEDIUM
CVE-2024-50351,network,CWE-79,4.8,1.7,11.0,0.0,0.0,1,0.0,0.0,MEDIUM
CVE-2024-50352,network,CWE-79,4.8,1.7,12.0,0.0,0.0,1,0.0,0.0,MEDIUM
CVE-2024-50355,network,CWE-79,4.8,1.7,13.0,0.0,0.0,1,0.0,0.0,MEDIUM
CVE-2024-50651,vulnerable,CWE-639,6.5,2.8,44.0,,,1,,,MEDIUM
CVE-2024-50652,file,CWE-434,4.3,2.8,4.0,0.0,0.0,1,0.0,0.0,MEDIUM
CVE-2024-51494,network,CWE-79,4.8,1.7,14.0,0.0,0.0,1,0.0,0.0,MEDIUM
CVE-2024-51495,network,CWE-79,4.8,1.7,15.0,0.0,0.0,1,0.0,0.0,MEDIUM
CVE-2024-51496,network,CWE-79,4.8,1.7,16.0,0.0,0.0,1,0.0,0.0,MEDIUM
CVE-2024-51497,network,CWE-79,4.8,1.7,17.0,0.0,0.0,1,0.0,0.0,MEDIUM
CVE-2024-52526,network,CWE-79,4.8,1.7,18.0,0.0,0.0,1,0.0,0.0,MEDIUM
CVE-2024-50655,emlog,CWE-79,5.4,2.3,1.0,0.0,0.0,1,0.0,0.0,MEDIUM
CVE-2024-50983,contains,CWE-79,5.4,2.3,2.0,,,0,,,MEDIUM
CVE-2024-11023,utilizes,CWE-79,6.1,2.8,1.0,,,0,,,MEDIUM
CVE-2024-50849,vulnerability,CWE-79,4.8,1.7,137.0,,,0,,,MEDIUM
CVE-2024-52583,repository,CWE-494,8.2,2.8,2.0,,,0,,,HIGH
CVE-2024-50271,the,CWE-770,5.5,1.8,63.0,0.0,0.0,0,0.0,0.0,MEDIUM
CVE-2024-10382,exists,CWE-502,7.5,0.8,1.0,,,0,,,HIGH
CVE-2024-45511,issue,CWE-79,5.4,2.3,42.0,0.0,0.0,0,0.0,0.0,MEDIUM
CVE-2024-52702,stored,CWE-79,5.4,2.3,32.0,,,1,,,MEDIUM
CVE-2024-45514,issue,CWE-79,5.4,2.3,43.0,0.0,0.0,0,0.0,0.0,MEDIUM
CVE-2024-45194,and,CWE-79,4.8,1.7,46.0,,,0,,,MEDIUM
CVE-2024-45513,issue,CWE-79,4.8,1.7,44.0,0.0,0.0,0,0.0,0.0,MEDIUM
CVE-2024-45517,issue,CWE-79,5.4,2.3,45.0,0.0,0.0,0,0.0,0.0,MEDIUM
CVE-2024-52053,the,CWE-79,9.6,2.8,64.0,0.0,0.0,0,0.0,0.0,CRITICAL
CVE-2024-37783,reflected,CWE-79,5.4,2.3,23.0,,,0,,,MEDIUM
CVE-2023-45181,and,CWE-79,6.1,2.8,47.0,,,0,,,MEDIUM
CVE-2024-32468,runtime,CWE-79,5.4,2.3,1.0,0.0,0.0,0,0.0,0.0,MEDIUM
CVE-2024-53255,free,CWE-79,5.4,2.3,11.0,0.0,0.0,1,0.0,0.0,MEDIUM
CVE-2024-53843,opinionated,CWE-79,8.1,2.8,1.0,0.0,0.0,0,0.0,0.0,HIGH
CVE-2024-11680,versions,CWE-306,9.8,3.9,452.0,0.0,0.0,1,1.0,0.0,CRITICAL
CVE-2023-0163,vulnerability,CWE-1321,8.4,2.5,133.0,,,1,,,HIGH
CVE-2024-53267,sigstore,CWE-347,5.5,1.8,1.0,608.0,608.0,0,6.0,1.67,MEDIUM
CVE-2024-53673,java,CWE-502,8.1,2.2,1.0,,,0,,,HIGH
CVE-2024-42330,object,CWE-134,9.1,2.3,1.0,,,0,,,CRITICAL
CVE-2024-42331,the,CWE-416,3.3,1.8,65.0,0.0,0.0,0,0.0,0.0,LOW
CVE-2024-9669,plugin,CWE-22,7.2,1.2,27.0,,,0,,,HIGH
CVE-2024-49503,vulnerability,CWE-79,3.5,0.9,130.0,,,0,,,LOW
CVE-2024-11990,vulnerability,CWE-79,4.6,2.1,130.0,,,0,,,MEDIUM
CVE-2024-49418,verification,,6.5,2.8,1.0,97.0,97.0,0,0.0,0.0,MEDIUM
CVE-2024-5020,plugins,CWE-79,6.4,3.1,1.0,,,0,,,MEDIUM
CVE-2024-54001,project,CWE-80,5.5,2.3,5.0,,,1,,,MEDIUM
CVE-2024-54138,package,CWE-79,6.1,2.8,21.0,0.0,0.0,0,0.0,0.0,MEDIUM
CVE-2024-11010,and,CWE-22,7.2,1.2,47.0,,,0,,,HIGH
CVE-2024-47107,vulnerable,CWE-79,6.4,3.1,41.0,,,0,,,MEDIUM
CVE-2023-48779,vulnerability,CWE-862,6.5,3.9,108.0,,,0,,,MEDIUM
CVE-2024-54919,was,CWE-79,5.4,2.3,5.0,0.0,0.0,1,0.0,0.0,MEDIUM
CVE-2024-45761,versions,CWE-20,5.4,2.8,450.0,0.0,0.0,0,1.0,0.0,MEDIUM
CVE-2024-9672,reflected,CWE-917,5.4,2.3,23.0,,,0,,,MEDIUM
CVE-2024-47117,through,CWE-79,5.4,2.3,33.0,,,0,,,MEDIUM
CVE-2024-49550,versions,CWE-79,6.1,2.8,451.0,0.0,0.0,0,1.0,0.0,MEDIUM
CVE-2024-54032,versions,CWE-79,9.3,2.8,452.0,0.0,0.0,0,1.0,0.0,CRITICAL
CVE-2024-54034,versions,CWE-79,9.3,2.8,453.0,0.0,0.0,0,1.0,0.0,CRITICAL
CVE-2024-54036,versions,CWE-79,9.3,2.8,454.0,0.0,0.0,0,1.0,0.0,CRITICAL
CVE-2024-54039,versions,CWE-79,5.4,2.3,455.0,0.0,0.0,0,1.0,0.0,MEDIUM
CVE-2024-54040,versions,CWE-79,5.4,2.3,456.0,0.0,0.0,0,1.0,0.0,MEDIUM
CVE-2024-54041,versions,CWE-79,5.4,2.3,457.0,0.0,0.0,0,1.0,0.0,MEDIUM
CVE-2024-54042,versions,CWE-79,6.1,2.8,458.0,0.0,0.0,0,1.0,0.0,MEDIUM
CVE-2024-54043,versions,CWE-79,6.1,2.8,459.0,0.0,0.0,0,1.0,0.0,MEDIUM
CVE-2024-54044,versions,CWE-79,6.1,2.8,460.0,0.0,0.0,0,1.0,0.0,MEDIUM
CVE-2024-54045,versions,CWE-79,6.1,2.8,461.0,0.0,0.0,0,1.0,0.0,MEDIUM
CVE-2024-54046,versions,CWE-79,6.1,2.8,462.0,0.0,0.0,0,1.0,0.0,MEDIUM
CVE-2024-54047,versions,CWE-79,6.1,2.8,463.0,0.0,0.0,0,1.0,0.0,MEDIUM
CVE-2024-54048,versions,CWE-79,6.1,2.8,464.0,0.0,0.0,0,1.0,0.0,MEDIUM
CVE-2024-54049,versions,CWE-79,6.1,2.8,465.0,0.0,0.0,0,1.0,0.0,MEDIUM
CVE-2024-43718,versions,CWE-79,5.4,2.3,466.0,0.0,0.0,0,1.0,0.0,MEDIUM
CVE-2024-43725,versions,CWE-79,5.4,2.3,467.0,0.0,0.0,0,1.0,0.0,MEDIUM
CVE-2024-43726,versions,CWE-79,5.4,2.3,468.0,0.0,0.0,0,1.0,0.0,MEDIUM
CVE-2024-43727,versions,CWE-79,5.4,2.3,469.0,0.0,0.0,0,1.0,0.0,MEDIUM
CVE-2024-43728,versions,CWE-79,5.4,2.3,470.0,0.0,0.0,0,1.0,0.0,MEDIUM
CVE-2024-43730,versions,CWE-79,5.4,2.3,471.0,0.0,0.0,0,1.0,0.0,MEDIUM
CVE-2024-43734,versions,CWE-79,5.4,2.3,472.0,0.0,0.0,0,1.0,0.0,MEDIUM
CVE-2024-43735,versions,CWE-79,5.4,2.3,473.0,0.0,0.0,0,1.0,0.0,MEDIUM
CVE-2024-43736,versions,CWE-79,5.4,2.3,474.0,0.0,0.0,0,1.0,0.0,MEDIUM
CVE-2024-43737,versions,CWE-79,5.4,2.3,475.0,0.0,0.0,0,1.0,0.0,MEDIUM
CVE-2024-43739,versions,CWE-79,5.4,2.3,476.0,0.0,0.0,0,1.0,0.0,MEDIUM
CVE-2024-43740,versions,CWE-79,5.4,2.3,477.0,0.0,0.0,0,1.0,0.0,MEDIUM
CVE-2024-43742,versions,CWE-79,5.4,2.3,478.0,0.0,0.0,0,1.0,0.0,MEDIUM
CVE-2024-43743,versions,CWE-79,5.4,2.3,479.0,0.0,0.0,0,1.0,0.0,MEDIUM
CVE-2024-43744,versions,CWE-79,5.4,2.3,480.0,0.0,0.0,0,1.0,0.0,MEDIUM
CVE-2024-43745,versions,CWE-79,5.4,2.3,481.0,0.0,0.0,0,1.0,0.0,MEDIUM
CVE-2024-43746,versions,CWE-79,5.4,2.3,482.0,0.0,0.0,0,1.0,0.0,MEDIUM
CVE-2024-43747,versions,CWE-79,5.4,2.3,483.0,0.0,0.0,0,1.0,0.0,MEDIUM
CVE-2024-43748,versions,CWE-79,5.4,2.3,484.0,0.0,0.0,0,1.0,0.0,MEDIUM
CVE-2024-43749,versions,CWE-79,5.4,2.3,485.0,0.0,0.0,0,1.0,0.0,MEDIUM
CVE-2024-43750,versions,CWE-79,5.4,2.3,486.0,0.0,0.0,0,1.0,0.0,MEDIUM
CVE-2024-43751,versions,CWE-79,5.4,2.3,487.0,0.0,0.0,0,1.0,0.0,MEDIUM
CVE-2024-43752,versions,CWE-79,5.4,2.3,488.0,0.0,0.0,0,1.0,0.0,MEDIUM
CVE-2024-52816,versions,CWE-79,5.4,2.3,489.0,0.0,0.0,0,1.0,0.0,MEDIUM
CVE-2024-52817,versions,CWE-79,5.4,2.3,490.0,0.0,0.0,0,1.0,0.0,MEDIUM
CVE-2024-52818,versions,CWE-79,5.4,2.3,491.0,0.0,0.0,0,1.0,0.0,MEDIUM
CVE-2024-52824,versions,CWE-79,5.4,2.3,492.0,0.0,0.0,0,1.0,0.0,MEDIUM
CVE-2024-52825,versions,CWE-79,5.4,2.3,493.0,0.0,0.0,0,1.0,0.0,MEDIUM
CVE-2024-52826,versions,CWE-79,5.4,2.3,494.0,0.0,0.0,0,1.0,0.0,MEDIUM
CVE-2024-52827,versions,CWE-79,5.4,2.3,495.0,0.0,0.0,0,1.0,0.0,MEDIUM
CVE-2024-52828,versions,CWE-79,5.4,2.3,496.0,0.0,0.0,0,1.0,0.0,MEDIUM
CVE-2024-52829,versions,CWE-79,5.4,2.3,497.0,0.0,0.0,0,1.0,0.0,MEDIUM
CVE-2024-52830,versions,CWE-79,5.4,2.3,498.0,0.0,0.0,0,1.0,0.0,MEDIUM
CVE-2024-52832,versions,CWE-79,5.4,2.3,499.0,0.0,0.0,0,1.0,0.0,MEDIUM
CVE-2024-52834,versions,CWE-79,5.4,2.3,500.0,0.0,0.0,0,1.0,0.0,MEDIUM
CVE-2024-52835,versions,CWE-79,5.4,2.3,501.0,0.0,0.0,0,1.0,0.0,MEDIUM
CVE-2024-52836,versions,CWE-79,5.4,2.3,502.0,0.0,0.0,0,1.0,0.0,MEDIUM
CVE-2024-52841,versions,CWE-79,5.4,2.3,503.0,0.0,0.0,0,1.0,0.0,MEDIUM
CVE-2024-52842,versions,CWE-79,5.4,2.3,504.0,0.0,0.0,0,1.0,0.0,MEDIUM
CVE-2024-52843,versions,CWE-79,5.4,2.3,505.0,0.0,0.0,0,1.0,0.0,MEDIUM
CVE-2024-52845,versions,CWE-79,5.4,2.3,506.0,0.0,0.0,0,1.0,0.0,MEDIUM
CVE-2024-52846,versions,CWE-79,5.4,2.3,507.0,0.0,0.0,0,1.0,0.0,MEDIUM
CVE-2024-52847,versions,CWE-79,5.4,2.3,508.0,0.0,0.0,0,1.0,0.0,MEDIUM
CVE-2024-52848,versions,CWE-79,5.4,2.3,509.0,0.0,0.0,0,1.0,0.0,MEDIUM
CVE-2024-52849,versions,CWE-79,5.4,2.3,510.0,0.0,0.0,0,1.0,0.0,MEDIUM
CVE-2024-52850,versions,CWE-79,5.4,2.3,511.0,0.0,0.0,0,1.0,0.0,MEDIUM
CVE-2024-52851,versions,CWE-79,5.4,2.3,512.0,0.0,0.0,0,1.0,0.0,MEDIUM
CVE-2024-52852,versions,CWE-79,5.4,2.3,513.0,0.0,0.0,0,1.0,0.0,MEDIUM
CVE-2024-52853,versions,CWE-79,5.4,2.3,514.0,0.0,0.0,0,1.0,0.0,MEDIUM
CVE-2024-52854,versions,CWE-79,5.4,2.3,515.0,0.0,0.0,0,1.0,0.0,MEDIUM
CVE-2024-52855,versions,CWE-79,5.4,2.3,516.0,0.0,0.0,0,1.0,0.0,MEDIUM
CVE-2024-52857,versions,CWE-79,5.4,2.3,517.0,0.0,0.0,0,1.0,0.0,MEDIUM
CVE-2024-52858,versions,CWE-79,5.4,2.3,518.0,0.0,0.0,0,1.0,0.0,MEDIUM
CVE-2024-52859,versions,CWE-79,5.4,2.3,519.0,0.0,0.0,0,1.0,0.0,MEDIUM
CVE-2024-52861,versions,CWE-79,5.4,2.3,520.0,0.0,0.0,0,1.0,0.0,MEDIUM
CVE-2024-52862,versions,CWE-79,5.4,2.3,521.0,0.0,0.0,0,1.0,0.0,MEDIUM
CVE-2024-52864,versions,CWE-79,5.4,2.3,522.0,0.0,0.0,0,1.0,0.0,MEDIUM
CVE-2024-52865,versions,CWE-79,5.4,2.3,523.0,0.0,0.0,0,1.0,0.0,MEDIUM
CVE-2024-52991,versions,CWE-79,5.4,2.3,524.0,0.0,0.0,0,1.0,0.0,MEDIUM
CVE-2024-52992,versions,CWE-79,5.4,2.3,525.0,0.0,0.0,0,1.0,0.0,MEDIUM
CVE-2024-52993,versions,CWE-79,5.4,2.3,526.0,0.0,0.0,0,1.0,0.0,MEDIUM
CVE-2024-53960,versions,CWE-79,5.4,2.3,527.0,0.0,0.0,0,1.0,0.0,MEDIUM
CVE-2024-50585,who,CWE-79,4.7,2.8,1.0,0.0,0.0,0,0.0,0.0,MEDIUM
CVE-2024-53274,prior,CWE-79,6.1,2.8,1.0,0.0,0.0,1,2.0,0.0,MEDIUM
CVE-2024-55652,penetration,CWE-1336,6.5,1.2,1.0,,,0,,,MEDIUM
CVE-2024-12271,plugin,CWE-79,4.4,1.3,27.0,,,0,,,MEDIUM
CVE-2024-28142,missing,CWE-79,4.7,2.8,3.0,511.0,511.0,0,1.0,0.5,MEDIUM
CVE-2024-36494,missing,CWE-79,4.7,2.8,4.0,511.0,511.0,0,1.0,0.5,MEDIUM
CVE-2024-36498,missing,CWE-79,4.7,2.8,5.0,511.0,511.0,0,1.0,0.5,MEDIUM
CVE-2024-47947,missing,CWE-79,4.7,2.8,6.0,511.0,511.0,0,1.0,0.5,MEDIUM
CVE-2024-55878,software,CWE-79,6.8,2.3,3.0,0.0,0.0,0,0.0,0.0,MEDIUM
CVE-2024-11832,plugin,CWE-79,6.4,3.1,28.0,,,0,,,MEDIUM
CVE-2024-55887,library,CWE-611,8.6,3.9,12.0,576.0,576.0,0,7.0,5.83,HIGH
CVE-2024-12641,from,CWE-79,9.6,2.8,4.0,,,0,,,CRITICAL
CVE-2024-35230,open,CWE-200,5.3,3.9,44.0,,,1,,,MEDIUM
CVE-2024-55451,vulnerability,CWE-79,4.8,1.7,106.0,,,1,,,MEDIUM
CVE-2024-21548,the,CWE-1321,7.5,1.6,67.0,0.0,0.0,0,0.0,0.0,HIGH
CVE-2024-56173,before,CWE-79,4.7,2.8,25.0,0.0,0.0,0,0.0,0.0,MEDIUM
CVE-2024-50570,vulnerability,CWE-312,5.0,0.6,107.0,,,0,,,MEDIUM
CVE-2024-47810,vulnerability,CWE-416,8.8,2.8,108.0,,,1,,,HIGH
CVE-2024-49576,vulnerability,CWE-416,8.8,2.8,109.0,,,1,,,HIGH
CVE-2024-55239,reflected,CWE-79,5.4,2.3,24.0,,,1,,,MEDIUM
CVE-2021-20553,through,CWE-79,5.4,2.3,35.0,,,0,,,MEDIUM
CVE-2024-56337,vulnerability,CWE-367,9.8,3.9,108.0,,,0,,,CRITICAL
CVE-2024-55342,file,CWE-79,4.7,2.8,5.0,0.0,0.0,1,0.0,0.0,MEDIUM
CVE-2024-55341,stored,CWE-79,4.7,2.8,33.0,,,1,,,MEDIUM
CVE-2024-56358,spreadsheet,CWE-79,8.1,2.8,1.0,0.0,0.0,0,0.0,0.0,HIGH
CVE-2024-56359,spreadsheet,CWE-79,8.1,2.8,2.0,0.0,0.0,0,0.0,0.0,HIGH
CVE-2024-56364,software,CWE-79,5.4,2.3,4.0,0.0,0.0,0,0.0,0.0,MEDIUM
CVE-2024-9427,vulnerability,CWE-116,5.4,2.8,109.0,,,0,,,MEDIUM
CVE-2024-52046,uses,CWE-502,9.8,3.9,1.0,,,0,,,CRITICAL
CVE-2024-56507,archive,CWE-79,4.6,2.1,1.0,0.0,0.0,1,0.0,0.0,MEDIUM
CVE-2024-56508,archive,CWE-434,7.6,2.3,2.0,0.0,0.0,1,0.0,0.0,HIGH
CVE-2025-21610,rich,CWE-79,5.3,1.6,1.0,463.0,463.0,0,10.0,1.17,MEDIUM
CVE-2024-56412,library,CWE-79,5.4,2.3,13.0,555.0,555.0,1,7.0,5.83,MEDIUM
CVE-2025-22388,issue,CWE-79,5.7,2.1,38.0,0.0,0.0,0,0.0,0.0,MEDIUM
CVE-2024-13133,vulnerability,CWE-284,6.3,2.8,108.0,,,0,,,MEDIUM
CVE-2024-13134,vulnerability,CWE-284,6.3,2.8,109.0,,,0,,,MEDIUM
CVE-2024-13142,vulnerability,CWE-79,2.4,0.9,110.0,,,1,,,LOW
CVE-2024-13143,vulnerability,CWE-79,2.4,0.9,111.0,,,0,,,LOW
CVE-2024-13145,vulnerability,CWE-284,6.3,2.8,112.0,,,1,,,MEDIUM
CVE-2024-31913,through,CWE-79,5.5,2.3,37.0,,,0,,,MEDIUM
CVE-2024-31914,through,CWE-79,6.4,3.1,38.0,,,0,,,MEDIUM
CVE-2024-46073,reflected,CWE-79,6.1,2.8,25.0,,,0,,,MEDIUM
CVE-2025-21616,project,CWE-79,5.4,2.3,6.0,,,1,,,MEDIUM
CVE-2025-21620,and,CWE-200,7.5,3.9,47.0,,,0,,,HIGH
CVE-2025-0240,module,CWE-416,4.0,2.5,3.0,,,0,,,MEDIUM
CVE-2025-22132,web,CWE-79,8.3,1.7,8.0,,,1,,,HIGH
CVE-2024-13210,vulnerability,CWE-284,4.7,1.2,116.0,,,1,,,MEDIUM
CVE-2025-0104,reflected,CWE-79,6.1,2.8,26.0,,,0,,,MEDIUM
CVE-2025-23108,links,CWE-79,4.3,2.8,1.0,0.0,0.0,0,0.0,0.0,MEDIUM
CVE-2025-0391,vulnerability,CWE-74,6.3,2.8,117.0,,,1,,,MEDIUM
CVE-2021-29669,and,CWE-79,5.4,2.3,48.0,,,0,,,MEDIUM
CVE-2024-49785,through,CWE-79,5.4,2.3,39.0,,,0,,,MEDIUM
CVE-2025-22142,free,CWE-79,5.4,2.3,12.0,0.0,0.0,1,0.0,0.0,MEDIUM
CVE-2025-23026,jte,CWE-79,6.1,2.8,1.0,,,0,,,MEDIUM
CVE-2025-0056,for,CWE-497,6.0,1.5,17.0,,,0,,,MEDIUM
CVE-2025-0057,vulnerable,CWE-434,4.8,1.7,39.0,,,0,,,MEDIUM
CVE-2025-0067,missing,CWE-862,6.3,2.8,7.0,479.0,479.0,0,1.0,0.5,MEDIUM
CVE-2024-45061,scripting,CWE-79,8.7,2.3,16.0,,,1,,,HIGH
CVE-2024-47140,scripting,CWE-79,8.7,2.3,17.0,,,1,,,HIGH
CVE-2024-41746,and,CWE-79,7.2,3.9,49.0,,,0,,,HIGH
CVE-2024-54660,injection,CWE-77,8.7,2.3,2.0,,,0,,,HIGH
CVE-2025-23207,fast,CWE-116,6.3,2.8,1.0,0.0,0.0,0,0.0,0.0,MEDIUM
CVE-2025-0583,from,CWE-79,6.1,2.8,5.0,,,0,,,MEDIUM
CVE-2025-24010,frontend,CWE-346,6.5,2.8,3.0,0.0,0.0,1,0.0,0.0,MEDIUM
CVE-2024-48392,vulnerable,CWE-79,5.4,2.3,39.0,,,1,,,MEDIUM
CVE-2025-21502,the,CWE-863,4.8,2.2,59.0,0.0,0.0,0,0.0,0.0,MEDIUM
CVE-2025-21553,the,CWE-863,4.2,1.6,60.0,0.0,0.0,0,0.0,0.0,MEDIUM
CVE-2024-13426,plugin,CWE-89,5.4,2.2,26.0,,,0,,,MEDIUM
CVE-2024-51457,for,CWE-79,4.4,1.3,15.0,,,0,,,MEDIUM
CVE-2024-56923,the,CWE-79,5.4,2.3,61.0,0.0,0.0,1,0.0,0.0,MEDIUM
CVE-2024-56924,vulnerability,CWE-352,7.3,2.1,115.0,,,1,,,HIGH
CVE-2023-32340,through,CWE-79,4.6,2.1,39.0,,,0,,,MEDIUM
CVE-2023-50309,through,CWE-79,6.4,3.1,40.0,,,0,,,MEDIUM
CVE-2025-23227,through,CWE-79,6.4,3.1,41.0,,,0,,,MEDIUM
CVE-2024-57326,vulnerability,CWE-79,6.1,2.8,116.0,,,1,,,MEDIUM
CVE-2024-57329,contains,CWE-79,5.4,2.3,3.0,,,1,,,MEDIUM
CVE-2025-24547,vulnerability,CWE-79,6.5,2.3,117.0,,,0,,,MEDIUM
CVE-2024-35145,vulnerable,CWE-79,6.1,2.8,40.0,,,0,,,MEDIUM
CVE-2023-46187,and,CWE-79,5.4,2.8,49.0,,,0,,,MEDIUM
CVE-2023-52292,through,CWE-79,6.4,3.1,42.0,,,0,,,MEDIUM
CVE-2024-37527,with,CWE-79,5.4,2.3,5.0,0.0,0.0,0,0.0,0.0,MEDIUM
CVE-2024-57514,router,CWE-79,4.8,1.7,1.0,0.0,0.0,0,0.0,0.0,MEDIUM
CVE-2025-22917,reflected,CWE-79,5.4,2.3,27.0,,,0,,,MEDIUM
CVE-2025-24789,provides,CWE-426,7.8,1.8,6.0,0.0,0.0,0,0.0,0.0,HIGH
CVE-2025-24790,provides,CWE-276,4.4,1.8,7.0,0.0,0.0,0,0.0,0.0,MEDIUM
CVE-2024-48761,vulnerability,CWE-79,8.8,2.8,117.0,,,1,,,HIGH
CVE-2025-0851,path,CWE-36,9.8,3.9,5.0,178.0,178.0,0,3.0,0.0,CRITICAL
CVE-2025-0746,vulnerability,CWE-79,6.1,2.8,118.0,,,0,,,MEDIUM
CVE-2025-0747,vulnerability,CWE-79,8.6,3.9,119.0,,,0,,,HIGH
CVE-2024-55416,through,CWE-79,3.5,0.9,43.0,,,1,,,LOW
CVE-2025-0930,version,CWE-79,6.1,2.8,13.0,0.0,0.0,0,0.0,0.0,MEDIUM
CVE-2024-40696,through,CWE-79,4.8,1.7,44.0,,,0,,,MEDIUM
CVE-2024-47103,through,CWE-79,4.8,1.7,45.0,,,0,,,MEDIUM
CVE-2024-47116,through,CWE-79,5.4,2.3,46.0,,,0,,,MEDIUM
CVE-2024-49807,through,CWE-79,6.4,3.1,47.0,,,0,,,MEDIUM
CVE-2024-49339,for,CWE-79,6.4,3.1,19.0,,,0,,,MEDIUM
CVE-2024-49349,for,CWE-79,6.1,2.8,20.0,,,0,,,MEDIUM
CVE-2025-25062,issue,CWE-79,4.4,1.3,36.0,0.0,0.0,1,0.0,0.0,MEDIUM
CVE-2024-53943,issue,CWE-79,6.1,2.8,37.0,0.0,0.0,0,0.0,0.0,MEDIUM
CVE-2024-57237,vulnerable,CWE-79,6.3,2.8,36.0,,,0,,,MEDIUM
CVE-2024-27137,possible,CWE-287,5.3,1.8,1.0,0.0,0.0,0,0.0,0.0,MEDIUM
CVE-2025-1015,fields,NVD-CWE-noinfo,5.4,2.8,1.0,0.0,0.0,0,1.0,0.0,MEDIUM
CVE-2024-40700,and,CWE-79,6.1,2.8,49.0,,,0,,,MEDIUM
CVE-2024-56328,open,CWE-79,6.5,3.9,40.0,,,0,,,MEDIUM
CVE-2025-22602,open,CWE-79,6.5,3.9,41.0,,,0,,,MEDIUM
CVE-2024-13722,component,CWE-79,5.4,2.3,2.0,0.0,0.0,0,0.0,0.0,MEDIUM
CVE-2024-53962,versions,CWE-79,5.4,2.3,320.0,0.0,0.0,0,1.0,0.0,MEDIUM
CVE-2024-53964,versions,CWE-79,5.4,2.3,321.0,0.0,0.0,0,1.0,0.0,MEDIUM
CVE-2024-53966,versions,CWE-79,5.4,2.3,322.0,0.0,0.0,0,1.0,0.0,MEDIUM
CVE-2024-52364,for,CWE-79,5.4,2.3,19.0,,,0,,,MEDIUM
CVE-2024-52365,for,CWE-79,6.4,3.1,20.0,,,0,,,MEDIUM
CVE-2025-20124,vulnerability,CWE-502,9.9,3.1,119.0,,,0,,,CRITICAL
CVE-2025-24320,stored,CWE-79,8.0,2.1,33.0,,,0,,,HIGH
CVE-2024-38317,through,CWE-79,4.8,1.7,47.0,,,0,,,MEDIUM
CVE-2024-56472,through,CWE-79,6.4,3.1,48.0,,,0,,,MEDIUM
CVE-2024-49791,vulnerable,CWE-79,6.4,3.1,37.0,,,0,,,MEDIUM
CVE-2024-49792,vulnerable,CWE-79,5.4,2.3,38.0,,,0,,,MEDIUM
CVE-2024-49793,vulnerable,CWE-79,5.4,2.3,39.0,,,0,,,MEDIUM
CVE-2025-0982,escape,CWE-829,10.0,3.9,1.0,0.0,0.0,0,0.0,0.0,CRITICAL
CVE-2025-1076,vulnerability,CWE-79,4.8,1.7,120.0,,,0,,,MEDIUM
CVE-2024-57428,stored,CWE-79,9.3,2.8,34.0,,,1,,,CRITICAL
CVE-2025-24981,tool,CWE-79,9.3,3.9,3.0,0.0,0.0,0,0.0,0.0,CRITICAL
CVE-2024-52892,for,CWE-79,6.1,2.8,20.0,,,0,,,MEDIUM
CVE-2024-52882,issue,CWE-79,6.1,2.8,37.0,0.0,0.0,0,0.0,0.0,MEDIUM
CVE-2024-57278,reflected,CWE-79,5.4,2.3,26.0,,,0,,,MEDIUM
CVE-2024-57279,reflected,CWE-79,5.4,2.3,27.0,,,0,,,MEDIUM
CVE-2025-24028,free,CWE-79,7.8,1.8,12.0,0.0,0.0,1,0.0,0.0,HIGH
CVE-2025-25187,free,CWE-79,7.8,1.8,13.0,0.0,0.0,1,0.0,0.0,HIGH
CVE-2025-1175,vulnerability,CWE-79,6.1,2.8,120.0,,,0,,,MEDIUM
CVE-2024-11831,flaw,CWE-79,5.4,2.3,5.0,,,0,,,MEDIUM
CVE-2025-0054,does,CWE-79,5.4,2.3,7.0,,,0,,,MEDIUM
CVE-2025-24869,allows,CWE-863,4.3,2.8,11.0,0.0,0.0,0,0.0,0.0,MEDIUM
CVE-2025-1145,has,CWE-79,6.1,2.8,4.0,0.0,0.0,0,0.0,0.0,MEDIUM
CVE-2025-24410,versions,CWE-79,8.7,2.3,323.0,0.0,0.0,0,1.0,0.0,HIGH
CVE-2025-24412,versions,CWE-79,8.7,2.3,324.0,0.0,0.0,0,1.0,0.0,HIGH
CVE-2025-24413,versions,CWE-79,8.7,2.3,325.0,0.0,0.0,0,1.0,0.0,HIGH
CVE-2025-24414,versions,CWE-79,8.7,2.3,326.0,0.0,0.0,0,1.0,0.0,HIGH
CVE-2025-24415,versions,CWE-79,8.7,2.3,327.0,0.0,0.0,0,1.0,0.0,HIGH
CVE-2025-24416,versions,CWE-79,8.7,2.3,328.0,0.0,0.0,0,1.0,0.0,HIGH
CVE-2025-24417,versions,CWE-79,8.7,2.3,329.0,0.0,0.0,0,1.0,0.0,HIGH
CVE-2025-24428,versions,CWE-79,5.4,2.3,330.0,0.0,0.0,0,1.0,0.0,MEDIUM
CVE-2025-24438,versions,CWE-79,8.7,2.3,331.0,0.0,0.0,0,1.0,0.0,HIGH
CVE-2022-35202,security,CWE-532,5.1,2.5,2.0,0.0,0.0,0,0.0,0.0,MEDIUM
CVE-2025-1271,security,CWE-79,6.1,2.8,3.0,0.0,0.0,0,0.0,0.0,MEDIUM
CVE-2025-0178,vulnerability,CWE-20,6.1,2.8,121.0,,,0,,,MEDIUM
CVE-2024-56463,vulnerable,CWE-79,4.8,1.7,40.0,,,0,,,MEDIUM
CVE-2025-25296,open,CWE-79,6.1,2.8,40.0,,,1,,,MEDIUM
CVE-2024-57971,the,CWE-99,9.1,2.3,56.0,0.0,0.0,0,0.0,0.0,CRITICAL
CVE-2025-0981,vulnerability,CWE-287,6.1,2.8,122.0,,,1,,,MEDIUM
CVE-2024-56882,before,CWE-79,5.4,2.3,23.0,0.0,0.0,1,0.0,0.0,MEDIUM
CVE-2025-1024,vulnerability,CWE-287,4.8,1.7,122.0,,,1,,,MEDIUM
CVE-2024-28776,through,CWE-79,5.4,2.3,47.0,,,0,,,MEDIUM
CVE-2024-53974,versions,CWE-79,5.4,2.3,328.0,0.0,0.0,0,1.0,0.0,MEDIUM
CVE-2025-20059,vulnerability,CWE-23,9.1,3.9,123.0,,,0,,,CRITICAL
CVE-2025-27088,aws,CWE-79,8.2,2.8,1.0,0.0,0.0,1,0.0,0.0,HIGH
CVE-2024-55156,vulnerability,CWE-134,5.5,2.1,124.0,,,0,,,MEDIUM
CVE-2025-27108,for,CWE-79,7.3,3.9,20.0,,,0,,,HIGH
CVE-2025-27109,declarative,CWE-79,7.3,3.9,2.0,0.0,0.0,0,1.0,0.0,HIGH
CVE-2025-25460,stored,CWE-79,4.8,1.7,35.0,,,1,,,MEDIUM
CVE-2024-57026,vulnerable,CWE-79,6.1,2.8,40.0,,,1,,,MEDIUM
CVE-2025-27145,copyparty,CWE-79,3.6,1.0,1.0,517.0,517.0,1,10.0,7.67,LOW
CVE-2025-27148,build,CWE-378,8.8,2.0,1.0,498.0,498.0,0,3.0,1.33,HIGH
CVE-2025-0719,for,CWE-79,6.1,2.8,21.0,,,0,,,MEDIUM
CVE-2024-46226,stored,CWE-79,4.8,1.7,36.0,,,0,,,MEDIUM
CVE-2025-1686,the,CWE-73,6.8,2.3,57.0,0.0,0.0,1,0.0,0.0,MEDIUM
CVE-2024-5848,reflected,CWE-79,6.1,2.8,26.0,,,0,,,MEDIUM
CVE-2024-9285,vulnerability,CWE-79,4.3,2.8,124.0,,,0,,,MEDIUM
CVE-2025-22491,user,CWE-79,6.7,0.8,2.0,,,0,,,MEDIUM
CVE-2025-1746,vulnerability,CWE-79,6.1,2.8,125.0,,,0,,,MEDIUM
CVE-2025-0160,through,CWE-114,8.1,2.2,48.0,,,0,,,HIGH
CVE-2025-25476,stored,CWE-79,5.4,2.3,37.0,,,1,,,MEDIUM
CVE-2024-53382,through,CWE-94,4.9,1.8,49.0,,,1,,,MEDIUM
CVE-2024-53386,through,CWE-94,4.9,1.8,50.0,,,1,,,MEDIUM
CVE-2024-54179,and,CWE-79,5.4,2.3,48.0,,,0,,,MEDIUM
CVE-2024-10904,stored,CWE-79,4.8,1.7,38.0,,,0,,,MEDIUM
CVE-2024-51942,stored,CWE-79,4.8,1.7,39.0,,,0,,,MEDIUM
CVE-2024-51944,stored,CWE-79,4.8,1.7,40.0,,,0,,,MEDIUM
CVE-2024-51945,stored,CWE-79,4.8,1.7,41.0,,,0,,,MEDIUM
CVE-2024-51946,stored,CWE-79,4.8,1.7,42.0,,,0,,,MEDIUM
CVE-2024-51947,stored,CWE-79,4.8,1.7,43.0,,,0,,,MEDIUM
CVE-2024-51948,stored,CWE-79,4.8,1.7,44.0,,,0,,,MEDIUM
CVE-2024-51949,stored,CWE-79,4.8,1.7,45.0,,,0,,,MEDIUM
CVE-2024-51950,stored,CWE-79,4.8,1.7,46.0,,,0,,,MEDIUM
CVE-2024-51951,stored,CWE-79,4.8,1.7,47.0,,,0,,,MEDIUM
CVE-2024-51952,stored,CWE-79,4.8,1.7,48.0,,,0,,,MEDIUM
CVE-2024-51953,stored,CWE-79,4.8,1.7,49.0,,,0,,,MEDIUM
CVE-2024-51956,stored,CWE-79,4.8,1.7,50.0,,,0,,,MEDIUM
CVE-2024-51957,stored,CWE-79,4.8,1.7,51.0,,,0,,,MEDIUM
CVE-2024-51959,stored,CWE-79,4.8,1.7,52.0,,,0,,,MEDIUM
CVE-2024-51960,stored,CWE-79,4.8,1.7,53.0,,,0,,,MEDIUM
CVE-2024-51963,stored,CWE-79,4.8,1.7,54.0,,,0,,,MEDIUM
CVE-2024-5888,stored,CWE-79,4.8,1.7,55.0,,,0,,,MEDIUM
CVE-2024-55064,scripting,CWE-79,5.4,2.3,12.0,,,0,,,MEDIUM
CVE-2025-1695,before,CWE-835,5.3,3.9,21.0,0.0,0.0,0,0.0,0.0,MEDIUM
CVE-2025-1934,was,NVD-CWE-Other,6.5,2.8,6.0,0.0,0.0,0,0.0,0.0,MEDIUM
CVE-2025-26091,vulnerability,CWE-79,4.6,2.1,124.0,,,1,,,MEDIUM
CVE-2025-26202,vulnerability,CWE-79,4.3,1.2,125.0,,,0,,,MEDIUM
CVE-2024-5667,plugins,CWE-79,6.4,3.1,2.0,,,0,,,MEDIUM
CVE-2023-38693,simply,CWE-611,9.8,3.9,1.0,0.0,0.0,0,0.0,0.0,CRITICAL
CVE-2025-2150,from,CWE-79,5.4,2.3,6.0,,,0,,,MEDIUM
CVE-2024-55199,vulnerability,CWE-79,5.4,2.3,124.0,,,1,,,MEDIUM
CVE-2025-0062,allows,CWE-79,4.7,1.6,12.0,0.0,0.0,0,0.0,0.0,MEDIUM
CVE-2025-26659,does,CWE-79,6.1,2.8,8.0,,,0,,,MEDIUM
CVE-2025-27431,management,CWE-79,5.4,2.3,1.0,,,0,,,MEDIUM
CVE-2024-56338,through,CWE-79,4.8,1.7,51.0,,,0,,,MEDIUM
CVE-2025-25929,reflected,CWE-79,5.4,2.3,24.0,,,1,,,MEDIUM
CVE-2025-27789,compiler,CWE-1333,6.2,2.5,1.0,0.0,0.0,0,0.0,0.0,MEDIUM
CVE-2025-27914,issue,CWE-79,5.4,2.3,33.0,0.0,0.0,0,0.0,0.0,MEDIUM
CVE-2025-27915,issue,CWE-79,5.4,2.3,34.0,0.0,0.0,1,0.0,0.0,MEDIUM
CVE-2025-26260,vulnerable,CWE-94,8.8,2.8,38.0,,,1,,,HIGH
CVE-2025-25625,stored,CWE-79,5.4,2.3,55.0,,,0,,,MEDIUM
CVE-2025-28010,scripting,CWE-79,5.4,2.3,12.0,,,1,,,MEDIUM
CVE-2025-25363,authenticated,CWE-80,6.5,2.3,4.0,,,0,,,MEDIUM
CVE-2025-26626,handles,CWE-79,6.5,2.8,1.0,0.0,0.0,0,0.0,0.0,MEDIUM
CVE-2025-1888,within,CWE-79,4.6,2.1,1.0,,,0,,,MEDIUM
CVE-2025-25612,prior,CWE-79,7.1,1.2,2.0,0.0,0.0,0,2.0,0.0,HIGH
CVE-2025-30143,version,CWE-79,5.4,2.2,8.0,0.0,0.0,0,0.0,0.0,MEDIUM
CVE-2025-2495,vulnerability,CWE-79,5.4,2.3,137.0,,,0,,,MEDIUM
CVE-2025-29907,library,CWE-400,7.5,3.9,12.0,481.0,481.0,1,7.0,5.83,HIGH
CVE-2024-53970,versions,CWE-79,5.4,2.3,286.0,0.0,0.0,0,1.0,0.0,MEDIUM
CVE-2024-55009,reflected,CWE-79,6.1,2.8,25.0,,,1,,,MEDIUM
CVE-2024-0640,stored,CWE-79,4.8,1.7,56.0,,,1,,,MEDIUM
CVE-2024-10727,reflected,CWE-79,6.1,2.8,26.0,,,1,,,MEDIUM
CVE-2024-11850,stored,CWE-79,5.4,2.3,57.0,,,1,,,MEDIUM
CVE-2024-12374,stored,CWE-79,6.1,2.8,58.0,,,1,,,MEDIUM
CVE-2024-12870,stored,CWE-79,5.4,2.3,59.0,,,0,,,MEDIUM
CVE-2024-4023,stored,CWE-79,8.1,2.8,60.0,,,1,,,HIGH
CVE-2024-6986,vulnerability,CWE-79,5.4,2.3,142.0,,,1,,,MEDIUM
CVE-2024-7044,vulnerability,CWE-79,8.9,2.3,143.0,,,1,,,HIGH
CVE-2024-8029,vulnerability,CWE-79,6.1,2.8,145.0,,,1,,,MEDIUM
CVE-2024-8101,stored,CWE-79,6.1,2.8,61.0,,,1,,,MEDIUM
CVE-2024-8400,stored,CWE-79,5.4,2.3,62.0,,,1,,,MEDIUM
CVE-2024-8556,stored,CWE-79,6.1,2.8,63.0,,,1,,,MEDIUM
CVE-2024-8998,vulnerability,CWE-1333,7.5,3.9,146.0,,,1,,,HIGH
CVE-2024-9107,stored,CWE-79,5.4,2.3,64.0,,,1,,,MEDIUM
CVE-2024-9311,vulnerability,CWE-352,6.1,2.8,147.0,,,1,,,MEDIUM
CVE-2024-9699,vulnerability,CWE-79,5.4,2.3,148.0,,,0,,,MEDIUM
CVE-2024-9900,version,CWE-79,6.1,2.8,12.0,0.0,0.0,1,0.0,0.0,MEDIUM
CVE-2025-0281,stored,CWE-79,5.4,2.3,65.0,,,1,,,MEDIUM
CVE-2024-48591,vulnerable,CWE-79,6.1,2.8,39.0,,,0,,,MEDIUM
CVE-2025-30342,issue,CWE-79,5.4,2.3,35.0,0.0,0.0,1,0.0,0.0,MEDIUM
CVE-2025-2597,version,CWE-79,6.1,2.8,13.0,0.0,0.0,0,0.0,0.0,MEDIUM
CVE-2019-16151,improper,CWE-79,4.7,2.8,2.0,,,0,,,MEDIUM
CVE-2025-30349,through,CWE-79,7.2,3.9,51.0,,,0,,,HIGH
CVE-2024-55279,through,CWE-79,6.0,1.8,52.0,,,1,,,MEDIUM
CVE-2025-30219,messaging,CWE-79,6.1,0.8,2.0,0.0,0.0,0,0.0,0.0,MEDIUM
CVE-2024-11847,plugin,CWE-79,4.8,1.7,20.0,,,1,,,MEDIUM
CVE-2025-27404,open,CWE-79,7.6,1.0,27.0,,,0,,,HIGH
CVE-2025-27405,open,CWE-79,7.6,1.0,28.0,,,0,,,HIGH
CVE-2025-27406,the,CWE-79,7.6,1.0,57.0,0.0,0.0,0,0.0,0.0,HIGH
CVE-2025-27609,open,CWE-79,5.4,2.3,29.0,,,0,,,MEDIUM
CVE-2025-26619,visualization,CWE-79,6.1,2.8,1.0,0.0,0.0,1,0.0,0.0,MEDIUM
CVE-2021-24008,exposure,CWE-200,5.3,3.9,1.0,0.0,0.0,0,0.0,0.0,MEDIUM
CVE-2025-2868,vulnerability,CWE-79,6.1,2.8,147.0,,,0,,,MEDIUM
CVE-2025-2869,vulnerability,CWE-79,6.1,2.8,148.0,,,0,,,MEDIUM
CVE-2025-2870,vulnerability,CWE-79,6.1,2.8,149.0,,,0,,,MEDIUM
CVE-2025-3019,affected,CWE-79,7.2,3.9,3.0,367.0,367.0,0,0.0,1.25,HIGH
CVE-2025-31629,vulnerability,CWE-79,6.5,2.3,150.0,,,0,,,MEDIUM
CVE-2025-30223,web,CWE-79,9.3,2.8,8.0,,,1,,,CRITICAL
CVE-2025-31125,frontend,CWE-200,5.3,1.6,4.0,0.0,0.0,1,0.0,0.0,MEDIUM
CVE-2025-31129,web,CWE-502,8.8,2.8,9.0,,,0,,,HIGH
CVE-2025-3028,code,CWE-416,6.5,3.9,1.0,,,1,,,MEDIUM
CVE-2024-45699,endpoint,CWE-79,5.4,2.3,1.0,,,0,,,MEDIUM
CVE-2025-30090,through,CWE-79,7.2,3.9,51.0,,,0,,,HIGH
CVE-2024-56341,and,CWE-79,5.4,2.3,38.0,,,0,,,MEDIUM
CVE-2024-56475,for,CWE-79,5.4,2.3,23.0,,,0,,,MEDIUM
CVE-2024-9416,plugin,CWE-79,6.4,3.1,21.0,,,0,,,MEDIUM
CVE-2025-31486,frontend,CWE-200,5.3,1.6,5.0,0.0,0.0,0,0.0,0.0,MEDIUM
CVE-2024-11071,with,CWE-352,8.8,2.8,5.0,0.0,0.0,0,0.0,0.0,HIGH
CVE-2025-2251,security,CWE-502,6.2,0.7,5.0,0.0,0.0,0,0.0,0.0,MEDIUM
CVE-2025-31475,compliant,CWE-1321,5.5,2.3,1.0,,,0,,,MEDIUM
CVE-2025-31476,compliant,CWE-79,4.8,1.7,2.0,,,0,,,MEDIUM
CVE-2025-3391,vulnerability,CWE-79,3.5,2.1,151.0,,,1,,,LOW
CVE-2025-26653,does,CWE-79,4.7,1.6,9.0,,,0,,,MEDIUM
CVE-2025-30166,provides,CWE-79,4.8,1.7,7.0,0.0,0.0,0,0.0,0.0,MEDIUM
CVE-2025-22855,improper,CWE-79,2.7,1.2,3.0,,,0,,,LOW
CVE-2025-22465,before,CWE-79,6.1,2.8,17.0,0.0,0.0,0,0.0,0.0,MEDIUM
CVE-2025-27205,versions,CWE-79,5.4,2.3,284.0,0.0,0.0,0,1.0,0.0,MEDIUM
CVE-2025-30292,versions,CWE-79,6.1,2.8,285.0,0.0,0.0,0,1.0,0.0,MEDIUM
CVE-2023-33844,vulnerable,CWE-79,5.4,2.3,37.0,,,0,,,MEDIUM
CVE-2025-32379,expressive,CWE-79,5.0,1.6,1.0,151.0,151.0,0,3.0,0.67,MEDIUM
CVE-2025-30148,framework,CWE-79,5.4,2.8,8.0,,,0,,,MEDIUM
CVE-2023-42007,and,CWE-79,5.4,2.3,38.0,,,0,,,MEDIUM
CVE-2025-3423,through,CWE-79,5.4,2.3,46.0,,,0,,,MEDIUM
CVE-2022-43850,through,CWE-79,5.4,2.3,47.0,,,0,,,MEDIUM
CVE-2025-21587,the,CWE-284,7.4,2.2,57.0,0.0,0.0,0,0.0,0.0,HIGH
CVE-2025-30691,versions,CWE-284,4.8,2.2,273.0,0.0,0.0,0,1.0,0.0,MEDIUM
CVE-2025-30698,the,CWE-284,5.6,2.2,58.0,0.0,0.0,0,0.0,0.0,MEDIUM
CVE-2025-30736,the,CWE-284,7.4,2.2,59.0,0.0,0.0,0,0.0,0.0,HIGH
CVE-2025-24297,lack,CWE-79,9.8,3.9,1.0,0.0,0.0,0,0.0,0.0,CRITICAL
CVE-2025-43708,allows,CWE-674,3.3,1.8,12.0,0.0,0.0,1,0.0,0.0,LOW
CVE-2025-3760,stored,CWE-79,5.4,2.3,61.0,,,0,,,MEDIUM
CVE-2025-25427,stored,CWE-79,5.4,2.3,62.0,,,1,,,MEDIUM
CVE-2020-36844,application,CWE-79,6.1,2.8,17.0,0.0,0.0,1,0.0,0.0,MEDIUM
CVE-2024-42699,vulnerability,CWE-79,6.5,2.2,152.0,,,1,,,MEDIUM
CVE-2025-32951,set,CWE-79,6.4,3.1,2.0,,,0,,,MEDIUM
CVE-2025-32960,performs,CWE-79,6.4,3.1,1.0,,,0,,,MEDIUM
CVE-2025-32961,web,CWE-79,6.4,3.1,10.0,,,0,,,MEDIUM
CVE-2025-26159,vulnerable,CWE-79,6.1,2.8,37.0,,,0,,,MEDIUM
CVE-2025-2703,plugin,CWE-79,6.8,2.1,21.0,,,0,,,MEDIUM
CVE-2025-29526,vulnerability,CWE-79,6.1,2.8,153.0,,,0,,,MEDIUM
CVE-2022-44760,default,CWE-434,4.6,2.1,2.0,,,0,,,MEDIUM
CVE-2025-2986,vulnerable,CWE-79,5.5,2.3,38.0,,,0,,,MEDIUM
CVE-2025-46654,through,CWE-424,4.9,1.8,45.0,,,1,,,MEDIUM
CVE-2025-46655,through,CWE-424,4.9,1.8,46.0,,,0,,,MEDIUM
CVE-2025-3706,from,CWE-79,6.1,2.8,7.0,,,0,,,MEDIUM
CVE-2023-42404,before,CWE-94,4.9,1.8,17.0,0.0,0.0,0,0.0,0.0,MEDIUM
CVE-2024-11922,input,CWE-79,6.3,2.8,1.0,0.0,0.0,0,0.0,0.0,MEDIUM
CVE-2025-46338,audiobook,CWE-79,6.1,2.8,1.0,33.0,33.0,1,1.0,0.0,MEDIUM
CVE-2025-46343,workflow,CWE-79,5.0,0.8,1.0,0.0,0.0,0,0.0,0.0,MEDIUM
CVE-2025-3929,issue,CWE-79,6.1,2.8,36.0,0.0,0.0,0,0.0,0.0,MEDIUM
CVE-2025-4083,process,CWE-653,9.1,3.9,1.0,,,0,,,CRITICAL
CVE-2025-1551,and,CWE-79,6.1,2.8,38.0,,,0,,,MEDIUM
CVE-2025-40615,vulnerability,CWE-79,6.1,2.8,154.0,,,0,,,MEDIUM
CVE-2025-40616,vulnerability,CWE-79,6.1,2.8,155.0,,,0,,,MEDIUM
CVE-2025-46346,wiki,CWE-79,5.4,2.3,2.0,458.0,458.0,1,6.0,0.5,MEDIUM
CVE-2025-45007,vulnerability,CWE-79,4.8,1.7,156.0,,,1,,,MEDIUM
CVE-2025-45015,vulnerability,CWE-79,6.1,2.8,157.0,,,1,,,MEDIUM
CVE-2025-46558,allows,CWE-79,9.0,2.3,14.0,0.0,0.0,1,0.0,0.0,CRITICAL
CVE-2022-27562,default,CWE-434,4.6,2.1,3.0,,,0,,,MEDIUM
CVE-2022-42449,default,CWE-434,4.6,2.1,4.0,,,0,,,MEDIUM
CVE-2024-11390,upload,CWE-434,5.4,2.3,1.0,0.0,0.0,0,0.0,0.0,MEDIUM
CVE-2025-46565,frontend,CWE-22,5.3,3.9,6.0,0.0,0.0,1,0.0,0.0,MEDIUM
CVE-2025-4178,vulnerability,CWE-22,5.4,2.8,156.0,,,1,,,MEDIUM
CVE-2024-13419,plugins,CWE-862,6.4,3.1,3.0,,,0,,,MEDIUM
CVE-2025-47201,before,CWE-79,4.4,1.3,18.0,0.0,0.0,0,0.0,0.0,MEDIUM
CVE-2024-41753,for,CWE-79,6.1,2.8,25.0,,,0,,,MEDIUM
CVE-2025-46571,artificial,CWE-79,5.4,2.3,1.0,0.0,0.0,1,0.0,0.0,MEDIUM
CVE-2025-46734,scripting,CWE-79,6.4,3.1,12.0,,,0,,,MEDIUM
CVE-2025-4388,reflected,CWE-79,6.1,2.8,25.0,,,0,,,MEDIUM
CVE-2025-46824,allows,CWE-79,3.1,1.6,15.0,0.0,0.0,0,0.0,0.0,LOW
CVE-2025-28073,before,CWE-79,6.1,2.8,19.0,0.0,0.0,0,0.0,0.0,MEDIUM
CVE-2025-28074,before,CWE-79,6.1,2.8,20.0,0.0,0.0,0,0.0,0.0,MEDIUM
CVE-2025-3597,plugin,NVD-CWE-noinfo,5.9,1.7,22.0,,,1,,,MEDIUM
CVE-2025-40626,vulnerability,CWE-79,6.1,2.8,153.0,,,0,,,MEDIUM
CVE-2025-40627,vulnerability,CWE-79,6.1,2.8,154.0,,,0,,,MEDIUM
CVE-2025-46825,project,CWE-79,5.4,2.3,5.0,,,1,,,MEDIUM
CVE-2025-30009,uses,CWE-79,6.1,2.8,3.0,,,0,,,MEDIUM
CVE-2025-30010,uses,CWE-601,6.1,2.8,4.0,,,0,,,MEDIUM
CVE-2025-30011,uses,CWE-497,5.3,3.9,5.0,,,0,,,MEDIUM
CVE-2025-30012,uses,CWE-502,10.0,3.9,6.0,,,0,,,CRITICAL
CVE-2025-32917,escalation,CWE-427,8.8,2.8,1.0,,,0,,,HIGH
CVE-2025-30314,versions,CWE-79,6.1,2.8,274.0,0.0,0.0,0,1.0,0.0,MEDIUM
CVE-2025-30315,versions,CWE-79,6.1,2.8,275.0,0.0,0.0,0,1.0,0.0,MEDIUM
CVE-2025-30316,versions,CWE-79,5.4,2.3,276.0,0.0,0.0,0,1.0,0.0,MEDIUM
CVE-2025-43567,versions,CWE-79,9.3,2.8,277.0,0.0,0.0,0,1.0,0.0,CRITICAL
CVE-2024-57273,beta,CWE-79,5.4,2.3,1.0,,,1,,,MEDIUM
CVE-2025-3909,handling,CWE-356,8.1,2.8,1.0,307.0,307.0,0,0.0,0.08,HIGH
CVE-2025-33104,and,CWE-79,4.4,1.3,36.0,,,0,,,MEDIUM
CVE-2024-45516,issue,CWE-79,6.1,2.8,27.0,0.0,0.0,0,0.0,0.0,MEDIUM
CVE-2025-44024,vulnerability,CWE-79,6.1,2.8,153.0,,,0,,,MEDIUM
CVE-2025-4126,plugin,CWE-80,6.4,3.1,23.0,,,0,,,MEDIUM
CVE-2024-13914,plugin,CWE-22,7.2,1.2,24.0,,,0,,,HIGH
CVE-2025-3440,vulnerable,CWE-79,5.5,2.3,38.0,,,0,,,MEDIUM
CVE-2024-8090,plugin,CWE-352,6.1,2.8,25.0,,,1,,,MEDIUM
CVE-2024-8673,plugin,NVD-CWE-noinfo,9.1,3.9,26.0,,,1,,,CRITICAL
CVE-2025-47786,open,CWE-79,4.8,1.7,28.0,,,1,,,MEDIUM
CVE-2025-40631,host,CWE-644,6.1,2.8,2.0,,,0,,,MEDIUM
CVE-2025-40632,scripting,CWE-79,6.1,2.8,11.0,,,0,,,MEDIUM
CVE-2025-4918,attacker,CWE-125,9.8,3.9,4.0,,,1,,,CRITICAL
CVE-2025-4919,attacker,CWE-125,8.8,2.8,5.0,,,0,,,HIGH
CVE-2025-44108,stored,CWE-79,4.8,1.7,60.0,,,1,,,MEDIUM
CVE-2025-26621,open,CWE-94,7.6,2.3,29.0,,,0,,,HIGH
CVE-2025-47946,initiative,CWE-79,6.1,2.8,1.0,,,0,,,MEDIUM
CVE-2024-5878,plugins,CWE-79,6.4,3.1,4.0,,,0,,,MEDIUM
CVE-2025-45754,stored,CWE-79,5.4,2.3,61.0,,,1,,,MEDIUM
CVE-2025-4123,scripting,CWE-79,7.6,2.8,11.0,,,0,,,HIGH
CVE-2025-48366,enterprise,CWE-79,5.4,2.3,1.0,0.0,0.0,0,0.0,0.0,MEDIUM
CVE-2025-48368,enterprise,CWE-79,5.4,2.3,2.0,0.0,0.0,1,0.0,0.0,MEDIUM
CVE-2025-48369,enterprise,CWE-79,5.4,2.3,3.0,0.0,0.0,1,0.0,0.0,MEDIUM
CVE-2024-7103,reflected,CWE-79,4.6,2.1,25.0,,,0,,,MEDIUM
CVE-2024-5962,reflected,CWE-79,6.1,2.8,26.0,,,0,,,MEDIUM
CVE-2025-48373,school,CWE-863,9.1,3.9,1.0,,,0,,,CRITICAL
CVE-2025-4692,can,CWE-266,6.8,2.1,3.0,0.0,0.0,0,0.0,0.0,MEDIUM
CVE-2025-32794,free,CWE-79,7.6,2.3,13.0,0.0,0.0,1,0.0,0.0,HIGH
CVE-2025-43860,free,CWE-79,7.6,2.3,14.0,0.0,0.0,1,0.0,0.0,HIGH
CVE-2025-44998,stored,CWE-79,6.1,2.8,62.0,,,1,,,MEDIUM
CVE-2025-23392,vulnerability,CWE-80,5.2,0.9,151.0,,,0,,,MEDIUM
CVE-2025-23393,vulnerability,CWE-80,5.2,0.9,152.0,,,0,,,MEDIUM
CVE-2024-45094,and,CWE-79,5.5,2.3,36.0,,,0,,,MEDIUM
CVE-2025-48734,vulnerability,CWE-284,8.8,2.8,152.0,,,0,,,HIGH
CVE-2025-31500,through,CWE-79,7.2,3.9,41.0,,,0,,,HIGH
CVE-2025-31501,through,CWE-79,7.2,3.9,42.0,,,0,,,HIGH
CVE-2025-48483,free,CWE-79,5.4,2.3,15.0,0.0,0.0,1,0.0,0.0,MEDIUM
CVE-2025-48488,free,CWE-79,5.4,2.3,16.0,0.0,0.0,1,0.0,0.0,MEDIUM
CVE-2025-48875,free,CWE-79,5.4,2.3,17.0,0.0,0.0,1,0.0,0.0,MEDIUM
CVE-2025-1484,vulnerability,CWE-184,6.5,2.3,153.0,,,0,,,MEDIUM
CVE-2025-25044,and,CWE-79,5.4,2.3,33.0,,,0,,,MEDIUM
CVE-2025-2896,and,CWE-79,4.8,1.7,34.0,,,0,,,MEDIUM
CVE-2025-47289,free,CWE-1004,6.3,2.1,18.0,0.0,0.0,0,0.0,0.0,MEDIUM
CVE-2025-48494,file,CWE-79,5.4,2.3,4.0,0.0,0.0,0,0.0,0.0,MEDIUM
CVE-2024-40114,vulnerability,CWE-79,6.1,2.8,154.0,,,1,,,MEDIUM
CVE-2024-3509,stored,CWE-79,4.3,1.2,63.0,,,0,,,MEDIUM
CVE-2024-8008,reflected,CWE-79,5.2,2.1,27.0,,,0,,,MEDIUM
CVE-2025-20297,versions,CWE-79,4.3,2.8,278.0,0.0,0.0,0,1.0,0.0,MEDIUM
CVE-2025-46548,you,CWE-287,6.5,3.9,1.0,0.0,0.0,1,0.0,0.0,MEDIUM
CVE-2025-35036,before,CWE-94,7.3,3.9,21.0,0.0,0.0,0,0.0,0.0,HIGH
CVE-2025-24015,and,CWE-347,5.3,3.9,35.0,,,1,,,MEDIUM
CVE-2025-27444,reflected,CWE-79,4.8,1.7,28.0,,,0,,,MEDIUM
CVE-2025-20275,vulnerability,CWE-502,5.3,1.8,155.0,,,0,,,MEDIUM
CVE-2025-20276,vulnerability,CWE-502,3.8,1.2,156.0,,,0,,,LOW
CVE-2025-31136,feed,CWE-79,6.7,1.2,1.0,,,1,,,MEDIUM
CVE-2025-48888,and,CWE-863,5.3,3.9,36.0,,,1,,,MEDIUM
CVE-2025-48934,and,CWE-201,5.3,3.9,37.0,,,1,,,MEDIUM
CVE-2025-48935,and,CWE-863,9.1,3.9,38.0,,,1,,,CRITICAL
CVE-2025-27754,stored,CWE-79,6.5,2.2,64.0,,,0,,,MEDIUM
CVE-2025-30084,stored,CWE-79,6.1,2.8,65.0,,,0,,,MEDIUM
CVE-2025-40675,vulnerability,CWE-79,6.1,2.8,153.0,,,0,,,MEDIUM
CVE-2025-45055,contains,CWE-79,5.4,2.3,4.0,,,1,,,MEDIUM
CVE-2025-46178,vulnerability,CWE-79,6.1,2.8,155.0,,,0,,,MEDIUM
CVE-2025-46041,stored,CWE-79,5.4,2.3,64.0,,,1,,,MEDIUM
CVE-2025-49137,allows,CWE-79,8.5,3.1,16.0,0.0,0.0,1,0.0,0.0,HIGH
CVE-2025-31325,vulnerability,CWE-79,5.8,3.9,156.0,,,0,,,MEDIUM
CVE-2025-27818,possible,CWE-502,8.8,2.8,2.0,0.0,0.0,0,0.0,0.0,HIGH
CVE-2024-29198,open,CWE-918,7.5,3.9,29.0,,,0,,,HIGH
CVE-2025-47110,versions,CWE-79,8.4,1.7,279.0,0.0,0.0,0,1.0,0.0,HIGH
CVE-2024-41504,vulnerable,CWE-79,6.1,2.8,36.0,,,1,,,MEDIUM
CVE-2025-46837,versions,CWE-79,8.7,2.3,280.0,0.0,0.0,0,1.0,0.0,HIGH
CVE-2025-46838,versions,CWE-79,5.4,2.3,281.0,0.0,0.0,0,1.0,0.0,MEDIUM
CVE-2025-46841,versions,CWE-79,5.4,2.3,282.0,0.0,0.0,0,1.0,0.0,MEDIUM
CVE-2025-46842,versions,CWE-79,5.4,2.3,283.0,0.0,0.0,0,1.0,0.0,MEDIUM
CVE-2025-46843,versions,CWE-79,5.4,2.3,284.0,0.0,0.0,0,1.0,0.0,MEDIUM
CVE-2025-46844,versions,CWE-79,5.4,2.3,285.0,0.0,0.0,0,1.0,0.0,MEDIUM
CVE-2025-46845,versions,CWE-79,5.4,2.3,286.0,0.0,0.0,0,1.0,0.0,MEDIUM
CVE-2025-46846,versions,CWE-79,5.4,2.3,287.0,0.0,0.0,0,1.0,0.0,MEDIUM
CVE-2025-46847,versions,CWE-79,5.4,2.3,288.0,0.0,0.0,0,1.0,0.0,MEDIUM
CVE-2025-46848,versions,CWE-79,5.4,2.3,289.0,0.0,0.0,0,1.0,0.0,MEDIUM
CVE-2025-46850,versions,CWE-79,5.4,2.3,290.0,0.0,0.0,0,1.0,0.0,MEDIUM
CVE-2025-46851,versions,CWE-79,5.4,2.3,291.0,0.0,0.0,0,1.0,0.0,MEDIUM
CVE-2025-46853,versions,CWE-79,5.4,2.3,292.0,0.0,0.0,0,1.0,0.0,MEDIUM
CVE-2025-46854,versions,CWE-79,5.4,2.3,293.0,0.0,0.0,0,1.0,0.0,MEDIUM
CVE-2025-46855,versions,CWE-79,5.4,2.3,294.0,0.0,0.0,0,1.0,0.0,MEDIUM
CVE-2025-46857,versions,CWE-79,5.4,2.3,295.0,0.0,0.0,0,1.0,0.0,MEDIUM
CVE-2025-46858,versions,CWE-79,5.4,2.3,296.0,0.0,0.0,0,1.0,0.0,MEDIUM
CVE-2025-46859,versions,CWE-79,5.4,2.3,297.0,0.0,0.0,0,1.0,0.0,MEDIUM
CVE-2025-46860,versions,CWE-79,5.4,2.3,298.0,0.0,0.0,0,1.0,0.0,MEDIUM
CVE-2025-46861,versions,CWE-79,5.4,2.3,299.0,0.0,0.0,0,1.0,0.0,MEDIUM
CVE-2025-46862,versions,CWE-79,5.4,2.3,300.0,0.0,0.0,0,1.0,0.0,MEDIUM
CVE-2025-46863,versions,CWE-79,5.4,2.3,301.0,0.0,0.0,0,1.0,0.0,MEDIUM
CVE-2025-46864,versions,CWE-79,5.4,2.3,302.0,0.0,0.0,0,1.0,0.0,MEDIUM
CVE-2025-46865,versions,CWE-79,5.4,2.3,303.0,0.0,0.0,0,1.0,0.0,MEDIUM
CVE-2025-46866,versions,CWE-79,5.4,2.3,304.0,0.0,0.0,0,1.0,0.0,MEDIUM
CVE-2025-46870,versions,CWE-79,5.4,2.3,305.0,0.0,0.0,0,1.0,0.0,MEDIUM
CVE-2025-46871,versions,CWE-79,5.4,2.3,306.0,0.0,0.0,0,1.0,0.0,MEDIUM
CVE-2025-46872,versions,CWE-79,5.4,2.3,307.0,0.0,0.0,0,1.0,0.0,MEDIUM
CVE-2025-46873,versions,CWE-79,5.4,2.3,308.0,0.0,0.0,0,1.0,0.0,MEDIUM
CVE-2025-46874,versions,CWE-79,5.4,2.3,309.0,0.0,0.0,0,1.0,0.0,MEDIUM
CVE-2025-46875,versions,CWE-79,5.4,2.3,310.0,0.0,0.0,0,1.0,0.0,MEDIUM
CVE-2025-46876,versions,CWE-79,5.4,2.3,311.0,0.0,0.0,0,1.0,0.0,MEDIUM
CVE-2025-46877,versions,CWE-79,5.4,2.3,312.0,0.0,0.0,0,1.0,0.0,MEDIUM
CVE-2025-46878,versions,CWE-79,5.4,2.3,313.0,0.0,0.0,0,1.0,0.0,MEDIUM
CVE-2025-46879,versions,CWE-79,5.4,2.3,314.0,0.0,0.0,0,1.0,0.0,MEDIUM
CVE-2025-46880,versions,CWE-79,5.4,2.3,315.0,0.0,0.0,0,1.0,0.0,MEDIUM
CVE-2025-46881,versions,CWE-79,5.4,2.3,316.0,0.0,0.0,0,1.0,0.0,MEDIUM
CVE-2025-46882,versions,CWE-79,5.4,2.3,317.0,0.0,0.0,0,1.0,0.0,MEDIUM
CVE-2025-46883,versions,CWE-79,5.4,2.3,318.0,0.0,0.0,0,1.0,0.0,MEDIUM
CVE-2025-46884,versions,CWE-79,4.8,1.7,319.0,0.0,0.0,0,1.0,0.0,MEDIUM
CVE-2025-46885,versions,CWE-79,5.4,2.3,320.0,0.0,0.0,0,1.0,0.0,MEDIUM
CVE-2025-46886,versions,CWE-79,5.4,2.3,321.0,0.0,0.0,0,1.0,0.0,MEDIUM
CVE-2025-46887,versions,CWE-79,5.4,2.3,322.0,0.0,0.0,0,1.0,0.0,MEDIUM
CVE-2025-46888,versions,CWE-79,5.4,2.3,323.0,0.0,0.0,0,1.0,0.0,MEDIUM
CVE-2025-46890,versions,CWE-79,5.4,2.3,324.0,0.0,0.0,0,1.0,0.0,MEDIUM
CVE-2025-46891,versions,CWE-79,5.4,2.3,325.0,0.0,0.0,0,1.0,0.0,MEDIUM
CVE-2025-46892,versions,CWE-79,5.4,2.3,326.0,0.0,0.0,0,1.0,0.0,MEDIUM
CVE-2025-46893,versions,CWE-79,5.4,2.3,327.0,0.0,0.0,0,1.0,0.0,MEDIUM
CVE-2025-46894,versions,CWE-79,5.4,2.3,328.0,0.0,0.0,0,1.0,0.0,MEDIUM
CVE-2025-46895,versions,CWE-79,5.4,2.3,329.0,0.0,0.0,0,1.0,0.0,MEDIUM
CVE-2025-46898,versions,CWE-79,5.4,2.3,330.0,0.0,0.0,0,1.0,0.0,MEDIUM
CVE-2025-46899,versions,CWE-79,5.4,2.3,331.0,0.0,0.0,0,1.0,0.0,MEDIUM
CVE-2025-46900,versions,CWE-79,5.4,2.3,332.0,0.0,0.0,0,1.0,0.0,MEDIUM
CVE-2025-46901,versions,CWE-79,5.4,2.3,333.0,0.0,0.0,0,1.0,0.0,MEDIUM
CVE-2025-46902,versions,CWE-79,5.4,2.3,334.0,0.0,0.0,0,1.0,0.0,MEDIUM
CVE-2025-46903,versions,CWE-79,5.4,2.3,335.0,0.0,0.0,0,1.0,0.0,MEDIUM
CVE-2025-46904,versions,CWE-79,5.4,2.3,336.0,0.0,0.0,0,1.0,0.0,MEDIUM
CVE-2025-46905,versions,CWE-79,5.4,2.3,337.0,0.0,0.0,0,1.0,0.0,MEDIUM
CVE-2025-46906,versions,CWE-79,5.4,2.3,338.0,0.0,0.0,0,1.0,0.0,MEDIUM
CVE-2025-46907,versions,CWE-79,5.4,2.3,339.0,0.0,0.0,0,1.0,0.0,MEDIUM
CVE-2025-46908,versions,CWE-79,5.4,2.3,340.0,0.0,0.0,0,1.0,0.0,MEDIUM
CVE-2025-46909,versions,CWE-79,5.4,2.3,341.0,0.0,0.0,0,1.0,0.0,MEDIUM
CVE-2025-46910,versions,CWE-79,5.4,2.3,342.0,0.0,0.0,0,1.0,0.0,MEDIUM
CVE-2025-46911,versions,CWE-79,4.8,1.7,343.0,0.0,0.0,0,1.0,0.0,MEDIUM
CVE-2025-46912,versions,CWE-79,5.4,2.3,344.0,0.0,0.0,0,1.0,0.0,MEDIUM
CVE-2025-46913,versions,CWE-79,4.8,1.7,345.0,0.0,0.0,0,1.0,0.0,MEDIUM
CVE-2025-46914,versions,CWE-79,5.4,2.3,346.0,0.0,0.0,0,1.0,0.0,MEDIUM
CVE-2025-46915,versions,CWE-79,5.4,2.3,347.0,0.0,0.0,0,1.0,0.0,MEDIUM
CVE-2025-46916,versions,CWE-79,5.4,2.3,348.0,0.0,0.0,0,1.0,0.0,MEDIUM
CVE-2025-46917,versions,CWE-79,5.4,2.3,349.0,0.0,0.0,0,1.0,0.0,MEDIUM
CVE-2025-46918,versions,CWE-79,5.4,2.3,350.0,0.0,0.0,0,1.0,0.0,MEDIUM
CVE-2025-46919,versions,CWE-79,5.4,2.3,351.0,0.0,0.0,0,1.0,0.0,MEDIUM
CVE-2025-46920,versions,CWE-79,4.6,2.1,352.0,0.0,0.0,0,1.0,0.0,MEDIUM
CVE-2025-46922,versions,CWE-79,5.4,2.3,353.0,0.0,0.0,0,1.0,0.0,MEDIUM
CVE-2025-46923,versions,CWE-79,5.4,2.3,354.0,0.0,0.0,0,1.0,0.0,MEDIUM
CVE-2025-46924,versions,CWE-79,5.4,2.3,355.0,0.0,0.0,0,1.0,0.0,MEDIUM
CVE-2025-46926,versions,CWE-79,5.4,2.3,356.0,0.0,0.0,0,1.0,0.0,MEDIUM
CVE-2025-46927,versions,CWE-79,5.4,2.3,357.0,0.0,0.0,0,1.0,0.0,MEDIUM
CVE-2025-46929,versions,CWE-79,5.4,2.3,358.0,0.0,0.0,0,1.0,0.0,MEDIUM
CVE-2025-46930,versions,CWE-79,5.4,2.3,359.0,0.0,0.0,0,1.0,0.0,MEDIUM
CVE-2025-46931,versions,CWE-79,5.4,2.3,360.0,0.0,0.0,0,1.0,0.0,MEDIUM
CVE-2025-46933,versions,CWE-79,5.4,2.3,361.0,0.0,0.0,0,1.0,0.0,MEDIUM
CVE-2025-46934,versions,CWE-79,5.4,2.3,362.0,0.0,0.0,0,1.0,0.0,MEDIUM
CVE-2025-46935,versions,CWE-79,5.4,2.3,363.0,0.0,0.0,0,1.0,0.0,MEDIUM
CVE-2025-46939,versions,CWE-79,5.4,2.3,364.0,0.0,0.0,0,1.0,0.0,MEDIUM
CVE-2025-46940,versions,CWE-79,5.4,2.3,365.0,0.0,0.0,0,1.0,0.0,MEDIUM
CVE-2025-46941,versions,CWE-79,5.4,2.3,366.0,0.0,0.0,0,1.0,0.0,MEDIUM
CVE-2025-46942,versions,CWE-79,5.4,2.3,367.0,0.0,0.0,0,1.0,0.0,MEDIUM
CVE-2025-46943,versions,CWE-79,5.4,2.3,368.0,0.0,0.0,0,1.0,0.0,MEDIUM
CVE-2025-46944,versions,CWE-79,5.4,2.3,369.0,0.0,0.0,0,1.0,0.0,MEDIUM
CVE-2025-46945,versions,CWE-79,5.4,2.3,370.0,0.0,0.0,0,1.0,0.0,MEDIUM
CVE-2025-46946,versions,CWE-79,5.4,2.3,371.0,0.0,0.0,0,1.0,0.0,MEDIUM
CVE-2025-46947,versions,CWE-79,5.4,2.3,372.0,0.0,0.0,0,1.0,0.0,MEDIUM
CVE-2025-46948,versions,CWE-79,5.4,2.3,373.0,0.0,0.0,0,1.0,0.0,MEDIUM
CVE-2025-46949,versions,CWE-79,5.4,2.3,374.0,0.0,0.0,0,1.0,0.0,MEDIUM
CVE-2025-46950,versions,CWE-79,5.4,2.3,375.0,0.0,0.0,0,1.0,0.0,MEDIUM
CVE-2025-46951,versions,CWE-79,5.4,2.3,376.0,0.0,0.0,0,1.0,0.0,MEDIUM
CVE-2025-46952,versions,CWE-79,5.4,2.8,377.0,0.0,0.0,0,1.0,0.0,MEDIUM
CVE-2025-46953,versions,CWE-79,5.4,2.3,378.0,0.0,0.0,0,1.0,0.0,MEDIUM
CVE-2025-46954,versions,CWE-79,5.4,2.3,379.0,0.0,0.0,0,1.0,0.0,MEDIUM
CVE-2025-46955,versions,CWE-79,5.4,2.3,380.0,0.0,0.0,0,1.0,0.0,MEDIUM
CVE-2025-46956,versions,CWE-79,5.4,2.3,381.0,0.0,0.0,0,1.0,0.0,MEDIUM
CVE-2025-46957,versions,CWE-79,5.4,2.3,382.0,0.0,0.0,0,1.0,0.0,MEDIUM
CVE-2025-46960,versions,CWE-79,5.4,2.3,383.0,0.0,0.0,0,1.0,0.0,MEDIUM
CVE-2025-46963,versions,CWE-79,5.4,2.3,384.0,0.0,0.0,0,1.0,0.0,MEDIUM
CVE-2025-46964,versions,CWE-79,5.4,2.3,385.0,0.0,0.0,0,1.0,0.0,MEDIUM
CVE-2025-46965,versions,CWE-79,5.4,2.3,386.0,0.0,0.0,0,1.0,0.0,MEDIUM
CVE-2025-46966,versions,CWE-79,5.4,2.3,387.0,0.0,0.0,0,1.0,0.0,MEDIUM
CVE-2025-46967,versions,CWE-79,5.4,2.3,388.0,0.0,0.0,0,1.0,0.0,MEDIUM
CVE-2025-46968,versions,CWE-79,5.4,2.3,389.0,0.0,0.0,0,1.0,0.0,MEDIUM
CVE-2025-46970,versions,CWE-79,5.4,2.3,390.0,0.0,0.0,0,1.0,0.0,MEDIUM
CVE-2025-46971,versions,CWE-79,5.4,2.3,391.0,0.0,0.0,0,1.0,0.0,MEDIUM
CVE-2025-46972,versions,CWE-79,5.4,2.3,392.0,0.0,0.0,0,1.0,0.0,MEDIUM
CVE-2025-46973,versions,CWE-79,5.4,2.3,393.0,0.0,0.0,0,1.0,0.0,MEDIUM
CVE-2025-46974,versions,CWE-79,5.4,2.3,394.0,0.0,0.0,0,1.0,0.0,MEDIUM
CVE-2025-46975,versions,CWE-79,5.4,2.3,395.0,0.0,0.0,0,1.0,0.0,MEDIUM
CVE-2025-46976,versions,CWE-79,5.4,2.3,396.0,0.0,0.0,0,1.0,0.0,MEDIUM
CVE-2025-46977,versions,CWE-79,5.4,2.3,397.0,0.0,0.0,0,1.0,0.0,MEDIUM
CVE-2025-46978,versions,CWE-79,5.4,2.3,398.0,0.0,0.0,0,1.0,0.0,MEDIUM
CVE-2025-46979,versions,CWE-79,5.4,2.3,399.0,0.0,0.0,0,1.0,0.0,MEDIUM
CVE-2025-46981,versions,CWE-79,5.4,2.3,400.0,0.0,0.0,0,1.0,0.0,MEDIUM
CVE-2025-46982,versions,CWE-79,5.4,2.3,401.0,0.0,0.0,0,1.0,0.0,MEDIUM
CVE-2025-46983,versions,CWE-79,5.4,2.3,402.0,0.0,0.0,0,1.0,0.0,MEDIUM
CVE-2025-46984,versions,CWE-79,5.4,2.3,403.0,0.0,0.0,0,1.0,0.0,MEDIUM
CVE-2025-46985,versions,CWE-79,5.4,2.3,404.0,0.0,0.0,0,1.0,0.0,MEDIUM
CVE-2025-46986,versions,CWE-79,5.4,2.3,405.0,0.0,0.0,0,1.0,0.0,MEDIUM
CVE-2025-46987,versions,CWE-79,5.4,2.3,406.0,0.0,0.0,0,1.0,0.0,MEDIUM
CVE-2025-46988,versions,CWE-79,5.4,2.3,407.0,0.0,0.0,0,1.0,0.0,MEDIUM
CVE-2025-46989,versions,CWE-79,5.4,2.3,408.0,0.0,0.0,0,1.0,0.0,MEDIUM
CVE-2025-46990,versions,CWE-79,5.4,2.3,409.0,0.0,0.0,0,1.0,0.0,MEDIUM
CVE-2025-46991,versions,CWE-79,5.4,2.3,410.0,0.0,0.0,0,1.0,0.0,MEDIUM
CVE-2025-46992,versions,CWE-79,5.4,2.3,411.0,0.0,0.0,0,1.0,0.0,MEDIUM
CVE-2025-46995,versions,CWE-79,5.4,2.3,412.0,0.0,0.0,0,1.0,0.0,MEDIUM
CVE-2025-46997,versions,CWE-79,5.4,2.3,413.0,0.0,0.0,0,1.0,0.0,MEDIUM
CVE-2025-46999,versions,CWE-79,5.4,2.3,414.0,0.0,0.0,0,1.0,0.0,MEDIUM
CVE-2025-47000,versions,CWE-79,5.4,2.3,415.0,0.0,0.0,0,1.0,0.0,MEDIUM
CVE-2025-47002,versions,CWE-79,5.4,2.3,416.0,0.0,0.0,0,1.0,0.0,MEDIUM
CVE-2025-47003,versions,CWE-79,5.4,2.3,417.0,0.0,0.0,0,1.0,0.0,MEDIUM
CVE-2025-47004,versions,CWE-79,5.4,2.3,418.0,0.0,0.0,0,1.0,0.0,MEDIUM
CVE-2025-47005,versions,CWE-79,5.4,2.3,419.0,0.0,0.0,0,1.0,0.0,MEDIUM
CVE-2025-47006,versions,CWE-79,5.4,2.3,420.0,0.0,0.0,0,1.0,0.0,MEDIUM
CVE-2025-47007,versions,CWE-79,5.4,2.3,421.0,0.0,0.0,0,1.0,0.0,MEDIUM
CVE-2025-47008,versions,CWE-79,5.4,2.3,422.0,0.0,0.0,0,1.0,0.0,MEDIUM
CVE-2025-47010,versions,CWE-79,5.4,2.3,423.0,0.0,0.0,0,1.0,0.0,MEDIUM
CVE-2025-47011,versions,CWE-79,5.4,2.3,424.0,0.0,0.0,0,1.0,0.0,MEDIUM
CVE-2025-47012,versions,CWE-79,5.4,2.3,425.0,0.0,0.0,0,1.0,0.0,MEDIUM
CVE-2025-47013,versions,CWE-79,5.4,2.3,426.0,0.0,0.0,0,1.0,0.0,MEDIUM
CVE-2025-47014,versions,CWE-79,5.4,2.3,427.0,0.0,0.0,0,1.0,0.0,MEDIUM
CVE-2025-47015,versions,CWE-79,5.4,2.3,428.0,0.0,0.0,0,1.0,0.0,MEDIUM
CVE-2025-47016,versions,CWE-79,5.4,2.3,429.0,0.0,0.0,0,1.0,0.0,MEDIUM
CVE-2025-47017,versions,CWE-79,5.4,2.3,430.0,0.0,0.0,0,1.0,0.0,MEDIUM
CVE-2025-47019,versions,CWE-79,5.4,2.3,431.0,0.0,0.0,0,1.0,0.0,MEDIUM
CVE-2025-47020,versions,CWE-79,5.4,2.3,432.0,0.0,0.0,0,1.0,0.0,MEDIUM
CVE-2025-47021,versions,CWE-79,5.4,2.3,433.0,0.0,0.0,0,1.0,0.0,MEDIUM
CVE-2025-47022,versions,CWE-79,5.4,2.3,434.0,0.0,0.0,0,1.0,0.0,MEDIUM
CVE-2025-47025,versions,CWE-79,5.4,2.3,435.0,0.0,0.0,0,1.0,0.0,MEDIUM
CVE-2025-47026,versions,CWE-79,5.4,2.3,436.0,0.0,0.0,0,1.0,0.0,MEDIUM
CVE-2025-47027,versions,CWE-79,5.4,2.3,437.0,0.0,0.0,0,1.0,0.0,MEDIUM
CVE-2025-47029,versions,CWE-79,5.4,2.3,438.0,0.0,0.0,0,1.0,0.0,MEDIUM
CVE-2025-47030,versions,CWE-79,5.4,2.3,439.0,0.0,0.0,0,1.0,0.0,MEDIUM
CVE-2025-47031,versions,CWE-79,5.4,2.3,440.0,0.0,0.0,0,1.0,0.0,MEDIUM
CVE-2025-47032,versions,CWE-79,5.4,2.3,441.0,0.0,0.0,0,1.0,0.0,MEDIUM
CVE-2025-47033,versions,CWE-79,5.4,2.3,442.0,0.0,0.0,0,1.0,0.0,MEDIUM
CVE-2025-47034,versions,CWE-79,5.4,2.3,443.0,0.0,0.0,0,1.0,0.0,MEDIUM
CVE-2025-47035,versions,CWE-79,5.4,2.3,444.0,0.0,0.0,0,1.0,0.0,MEDIUM
CVE-2025-47036,versions,CWE-79,5.4,2.3,445.0,0.0,0.0,0,1.0,0.0,MEDIUM
CVE-2025-47037,versions,CWE-79,5.4,2.3,446.0,0.0,0.0,0,1.0,0.0,MEDIUM
CVE-2025-47038,versions,CWE-79,5.4,2.3,447.0,0.0,0.0,0,1.0,0.0,MEDIUM
CVE-2025-47039,versions,CWE-79,5.4,2.3,448.0,0.0,0.0,0,1.0,0.0,MEDIUM
CVE-2025-47040,versions,CWE-79,5.4,2.3,449.0,0.0,0.0,0,1.0,0.0,MEDIUM
CVE-2025-47041,versions,CWE-79,5.4,2.3,450.0,0.0,0.0,0,1.0,0.0,MEDIUM
CVE-2025-47042,versions,CWE-79,5.4,2.3,451.0,0.0,0.0,0,1.0,0.0,MEDIUM
CVE-2025-47044,versions,CWE-79,5.4,2.3,452.0,0.0,0.0,0,1.0,0.0,MEDIUM
CVE-2025-47045,versions,CWE-79,5.4,2.3,453.0,0.0,0.0,0,1.0,0.0,MEDIUM
CVE-2025-47047,versions,CWE-79,5.4,2.3,454.0,0.0,0.0,0,1.0,0.0,MEDIUM
CVE-2025-47048,versions,CWE-79,5.4,2.3,455.0,0.0,0.0,0,1.0,0.0,MEDIUM
CVE-2025-47049,versions,CWE-79,6.1,2.8,456.0,0.0,0.0,0,1.0,0.0,MEDIUM
CVE-2025-47050,versions,CWE-79,5.4,2.3,457.0,0.0,0.0,0,1.0,0.0,MEDIUM
CVE-2025-47051,versions,CWE-79,5.4,2.3,458.0,0.0,0.0,0,1.0,0.0,MEDIUM
CVE-2025-47052,versions,CWE-79,5.4,2.3,459.0,0.0,0.0,0,1.0,0.0,MEDIUM
CVE-2025-47055,versions,CWE-79,5.4,2.3,460.0,0.0,0.0,0,1.0,0.0,MEDIUM
CVE-2025-47056,versions,CWE-79,5.4,2.3,461.0,0.0,0.0,0,1.0,0.0,MEDIUM
CVE-2025-47057,versions,CWE-79,5.4,2.3,462.0,0.0,0.0,0,1.0,0.0,MEDIUM
CVE-2025-47060,versions,CWE-79,5.4,2.3,463.0,0.0,0.0,0,1.0,0.0,MEDIUM
CVE-2025-47062,versions,CWE-79,5.4,2.3,464.0,0.0,0.0,0,1.0,0.0,MEDIUM
CVE-2025-47063,versions,CWE-79,5.4,2.3,465.0,0.0,0.0,0,1.0,0.0,MEDIUM
CVE-2025-47065,versions,CWE-79,5.4,2.3,466.0,0.0,0.0,0,1.0,0.0,MEDIUM
CVE-2025-47066,versions,CWE-79,5.4,2.3,467.0,0.0,0.0,0,1.0,0.0,MEDIUM
CVE-2025-47067,versions,CWE-79,5.4,2.3,468.0,0.0,0.0,0,1.0,0.0,MEDIUM
CVE-2025-47068,versions,CWE-79,5.4,2.3,469.0,0.0,0.0,0,1.0,0.0,MEDIUM
CVE-2025-47069,versions,CWE-79,5.4,2.3,470.0,0.0,0.0,0,1.0,0.0,MEDIUM
CVE-2025-47070,versions,CWE-79,5.4,2.3,471.0,0.0,0.0,0,1.0,0.0,MEDIUM
CVE-2025-47071,versions,CWE-79,5.4,2.3,472.0,0.0,0.0,0,1.0,0.0,MEDIUM
CVE-2025-47072,versions,CWE-79,5.4,2.3,473.0,0.0,0.0,0,1.0,0.0,MEDIUM
CVE-2025-47073,versions,CWE-79,5.4,2.3,474.0,0.0,0.0,0,1.0,0.0,MEDIUM
CVE-2025-47074,versions,CWE-79,5.4,2.3,475.0,0.0,0.0,0,1.0,0.0,MEDIUM
CVE-2025-47075,versions,CWE-79,5.4,2.3,476.0,0.0,0.0,0,1.0,0.0,MEDIUM
CVE-2025-47076,versions,CWE-79,5.4,2.3,477.0,0.0,0.0,0,1.0,0.0,MEDIUM
CVE-2025-47077,versions,CWE-79,5.4,2.3,478.0,0.0,0.0,0,1.0,0.0,MEDIUM
CVE-2025-47078,versions,CWE-79,5.4,2.3,479.0,0.0,0.0,0,1.0,0.0,MEDIUM
CVE-2025-47079,versions,CWE-79,5.4,2.3,480.0,0.0,0.0,0,1.0,0.0,MEDIUM
CVE-2025-47080,versions,CWE-79,5.4,2.3,481.0,0.0,0.0,0,1.0,0.0,MEDIUM
CVE-2025-47081,versions,CWE-79,5.4,2.3,482.0,0.0,0.0,0,1.0,0.0,MEDIUM
CVE-2025-47082,versions,CWE-79,5.4,2.3,483.0,0.0,0.0,0,1.0,0.0,MEDIUM
CVE-2025-47083,versions,CWE-79,5.4,2.3,484.0,0.0,0.0,0,1.0,0.0,MEDIUM
CVE-2025-47084,versions,CWE-79,5.4,2.3,485.0,0.0,0.0,0,1.0,0.0,MEDIUM
CVE-2025-47085,versions,CWE-79,5.4,2.3,486.0,0.0,0.0,0,1.0,0.0,MEDIUM
CVE-2025-47086,versions,CWE-79,5.4,2.3,487.0,0.0,0.0,0,1.0,0.0,MEDIUM
CVE-2025-47087,versions,CWE-79,5.4,2.3,488.0,0.0,0.0,0,1.0,0.0,MEDIUM
CVE-2025-47088,versions,CWE-79,5.4,2.3,489.0,0.0,0.0,0,1.0,0.0,MEDIUM
CVE-2025-47089,versions,CWE-79,5.4,2.3,490.0,0.0,0.0,0,1.0,0.0,MEDIUM
CVE-2025-47090,versions,CWE-79,5.4,2.3,491.0,0.0,0.0,0,1.0,0.0,MEDIUM
CVE-2025-47091,versions,CWE-79,5.4,2.3,492.0,0.0,0.0,0,1.0,0.0,MEDIUM
CVE-2025-47092,versions,CWE-79,5.4,2.3,493.0,0.0,0.0,0,1.0,0.0,MEDIUM
CVE-2025-47093,versions,CWE-79,5.4,2.3,494.0,0.0,0.0,0,1.0,0.0,MEDIUM
CVE-2025-47094,versions,CWE-79,6.1,2.8,495.0,0.0,0.0,0,1.0,0.0,MEDIUM
CVE-2025-47113,versions,CWE-79,5.4,2.3,496.0,0.0,0.0,0,1.0,0.0,MEDIUM
CVE-2025-47114,versions,CWE-79,5.4,2.3,497.0,0.0,0.0,0,1.0,0.0,MEDIUM
CVE-2025-47115,versions,CWE-79,5.4,2.3,498.0,0.0,0.0,0,1.0,0.0,MEDIUM
CVE-2025-47116,versions,CWE-79,5.4,2.3,499.0,0.0,0.0,0,1.0,0.0,MEDIUM
CVE-2025-47117,versions,CWE-79,5.4,2.3,500.0,0.0,0.0,0,1.0,0.0,MEDIUM
CVE-2025-49710,integer,CWE-190,9.8,3.9,1.0,0.0,0.0,0,0.0,0.0,CRITICAL
CVE-2025-0917,and,CWE-79,5.5,2.3,40.0,,,0,,,MEDIUM
CVE-2025-49185,web,CWE-79,5.5,2.3,12.0,,,0,,,MEDIUM
CVE-2025-49193,application,CWE-693,4.2,1.6,15.0,0.0,0.0,0,0.0,0.0,MEDIUM
CVE-2025-2745,scripting,CWE-79,6.5,1.3,11.0,,,0,,,MEDIUM
CVE-2025-4417,scripting,CWE-79,5.5,1.1,12.0,,,0,,,MEDIUM
CVE-2025-6109,vulnerability,CWE-22,4.3,2.8,162.0,,,0,,,MEDIUM
CVE-2025-25264,unauthenticated,CWE-942,6.5,2.8,1.0,,,0,,,MEDIUM
CVE-2025-48992,enterprise,CWE-79,4.8,1.7,4.0,0.0,0.0,1,0.0,0.0,MEDIUM
CVE-2025-48993,enterprise,CWE-79,6.1,2.8,5.0,0.0,0.0,0,0.0,0.0,MEDIUM
CVE-2025-6050,versions,CWE-79,4.8,1.7,362.0,0.0,0.0,1,1.0,0.0,MEDIUM
CVE-2025-45525,pointer,CWE-476,2.9,1.4,1.0,0.0,0.0,0,0.0,0.0,LOW
CVE-2025-45526,denial,CWE-770,2.9,1.4,1.0,308.0,308.0,0,1.0,2.33,LOW
CVE-2024-54183,and,CWE-79,5.4,2.3,41.0,,,0,,,MEDIUM
CVE-2025-1349,and,CWE-79,5.5,2.3,42.0,,,0,,,MEDIUM
CVE-2025-49590,collaboration,CWE-692,6.1,2.8,1.0,,,1,,,MEDIUM
CVE-2025-24291,orchestration,CWE-74,6.1,0.9,2.0,0.0,0.0,0,1.0,0.0,MEDIUM
CVE-2025-50183,component,CWE-79,6.5,2.8,2.0,0.0,0.0,0,0.0,0.0,MEDIUM
CVE-2025-52552,building,CWE-79,6.1,2.8,1.0,0.0,0.0,1,0.0,0.0,MEDIUM
CVE-2025-1987,vulnerability,CWE-79,6.1,2.8,164.0,,,0,,,MEDIUM
CVE-2025-48700,issue,CWE-79,6.1,2.8,24.0,0.0,0.0,0,0.0,0.0,MEDIUM
CVE-2025-49574,framework,CWE-668,6.4,1.2,11.0,,,0,,,MEDIUM
CVE-2025-34032,reflected,CWE-79,6.1,2.8,29.0,,,1,,,MEDIUM
CVE-2025-6551,vulnerability,CWE-79,3.5,2.1,166.0,,,1,,,LOW
CVE-2025-6552,vulnerability,CWE-601,4.3,2.8,167.0,,,0,,,MEDIUM
CVE-2025-47943,open,CWE-79,6.3,2.1,27.0,,,0,,,MEDIUM
CVE-2024-56916,once,CWE-79,6.1,2.8,1.0,,,1,,,MEDIUM
CVE-2025-49003,open,CWE-153,9.8,3.9,27.0,,,1,,,CRITICAL
CVE-2025-52902,provides,CWE-79,7.6,2.3,6.0,0.0,0.0,1,0.0,0.0,HIGH
CVE-2025-50367,stored,CWE-79,6.1,2.8,65.0,,,0,,,MEDIUM
CVE-2024-52900,through,CWE-79,6.4,3.1,38.0,,,0,,,MEDIUM
CVE-2025-53393,through,CWE-502,6.0,1.8,39.0,,,0,,,MEDIUM
CVE-2025-5878,vulnerability,CWE-20,7.3,3.9,167.0,,,0,,,HIGH
CVE-2025-40733,vulnerability,CWE-79,6.1,2.8,168.0,,,0,,,MEDIUM
CVE-2025-40734,vulnerability,CWE-79,6.1,2.8,169.0,,,0,,,MEDIUM
CVE-2025-26074,allows,CWE-78,9.8,3.9,15.0,0.0,0.0,0,0.0,0.0,CRITICAL
CVE-2025-2141,and,CWE-79,6.1,2.8,40.0,,,0,,,MEDIUM
CVE-2025-36056,and,CWE-79,5.4,2.3,41.0,,,0,,,MEDIUM
CVE-2024-46992,open,CWE-354,7.8,1.8,28.0,,,0,,,HIGH
CVE-2025-53103,testing,CWE-312,5.8,0.6,1.0,,,0,,,MEDIUM
CVE-2025-27447,web,CWE-79,7.4,2.8,13.0,,,0,,,HIGH
CVE-2025-27448,web,CWE-79,6.8,2.3,14.0,,,0,,,MEDIUM
CVE-2025-27453,flag,CWE-1004,5.3,1.6,1.0,0.0,0.0,0,0.0,0.0,MEDIUM
CVE-2025-2537,plugins,CWE-79,6.4,3.1,5.0,,,0,,,MEDIUM
CVE-2025-53599,browser,CWE-79,9.8,3.9,2.0,,,0,,,CRITICAL
CVE-2025-53484,inputs,CWE-79,9.8,3.9,1.0,0.0,0.0,0,0.0,0.0,CRITICAL
CVE-2025-3466,versions,CWE-1100,7.2,1.2,355.0,0.0,0.0,1,1.0,0.0,HIGH
CVE-2025-4779,versions,CWE-79,6.1,2.8,356.0,0.0,0.0,1,1.0,0.0,MEDIUM
CVE-2025-53486,extension,CWE-79,5.4,2.3,3.0,0.0,0.0,0,0.0,0.0,MEDIUM
CVE-2025-53487,extension,CWE-79,5.4,2.3,4.0,0.0,0.0,0,0.0,0.0,MEDIUM
CVE-2025-42963,critical,CWE-502,9.1,2.3,2.0,,,0,,,CRITICAL
CVE-2025-42966,allows,CWE-502,9.1,2.3,16.0,0.0,0.0,0,0.0,0.0,CRITICAL
CVE-2025-42978,widely,CWE-940,3.5,2.1,1.0,374.0,374.0,0,0.0,0.17,LOW
CVE-2025-40719,vulnerability,CWE-79,6.1,2.8,169.0,,,0,,,MEDIUM
CVE-2025-40720,vulnerability,CWE-79,6.1,2.8,170.0,,,0,,,MEDIUM
CVE-2025-40721,vulnerability,CWE-79,5.4,2.3,171.0,,,0,,,MEDIUM
CVE-2025-2793,through,CWE-79,5.4,2.3,40.0,,,0,,,MEDIUM
CVE-2025-3630,through,CWE-79,6.4,3.1,41.0,,,0,,,MEDIUM
CVE-2025-53372,server,CWE-77,7.5,1.6,3.0,,,0,,,HIGH
CVE-2025-53479,interface,CWE-79,5.4,2.3,1.0,0.0,0.0,0,0.0,0.0,MEDIUM
CVE-2025-7363,extension,CWE-79,5.4,2.3,5.0,0.0,0.0,0,0.0,0.0,MEDIUM
CVE-2023-43039,with,CWE-79,6.1,2.8,5.0,0.0,0.0,0,0.0,0.0,MEDIUM
CVE-2025-49540,versions,CWE-79,4.3,1.2,357.0,0.0,0.0,0,1.0,0.0,MEDIUM
CVE-2025-49541,versions,CWE-79,4.3,1.2,358.0,0.0,0.0,0,1.0,0.0,MEDIUM
CVE-2025-49542,versions,CWE-79,5.2,2.1,359.0,0.0,0.0,0,1.0,0.0,MEDIUM
CVE-2025-49543,versions,CWE-79,4.3,1.2,360.0,0.0,0.0,0,1.0,0.0,MEDIUM
CVE-2025-49534,versions,CWE-79,5.4,2.3,361.0,0.0,0.0,0,1.0,0.0,MEDIUM
CVE-2025-49547,versions,CWE-79,5.4,2.3,362.0,0.0,0.0,0,1.0,0.0,MEDIUM
CVE-2025-52357,vulnerability,CWE-79,4.1,2.3,171.0,,,0,,,MEDIUM
CVE-2025-53624,gists,CWE-200,10.0,3.9,1.0,0.0,0.0,0,0.0,0.0,CRITICAL
CVE-2024-38327,and,CWE-540,6.8,0.9,42.0,,,0,,,MEDIUM
CVE-2025-45662,scripting,CWE-79,6.1,2.8,13.0,,,0,,,MEDIUM
CVE-2025-27582,extension,CWE-829,7.6,0.9,6.0,0.0,0.0,0,0.0,0.0,HIGH
CVE-2025-53835,generic,CWE-79,9.0,2.3,6.0,237.0,237.0,0,1.0,0.33,CRITICAL
CVE-2025-33097,vulnerable,CWE-79,6.4,3.1,30.0,,,0,,,MEDIUM
CVE-2025-52378,vulnerability,CWE-79,5.4,2.3,172.0,,,0,,,MEDIUM
CVE-2025-30749,the,NVD-CWE-noinfo,8.1,2.2,46.0,0.0,0.0,0,0.0,0.0,HIGH
CVE-2025-30752,the,CWE-400,3.7,2.2,47.0,0.0,0.0,0,0.0,0.0,LOW
CVE-2025-30754,the,CWE-284,4.8,2.2,48.0,0.0,0.0,0,0.0,0.0,MEDIUM
CVE-2025-50059,the,CWE-284,8.6,3.9,49.0,0.0,0.0,0,0.0,0.0,HIGH
CVE-2025-50063,supported,NVD-CWE-noinfo,7.3,1.3,1.0,,,0,,,HIGH
CVE-2025-50065,the,CWE-269,3.7,2.2,50.0,0.0,0.0,0,0.0,0.0,LOW
CVE-2025-50069,the,CWE-269,7.7,3.1,51.0,0.0,0.0,0,0.0,0.0,HIGH
CVE-2025-50106,the,NVD-CWE-noinfo,8.1,2.2,52.0,0.0,0.0,0,0.0,0.0,HIGH
CVE-2025-30761,the,CWE-502,5.9,2.2,53.0,0.0,0.0,0,0.0,0.0,MEDIUM
CVE-2025-52687,exploitation,CWE-77,2.4,0.9,1.0,,,0,,,LOW
CVE-2025-53925,open,CWE-79,5.4,2.3,27.0,,,1,,,MEDIUM
CVE-2025-46959,versions,CWE-79,5.4,2.3,363.0,0.0,0.0,0,1.0,0.0,MEDIUM
CVE-2025-47053,versions,CWE-79,5.4,2.3,364.0,0.0,0.0,0,1.0,0.0,MEDIUM
CVE-2025-54075,tool,CWE-79,8.3,3.9,4.0,0.0,0.0,0,0.0,0.0,HIGH
CVE-2025-7920,package,CWE-79,6.1,2.8,20.0,0.0,0.0,0,0.0,0.0,MEDIUM
CVE-2025-53528,creates,CWE-79,7.6,2.8,2.0,,,0,,,HIGH
CVE-2025-51462,vulnerability,CWE-79,6.1,2.8,171.0,,,1,,,MEDIUM
CVE-2025-8033,engine,CWE-476,6.5,2.8,1.0,,,0,,,MEDIUM
CVE-2025-40598,scripting,CWE-79,6.1,2.8,14.0,,,0,,,MEDIUM
CVE-2025-36548,scripting,CWE-79,8.3,1.6,15.0,,,1,,,HIGH
CVE-2025-41420,scripting,CWE-79,9.6,2.8,16.0,,,1,,,CRITICAL
CVE-2025-46410,scripting,CWE-79,9.6,2.8,17.0,,,1,,,CRITICAL
CVE-2025-46993,versions,CWE-79,5.4,2.3,364.0,0.0,0.0,0,1.0,0.0,MEDIUM
CVE-2025-46996,versions,CWE-79,5.4,2.3,365.0,0.0,0.0,0,1.0,0.0,MEDIUM
CVE-2025-47061,versions,CWE-79,5.4,2.3,366.0,0.0,0.0,0,1.0,0.0,MEDIUM
CVE-2025-50128,scripting,CWE-79,9.6,2.8,18.0,,,1,,,CRITICAL
CVE-2025-53084,scripting,CWE-79,9.0,2.3,19.0,,,1,,,CRITICAL
CVE-2025-51411,reflected,CWE-79,6.1,2.8,28.0,,,1,,,MEDIUM
CVE-2025-52360,vulnerability,CWE-79,8.8,2.8,170.0,,,0,,,HIGH
CVE-2025-45892,version,CWE-79,6.1,2.8,12.0,0.0,0.0,0,0.0,0.0,MEDIUM
CVE-2025-45893,version,CWE-79,6.1,2.8,13.0,0.0,0.0,0,0.0,0.0,MEDIUM
CVE-2025-27800,was,CWE-79,4.8,1.7,6.0,0.0,0.0,0,0.0,0.0,MEDIUM
CVE-2025-27801,was,CWE-79,4.8,1.7,7.0,0.0,0.0,0,0.0,0.0,MEDIUM
CVE-2025-27802,was,CWE-79,4.8,1.7,8.0,0.0,0.0,0,0.0,0.0,MEDIUM
CVE-2025-32731,reflected,CWE-79,6.1,2.8,29.0,,,1,,,MEDIUM
CVE-2025-54423,copyparty,CWE-79,5.4,2.8,2.0,364.0,364.0,1,10.0,7.67,MEDIUM
CVE-2025-40683,version,CWE-79,6.1,2.8,14.0,0.0,0.0,0,0.0,0.0,MEDIUM
CVE-2025-40684,version,CWE-79,6.1,2.8,15.0,0.0,0.0,0,0.0,0.0,MEDIUM
CVE-2025-40685,version,CWE-79,6.1,2.8,16.0,0.0,0.0,0,0.0,0.0,MEDIUM
CVE-2025-40686,version,CWE-79,6.1,2.8,17.0,0.0,0.0,0,0.0,0.0,MEDIUM
CVE-2025-52358,scripting,CWE-79,6.3,2.8,20.0,,,1,,,MEDIUM
CVE-2025-44136,vulnerable,CWE-79,9.8,3.9,31.0,,,1,,,CRITICAL
CVE-2025-8319,the,CWE-79,6.1,2.8,46.0,0.0,0.0,1,0.0,0.0,MEDIUM
CVE-2025-47001,versions,CWE-79,5.4,2.3,365.0,0.0,0.0,0,1.0,0.0,MEDIUM
CVE-2024-45515,issue,CWE-79,6.1,2.8,23.0,0.0,0.0,0,0.0,0.0,MEDIUM
CVE-2025-24853,carefully,CWE-79,7.5,3.9,1.0,,,0,,,HIGH
CVE-2025-24854,carefully,CWE-79,6.1,2.8,2.0,,,0,,,MEDIUM
CVE-2025-51569,scripting,CWE-79,6.1,2.8,21.0,,,0,,,MEDIUM
CVE-2025-52203,stored,CWE-79,7.6,2.8,61.0,,,1,,,HIGH
CVE-2025-50866,contains,CWE-79,6.1,2.8,6.0,,,0,,,MEDIUM
CVE-2025-51503,vulnerability,CWE-79,7.6,2.8,170.0,,,0,,,HIGH
CVE-2025-7443,for,CWE-434,8.1,2.2,25.0,,,0,,,HIGH
CVE-2025-51501,the,CWE-79,6.1,2.8,47.0,0.0,0.0,1,0.0,0.0,MEDIUM
CVE-2025-51502,via,CWE-79,6.1,2.8,1.0,0.0,0.0,1,0.0,0.0,MEDIUM
CVE-2025-33118,through,CWE-79,6.4,3.1,41.0,,,0,,,MEDIUM
CVE-2025-50869,stored,CWE-79,6.1,2.8,62.0,,,0,,,MEDIUM
CVE-2025-54782,framework,CWE-77,8.8,2.8,8.0,,,1,,,HIGH
CVE-2025-54789,module,CWE-80,6.1,2.8,4.0,,,0,,,MEDIUM
CVE-2025-6078,application,,5.4,2.3,15.0,0.0,0.0,0,0.0,0.0,MEDIUM
CVE-2025-36605,and,CWE-79,6.1,2.8,40.0,,,0,,,MEDIUM
CVE-2025-4599,fragment,CWE-79,6.1,2.8,1.0,0.0,0.0,0,0.0,0.0,MEDIUM
CVE-2025-54803,parser,CWE-1321,7.5,3.9,1.0,,,1,,,HIGH
CVE-2025-46958,versions,CWE-79,5.4,2.3,365.0,0.0,0.0,0,1.0,0.0,MEDIUM
CVE-2025-51541,stored,CWE-79,6.1,2.8,63.0,,,1,,,MEDIUM
CVE-2025-32430,generic,CWE-79,6.1,2.8,5.0,215.0,215.0,1,1.0,0.33,MEDIUM
CVE-2025-51531,reflected,CWE-79,6.1,2.8,30.0,,,1,,,MEDIUM
CVE-2025-51053,scripting,CWE-79,6.1,2.8,22.0,,,1,,,MEDIUM
CVE-2025-54783,software,CWE-79,6.1,2.8,4.0,0.0,0.0,0,0.0,0.0,MEDIUM
CVE-2020-9322,endpoint,CWE-79,8.8,2.8,2.0,,,0,,,HIGH
CVE-2025-4576,reflected,CWE-79,6.1,2.8,31.0,,,0,,,MEDIUM
CVE-2025-50927,reflected,CWE-79,6.3,2.8,32.0,,,0,,,MEDIUM
CVE-2025-55006,learning,CWE-20,4.3,0.9,2.0,0.0,0.0,0,0.0,0.0,MEDIUM
CVE-2025-7726,theme,CWE-79,6.4,3.1,1.0,,,0,,,MEDIUM
CVE-2025-43735,reflected,CWE-79,6.1,2.8,33.0,,,0,,,MEDIUM
CVE-2025-54800,continuous,CWE-79,6.1,2.8,1.0,,,0,,,MEDIUM
CVE-2025-43734,reflected,CWE-79,5.4,2.3,34.0,,,0,,,MEDIUM
CVE-2025-36000,through,CWE-79,4.4,1.3,42.0,,,0,,,MEDIUM
CVE-2025-8910,developed,CWE-79,6.1,2.8,1.0,,,0,,,MEDIUM
CVE-2025-8911,developed,CWE-79,6.1,2.8,2.0,,,0,,,MEDIUM
CVE-2025-32451,memory,CWE-824,8.8,2.8,1.0,0.0,0.0,1,0.0,0.0,HIGH
CVE-2025-50690,vulnerability,CWE-79,6.1,2.8,168.0,,,0,,,MEDIUM
CVE-2025-45314,scripting,CWE-79,6.1,2.8,23.0,,,1,,,MEDIUM
CVE-2025-45315,scripting,CWE-79,5.4,2.3,24.0,,,1,,,MEDIUM
CVE-2025-45313,scripting,CWE-79,6.1,2.8,25.0,,,1,,,MEDIUM
CVE-2025-8047,through,,9.8,3.9,43.0,,,0,,,CRITICAL
CVE-2025-3703,for,CWE-98,7.5,1.6,33.0,,,0,,,HIGH
CVE-2025-53631,blog,CWE-79,5.4,2.3,1.0,0.0,0.0,0,0.0,0.0,MEDIUM
CVE-2025-55203,project,CWE-79,5.4,2.3,8.0,,,0,,,MEDIUM
CVE-2025-36088,and,CWE-79,5.4,2.3,41.0,,,0,,,MEDIUM
CVE-2025-43733,reflected,CWE-79,5.4,2.3,34.0,,,0,,,MEDIUM
CVE-2025-55287,family,CWE-79,5.4,2.3,1.0,0.0,0.0,0,0.0,0.0,MEDIUM
CVE-2025-55288,family,CWE-79,5.5,2.1,2.0,0.0,0.0,0,0.0,0.0,MEDIUM
CVE-2025-55296,librenms,CWE-79,5.5,2.3,1.0,0.0,0.0,1,0.0,0.0,MEDIUM
CVE-2025-43731,reflected,CWE-79,5.4,2.3,35.0,,,0,,,MEDIUM
CVE-2025-53192,vulnerability,CWE-146,8.8,2.8,170.0,,,0,,,HIGH
CVE-2025-43740,scripting,CWE-79,5.4,2.3,26.0,,,0,,,MEDIUM
CVE-2025-51487,vulnerability,CWE-79,4.5,0.9,171.0,,,1,,,MEDIUM
CVE-2025-51488,vulnerability,CWE-79,4.9,1.2,172.0,,,1,,,MEDIUM
CVE-2025-51489,vulnerability,CWE-79,5.4,2.3,173.0,,,1,,,MEDIUM
CVE-2025-43738,reflected,CWE-79,5.4,2.3,36.0,,,0,,,MEDIUM
CVE-2025-52478,workflow,CWE-79,8.7,2.3,2.0,0.0,0.0,0,0.0,0.0,HIGH
CVE-2025-54880,based,CWE-79,6.1,2.8,2.0,,,1,,,MEDIUM
CVE-2025-33008,and,CWE-79,5.4,2.3,42.0,,,0,,,MEDIUM
CVE-2025-43737,reflected,CWE-79,5.4,2.3,37.0,,,0,,,MEDIUM
CVE-2025-43744,stored,CWE-79,5.4,2.3,63.0,,,0,,,MEDIUM
CVE-2025-55028,scripts,CWE-400,6.5,2.8,1.0,0.0,0.0,0,0.0,0.0,MEDIUM
CVE-2025-55033,links,CWE-79,6.1,2.8,2.0,0.0,0.0,0,0.0,0.0,MEDIUM
CVE-2025-9181,memory,CWE-457,6.5,2.8,2.0,0.0,0.0,0,0.0,0.0,MEDIUM
CVE-2025-9225,scripting,CWE-79,5.5,2.1,27.0,,,0,,,MEDIUM
CVE-2025-43741,reflected,CWE-79,5.4,2.3,38.0,,,0,,,MEDIUM
CVE-2025-43742,reflected,CWE-79,6.1,2.8,39.0,,,0,,,MEDIUM
CVE-2025-54175,vulnerable,CWE-79,6.1,2.8,30.0,,,0,,,MEDIUM
CVE-2025-51990,through,CWE-79,4.8,1.7,43.0,,,1,,,MEDIUM
CVE-2025-46849,versions,CWE-79,5.4,2.3,362.0,0.0,0.0,0,1.0,0.0,MEDIUM
CVE-2025-46852,versions,CWE-79,5.4,2.3,363.0,0.0,0.0,0,1.0,0.0,MEDIUM
CVE-2025-46856,versions,CWE-79,5.4,2.3,364.0,0.0,0.0,0,1.0,0.0,MEDIUM
CVE-2025-46932,versions,CWE-79,5.4,2.3,365.0,0.0,0.0,0,1.0,0.0,MEDIUM
CVE-2025-46936,versions,CWE-79,5.4,2.3,366.0,0.0,0.0,0,1.0,0.0,MEDIUM
CVE-2025-46962,versions,CWE-79,5.4,2.3,367.0,0.0,0.0,0,1.0,0.0,MEDIUM
CVE-2025-46998,versions,CWE-79,5.4,2.3,368.0,0.0,0.0,0,1.0,0.0,MEDIUM
CVE-2025-47054,versions,CWE-79,5.4,2.3,369.0,0.0,0.0,0,1.0,0.0,MEDIUM
CVE-2025-43746,reflected,CWE-79,5.4,2.3,40.0,,,0,,,MEDIUM
CVE-2025-43757,reflected,CWE-79,5.4,2.3,41.0,,,0,,,MEDIUM
CVE-2025-55420,vulnerability,CWE-79,8.8,2.8,173.0,,,1,,,HIGH
CVE-2025-43755,scripting,CWE-79,5.4,2.3,28.0,,,0,,,MEDIUM
CVE-2025-43756,solid,CWE-79,5.4,2.3,1.0,0.0,0.0,0,0.0,0.0,MEDIUM
CVE-2025-55103,stored,CWE-79,4.8,1.7,64.0,,,0,,,MEDIUM
CVE-2025-55104,stored,CWE-79,4.8,1.7,65.0,,,0,,,MEDIUM
CVE-2025-55105,stored,CWE-79,4.8,1.7,66.0,,,0,,,MEDIUM
CVE-2025-55106,stored,CWE-79,4.8,1.7,67.0,,,0,,,MEDIUM
CVE-2025-55107,stored,CWE-79,4.8,1.7,68.0,,,0,,,MEDIUM
CVE-2025-43753,reflected,CWE-79,5.4,2.3,42.0,,,0,,,MEDIUM
CVE-2025-36042,through,CWE-79,5.4,2.3,44.0,,,0,,,MEDIUM
CVE-2025-50733,contains,CWE-79,6.1,2.8,7.0,,,0,,,MEDIUM
CVE-2025-43760,reflected,CWE-79,5.4,2.3,43.0,,,0,,,MEDIUM
CVE-2025-50858,the,CWE-79,6.1,2.8,47.0,0.0,0.0,1,0.0,0.0,MEDIUM
CVE-2025-50859,the,CWE-79,6.1,2.8,48.0,0.0,0.0,1,0.0,0.0,MEDIUM
CVE-2025-54812,for,CWE-117,5.4,2.3,34.0,,,0,,,MEDIUM
CVE-2025-43761,reflected,CWE-79,6.1,2.8,44.0,,,0,,,MEDIUM
CVE-2025-43770,reflected,CWE-79,6.1,2.8,45.0,,,0,,,MEDIUM
CVE-2025-43764,expression,CWE-1333,6.5,2.8,1.0,0.0,0.0,0,5.0,0.0,MEDIUM
CVE-2025-43765,scripting,CWE-79,6.1,2.8,29.0,,,0,,,MEDIUM
CVE-2025-5352,critical,CWE-79,9.6,2.8,3.0,,,1,,,CRITICAL
CVE-2025-56432,scripting,CWE-79,6.1,2.8,30.0,,,0,,,MEDIUM
CVE-2025-57810,library,CWE-20,7.5,3.9,11.0,320.0,320.0,1,7.0,5.83,HIGH
CVE-2025-57425,vulnerability,CWE-79,6.1,2.8,174.0,,,1,,,MEDIUM
CVE-2025-50975,firewall,CWE-79,5.4,2.3,1.0,0.0,0.0,1,0.0,0.0,MEDIUM
CVE-2024-35203,before,CWE-79,6.1,2.8,17.0,0.0,0.0,0,0.0,0.0,MEDIUM
CVE-2025-7732,for,CWE-79,6.4,3.1,35.0,,,0,,,MEDIUM
CVE-2025-50985,vulnerable,CWE-79,5.6,2.2,31.0,,,1,,,MEDIUM
CVE-2025-50978,reflected,CWE-79,6.1,2.8,46.0,,,1,,,MEDIUM
CVE-2025-34157,versions,CWE-20,9.0,2.3,358.0,0.0,0.0,0,1.0,0.0,CRITICAL
CVE-2025-50977,template,CWE-79,6.1,2.8,1.0,0.0,0.0,1,0.0,0.0,MEDIUM
CVE-2025-34521,reflected,CWE-79,5.4,2.3,47.0,,,0,,,MEDIUM
CVE-2025-54540,vulnerable,CWE-79,6.1,2.8,32.0,,,0,,,MEDIUM
CVE-2025-54543,vulnerable,CWE-79,4.8,1.7,33.0,,,0,,,MEDIUM
CVE-2025-54544,vulnerable,CWE-79,4.8,1.7,34.0,,,0,,,MEDIUM
CVE-2025-55175,vulnerable,CWE-79,6.1,2.8,35.0,,,0,,,MEDIUM
CVE-2024-49790,for,CWE-79,5.4,2.3,36.0,,,0,,,MEDIUM
CVE-2025-51967,vulnerability,CWE-79,6.1,2.8,175.0,,,1,,,MEDIUM
CVE-2025-51971,reflected,CWE-89,5.4,2.8,48.0,,,1,,,MEDIUM
CVE-2025-56236,contains,CWE-79,6.1,2.8,8.0,,,1,,,MEDIUM
CVE-2025-55580,version,CWE-79,5.4,2.3,19.0,0.0,0.0,1,0.0,0.0,MEDIUM
CVE-2023-41471,vulnerability,CWE-79,7.8,1.8,173.0,,,1,,,HIGH
CVE-2025-9567,developed,CWE-79,6.1,2.8,3.0,,,0,,,MEDIUM
CVE-2025-9568,developed,CWE-79,6.1,2.8,4.0,,,0,,,MEDIUM
CVE-2025-9569,developed,CWE-79,6.1,2.8,5.0,,,0,,,MEDIUM
CVE-2025-0656,through,CWE-79,6.1,2.8,45.0,,,0,,,MEDIUM
CVE-2025-33082,through,CWE-79,5.4,2.3,46.0,,,0,,,MEDIUM
CVE-2025-33083,through,CWE-79,5.4,2.3,47.0,,,0,,,MEDIUM
CVE-2024-28988,was,CWE-502,9.8,3.9,8.0,0.0,0.0,0,0.0,0.0,CRITICAL
CVE-2025-55473,and,CWE-79,6.1,2.8,42.0,,,0,,,MEDIUM
CVE-2025-55474,vulnerable,CWE-79,6.1,2.8,36.0,,,1,,,MEDIUM
CVE-2025-51966,scripting,CWE-79,6.1,2.8,31.0,,,1,,,MEDIUM
CVE-2025-26210,through,CWE-79,8.8,2.8,48.0,,,1,,,HIGH
CVE-2025-55944,allows,CWE-79,6.1,2.8,17.0,0.0,0.0,1,0.0,0.0,MEDIUM
CVE-2025-45805,phpgurukul,CWE-79,7.6,2.8,1.0,,,0,,,HIGH
CVE-2025-7388,was,CWE-77,8.4,1.8,9.0,0.0,0.0,0,0.0,0.0,HIGH
CVE-2024-43184,through,CWE-79,6.1,2.8,49.0,,,0,,,MEDIUM
CVE-2025-2694,through,CWE-79,4.8,1.7,50.0,,,0,,,MEDIUM
CVE-2025-22441,there,CWE-441,7.3,1.3,1.0,0.0,0.0,0,0.0,0.0,HIGH
CVE-2025-55305,framework,CWE-94,6.1,1.3,9.0,,,0,,,MEDIUM
CVE-2025-58362,application,CWE-706,7.5,3.9,12.0,0.0,0.0,0,0.0,0.0,HIGH
CVE-2025-36100,through,CWE-260,5.1,1.4,51.0,,,0,,,MEDIUM
CVE-2025-55998,scripting,CWE-79,8.1,2.8,32.0,,,0,,,HIGH
CVE-2025-53838,archive,CWE-79,5.4,2.3,3.0,0.0,0.0,1,0.0,0.0,MEDIUM
CVE-2025-58746,panel,CWE-79,9.0,2.3,1.0,265.0,265.0,0,10.0,7.5,CRITICAL
CVE-2025-58751,frontend,CWE-22,5.3,3.9,7.0,0.0,0.0,1,0.0,0.0,MEDIUM
CVE-2025-58752,frontend,CWE-23,5.3,3.9,8.0,0.0,0.0,1,0.0,0.0,MEDIUM
CVE-2025-42922,allows,CWE-94,9.9,3.1,18.0,0.0,0.0,0,0.0,0.0,CRITICAL
CVE-2025-42925,the,CWE-341,4.3,2.8,49.0,0.0,0.0,0,0.0,0.0,MEDIUM
CVE-2025-42926,does,CWE-306,5.3,3.9,5.0,,,0,,,MEDIUM
CVE-2025-42927,application,,3.4,0.8,13.0,0.0,0.0,0,0.0,0.0,LOW
CVE-2025-42944,deserialization,CWE-502,10.0,3.9,2.0,,,0,,,CRITICAL
CVE-2025-43778,scripting,CWE-79,6.1,2.8,33.0,,,0,,,MEDIUM
CVE-2025-43776,scripting,CWE-209,5.4,2.3,34.0,,,0,,,MEDIUM
CVE-2025-57538,stored,CWE-79,5.4,2.3,67.0,,,1,,,MEDIUM
CVE-2025-57540,stored,CWE-79,5.4,2.3,68.0,,,1,,,MEDIUM
CVE-2025-36125,and,CWE-79,6.4,3.1,43.0,,,0,,,MEDIUM
CVE-2025-58765,provides,CWE-79,7.1,2.8,6.0,0.0,0.0,0,0.0,0.0,HIGH
CVE-2025-58768,smart,CWE-94,9.6,2.8,1.0,,,1,,,CRITICAL
CVE-2025-57520,vulnerability,CWE-79,6.1,2.8,172.0,,,1,,,MEDIUM
CVE-2025-10252,flaw,CWE-20,3.1,1.6,3.0,,,0,,,LOW
CVE-2025-59139,application,CWE-400,5.3,3.9,14.0,0.0,0.0,0,0.0,0.0,MEDIUM
CVE-2025-43787,scripting,CWE-79,5.4,2.3,34.0,,,0,,,MEDIUM
CVE-2025-58045,open,CWE-918,9.8,3.9,19.0,,,1,,,CRITICAL
CVE-2025-58177,open,CWE-79,5.4,2.3,20.0,,,0,,,MEDIUM
CVE-2025-52344,vulnerabilities,CWE-79,6.1,1.6,1.0,0.0,0.0,1,0.0,0.0,MEDIUM
CVE-2025-59332,for,CWE-79,8.6,3.9,36.0,,,0,,,HIGH
CVE-2025-57117,vulnerability,CWE-79,5.4,2.8,172.0,,,1,,,MEDIUM
CVE-2025-10532,boundary,CWE-754,6.5,3.9,2.0,0.0,0.0,0,0.0,0.0,MEDIUM
CVE-2025-55113,the,CWE-158,9.0,2.2,51.0,0.0,0.0,0,0.0,0.0,CRITICAL
CVE-2025-56276,vulnerable,CWE-79,5.4,2.3,37.0,,,1,,,MEDIUM
CVE-2025-57145,scripting,CWE-79,5.4,2.3,35.0,,,0,,,MEDIUM
CVE-2025-10492,deserialisation,CWE-502,9.8,3.9,1.0,,,0,,,CRITICAL
CVE-2025-54467,command,CWE-522,5.3,3.9,2.0,0.0,0.0,0,0.0,0.0,MEDIUM
CVE-2025-37122,vulnerability,CWE-79,6.1,2.8,172.0,,,0,,,MEDIUM
CVE-2025-59340,jinjava,CWE-1336,9.8,3.9,1.0,,,0,,,CRITICAL
CVE-2025-36139,vulnerable,CWE-79,5.5,2.3,38.0,,,0,,,MEDIUM
CVE-2025-59424,archive,CWE-79,7.3,2.1,4.0,0.0,0.0,1,0.0,0.0,HIGH
CVE-2025-57644,contains,CWE-20,9.1,2.3,9.0,,,0,,,CRITICAL
CVE-2025-36248,vulnerable,CWE-79,6.1,2.8,39.0,,,0,,,MEDIUM
CVE-2025-9540,plugin,,4.7,1.2,18.0,,,0,,,MEDIUM
CVE-2025-9541,plugin,,4.7,1.2,19.0,,,0,,,MEDIUM
CVE-2025-55888,vulnerability,CWE-79,7.3,3.9,171.0,,,1,,,HIGH
CVE-2025-55887,vulnerability,CWE-79,6.1,2.8,172.0,,,1,,,MEDIUM
CVE-2025-59430,contains,CWE-79,8.2,2.8,10.0,,,0,,,HIGH
CVE-2025-57203,version,CWE-79,4.8,1.7,20.0,0.0,0.0,0,0.0,0.0,MEDIUM
CVE-2025-59434,drag,CWE-200,9.6,3.1,1.0,0.0,0.0,0,0.0,0.0,CRITICAL
CVE-2025-59528,drag,CWE-94,10.0,3.9,2.0,0.0,0.0,1,0.0,0.0,CRITICAL
CVE-2025-57204,with,CWE-79,5.4,2.3,4.0,0.0,0.0,1,0.0,0.0,MEDIUM
CVE-2025-57205,affected,CWE-79,5.4,2.3,3.0,191.0,191.0,1,0.0,1.25,MEDIUM
CVE-2025-4760,authenticated,CWE-79,4.8,1.7,3.0,,,0,,,MEDIUM
CVE-2025-5717,authenticated,CWE-94,6.8,0.9,4.0,,,0,,,MEDIUM
CVE-2025-0209,reflected,CWE-79,6.1,2.8,48.0,,,0,,,MEDIUM
CVE-2025-59539,web,CWE-79,6.3,2.8,14.0,,,0,,,MEDIUM
CVE-2025-59546,web,CWE-79,2.4,0.9,15.0,,,0,,,LOW
CVE-2025-59548,web,CWE-79,6.1,2.8,16.0,,,0,,,MEDIUM
CVE-2025-43779,reflected,CWE-79,6.1,2.8,49.0,,,0,,,MEDIUM
CVE-2025-48867,free,CWE-79,4.8,1.7,17.0,0.0,0.0,1,0.0,0.0,MEDIUM
CVE-2025-57352,vulnerability,CWE-1321,5.3,3.9,173.0,,,0,,,MEDIUM
CVE-2025-57353,components,CWE-1321,5.3,3.9,1.0,0.0,0.0,0,0.0,0.0,MEDIUM
CVE-2025-57354,vulnerability,CWE-1321,6.5,3.9,174.0,,,0,,,MEDIUM
CVE-2025-57347,vulnerability,CWE-1321,9.8,3.9,175.0,,,0,,,CRITICAL
CVE-2025-57349,messageformat,CWE-1321,7.5,3.9,1.0,,,0,,,HIGH
CVE-2025-59525,free,CWE-79,6.1,2.8,18.0,0.0,0.0,1,0.0,0.0,MEDIUM
CVE-2025-57325,rollbar,CWE-1321,7.5,3.9,1.0,288.0,288.0,0,5.0,0.33,HIGH
CVE-2025-57324,parse,CWE-1321,6.5,2.8,1.0,243.0,243.0,0,3.0,0.67,MEDIUM
CVE-2025-59832,free,CWE-79,9.9,3.1,19.0,0.0,0.0,1,0.0,0.0,CRITICAL
CVE-2025-33116,through,CWE-79,4.4,1.3,52.0,,,0,,,MEDIUM
CVE-2025-60249,allows,CWE-79,6.4,3.1,19.0,0.0,0.0,0,0.0,0.0,MEDIUM
CVE-2025-57692,allows,CWE-79,6.8,2.1,20.0,0.0,0.0,1,0.0,0.0,MEDIUM
CVE-2025-36239,and,CWE-79,6.1,2.8,43.0,,,0,,,MEDIUM
CVE-2025-36352,through,CWE-79,6.4,3.1,53.0,,,0,,,MEDIUM
CVE-2025-56807,scripting,CWE-79,6.1,2.8,36.0,,,1,,,MEDIUM
CVE-2025-57483,reflected,CWE-79,8.1,2.8,50.0,,,0,,,HIGH
CVE-2025-57424,stored,CWE-79,7.3,2.1,67.0,,,0,,,HIGH
CVE-2025-57871,reflected,CWE-79,4.8,1.7,51.0,,,0,,,MEDIUM
CVE-2025-57873,reflected,CWE-79,4.8,1.7,52.0,,,0,,,MEDIUM
CVE-2025-57874,reflected,CWE-79,4.8,1.7,53.0,,,0,,,MEDIUM
CVE-2025-57875,reflected,CWE-79,4.8,1.7,54.0,,,0,,,MEDIUM
CVE-2025-57876,stored,CWE-79,4.8,1.7,68.0,,,0,,,MEDIUM
CVE-2025-57877,reflected,CWE-79,4.8,1.7,55.0,,,0,,,MEDIUM
CVE-2025-35034,has,CWE-79,4.3,2.8,2.0,0.0,0.0,0,0.0,0.0,MEDIUM
CVE-2025-8116,vulnerable,CWE-79,6.1,2.8,40.0,,,0,,,MEDIUM
CVE-2025-11153,miscompilation,CWE-94,7.5,3.9,1.0,,,0,,,HIGH
CVE-2025-28016,vulnerability,CWE-79,4.8,1.7,170.0,,,1,,,MEDIUM
CVE-2025-36132,through,CWE-79,5.4,2.3,54.0,,,0,,,MEDIUM
CVE-2025-56514,vulnerability,CWE-79,5.4,2.3,171.0,,,1,,,MEDIUM
CVE-2025-56515,upload,CWE-79,8.8,2.8,2.0,0.0,0.0,1,0.0,0.0,HIGH
CVE-2025-20367,versions,CWE-79,5.7,2.1,359.0,0.0,0.0,0,1.0,0.0,MEDIUM
CVE-2025-20368,versions,CWE-79,5.7,2.1,360.0,0.0,0.0,0,1.0,0.0,MEDIUM
CVE-2025-60991,reflected,CWE-79,8.8,2.8,56.0,,,0,,,HIGH
CVE-2025-57389,reflected,CWE-79,5.4,2.3,57.0,,,0,,,MEDIUM
CVE-2025-59746,scripting,CWE-79,6.1,2.8,37.0,,,0,,,MEDIUM
CVE-2025-59747,scripting,CWE-79,6.1,2.8,38.0,,,0,,,MEDIUM
CVE-2025-59748,scripting,CWE-79,6.1,2.8,39.0,,,0,,,MEDIUM
CVE-2025-59749,scripting,CWE-79,6.1,2.8,40.0,,,0,,,MEDIUM
CVE-2025-59750,scripting,CWE-79,6.1,2.8,41.0,,,0,,,MEDIUM
CVE-2025-59751,scripting,CWE-79,6.1,2.8,42.0,,,0,,,MEDIUM
CVE-2025-59752,scripting,CWE-79,6.1,2.8,43.0,,,0,,,MEDIUM
CVE-2025-59753,scripting,CWE-79,6.1,2.8,44.0,,,0,,,MEDIUM
CVE-2025-59754,scripting,CWE-79,6.1,2.8,45.0,,,0,,,MEDIUM
CVE-2025-59755,scripting,CWE-79,6.1,2.8,46.0,,,0,,,MEDIUM
CVE-2025-59756,scripting,CWE-79,6.1,2.8,47.0,,,0,,,MEDIUM
CVE-2025-59757,scripting,CWE-79,6.1,2.8,48.0,,,0,,,MEDIUM
CVE-2025-59758,scripting,CWE-79,6.1,2.8,49.0,,,0,,,MEDIUM
CVE-2025-59759,scripting,CWE-79,6.1,2.8,50.0,,,0,,,MEDIUM
CVE-2025-59760,scripting,CWE-79,6.1,2.8,51.0,,,0,,,MEDIUM
CVE-2025-59761,scripting,CWE-79,6.1,2.8,52.0,,,0,,,MEDIUM
CVE-2025-59762,scripting,CWE-79,6.1,2.8,53.0,,,0,,,MEDIUM
CVE-2025-59763,scripting,CWE-79,6.1,2.8,54.0,,,0,,,MEDIUM
CVE-2025-59764,scripting,CWE-79,6.1,2.8,55.0,,,0,,,MEDIUM
CVE-2025-59765,scripting,CWE-79,6.1,2.8,56.0,,,0,,,MEDIUM
CVE-2025-59766,scripting,CWE-79,6.1,2.8,57.0,,,0,,,MEDIUM
CVE-2025-59767,scripting,CWE-79,6.1,2.8,58.0,,,0,,,MEDIUM
CVE-2025-59768,scripting,CWE-79,6.1,2.8,59.0,,,0,,,MEDIUM
CVE-2025-59769,scripting,CWE-79,6.1,2.8,60.0,,,0,,,MEDIUM
CVE-2025-59770,scripting,CWE-79,6.1,2.8,61.0,,,0,,,MEDIUM
CVE-2025-59771,scripting,CWE-79,6.1,2.8,62.0,,,0,,,MEDIUM
CVE-2025-59772,scripting,CWE-79,6.1,2.8,63.0,,,0,,,MEDIUM
CVE-2025-59773,scripting,CWE-79,6.1,2.8,64.0,,,0,,,MEDIUM
CVE-2025-59774,scripting,CWE-79,6.1,2.8,65.0,,,0,,,MEDIUM
CVE-2025-60782,vulnerable,CWE-79,5.4,2.3,41.0,,,1,,,MEDIUM
CVE-2025-56154,htmly,CWE-79,6.1,2.8,1.0,0.0,0.0,0,0.0,0.0,MEDIUM
CVE-2025-59407,application,CWE-321,9.8,3.9,15.0,0.0,0.0,1,0.0,0.0,CRITICAL
CVE-2025-54086,excess,CWE-276,3.3,1.8,1.0,,,0,,,LOW
CVE-2025-11241,plugin,CWE-80,6.4,3.1,19.0,,,0,,,MEDIUM
CVE-2025-61597,open,CWE-79,7.6,2.1,20.0,,,1,,,HIGH
CVE-2025-61599,open,CWE-79,5.4,2.3,21.0,,,1,,,MEDIUM
CVE-2025-60445,stored,CWE-79,6.1,2.8,69.0,,,1,,,MEDIUM
CVE-2025-60447,stored,CWE-79,5.9,1.7,70.0,,,1,,,MEDIUM
CVE-2025-60448,stored,CWE-79,6.1,2.8,71.0,,,1,,,MEDIUM
CVE-2025-60450,stored,CWE-79,6.1,2.8,72.0,,,1,,,MEDIUM
CVE-2025-60451,stored,CWE-79,6.1,2.8,73.0,,,1,,,MEDIUM
CVE-2025-60452,stored,CWE-79,6.1,2.8,74.0,,,1,,,MEDIUM
CVE-2025-60453,stored,CWE-79,6.1,2.8,75.0,,,1,,,MEDIUM
CVE-2025-60454,stored,CWE-79,6.1,2.8,76.0,,,1,,,MEDIUM
CVE-2025-61681,fully,CWE-79,5.4,2.8,1.0,,,0,,,MEDIUM
CVE-2025-9913,can,CWE-79,4.5,0.9,2.0,0.0,0.0,0,0.0,0.0,MEDIUM
CVE-2025-61198,stored,CWE-79,5.4,2.8,74.0,,,0,,,MEDIUM
CVE-2023-49886,could,CWE-502,9.8,3.9,1.0,0.0,0.0,0,0.0,0.0,CRITICAL
CVE-2025-61769,open,CWE-79,6.1,2.8,22.0,,,1,,,MEDIUM
CVE-2025-56243,vulnerability,CWE-79,6.1,2.8,171.0,,,1,,,MEDIUM
CVE-2025-1826,and,CWE-79,5.4,2.3,43.0,,,0,,,MEDIUM
CVE-2025-3448,scripting,CWE-79,6.1,2.8,66.0,,,0,,,MEDIUM
CVE-2025-61996,before,CWE-79,4.3,0.9,16.0,0.0,0.0,0,0.0,0.0,MEDIUM
CVE-2025-61997,before,CWE-79,4.3,0.9,17.0,0.0,0.0,0,0.0,0.0,MEDIUM
CVE-2025-61998,before,CWE-79,4.3,0.9,18.0,0.0,0.0,0,0.0,0.0,MEDIUM
CVE-2025-61999,before,CWE-79,4.3,0.9,19.0,0.0,0.0,0,0.0,0.0,MEDIUM
CVE-2025-61785,and,CWE-266,3.3,1.8,44.0,,,1,,,LOW
CVE-2025-61786,and,CWE-269,3.3,1.8,45.0,,,1,,,LOW
CVE-2025-61787,and,CWE-77,8.1,2.2,46.0,,,1,,,HIGH
CVE-2025-60298,was,CWE-79,5.4,2.3,10.0,0.0,0.0,1,0.0,0.0,MEDIUM
CVE-2025-60299,with,CWE-79,5.4,2.3,5.0,0.0,0.0,1,0.0,0.0,MEDIUM
CVE-2025-60314,vulnerable,CWE-79,5.4,2.3,41.0,,,1,,,MEDIUM
CVE-2025-61788,free,CWE-79,5.4,2.3,20.0,0.0,0.0,0,0.0,0.0,MEDIUM
CVE-2025-56683,scripting,CWE-79,9.6,2.8,67.0,,,0,,,CRITICAL
CVE-2025-60302,vulnerable,CWE-79,6.1,2.8,42.0,,,1,,,MEDIUM
CVE-2025-55200,virtual,CWE-79,7.1,2.8,1.0,,,0,,,HIGH
CVE-2025-35060,provides,CWE-79,5.5,2.1,7.0,0.0,0.0,0,0.0,0.0,MEDIUM
CVE-2025-11189,contains,CWE-79,7.3,3.9,11.0,,,0,,,HIGH
CVE-2025-61319,thru,CWE-79,6.1,2.8,2.0,0.0,0.0,1,0.0,0.0,MEDIUM
CVE-2025-60869,allows,CWE-79,7.3,2.1,20.0,0.0,0.0,0,0.0,0.0,HIGH
CVE-2025-60308,has,CWE-79,4.1,2.3,3.0,0.0,0.0,1,0.0,0.0,MEDIUM
CVE-2025-60880,authenticated,CWE-79,8.3,1.7,5.0,,,1,,,HIGH
CVE-2025-62358,open,CWE-79,5.4,2.8,22.0,,,1,,,MEDIUM
CVE-2025-42901,for,CWE-94,5.4,2.8,37.0,,,0,,,MEDIUM
CVE-2025-11711,was,CWE-591,6.5,2.8,11.0,0.0,0.0,0,0.0,0.0,MEDIUM
CVE-2025-62374,provides,CWE-1321,6.4,3.1,8.0,0.0,0.0,0,0.0,0.0,MEDIUM
CVE-2025-54264,versions,CWE-79,8.1,1.7,355.0,0.0,0.0,0,1.0,0.0,HIGH
CVE-2025-54266,versions,CWE-79,4.8,1.7,356.0,0.0,0.0,0,1.0,0.0,MEDIUM
CVE-2025-54272,versions,CWE-79,5.4,2.3,357.0,0.0,0.0,0,1.0,0.0,MEDIUM
CVE-2025-61796,versions,CWE-79,5.4,2.3,358.0,0.0,0.0,0,1.0,0.0,MEDIUM
CVE-2025-61797,versions,CWE-79,5.4,2.3,359.0,0.0,0.0,0,1.0,0.0,MEDIUM
CVE-2025-11160,plugin,CWE-80,6.4,3.1,19.0,,,0,,,MEDIUM
CVE-2025-10869,vulnerability,CWE-79,6.1,2.8,172.0,,,0,,,MEDIUM
CVE-2025-59269,stored,CWE-79,6.1,0.9,75.0,,,0,,,MEDIUM
CVE-2025-61933,reflected,CWE-79,6.1,2.8,51.0,,,0,,,MEDIUM
CVE-2025-24833,scripting,CWE-79,5.4,2.3,67.0,,,0,,,MEDIUM
CVE-2025-52583,scripting,CWE-79,6.1,2.8,68.0,,,0,,,MEDIUM
CVE-2025-54760,scripting,CWE-79,5.4,2.3,69.0,,,0,,,MEDIUM
CVE-2025-54859,scripting,CWE-79,4.8,1.7,70.0,,,0,,,MEDIUM
CVE-2025-55072,scripting,CWE-79,5.4,2.3,71.0,,,0,,,MEDIUM
CVE-2025-62491,vulnerability,CWE-416,8.8,2.8,171.0,,,1,,,HIGH
CVE-2025-62411,network,CWE-79,5.5,2.3,14.0,0.0,0.0,1,0.0,0.0,MEDIUM
CVE-2025-62413,desktop,CWE-79,6.1,2.8,1.0,0.0,0.0,0,0.0,0.0,MEDIUM
CVE-2025-34253,firmware,CWE-79,5.4,2.3,1.0,,,0,,,MEDIUM
CVE-2025-62414,open,CWE-80,6.9,1.7,22.0,,,1,,,MEDIUM
CVE-2025-62415,open,CWE-80,6.9,1.7,23.0,,,1,,,MEDIUM
CVE-2025-62418,open,CWE-80,6.9,1.7,24.0,,,1,,,MEDIUM
CVE-2025-58747,application,CWE-79,6.1,2.8,16.0,0.0,0.0,1,0.0,0.0,MEDIUM
CVE-2025-62421,data,CWE-79,5.4,2.3,1.0,0.0,0.0,0,0.0,0.0,MEDIUM
CVE-2024-31573,for,CWE-669,4.0,1.4,38.0,,,0,,,MEDIUM
CVE-2025-34281,versions,CWE-79,5.4,2.3,359.0,0.0,0.0,0,1.0,0.0,MEDIUM
CVE-2025-62508,skin,CWE-79,6.5,1.2,1.0,0.0,0.0,0,0.0,0.0,MEDIUM
CVE-2020-36854,plugin,CWE-79,6.4,3.1,17.0,,,0,,,MEDIUM
CVE-2025-61454,vulnerability,CWE-79,6.1,2.8,170.0,,,0,,,MEDIUM
CVE-2025-57738,offers,CWE-653,7.2,1.2,1.0,,,0,,,HIGH
CVE-2025-61417,vulnerability,CWE-79,8.8,2.8,171.0,,,1,,,HIGH
CVE-2025-61456,vulnerability,CWE-79,6.1,2.8,172.0,,,0,,,MEDIUM
CVE-2025-62528,open,CWE-79,5.4,2.8,25.0,,,0,,,MEDIUM
CVE-2025-60280,vulnerability,CWE-79,6.1,2.8,173.0,,,1,,,MEDIUM
CVE-2025-60506,plugin,CWE-79,5.4,2.3,18.0,,,0,,,MEDIUM
CVE-2025-12031,and,CWE-1004,5.3,3.9,46.0,,,0,,,MEDIUM
CVE-2025-60507,site,CWE-79,8.9,2.3,1.0,,,0,,,HIGH
CVE-2025-56800,desktop,CWE-290,5.1,2.5,2.0,0.0,0.0,1,0.0,0.0,MEDIUM
CVE-2025-61255,affected,CWE-79,6.1,2.8,3.0,162.0,162.0,0,0.0,1.25,MEDIUM
CVE-2025-62249,reflected,CWE-79,6.1,2.8,52.0,,,0,,,MEDIUM
CVE-2025-53057,the,CWE-284,5.9,2.2,49.0,0.0,0.0,0,0.0,0.0,MEDIUM
CVE-2025-53066,the,CWE-200,7.5,3.9,50.0,0.0,0.0,0,0.0,0.0,HIGH
CVE-2025-61748,the,CWE-284,3.7,2.2,51.0,0.0,0.0,0,0.0,0.0,LOW
CVE-2025-61755,the,CWE-862,3.7,2.2,52.0,0.0,0.0,0,0.0,0.0,LOW
CVE-2025-61881,the,CWE-284,5.9,2.2,53.0,0.0,0.0,0,0.0,0.0,MEDIUM
CVE-2025-11952,vulnerability,CWE-79,6.1,2.8,174.0,,,0,,,MEDIUM
CVE-2025-62248,reflected,CWE-79,4.8,1.7,53.0,,,0,,,MEDIUM
CVE-2025-62610,application,CWE-285,8.1,2.8,17.0,0.0,0.0,1,0.0,0.0,HIGH
CVE-2025-62710,and,CWE-337,5.9,2.2,47.0,,,0,,,MEDIUM
CVE-2025-9980,vulnerable,CWE-79,4.8,1.7,42.0,,,0,,,MEDIUM
CVE-2025-9981,vulnerable,CWE-79,4.8,1.7,43.0,,,0,,,MEDIUM
CVE-2025-60837,reflected,CWE-79,6.1,2.8,54.0,,,0,,,MEDIUM
CVE-2025-62517,offers,CWE-1321,5.9,2.2,2.0,,,0,,,MEDIUM
CVE-2025-5350,and,CWE-79,5.9,1.7,48.0,,,0,,,MEDIUM
CVE-2025-60936,vulnerable,CWE-79,6.1,2.8,44.0,,,1,,,MEDIUM
CVE-2025-62716,project,CWE-79,8.1,2.8,8.0,,,0,,,HIGH
CVE-2025-11760,for,CWE-200,5.3,3.9,38.0,,,0,,,MEDIUM
CVE-2025-41384,vulnerability,CWE-79,6.1,2.8,174.0,,,0,,,MEDIUM
CVE-2025-61481,issue,CWE-200,10.0,3.9,20.0,0.0,0.0,0,0.0,0.0,CRITICAL
CVE-2025-54965,issue,CWE-79,6.1,2.8,21.0,0.0,0.0,0,0.0,0.0,MEDIUM
CVE-2025-32785,web,CWE-79,5.4,2.3,16.0,,,1,,,MEDIUM
CVE-2025-36138,through,CWE-79,6.4,3.1,55.0,,,0,,,MEDIUM
CVE-2025-36170,through,CWE-79,6.4,3.1,56.0,,,0,,,MEDIUM
CVE-2025-53533,web,CWE-79,6.1,2.8,17.0,,,1,,,MEDIUM
CVE-2025-34301,versions,CWE-79,5.4,2.3,360.0,0.0,0.0,0,1.0,0.0,MEDIUM
CVE-2025-34302,versions,CWE-79,5.4,2.3,361.0,0.0,0.0,0,1.0,0.0,MEDIUM
CVE-2025-34303,versions,CWE-79,5.4,2.3,362.0,0.0,0.0,0,1.0,0.0,MEDIUM
CVE-2025-34306,versions,CWE-79,5.4,2.3,363.0,0.0,0.0,0,1.0,0.0,MEDIUM
CVE-2025-34307,versions,CWE-79,5.4,2.3,364.0,0.0,0.0,0,1.0,0.0,MEDIUM
CVE-2025-34308,versions,CWE-79,5.4,2.3,365.0,0.0,0.0,0,1.0,0.0,MEDIUM
CVE-2025-34309,versions,CWE-79,5.4,2.3,366.0,0.0,0.0,0,1.0,0.0,MEDIUM
CVE-2025-34310,versions,CWE-79,5.4,2.3,367.0,0.0,0.0,0,1.0,0.0,MEDIUM
CVE-2025-34313,versions,CWE-79,5.4,2.3,368.0,0.0,0.0,0,1.0,0.0,MEDIUM
CVE-2025-34314,versions,CWE-79,5.4,2.3,369.0,0.0,0.0,0,1.0,0.0,MEDIUM
CVE-2025-34315,versions,CWE-79,5.4,2.3,370.0,0.0,0.0,0,1.0,0.0,MEDIUM
CVE-2025-34316,versions,CWE-79,5.4,2.3,371.0,0.0,0.0,0,1.0,0.0,MEDIUM
CVE-2025-34317,versions,CWE-79,5.4,2.3,372.0,0.0,0.0,0,1.0,0.0,MEDIUM
CVE-2025-62798,content,CWE-79,5.4,2.3,1.0,0.0,0.0,0,0.0,0.0,MEDIUM
CVE-2025-62800,the,CWE-79,6.1,2.8,54.0,0.0,0.0,1,0.0,0.0,MEDIUM
CVE-2025-64135,and,CWE-1188,5.9,2.2,50.0,,,0,,,MEDIUM
CVE-2025-56313,vulnerability,CWE-79,6.1,2.8,175.0,,,0,,,MEDIUM
CVE-2025-64112,and,CWE-79,8.0,2.1,51.0,,,0,,,HIGH
CVE-2025-52179,scripting,CWE-79,6.1,2.8,72.0,,,0,,,MEDIUM
CVE-2025-52180,scripting,CWE-79,6.1,2.8,73.0,,,0,,,MEDIUM
CVE-2011-10036,versions,CWE-79,5.4,2.3,373.0,0.0,0.0,0,1.0,0.0,MEDIUM
CVE-2023-53690,versions,CWE-79,4.8,1.7,374.0,0.0,0.0,0,1.0,0.0,MEDIUM
CVE-2023-7312,versions,CWE-79,4.8,1.7,375.0,0.0,0.0,0,1.0,0.0,MEDIUM
CVE-2024-13993,versions,CWE-79,6.1,2.8,376.0,0.0,0.0,0,1.0,0.0,MEDIUM
CVE-2025-27208,reflected,CWE-79,6.1,2.8,55.0,,,1,,,MEDIUM
CVE-2024-13992,versions,CWE-79,5.4,2.3,377.0,0.0,0.0,0,1.0,0.0,MEDIUM
CVE-2025-11928,plugin,CWE-79,4.4,1.3,19.0,,,0,,,MEDIUM
CVE-2025-63442,with,CWE-79,4.6,2.1,6.0,0.0,0.0,1,0.0,0.0,MEDIUM
CVE-2025-60503,scripting,CWE-79,8.7,2.3,74.0,,,1,,,HIGH
CVE-2025-36172,for,CWE-79,6.4,3.1,39.0,,,0,,,MEDIUM
CVE-2025-12682,plugin,CWE-434,9.8,3.9,20.0,,,0,,,CRITICAL
CVE-2025-61431,reflected,CWE-79,6.1,2.8,56.0,,,0,,,MEDIUM
CVE-2025-62715,open,CWE-79,5.4,2.3,26.0,,,1,,,MEDIUM
CVE-2025-62722,archive,CWE-79,5.4,2.3,5.0,0.0,0.0,1,0.0,0.0,MEDIUM
CVE-2025-12735,library,CWE-94,9.8,3.9,14.0,250.0,250.0,0,7.0,5.83,CRITICAL
CVE-2025-12469,and,CWE-862,4.3,2.8,52.0,,,0,,,MEDIUM
CVE-2025-20354,vulnerability,CWE-434,9.8,3.9,176.0,,,0,,,CRITICAL
CVE-2025-5770,reflected,CWE-79,6.1,2.8,57.0,,,0,,,MEDIUM
CVE-2025-63416,vulnerability,CWE-79,9.1,3.9,175.0,,,1,,,CRITICAL
CVE-2025-63418,vulnerability,CWE-79,6.1,2.8,176.0,,,1,,,MEDIUM
CVE-2025-10853,reflected,CWE-79,5.2,2.1,58.0,,,0,,,MEDIUM
CVE-2025-36054,containers,CWE-79,6.1,2.8,1.0,0.0,0.0,0,0.0,0.0,MEDIUM
CVE-2025-63588,unauthenticated,CWE-79,7.1,2.8,2.0,,,1,,,HIGH
CVE-2025-63589,reflected,CWE-79,7.1,2.8,59.0,,,1,,,HIGH
CVE-2025-64327,bookmark,CWE-918,5.3,3.9,1.0,,,1,,,MEDIUM
CVE-2025-64176,bookmark,CWE-20,5.3,3.9,2.0,,,1,,,MEDIUM
CVE-2025-64177,bookmark,CWE-79,5.4,2.8,3.0,,,1,,,MEDIUM
CVE-2025-64187,provides,CWE-80,4.4,1.8,8.0,0.0,0.0,0,0.0,0.0,MEDIUM
CVE-2025-64336,open,CWE-79,5.4,2.3,27.0,,,1,,,MEDIUM
CVE-2025-64339,open,CWE-79,5.4,2.3,28.0,,,1,,,MEDIUM
CVE-2025-63690,versions,CWE-470,9.1,2.3,378.0,0.0,0.0,1,1.0,0.0,CRITICAL
CVE-2025-63714,vulnerability,CWE-79,6.1,2.8,177.0,,,1,,,MEDIUM
CVE-2025-36135,through,CWE-79,5.4,2.3,56.0,,,0,,,MEDIUM
CVE-2025-63639,chat,CWE-79,6.1,2.8,1.0,0.0,0.0,1,3.0,0.0,MEDIUM
CVE-2025-64496,artificial,CWE-95,7.3,2.1,3.0,0.0,0.0,1,0.0,0.0,HIGH
CVE-2025-62780,free,CWE-79,3.5,0.9,19.0,0.0,0.0,1,0.0,0.0,LOW
CVE-2025-64501,converter,CWE-79,7.6,2.3,1.0,0.0,0.0,0,0.0,0.0,HIGH
CVE-2025-42919,vulnerability,CWE-22,5.3,3.9,178.0,,,0,,,MEDIUM
CVE-2025-11997,plugin,CWE-200,5.3,3.9,21.0,,,0,,,MEDIUM
CVE-2025-13016,boundary,NVD-CWE-noinfo,7.5,1.6,3.0,0.0,0.0,0,0.0,0.0,HIGH
CVE-2025-13024,miscompilation,CWE-733,9.8,3.9,2.0,,,0,,,CRITICAL
CVE-2025-12869,developed,CWE-79,4.8,1.7,6.0,,,0,,,MEDIUM
CVE-2025-12872,and,CWE-79,5.4,2.3,50.0,,,0,,,MEDIUM
CVE-2025-64711,online,CWE-79,3.9,1.3,1.0,,,1,,,LOW
CVE-2025-64718,parser,CWE-1321,5.3,3.9,2.0,,,0,,,MEDIUM
CVE-2025-11538,vulnerability,CWE-1327,6.8,1.6,177.0,,,0,,,MEDIUM
CVE-2025-59840,visualization,CWE-79,8.1,2.8,2.0,0.0,0.0,0,0.0,0.0,HIGH
CVE-2025-64745,web,CWE-79,2.7,1.0,15.0,,,1,,,LOW
CVE-2025-64747,and,CWE-20,5.5,2.1,50.0,,,1,,,MEDIUM
CVE-2025-10018,vulnerable,CWE-79,4.8,1.7,40.0,,,0,,,MEDIUM
CVE-2025-13204,npm,CWE-1321,7.3,3.9,3.0,0.0,0.0,1,0.0,0.0,HIGH
CVE-2025-64308,web,CWE-523,6.5,2.8,16.0,,,0,,,MEDIUM
CVE-2025-63708,vulnerability,CWE-79,6.1,2.8,176.0,,,1,,,MEDIUM
CVE-2025-64758,used,CWE-79,4.8,1.7,1.0,,,0,,,MEDIUM
CVE-2025-63883,scripting,CWE-79,5.4,2.8,74.0,,,1,,,MEDIUM
CVE-2025-63693,comment,CWE-94,5.4,2.3,1.0,,,1,,,MEDIUM
CVE-2025-63229,web,CWE-79,5.4,2.8,17.0,,,1,,,MEDIUM
CVE-2025-65013,based,CWE-79,6.2,1.7,7.0,,,0,,,MEDIUM
CVE-2025-64408,faces,CWE-502,6.3,2.8,1.0,0.0,0.0,0,0.0,0.0,MEDIUM
CVE-2025-63243,reflected,CWE-79,4.6,2.1,60.0,,,1,,,MEDIUM
CVE-2025-63879,reflected,CWE-79,6.1,2.8,61.0,,,1,,,MEDIUM
CVE-2025-65026,nobuild,CWE-94,6.1,2.8,2.0,0.0,0.0,1,0.0,0.0,MEDIUM
CVE-2025-64759,version,CWE-20,8.1,1.7,18.0,0.0,0.0,0,0.0,0.0,HIGH
CVE-2025-51662,stored,CWE-79,5.4,2.3,70.0,,,1,,,MEDIUM
CVE-2025-60794,tokens,CWE-316,6.5,3.9,1.0,0.0,0.0,0,0.0,0.0,MEDIUM
CVE-2025-60796,and,CWE-79,6.1,2.8,51.0,,,0,,,MEDIUM
CVE-2025-64027,contains,CWE-79,6.1,2.8,10.0,,,1,,,MEDIUM
CVE-2025-36153,through,CWE-79,6.1,2.8,56.0,,,0,,,MEDIUM
CVE-2025-11003,lite,CWE-862,6.4,3.1,1.0,0.0,0.0,0,0.0,0.0,MEDIUM
CVE-2025-13159,plugin,CWE-79,7.1,2.8,22.0,,,0,,,HIGH
CVE-2025-13141,plugin,CWE-79,6.4,3.1,23.0,,,0,,,MEDIUM
CVE-2025-65108,tool,CWE-94,10.0,3.9,5.0,0.0,0.0,0,0.0,0.0,CRITICAL
CVE-2025-13467,flaw,CWE-502,5.5,2.3,3.0,,,0,,,MEDIUM
CVE-2025-40890,vulnerability,CWE-79,7.9,1.3,176.0,,,0,,,HIGH
CVE-2025-21621,open,CWE-79,6.1,2.8,28.0,,,0,,,MEDIUM
CVE-2025-66258,via,CWE-79,5.4,2.3,2.0,0.0,0.0,1,0.0,0.0,MEDIUM
CVE-2025-12848,module,CWE-79,6.1,2.8,3.0,,,0,,,MEDIUM
CVE-2025-66021,configureable,CWE-79,6.1,2.8,1.0,,,1,,,MEDIUM
CVE-2025-66026,version,CWE-79,6.1,2.8,19.0,0.0,0.0,1,0.0,0.0,MEDIUM
CVE-2025-65237,reflected,CWE-79,6.1,2.8,61.0,,,1,,,MEDIUM
CVE-2025-64130,vulnerable,CWE-79,9.8,3.9,39.0,,,0,,,CRITICAL
CVE-2025-66030,called,CWE-190,5.3,3.9,1.0,0.0,0.0,0,0.0,0.0,MEDIUM
CVE-2025-66031,called,CWE-674,7.5,3.9,2.0,0.0,0.0,0,0.0,0.0,HIGH
CVE-2025-59302,improper,CWE-94,4.7,1.2,3.0,,,0,,,MEDIUM
CVE-2025-65892,krpano,CWE-79,6.1,2.8,1.0,,,0,,,MEDIUM
CVE-2025-63526,scripting,CWE-79,8.5,3.1,75.0,,,1,,,HIGH
CVE-2025-63527,scripting,CWE-79,8.5,3.1,76.0,,,1,,,HIGH
CVE-2025-63528,scripting,CWE-79,8.5,3.1,77.0,,,1,,,HIGH
CVE-2025-64030,vulnerable,CWE-79,5.4,2.3,40.0,,,1,,,MEDIUM
CVE-2025-63533,scripting,CWE-79,8.5,3.1,78.0,,,0,,,HIGH
CVE-2025-63534,scripting,CWE-79,8.5,3.1,79.0,,,0,,,HIGH
CVE-2025-63317,vulnerable,CWE-79,5.4,2.8,41.0,,,1,,,MEDIUM
CVE-2025-65621,before,CWE-79,5.4,2.3,18.0,0.0,0.0,1,0.0,0.0,MEDIUM
CVE-2025-65622,before,CWE-79,5.4,2.3,19.0,0.0,0.0,1,0.0,0.0,MEDIUM
CVE-2025-66403,file,CWE-79,4.6,2.1,3.0,0.0,0.0,1,0.0,0.0,MEDIUM
CVE-2025-66412,development,CWE-79,5.4,2.3,1.0,,,0,,,MEDIUM
CVE-2025-13873,the,CWE-79,5.4,2.3,52.0,0.0,0.0,0,0.0,0.0,MEDIUM
CVE-2025-40700,vulnerability,CWE-79,6.1,2.8,174.0,,,0,,,MEDIUM
CVE-2025-65858,vulnerability,CWE-79,3.5,0.9,174.0,,,1,,,LOW
CVE-2025-63872,has,CWE-79,6.1,2.8,4.0,0.0,0.0,1,0.0,0.0,MEDIUM
CVE-2025-65187,vulnerability,CWE-79,6.1,2.8,175.0,,,1,,,MEDIUM
CVE-2025-66468,extension,CWE-79,7.6,1.0,5.0,0.0,0.0,0,0.0,0.0,HIGH
CVE-2025-65267,and,CWE-79,9.0,2.3,50.0,,,0,,,CRITICAL
CVE-2025-20385,versions,CWE-79,2.4,0.9,377.0,0.0,0.0,0,1.0,0.0,LOW
CVE-2025-66222,smart,CWE-94,9.6,2.8,2.0,,,1,,,CRITICAL
CVE-2025-65027,allows,CWE-79,7.6,2.1,17.0,0.0,0.0,0,0.0,0.0,HIGH
CVE-2025-66453,implementation,CWE-400,7.5,3.9,3.0,,,0,,,HIGH
CVE-2025-65516,stored,CWE-79,6.1,2.8,70.0,,,0,,,MEDIUM
CVE-2025-59788,scripting,CWE-749,6.4,3.1,80.0,,,1,,,MEDIUM
CVE-2025-65959,artificial,CWE-79,8.7,2.3,4.0,0.0,0.0,1,0.0,0.0,HIGH
CVE-2025-66561,fully,CWE-79,7.3,2.1,2.0,,,0,,,HIGH
CVE-2025-66563,minimalistic,CWE-79,6.1,2.8,1.0,,,1,,,MEDIUM
CVE-2025-66514,the,CWE-79,3.5,2.1,53.0,0.0,0.0,0,0.0,0.0,LOW
CVE-2025-66554,app,CWE-79,3.5,2.1,1.0,0.0,0.0,0,0.0,0.0,LOW
CVE-2025-66562,desktop,CWE-79,9.6,2.8,3.0,0.0,0.0,0,0.0,0.0,CRITICAL
CVE-2025-13308,plugin,CWE-79,5.4,2.3,23.0,,,0,,,MEDIUM
CVE-2025-10573,prior,CWE-79,9.6,2.8,3.0,0.0,0.0,0,2.0,0.0,CRITICAL
CVE-2025-14284,the,CWE-79,6.1,2.8,53.0,0.0,0.0,1,0.0,0.0,MEDIUM
CVE-2025-14324,miscompilation,NVD-CWE-noinfo,9.8,3.9,3.0,,,0,,,CRITICAL
CVE-2025-14325,miscompilation,NVD-CWE-noinfo,7.3,3.9,4.0,,,0,,,HIGH
CVE-2025-14330,miscompilation,NVD-CWE-noinfo,9.8,3.9,5.0,,,0,,,CRITICAL
CVE-2025-61074,stored,CWE-79,4.6,2.1,71.0,,,1,,,MEDIUM
CVE-2025-65289,stored,CWE-79,6.1,2.8,72.0,,,1,,,MEDIUM
CVE-2025-34397,versions,CWE-79,6.1,2.8,377.0,0.0,0.0,0,1.0,0.0,MEDIUM
CVE-2025-34398,versions,CWE-79,6.1,2.8,378.0,0.0,0.0,0,1.0,0.0,MEDIUM
CVE-2025-34399,versions,CWE-79,6.1,2.8,379.0,0.0,0.0,0,1.0,0.0,MEDIUM
CVE-2025-34400,versions,CWE-79,6.1,2.8,380.0,0.0,0.0,0,1.0,0.0,MEDIUM
CVE-2025-34401,versions,CWE-79,6.1,2.8,381.0,0.0,0.0,0,1.0,0.0,MEDIUM
CVE-2025-34402,versions,CWE-79,6.1,2.8,382.0,0.0,0.0,0,1.0,0.0,MEDIUM
CVE-2025-34403,versions,CWE-79,6.1,2.8,383.0,0.0,0.0,0,1.0,0.0,MEDIUM
CVE-2025-34404,versions,CWE-79,6.1,2.8,384.0,0.0,0.0,0,1.0,0.0,MEDIUM
CVE-2025-34406,versions,CWE-79,6.1,2.8,385.0,0.0,0.0,0,1.0,0.0,MEDIUM
CVE-2025-34407,versions,CWE-79,6.1,2.8,386.0,0.0,0.0,0,1.0,0.0,MEDIUM
CVE-2025-34408,versions,CWE-79,6.1,2.8,387.0,0.0,0.0,0,1.0,0.0,MEDIUM
CVE-2025-34409,versions,CWE-79,6.1,2.8,388.0,0.0,0.0,0,1.0,0.0,MEDIUM
CVE-2025-65300,stored,CWE-79,5.4,2.3,73.0,,,0,,,MEDIUM
CVE-2025-66214,adds,CWE-502,7.0,1.1,1.0,0.0,0.0,1,0.0,0.0,HIGH
CVE-2025-34425,versions,CWE-79,6.1,2.8,389.0,0.0,0.0,0,1.0,0.0,MEDIUM
CVE-2025-64541,versions,CWE-79,5.4,2.3,390.0,0.0,0.0,0,1.0,0.0,MEDIUM
CVE-2025-64546,versions,CWE-79,5.4,2.3,391.0,0.0,0.0,0,1.0,0.0,MEDIUM
CVE-2025-64547,versions,CWE-79,5.4,2.3,392.0,0.0,0.0,0,1.0,0.0,MEDIUM
CVE-2025-64548,versions,CWE-79,5.4,2.3,393.0,0.0,0.0,0,1.0,0.0,MEDIUM
CVE-2025-64549,versions,CWE-79,5.4,2.3,394.0,0.0,0.0,0,1.0,0.0,MEDIUM
CVE-2025-64553,versions,CWE-79,5.4,2.3,395.0,0.0,0.0,0,1.0,0.0,MEDIUM
CVE-2025-64554,versions,CWE-79,5.4,2.3,396.0,0.0,0.0,0,1.0,0.0,MEDIUM
CVE-2025-64555,versions,CWE-79,5.4,2.3,397.0,0.0,0.0,0,1.0,0.0,MEDIUM
CVE-2025-64556,versions,CWE-79,5.4,2.3,398.0,0.0,0.0,0,1.0,0.0,MEDIUM
CVE-2025-64557,versions,CWE-79,5.4,2.3,399.0,0.0,0.0,0,1.0,0.0,MEDIUM
CVE-2025-64558,versions,CWE-79,5.4,2.3,400.0,0.0,0.0,0,1.0,0.0,MEDIUM
CVE-2025-64559,versions,CWE-79,5.4,2.3,401.0,0.0,0.0,0,1.0,0.0,MEDIUM
CVE-2025-64572,versions,CWE-79,5.4,2.3,402.0,0.0,0.0,0,1.0,0.0,MEDIUM
CVE-2025-64574,versions,CWE-79,5.4,2.3,403.0,0.0,0.0,0,1.0,0.0,MEDIUM
CVE-2025-64575,versions,CWE-79,5.4,2.3,404.0,0.0,0.0,0,1.0,0.0,MEDIUM
CVE-2025-64576,versions,CWE-79,5.4,2.3,405.0,0.0,0.0,0,1.0,0.0,MEDIUM
CVE-2025-64577,versions,CWE-79,5.4,2.3,406.0,0.0,0.0,0,1.0,0.0,MEDIUM
CVE-2025-64578,versions,CWE-79,5.4,2.3,407.0,0.0,0.0,0,1.0,0.0,MEDIUM
CVE-2025-64579,versions,CWE-79,5.4,2.3,408.0,0.0,0.0,0,1.0,0.0,MEDIUM
CVE-2025-64580,versions,CWE-79,5.4,2.3,409.0,0.0,0.0,0,1.0,0.0,MEDIUM
CVE-2025-64581,versions,CWE-79,5.4,2.3,410.0,0.0,0.0,0,1.0,0.0,MEDIUM
CVE-2025-64582,versions,CWE-79,5.4,2.3,411.0,0.0,0.0,0,1.0,0.0,MEDIUM
CVE-2025-64585,versions,CWE-79,5.4,2.3,412.0,0.0,0.0,0,1.0,0.0,MEDIUM
CVE-2025-64586,versions,CWE-79,5.4,2.3,413.0,0.0,0.0,0,1.0,0.0,MEDIUM
CVE-2025-64590,versions,CWE-79,5.4,2.3,414.0,0.0,0.0,0,1.0,0.0,MEDIUM
CVE-2025-64591,versions,CWE-79,5.4,2.3,415.0,0.0,0.0,0,1.0,0.0,MEDIUM
CVE-2025-64592,versions,CWE-79,5.4,2.3,416.0,0.0,0.0,0,1.0,0.0,MEDIUM
CVE-2025-64593,versions,CWE-79,5.4,2.3,417.0,0.0,0.0,0,1.0,0.0,MEDIUM
CVE-2025-64594,versions,CWE-79,5.4,2.3,418.0,0.0,0.0,0,1.0,0.0,MEDIUM
CVE-2025-64596,versions,CWE-79,5.4,2.3,419.0,0.0,0.0,0,1.0,0.0,MEDIUM
CVE-2025-64597,versions,CWE-79,5.4,2.3,420.0,0.0,0.0,0,1.0,0.0,MEDIUM
CVE-2025-64598,versions,CWE-79,5.4,2.3,421.0,0.0,0.0,0,1.0,0.0,MEDIUM
CVE-2025-64599,versions,CWE-79,5.4,2.3,422.0,0.0,0.0,0,1.0,0.0,MEDIUM
CVE-2025-64600,versions,CWE-79,5.4,2.3,423.0,0.0,0.0,0,1.0,0.0,MEDIUM
CVE-2025-64601,versions,CWE-79,5.4,2.3,424.0,0.0,0.0,0,1.0,0.0,MEDIUM
CVE-2025-64602,versions,CWE-79,5.4,2.3,425.0,0.0,0.0,0,1.0,0.0,MEDIUM
CVE-2025-64603,versions,CWE-79,5.4,2.3,426.0,0.0,0.0,0,1.0,0.0,MEDIUM
CVE-2025-64604,versions,CWE-79,5.4,2.3,427.0,0.0,0.0,0,1.0,0.0,MEDIUM
CVE-2025-64605,versions,CWE-79,5.4,2.3,428.0,0.0,0.0,0,1.0,0.0,MEDIUM
CVE-2025-64606,versions,CWE-79,5.4,2.3,429.0,0.0,0.0,0,1.0,0.0,MEDIUM
CVE-2025-64607,versions,CWE-79,5.4,2.3,430.0,0.0,0.0,0,1.0,0.0,MEDIUM
CVE-2025-64609,versions,CWE-79,5.4,2.3,431.0,0.0,0.0,0,1.0,0.0,MEDIUM
CVE-2025-64611,versions,CWE-79,5.4,2.3,432.0,0.0,0.0,0,1.0,0.0,MEDIUM
CVE-2025-64612,versions,CWE-79,5.4,2.3,433.0,0.0,0.0,0,1.0,0.0,MEDIUM
CVE-2025-64613,versions,CWE-79,5.4,2.3,434.0,0.0,0.0,0,1.0,0.0,MEDIUM
CVE-2025-64614,versions,CWE-79,5.4,2.3,435.0,0.0,0.0,0,1.0,0.0,MEDIUM
CVE-2025-64615,versions,CWE-79,5.4,2.3,436.0,0.0,0.0,0,1.0,0.0,MEDIUM
CVE-2025-64616,versions,CWE-79,5.4,2.3,437.0,0.0,0.0,0,1.0,0.0,MEDIUM
CVE-2025-64619,versions,CWE-79,5.4,2.3,438.0,0.0,0.0,0,1.0,0.0,MEDIUM
CVE-2025-64620,versions,CWE-79,5.4,2.3,439.0,0.0,0.0,0,1.0,0.0,MEDIUM
CVE-2025-64622,versions,CWE-79,5.4,2.3,440.0,0.0,0.0,0,1.0,0.0,MEDIUM
CVE-2025-64623,versions,CWE-79,5.4,2.3,441.0,0.0,0.0,0,1.0,0.0,MEDIUM
CVE-2025-64626,versions,CWE-79,5.4,2.3,442.0,0.0,0.0,0,1.0,0.0,MEDIUM
CVE-2025-64627,versions,CWE-79,5.4,2.3,443.0,0.0,0.0,0,1.0,0.0,MEDIUM
CVE-2025-64789,versions,CWE-79,5.4,2.3,444.0,0.0,0.0,0,1.0,0.0,MEDIUM
CVE-2025-64790,versions,CWE-79,5.4,2.3,445.0,0.0,0.0,0,1.0,0.0,MEDIUM
CVE-2025-64791,versions,CWE-79,5.4,2.3,446.0,0.0,0.0,0,1.0,0.0,MEDIUM
CVE-2025-64792,versions,CWE-79,5.4,2.3,447.0,0.0,0.0,0,1.0,0.0,MEDIUM
CVE-2025-64793,versions,CWE-79,5.4,2.3,448.0,0.0,0.0,0,1.0,0.0,MEDIUM
CVE-2025-64794,versions,CWE-79,5.4,2.3,449.0,0.0,0.0,0,1.0,0.0,MEDIUM
CVE-2025-64796,versions,CWE-79,5.4,2.3,450.0,0.0,0.0,0,1.0,0.0,MEDIUM
CVE-2025-64797,versions,CWE-79,5.4,2.3,451.0,0.0,0.0,0,1.0,0.0,MEDIUM
CVE-2025-64799,versions,CWE-79,5.4,2.3,452.0,0.0,0.0,0,1.0,0.0,MEDIUM
CVE-2025-64800,versions,CWE-79,5.4,2.3,453.0,0.0,0.0,0,1.0,0.0,MEDIUM
CVE-2025-64801,versions,CWE-79,5.4,2.3,454.0,0.0,0.0,0,1.0,0.0,MEDIUM
CVE-2025-64802,versions,CWE-79,5.4,2.3,455.0,0.0,0.0,0,1.0,0.0,MEDIUM
CVE-2025-64803,versions,CWE-79,5.4,2.3,456.0,0.0,0.0,0,1.0,0.0,MEDIUM
CVE-2025-64804,versions,CWE-79,5.4,2.3,457.0,0.0,0.0,0,1.0,0.0,MEDIUM
CVE-2025-64808,versions,CWE-79,5.4,2.3,458.0,0.0,0.0,0,1.0,0.0,MEDIUM
CVE-2025-64814,versions,CWE-79,5.4,2.3,459.0,0.0,0.0,0,1.0,0.0,MEDIUM
CVE-2025-64817,versions,CWE-79,5.4,2.3,460.0,0.0,0.0,0,1.0,0.0,MEDIUM
CVE-2025-64820,versions,CWE-79,5.4,2.3,461.0,0.0,0.0,0,1.0,0.0,MEDIUM
CVE-2025-64821,versions,CWE-79,5.4,2.3,462.0,0.0,0.0,0,1.0,0.0,MEDIUM
CVE-2025-64822,versions,CWE-79,5.4,2.3,463.0,0.0,0.0,0,1.0,0.0,MEDIUM
CVE-2025-64823,versions,CWE-79,5.4,2.3,464.0,0.0,0.0,0,1.0,0.0,MEDIUM
CVE-2025-64825,versions,CWE-79,5.4,2.3,465.0,0.0,0.0,0,1.0,0.0,MEDIUM
CVE-2025-64826,versions,CWE-79,5.4,2.3,466.0,0.0,0.0,0,1.0,0.0,MEDIUM
CVE-2025-64827,versions,CWE-79,5.4,2.3,467.0,0.0,0.0,0,1.0,0.0,MEDIUM
CVE-2025-64829,versions,CWE-79,5.4,2.3,468.0,0.0,0.0,0,1.0,0.0,MEDIUM
CVE-2025-64833,versions,CWE-79,5.4,2.3,469.0,0.0,0.0,0,1.0,0.0,MEDIUM
CVE-2025-64839,versions,CWE-79,5.4,2.3,470.0,0.0,0.0,0,1.0,0.0,MEDIUM
CVE-2025-64840,versions,CWE-79,5.4,2.3,471.0,0.0,0.0,0,1.0,0.0,MEDIUM
CVE-2025-64841,versions,CWE-79,5.4,2.3,472.0,0.0,0.0,0,1.0,0.0,MEDIUM
CVE-2025-64845,versions,CWE-79,5.4,2.3,473.0,0.0,0.0,0,1.0,0.0,MEDIUM
CVE-2025-64847,versions,CWE-79,5.4,2.3,474.0,0.0,0.0,0,1.0,0.0,MEDIUM
CVE-2025-64850,versions,CWE-79,5.4,2.3,475.0,0.0,0.0,0,1.0,0.0,MEDIUM
CVE-2025-64852,versions,CWE-79,5.4,2.3,476.0,0.0,0.0,0,1.0,0.0,MEDIUM
CVE-2025-64853,versions,CWE-79,5.4,2.3,477.0,0.0,0.0,0,1.0,0.0,MEDIUM
CVE-2025-64857,versions,CWE-79,5.4,2.3,478.0,0.0,0.0,0,1.0,0.0,MEDIUM
CVE-2025-64858,versions,CWE-79,5.4,2.3,479.0,0.0,0.0,0,1.0,0.0,MEDIUM
CVE-2025-64861,versions,CWE-79,5.4,2.3,480.0,0.0,0.0,0,1.0,0.0,MEDIUM
CVE-2025-64863,versions,CWE-79,5.4,2.3,481.0,0.0,0.0,0,1.0,0.0,MEDIUM
CVE-2025-64869,versions,CWE-79,5.4,2.3,482.0,0.0,0.0,0,1.0,0.0,MEDIUM
CVE-2025-64872,versions,CWE-79,4.8,1.7,483.0,0.0,0.0,0,1.0,0.0,MEDIUM
CVE-2025-64873,versions,CWE-79,5.4,2.3,484.0,0.0,0.0,0,1.0,0.0,MEDIUM
CVE-2025-64875,versions,CWE-79,5.4,2.3,485.0,0.0,0.0,0,1.0,0.0,MEDIUM
CVE-2025-64881,versions,CWE-79,5.4,2.3,486.0,0.0,0.0,0,1.0,0.0,MEDIUM
CVE-2025-66033,facilitates,CWE-401,5.3,1.6,1.0,,,0,,,MEDIUM
CVE-2025-67505,facilitates,CWE-362,8.4,1.8,2.0,,,0,,,HIGH
CVE-2025-55307,issue,CWE-125,3.3,1.8,16.0,0.0,0.0,0,0.0,0.0,LOW
CVE-2025-55308,issue,CWE-416,6.7,0.8,17.0,0.0,0.0,0,0.0,0.0,MEDIUM
CVE-2025-55309,issue,CWE-416,6.7,0.8,18.0,0.0,0.0,0,0.0,0.0,MEDIUM
CVE-2025-55311,issue,CWE-347,6.5,2.8,19.0,0.0,0.0,0,0.0,0.0,MEDIUM
CVE-2025-55312,issue,CWE-476,7.8,1.8,20.0,0.0,0.0,0,0.0,0.0,HIGH
CVE-2025-55313,issue,CWE-94,7.8,1.8,21.0,0.0,0.0,0,0.0,0.0,HIGH
CVE-2025-55314,issue,CWE-476,7.8,1.8,22.0,0.0,0.0,0,0.0,0.0,HIGH
CVE-2025-59802,and,CWE-290,7.5,3.9,53.0,,,0,,,HIGH
CVE-2025-59803,and,CWE-347,5.3,1.6,54.0,,,0,,,MEDIUM
CVE-2024-58289,contains,CWE-79,5.4,2.3,11.0,,,1,,,MEDIUM
CVE-2024-58297,contains,CWE-79,5.4,2.3,12.0,,,1,,,MEDIUM
CVE-2024-58304,contains,CWE-79,7.5,3.9,13.0,,,0,,,HIGH
CVE-2025-13866,plugin,CWE-862,6.4,3.1,24.0,,,0,,,MEDIUM
CVE-2025-13989,plugin,CWE-79,6.4,3.1,25.0,,,0,,,MEDIUM
CVE-2025-67730,learning,CWE-79,5.4,2.3,3.0,0.0,0.0,0,0.0,0.0,MEDIUM
CVE-2024-58305,contains,CWE-79,8.8,2.8,14.0,,,0,,,HIGH
CVE-2025-67734,learning,CWE-79,5.4,2.3,4.0,0.0,0.0,0,0.0,0.0,MEDIUM
CVE-2025-8083,configuration,CWE-1321,8.6,3.9,1.0,0.0,0.0,0,0.0,0.0,HIGH
CVE-2025-67634,before,CWE-79,4.4,1.8,20.0,0.0,0.0,0,0.0,0.0,MEDIUM
CVE-2025-67750,provides,CWE-94,8.4,2.5,10.0,0.0,0.0,0,0.0,0.0,HIGH
CVE-2025-67721,library,CWE-125,7.5,3.9,17.0,212.0,212.0,0,7.0,5.83,HIGH
CVE-2025-14278,for,CWE-79,6.4,3.1,42.0,,,0,,,MEDIUM
CVE-2025-36748,contains,CWE-79,5.4,2.3,15.0,,,0,,,MEDIUM
CVE-2025-36750,contains,CWE-79,5.4,2.3,16.0,,,0,,,MEDIUM
CVE-2025-14021,browser,CWE-451,4.3,2.8,2.0,,,0,,,MEDIUM
CVE-2025-66843,grav,CWE-79,5.4,2.3,1.0,,,1,,,MEDIUM
CVE-2023-53876,contains,CWE-434,5.4,2.3,17.0,,,1,,,MEDIUM
CVE-2023-53884,contains,CWE-79,5.4,2.3,18.0,,,1,,,MEDIUM
CVE-2023-53887,contains,CWE-79,5.4,2.3,19.0,,,1,,,MEDIUM
CVE-2023-53888,contains,CWE-94,8.8,2.8,20.0,,,1,,,HIGH
CVE-2023-53890,contains,CWE-79,5.4,2.3,21.0,,,1,,,MEDIUM
CVE-2023-53891,contains,CWE-79,5.4,2.3,22.0,,,1,,,MEDIUM
CVE-2025-67744,artificial,CWE-94,9.6,2.8,5.0,0.0,0.0,1,0.0,0.0,CRITICAL
CVE-2023-53895,contains,CWE-285,9.8,3.9,23.0,,,1,,,CRITICAL
CVE-2023-53897,contains,CWE-79,5.4,2.3,24.0,,,1,,,MEDIUM
CVE-2023-53898,contains,CWE-79,5.4,2.3,25.0,,,1,,,MEDIUM
CVE-2023-53903,contains,CWE-79,5.4,2.3,26.0,,,1,,,MEDIUM
CVE-2025-68116,web,CWE-79,8.9,2.3,20.0,,,1,,,HIGH
CVE-2025-65233,scripting,CWE-79,6.1,2.8,81.0,,,1,,,MEDIUM
CVE-2025-14763,cryptographic,CWE-327,5.3,1.6,1.0,,,0,,,MEDIUM
CVE-2025-67876,church,CWE-79,5.4,2.3,1.0,,,1,,,MEDIUM
CVE-2025-68399,church,CWE-79,5.4,2.3,2.0,,,1,,,MEDIUM
CVE-2025-68401,church,CWE-79,4.8,1.7,3.0,,,1,,,MEDIUM
CVE-2023-53906,contains,CWE-79,4.8,1.7,27.0,,,1,,,MEDIUM
CVE-2023-53909,contains,CWE-79,5.4,2.3,28.0,,,1,,,MEDIUM
CVE-2023-53910,contains,CWE-79,5.4,2.3,29.0,,,1,,,MEDIUM
CVE-2023-53911,contains,CWE-79,5.4,2.3,30.0,,,1,,,MEDIUM
CVE-2023-53916,contains,CWE-79,4.6,2.1,31.0,,,1,,,MEDIUM
CVE-2023-53918,contains,CWE-79,6.1,2.8,32.0,,,1,,,MEDIUM
CVE-2023-53919,contains,CWE-79,5.4,2.3,33.0,,,1,,,MEDIUM
CVE-2023-53920,contains,CWE-79,5.4,2.3,34.0,,,1,,,MEDIUM
CVE-2023-53925,contains,CWE-79,6.1,2.8,35.0,,,1,,,MEDIUM
CVE-2023-53927,contains,CWE-79,5.4,2.3,36.0,,,1,,,MEDIUM
CVE-2023-53928,contains,CWE-79,5.4,2.8,37.0,,,1,,,MEDIUM
CVE-2023-53931,contains,CWE-79,6.1,2.8,38.0,,,1,,,MEDIUM
CVE-2023-53932,contains,CWE-79,5.4,2.3,39.0,,,1,,,MEDIUM
CVE-2025-68147,web,CWE-79,8.1,1.7,21.0,,,1,,,HIGH
CVE-2025-40892,vulnerability,CWE-79,8.9,2.3,174.0,,,0,,,HIGH
CVE-2023-53936,contains,CWE-79,4.8,1.7,40.0,,,1,,,MEDIUM
CVE-2023-53938,contains,CWE-79,5.4,2.3,41.0,,,1,,,MEDIUM
CVE-2023-53939,contains,CWE-79,5.4,2.3,42.0,,,1,,,MEDIUM
CVE-2025-68161,versions,CWE-297,4.8,2.2,410.0,0.0,0.0,1,1.0,0.0,MEDIUM
CVE-2025-66493,vulnerability,CWE-416,7.8,1.8,174.0,,,0,,,HIGH
CVE-2025-66495,vulnerability,CWE-416,7.8,1.8,175.0,,,0,,,HIGH
CVE-2025-66500,stored,CWE-79,6.3,2.1,74.0,,,0,,,MEDIUM
CVE-2025-66520,stored,CWE-79,6.3,2.1,75.0,,,0,,,MEDIUM
CVE-2025-66522,stored,CWE-79,6.3,2.1,76.0,,,0,,,MEDIUM
CVE-2025-66524,through,CWE-502,8.8,2.8,55.0,,,0,,,HIGH
CVE-2025-66580,that,CWE-94,9.6,2.8,1.0,0.0,0.0,1,0.0,0.0,CRITICAL
CVE-2025-67712,injection,CWE-79,4.7,2.8,4.0,,,0,,,MEDIUM
CVE-2023-53953,contains,CWE-79,5.4,2.3,43.0,,,1,,,MEDIUM
CVE-2025-67443,before,CWE-79,6.1,2.8,21.0,0.0,0.0,0,0.0,0.0,MEDIUM
CVE-2025-65270,scripting,CWE-79,6.1,2.8,82.0,,,1,,,MEDIUM
CVE-2025-67288,arbitrary,CWE-434,10.0,3.9,2.0,,,0,,,CRITICAL
CVE-2025-65790,reflected,CWE-79,6.1,2.8,60.0,,,1,,,MEDIUM
CVE-2023-53976,contains,CWE-79,5.4,2.3,44.0,,,1,,,MEDIUM
CVE-2023-53977,contains,CWE-79,5.4,2.3,45.0,,,1,,,MEDIUM
CVE-2023-53978,contains,CWE-79,5.4,2.3,46.0,,,1,,,MEDIUM
CVE-2025-66845,reflected,CWE-79,6.1,2.8,61.0,,,0,,,MEDIUM
CVE-2021-47716,contains,CWE-79,5.4,2.3,47.0,,,1,,,MEDIUM
CVE-2021-47732,contains,CWE-79,6.1,2.8,48.0,,,1,,,MEDIUM
CVE-2021-47733,contains,CWE-79,6.1,2.8,49.0,,,1,,,MEDIUM
CVE-2021-47738,contains,CWE-79,5.4,2.3,50.0,,,1,,,MEDIUM
CVE-2018-25131,contains,CWE-79,7.2,3.9,51.0,,,0,,,HIGH
CVE-2019-25235,easy,CWE-639,9.8,3.9,1.0,0.0,0.0,0,0.0,0.0,CRITICAL
CVE-2025-68946,before,CWE-79,5.4,2.3,22.0,0.0,0.0,0,0.0,0.0,MEDIUM
CVE-2025-61914,open,CWE-79,7.3,2.1,28.0,,,0,,,HIGH
CVE-2025-68697,open,CWE-269,7.1,2.8,30.0,,,0,,,HIGH
CVE-2025-65442,vulnerability,CWE-79,6.1,2.8,176.0,,,1,,,MEDIUM
CVE-2025-68951,open,CWE-79,5.4,2.8,31.0,,,0,,,MEDIUM
CVE-2025-15355,developed,CWE-79,6.1,2.8,7.0,,,0,,,MEDIUM
CVE-2025-69210,enterprise,CWE-79,5.4,2.3,6.0,0.0,0.0,0,0.0,0.0,MEDIUM
CVE-2022-50787,versions,CWE-79,7.2,3.9,411.0,0.0,0.0,1,1.0,0.0,HIGH
CVE-2022-50802,contains,CWE-79,6.1,2.8,52.0,,,0,,,MEDIUM
CVE-2021-47743,contains,CWE-79,6.1,2.8,53.0,,,0,,,MEDIUM
CVE-2026-21451,open,CWE-79,8.4,1.7,32.0,,,1,,,HIGH
CVE-2026-21452,for,CWE-400,7.5,3.9,43.0,,,1,,,HIGH
CVE-2026-21483,listmonk,CWE-79,5.4,2.3,1.0,210.0,210.0,1,3.0,1.83,MEDIUM
CVE-2025-15448,vulnerability,CWE-284,6.3,2.8,178.0,,,1,,,MEDIUM
CVE-2025-15449,vulnerability,CWE-22,5.4,2.8,179.0,,,1,,,MEDIUM
CVE-2025-68280,vulnerability,CWE-611,6.5,2.8,178.0,,,0,,,MEDIUM
CVE-2025-59158,and,CWE-116,8.0,2.1,54.0,,,1,,,HIGH
CVE-2025-65110,visualization,CWE-79,8.1,2.8,3.0,0.0,0.0,1,0.0,0.0,HIGH
CVE-2025-66648,provides,CWE-79,7.2,3.9,11.0,0.0,0.0,1,0.0,0.0,HIGH
CVE-2025-68428,library,CWE-35,7.5,3.9,16.0,188.0,188.0,0,7.0,5.83,HIGH
CVE-2020-36905,contains,CWE-829,7.5,3.9,54.0,,,0,,,HIGH
CVE-2020-36920,contains,CWE-863,8.8,2.8,55.0,,,0,,,HIGH
CVE-2025-13371,plugin,CWE-200,8.6,3.9,24.0,,,0,,,HIGH
CVE-2025-14842,and,CWE-434,6.1,2.8,54.0,,,0,,,MEDIUM
CVE-2025-15479,scripting,CWE-79,5.4,2.3,83.0,,,0,,,MEDIUM
CVE-2025-12543,flaw,CWE-20,9.6,2.8,4.0,,,0,,,CRITICAL
CVE-2025-66686,stored,CWE-79,6.1,2.8,76.0,,,1,,,MEDIUM
CVE-2025-66560,framework,CWE-770,5.9,2.2,9.0,,,0,,,MEDIUM
CVE-2026-21854,tool,CWE-287,9.8,3.9,6.0,0.0,0.0,0,0.0,0.0,CRITICAL
CVE-2026-21855,tool,CWE-79,9.3,2.8,7.0,0.0,0.0,1,0.0,0.0,CRITICAL
CVE-2026-22187,versions,CWE-502,7.8,1.8,413.0,0.0,0.0,0,1.0,0.0,HIGH
CVE-2019-25277,contains,CWE-79,6.1,2.8,56.0,,,1,,,MEDIUM
CVE-2026-21695,open,CWE-915,4.3,2.8,33.0,,,1,,,MEDIUM
CVE-2025-14275,plugin,CWE-79,6.4,3.1,25.0,,,0,,,MEDIUM
CVE-2025-14984,plugin,CWE-79,6.4,3.1,26.0,,,0,,,MEDIUM
CVE-2026-22028,lightweight,CWE-843,6.1,2.8,6.0,0.0,0.0,1,4.0,0.0,MEDIUM
CVE-2025-61549,present,CWE-79,6.1,2.8,1.0,0.0,0.0,1,0.0,0.0,MEDIUM
CVE-2025-61550,present,CWE-79,5.4,2.3,2.0,0.0,0.0,1,0.0,0.0,MEDIUM
CVE-2026-22230,allows,CWE-863,7.6,2.8,18.0,0.0,0.0,0,0.0,0.0,HIGH
CVE-2026-22231,allows,CWE-79,5.5,2.1,19.0,0.0,0.0,0,0.0,0.0,MEDIUM
CVE-2026-22232,allows,CWE-79,5.5,2.1,20.0,0.0,0.0,0,0.0,0.0,MEDIUM
CVE-2026-22233,allows,CWE-79,5.5,2.1,21.0,0.0,0.0,0,0.0,0.0,MEDIUM
CVE-2025-66913,thru,CWE-94,9.8,3.9,3.0,0.0,0.0,1,0.0,0.0,CRITICAL
CVE-2025-70974,before,CWE-829,10.0,3.9,23.0,0.0,0.0,0,0.0,0.0,CRITICAL
CVE-2025-59057,router,CWE-79,7.6,2.3,2.0,0.0,0.0,0,0.0,0.0,HIGH
CVE-2026-21884,router,CWE-79,8.2,2.8,3.0,0.0,0.0,0,0.0,0.0,HIGH
CVE-2026-22029,router,CWE-79,8.0,1.6,4.0,0.0,0.0,0,0.0,0.0,HIGH
CVE-2026-22033,data,CWE-79,5.4,2.3,2.0,0.0,0.0,1,0.0,0.0,MEDIUM
CVE-2026-22804,server,CWE-79,8.0,1.6,3.0,,,1,,,HIGH
CVE-2026-22813,open,CWE-79,6.1,2.8,34.0,,,1,,,MEDIUM
CVE-2026-0510,for,CWE-326,3.0,1.3,44.0,,,0,,,LOW
CVE-2026-0884,the,CWE-416,9.8,3.9,54.0,0.0,0.0,0,0.0,0.0,CRITICAL
CVE-2026-0885,the,CWE-416,6.5,3.9,55.0,0.0,0.0,0,0.0,0.0,MEDIUM
CVE-2025-55462,misconfiguration,CWE-942,6.5,2.8,1.0,,,0,,,MEDIUM
CVE-2025-68704,library,CWE-330,7.5,3.9,19.0,180.0,180.0,0,7.0,5.83,HIGH
CVE-2026-22817,application,CWE-347,8.2,3.9,10.0,0.0,0.0,0,0.0,0.0,HIGH
CVE-2026-22818,application,CWE-347,8.2,3.9,11.0,0.0,0.0,0,0.0,0.0,HIGH
CVE-2025-68658,web,CWE-79,4.3,0.9,21.0,,,0,,,MEDIUM
CVE-2020-36919,contains,CWE-79,6.1,2.8,57.0,,,1,,,MEDIUM
CVE-2021-47750,contains,CWE-79,6.1,2.8,58.0,,,1,,,MEDIUM
CVE-2022-50891,contains,CWE-79,5.0,1.8,59.0,,,1,,,MEDIUM
CVE-2022-50896,contains,CWE-79,6.1,2.8,60.0,,,0,,,MEDIUM
CVE-2022-50905,version,CWE-79,9.8,3.9,22.0,0.0,0.0,1,0.0,0.0,CRITICAL
CVE-2023-53985,now,CWE-79,6.1,2.8,1.0,0.0,0.0,1,0.0,0.0,MEDIUM
CVE-2023-54332,contains,CWE-79,6.1,2.8,62.0,,,1,,,MEDIUM
CVE-2023-54341,and,CWE-79,6.1,2.8,54.0,,,1,,,MEDIUM
CVE-2026-22686,secure,CWE-94,10.0,3.9,1.0,98.0,98.0,1,1.0,0.5,CRITICAL
CVE-2025-71164,versions,CWE-79,5.4,2.3,418.0,0.0,0.0,1,1.0,0.0,MEDIUM
CVE-2025-71165,versions,CWE-79,5.4,2.3,419.0,0.0,0.0,1,1.0,0.0,MEDIUM
CVE-2025-71166,versions,CWE-79,5.4,2.3,420.0,0.0,0.0,1,1.0,0.0,MEDIUM
CVE-2026-23497,learning,CWE-79,5.4,2.3,5.0,0.0,0.0,0,0.0,0.0,MEDIUM
CVE-2025-13859,plugin,CWE-862,6.4,3.1,27.0,,,0,,,MEDIUM
CVE-2021-47843,contains,CWE-79,5.4,2.3,63.0,,,1,,,MEDIUM
CVE-2026-22867,collaborative,CWE-79,8.7,2.3,1.0,0.0,0.0,0,0.0,0.0,HIGH
CVE-2026-22774,devalue,CWE-405,7.5,3.9,1.0,,,0,,,HIGH
CVE-2026-22775,devalue,CWE-405,7.5,3.9,2.0,,,0,,,HIGH
CVE-2025-15265,exists,CWE-79,6.1,2.8,1.0,,,1,,,MEDIUM
CVE-2025-70890,stored,CWE-79,6.1,2.8,77.0,,,1,,,MEDIUM
CVE-2025-70891,stored,CWE-79,6.1,2.8,78.0,,,1,,,MEDIUM
CVE-2026-1008,stored,CWE-79,7.6,2.3,79.0,,,0,,,HIGH
CVE-2026-1009,stored,CWE-79,9.0,2.3,80.0,,,0,,,CRITICAL
CVE-2026-1010,stored,CWE-79,8.0,2.1,81.0,,,0,,,HIGH
CVE-2026-22863,and,CWE-325,7.5,3.9,55.0,,,1,,,HIGH
CVE-2026-22864,and,CWE-77,8.1,2.2,56.0,,,1,,,HIGH
CVE-2021-47779,contains,CWE-79,5.4,2.3,64.0,,,1,,,MEDIUM
CVE-2021-47783,contains,CWE-434,5.4,2.3,65.0,,,1,,,MEDIUM
CVE-2021-47808,contains,CWE-79,5.4,2.3,66.0,,,1,,,MEDIUM
CVE-2026-1011,stored,CWE-79,6.1,2.8,82.0,,,0,,,MEDIUM
CVE-2026-0858,the,CWE-79,6.1,2.8,57.0,0.0,0.0,0,0.0,0.0,MEDIUM
CVE-2026-23769,before,CWE-79,6.1,2.8,24.0,0.0,0.0,0,0.0,0.0,MEDIUM
CVE-2026-0949,versions,CWE-79,6.5,1.2,421.0,0.0,0.0,0,1.0,0.0,MEDIUM
CVE-2021-47836,contains,CWE-79,6.1,2.8,67.0,,,0,,,MEDIUM
CVE-2021-47838,contains,CWE-79,7.2,3.9,68.0,,,0,,,HIGH
CVE-2021-47839,contains,CWE-79,7.2,3.9,69.0,,,0,,,HIGH
CVE-2021-47840,contains,CWE-79,7.2,3.9,70.0,,,0,,,HIGH
CVE-2021-47841,contains,CWE-79,6.1,2.8,71.0,,,0,,,MEDIUM
CVE-2021-47842,contains,CWE-79,7.2,3.9,72.0,,,0,,,HIGH
CVE-2021-47844,contains,CWE-79,6.1,2.8,73.0,,,0,,,MEDIUM
CVE-2026-23645,open,CWE-79,6.1,2.8,35.0,,,1,,,MEDIUM
CVE-2026-23722,for,CWE-79,9.1,3.9,43.0,,,1,,,CRITICAL
CVE-2026-23725,web,CWE-79,5.4,2.3,22.0,,,1,,,MEDIUM
CVE-2026-22816,build,CWE-494,7.4,2.2,2.0,173.0,173.0,0,3.0,1.33,HIGH
CVE-2026-22865,build,CWE-494,7.4,2.2,3.0,173.0,173.0,0,3.0,1.33,HIGH
CVE-2025-14632,document,CWE-434,4.4,1.3,1.0,0.0,0.0,0,0.0,0.0,MEDIUM
CVE-2026-23733,open,CWE-94,6.4,0.6,36.0,,,0,,,MEDIUM
CVE-2025-59355,fails,CWE-532,6.5,2.8,1.0,,,0,,,MEDIUM
CVE-2026-1181,workspace,CWE-284,9.0,2.3,1.0,0.0,0.0,0,0.0,0.0,CRITICAL
CVE-2026-23847,personal,CWE-79,6.1,2.8,1.0,0.0,0.0,1,0.0,0.0,MEDIUM
CVE-2025-66523,parameters,CWE-79,6.1,2.8,1.0,0.0,0.0,0,0.0,0.0,MEDIUM
CVE-2025-36556,reflected,CWE-79,6.1,2.8,60.0,,,1,,,MEDIUM
CVE-2025-44000,reflected,CWE-79,6.1,2.8,61.0,,,1,,,MEDIUM
CVE-2025-46270,reflected,CWE-79,6.1,2.8,62.0,,,1,,,MEDIUM
CVE-2025-53516,reflected,CWE-79,6.1,2.8,63.0,,,1,,,MEDIUM
CVE-2025-53707,reflected,CWE-79,6.1,2.8,64.0,,,1,,,MEDIUM
CVE-2025-53854,reflected,CWE-79,6.1,2.8,65.0,,,1,,,MEDIUM
CVE-2025-54157,reflected,CWE-79,6.1,2.8,66.0,,,1,,,MEDIUM
CVE-2025-54495,reflected,CWE-79,6.1,2.8,67.0,,,1,,,MEDIUM
CVE-2025-54778,reflected,CWE-79,6.1,2.8,68.0,,,1,,,MEDIUM
CVE-2025-54814,reflected,CWE-79,6.1,2.8,69.0,,,1,,,MEDIUM
CVE-2025-54817,reflected,CWE-79,6.1,2.8,70.0,,,1,,,MEDIUM
CVE-2025-54852,reflected,CWE-79,6.1,2.8,71.0,,,1,,,MEDIUM
CVE-2025-54853,reflected,CWE-79,6.1,2.8,72.0,,,1,,,MEDIUM
CVE-2025-54861,reflected,CWE-79,6.1,2.8,73.0,,,1,,,MEDIUM
CVE-2025-55071,reflected,CWE-79,6.1,2.8,74.0,,,1,,,MEDIUM
CVE-2025-57786,reflected,CWE-79,6.1,2.8,75.0,,,1,,,MEDIUM
CVE-2025-57787,reflected,CWE-79,6.1,2.8,76.0,,,1,,,MEDIUM
CVE-2025-57881,reflected,CWE-79,6.1,2.8,77.0,,,1,,,MEDIUM
CVE-2025-58080,reflected,CWE-79,6.1,2.8,78.0,,,1,,,MEDIUM
CVE-2025-58087,reflected,CWE-79,6.1,2.8,79.0,,,1,,,MEDIUM
CVE-2025-58088,reflected,CWE-79,6.1,2.8,80.0,,,1,,,MEDIUM
CVE-2025-58089,reflected,CWE-79,6.1,2.8,81.0,,,1,,,MEDIUM
CVE-2025-58090,reflected,CWE-79,6.1,2.8,82.0,,,1,,,MEDIUM
CVE-2025-58091,reflected,CWE-79,6.1,2.8,83.0,,,1,,,MEDIUM
CVE-2025-58092,reflected,CWE-79,6.1,2.8,84.0,,,1,,,MEDIUM
CVE-2025-58093,reflected,CWE-79,6.1,2.8,85.0,,,1,,,MEDIUM
CVE-2025-58094,reflected,CWE-79,6.1,2.8,86.0,,,1,,,MEDIUM
CVE-2025-58095,reflected,CWE-79,6.1,2.8,87.0,,,1,,,MEDIUM
CVE-2025-36066,for,CWE-79,6.1,2.8,45.0,,,0,,,MEDIUM
CVE-2025-36113,for,CWE-79,5.4,2.3,46.0,,,0,,,MEDIUM
CVE-2025-36396,through,CWE-79,5.4,2.3,53.0,,,0,,,MEDIUM
CVE-2025-36408,vulnerable,CWE-79,6.4,3.1,40.0,,,0,,,MEDIUM
CVE-2025-36409,vulnerable,CWE-79,5.4,2.3,41.0,,,0,,,MEDIUM
CVE-2025-67824,plugin,CWE-79,6.1,2.8,29.0,,,0,,,MEDIUM
CVE-2026-1245,code,CWE-94,6.5,3.9,9.0,,,0,,,MEDIUM
CVE-2026-21925,the,NVD-CWE-noinfo,4.8,2.2,58.0,0.0,0.0,0,0.0,0.0,MEDIUM
CVE-2026-21932,the,NVD-CWE-noinfo,7.4,2.8,59.0,0.0,0.0,0,0.0,0.0,HIGH
CVE-2026-21933,the,NVD-CWE-noinfo,6.1,2.8,60.0,0.0,0.0,0,0.0,0.0,MEDIUM
CVE-2026-21945,the,CWE-400,7.5,3.9,61.0,0.0,0.0,0,0.0,0.0,HIGH
CVE-2026-21947,versions,CWE-79,3.1,1.6,422.0,0.0,0.0,0,1.0,0.0,LOW
CVE-2026-21960,the,CWE-284,6.5,1.2,62.0,0.0,0.0,0,0.0,0.0,MEDIUM
CVE-2026-21975,the,CWE-404,4.5,0.9,63.0,0.0,0.0,0,0.0,0.0,MEDIUM
CVE-2025-57681,for,CWE-79,5.4,2.8,47.0,,,1,,,MEDIUM
CVE-2021-47857,contains,CWE-79,7.2,3.9,74.0,,,1,,,HIGH
CVE-2026-22792,desktop,CWE-116,9.6,2.8,4.0,0.0,0.0,1,0.0,0.0,CRITICAL
CVE-2026-22793,desktop,CWE-94,9.6,2.8,5.0,0.0,0.0,1,0.0,0.0,CRITICAL
CVE-2026-23499,version,CWE-79,5.4,2.3,23.0,0.0,0.0,0,0.0,0.0,MEDIUM
CVE-2026-23516,open,CWE-83,5.4,2.3,37.0,,,0,,,MEDIUM
CVE-2026-23960,open,CWE-79,5.4,2.3,38.0,,,1,,,MEDIUM
CVE-2026-23737,seroval,CWE-502,7.5,1.6,1.0,,,0,,,HIGH
CVE-2025-27379,stored,CWE-79,6.8,2.1,83.0,,,0,,,MEDIUM
CVE-2025-27380,injection,CWE-79,7.6,2.3,3.0,,,0,,,HIGH
CVE-2026-23956,seroval,CWE-1333,7.5,3.9,2.0,,,0,,,HIGH
CVE-2026-23965,provides,CWE-347,7.5,3.9,12.0,0.0,0.0,0,0.0,0.0,HIGH
CVE-2026-23966,provides,CWE-345,9.1,3.9,13.0,0.0,0.0,0,0.0,0.0,CRITICAL
CVE-2026-23967,provides,CWE-347,7.5,3.9,14.0,0.0,0.0,0,0.0,0.0,HIGH
CVE-2026-24001,jsdiff,CWE-400,7.5,3.9,1.0,,,0,,,HIGH
CVE-2026-24037,free,CWE-79,4.8,1.7,18.0,0.0,0.0,1,0.0,0.0,MEDIUM
CVE-2025-67683,vulnerable,CWE-79,6.1,2.8,41.0,,,0,,,MEDIUM
CVE-2025-65098,chatbot,CWE-79,7.4,2.8,1.0,0.0,0.0,1,1.0,0.0,HIGH
CVE-2025-9289,vulnerability,CWE-79,4.7,1.6,170.0,,,0,,,MEDIUM
CVE-2025-69908,unauthenticated,CWE-284,7.5,3.9,3.0,,,1,,,HIGH
CVE-2021-47892,contains,CWE-79,7.2,3.9,75.0,,,0,,,HIGH
CVE-2021-47897,contains,CWE-79,7.2,3.9,76.0,,,0,,,HIGH
CVE-2021-47906,contains,CWE-79,6.4,3.1,77.0,,,0,,,MEDIUM
CVE-2025-71177,versions,CWE-79,5.4,2.3,423.0,0.0,0.0,1,1.0,0.0,MEDIUM
CVE-2026-24399,chatbot,CWE-79,9.3,2.8,2.0,0.0,0.0,1,1.0,0.0,CRITICAL
CVE-2026-1191,plugin,CWE-79,4.4,1.3,29.0,,,0,,,MEDIUM
CVE-2020-36932,contains,CWE-79,6.1,2.8,77.0,,,1,,,MEDIUM
CVE-2026-1429,developed,CWE-79,5.4,2.3,8.0,,,0,,,MEDIUM
CVE-2020-36954,contains,CWE-79,6.4,3.1,78.0,,,0,,,MEDIUM
CVE-2020-36956,contains,CWE-79,6.4,3.1,79.0,,,0,,,MEDIUM
CVE-2020-36960,contains,CWE-79,6.4,3.1,80.0,,,0,,,MEDIUM
CVE-2025-70368,version,CWE-79,5.4,2.3,24.0,0.0,0.0,1,0.0,0.0,MEDIUM
CVE-2025-11687,flaw,CWE-79,6.1,2.8,5.0,,,0,,,MEDIUM
CVE-2025-59472,denial,CWE-400,5.9,2.2,3.0,85.0,85.0,0,1.0,2.33,MEDIUM
CVE-2026-24400,provides,CWE-611,9.1,3.9,15.0,0.0,0.0,0,0.0,0.0,CRITICAL
CVE-2026-24490,mobile,CWE-79,8.1,1.7,1.0,,,1,,,HIGH
CVE-2026-24348,scripting,CWE-20,6.1,2.8,82.0,,,0,,,MEDIUM
CVE-2026-24398,application,CWE-185,4.8,2.2,12.0,0.0,0.0,0,0.0,0.0,MEDIUM
CVE-2026-24472,application,CWE-524,5.3,3.9,13.0,0.0,0.0,0,0.0,0.0,MEDIUM
CVE-2026-24473,application,CWE-200,5.3,3.9,14.0,0.0,0.0,0,0.0,0.0,MEDIUM
CVE-2026-24771,application,CWE-79,4.7,1.6,15.0,0.0,0.0,0,0.0,0.0,MEDIUM
CVE-2026-24778,open,CWE-79,8.8,2.8,40.0,,,0,,,HIGH
CVE-2026-23830,sandboxing,CWE-94,10.0,3.9,1.0,,,1,,,CRITICAL
CVE-2026-1513,before,CWE-79,6.1,2.8,25.0,0.0,0.0,0,0.0,0.0,MEDIUM
CVE-2026-1466,normally,CWE-79,6.1,2.8,1.0,,,0,,,MEDIUM
CVE-2020-36988,version,CWE-79,5.4,2.3,25.0,0.0,0.0,0,0.0,0.0,MEDIUM
CVE-2020-36993,contains,CWE-79,5.4,2.3,81.0,,,1,,,MEDIUM
CVE-2023-37525,sensitive,CWE-497,5.3,3.9,1.0,,,0,,,MEDIUM
CVE-2026-24769,software,CWE-79,9.0,2.3,3.0,0.0,0.0,1,0.0,0.0,CRITICAL
CVE-2026-1469,vulnerability,CWE-79,5.4,2.3,174.0,,,0,,,MEDIUM
CVE-2020-37018,contains,CWE-79,6.4,3.1,82.0,,,0,,,MEDIUM
CVE-2025-15549,contains,CWE-79,4.8,1.7,83.0,,,1,,,MEDIUM
CVE-2020-36966,contains,CWE-79,6.4,3.1,84.0,,,0,,,MEDIUM
CVE-2020-36996,contains,CWE-79,6.4,3.1,85.0,,,0,,,MEDIUM
CVE-2020-36998,contains,CWE-79,6.4,3.1,86.0,,,0,,,MEDIUM
CVE-2020-37019,contains,CWE-79,6.4,3.1,87.0,,,0,,,MEDIUM
CVE-2026-25141,generates,CWE-94,9.8,3.9,1.0,0.0,0.0,0,0.0,0.0,CRITICAL
CVE-2020-37044,vulnerable,CWE-79,5.4,2.8,41.0,,,1,,,MEDIUM
CVE-2020-37052,contains,CWE-94,9.8,3.9,88.0,,,0,,,CRITICAL
CVE-2026-25156,conference,CWE-79,7.3,2.1,1.0,0.0,0.0,0,0.0,0.0,HIGH
CVE-2021-47908,contains,CWE-79,6.4,3.1,89.0,,,0,,,MEDIUM
CVE-2021-47914,version,CWE-79,6.4,3.1,25.0,0.0,0.0,1,0.0,0.0,MEDIUM
CVE-2022-50951,contains,CWE-79,6.4,3.1,90.0,,,0,,,MEDIUM
CVE-2025-7105,vulnerability,CWE-400,5.7,2.1,173.0,,,0,,,MEDIUM
CVE-2025-36436,for,CWE-79,6.4,3.1,42.0,,,0,,,MEDIUM
CVE-2025-70958,reflected,CWE-79,6.1,2.8,87.0,,,1,,,MEDIUM
CVE-2026-23997,enterprise,CWE-79,8.0,2.1,7.0,0.0,0.0,1,0.0,0.0,HIGH
CVE-2026-24040,library,CWE-362,4.8,2.2,21.0,160.0,160.0,1,7.0,5.83,MEDIUM
CVE-2026-24043,library,CWE-74,5.4,2.3,22.0,160.0,160.0,1,7.0,5.83,MEDIUM
CVE-2026-24133,library,CWE-770,6.5,2.8,23.0,160.0,160.0,1,7.0,5.83,MEDIUM
CVE-2026-24737,library,CWE-116,8.1,2.8,24.0,160.0,160.0,1,7.0,5.83,HIGH
CVE-2026-25142,sandboxing,CWE-94,10.0,3.9,2.0,,,1,,,CRITICAL
CVE-2026-1058,plugin,CWE-79,7.1,2.8,30.0,,,0,,,HIGH
CVE-2026-1065,plugin,CWE-434,7.2,3.9,31.0,,,0,,,HIGH
CVE-2026-1591,contains,CWE-79,6.3,2.1,91.0,,,0,,,MEDIUM
CVE-2026-1592,contains,CWE-79,6.3,2.1,92.0,,,0,,,MEDIUM
CVE-2019-25264,contains,CWE-79,6.4,3.1,93.0,,,0,,,MEDIUM
CVE-2019-25265,contains,CWE-79,6.4,3.1,94.0,,,0,,,MEDIUM
CVE-2020-37103,contains,CWE-79,6.4,3.1,95.0,,,1,,,MEDIUM
CVE-2025-65923,vulnerability,CWE-79,5.4,2.3,174.0,,,0,,,MEDIUM
CVE-2025-65924,thru,CWE-80,4.1,2.3,4.0,0.0,0.0,0,0.0,0.0,MEDIUM
CVE-2026-24665,platform,CWE-79,8.7,2.3,5.0,,,1,,,HIGH
CVE-2026-24671,platform,CWE-79,6.1,0.9,6.0,,,1,,,MEDIUM
CVE-2026-24672,platform,CWE-79,7.3,2.1,7.0,,,1,,,HIGH
CVE-2026-24674,platform,CWE-79,4.7,1.6,8.0,,,1,,,MEDIUM
CVE-2026-24426,firmware,CWE-79,6.1,2.8,2.0,,,0,,,MEDIUM
CVE-2026-25482,ecommerce,CWE-79,4.8,1.7,1.0,,,1,,,MEDIUM
CVE-2026-25485,ecommerce,CWE-79,4.8,1.7,2.0,,,1,,,MEDIUM
CVE-2026-25486,ecommerce,CWE-79,4.8,1.7,3.0,,,1,,,MEDIUM
CVE-2026-25487,ecommerce,CWE-79,4.8,1.7,4.0,,,1,,,MEDIUM
CVE-2026-25488,ecommerce,CWE-79,4.8,1.7,5.0,,,1,,,MEDIUM
CVE-2026-25489,ecommerce,CWE-79,4.8,1.7,6.0,,,1,,,MEDIUM
CVE-2026-25490,ecommerce,CWE-79,4.8,1.7,7.0,,,1,,,MEDIUM
CVE-2026-25522,ecommerce,CWE-79,4.8,1.7,8.0,,,1,,,MEDIUM
CVE-2020-37072,contains,CWE-79,7.2,3.9,97.0,,,1,,,HIGH
CVE-2026-25148,performance,CWE-79,6.1,2.8,1.0,,,0,,,MEDIUM
CVE-2026-25149,performance,CWE-601,6.1,2.8,2.0,,,0,,,MEDIUM
CVE-2026-25150,performance,CWE-1321,9.3,3.9,3.0,,,0,,,CRITICAL
CVE-2026-25151,performance,CWE-352,5.9,1.6,4.0,,,0,,,MEDIUM
CVE-2026-25155,performance,CWE-352,5.9,1.6,5.0,,,0,,,MEDIUM
CVE-2025-36033,through,CWE-79,5.4,2.3,45.0,,,0,,,MEDIUM
CVE-2025-70545,stored,CWE-79,6.1,2.8,84.0,,,0,,,MEDIUM
CVE-2023-38017,vulnerable,CWE-209,5.3,3.9,41.0,,,0,,,MEDIUM
CVE-2026-25521,brings,CWE-1321,8.8,2.0,1.0,,,1,,,HIGH
CVE-2026-25526,template,CWE-1336,9.8,3.9,2.0,0.0,0.0,0,0.0,0.0,CRITICAL
CVE-2020-37152,vulnerable,CWE-79,6.1,2.8,42.0,,,0,,,MEDIUM
CVE-2025-68643,before,CWE-79,5.4,2.3,29.0,0.0,0.0,0,0.0,0.0,MEDIUM
CVE-2025-68723,before,CWE-79,9.0,2.3,30.0,0.0,0.0,0,0.0,0.0,CRITICAL
CVE-2025-70791,vulnerability,CWE-79,6.1,2.8,174.0,,,1,,,MEDIUM
CVE-2025-70792,vulnerability,CWE-79,6.1,2.8,175.0,,,1,,,MEDIUM
CVE-2025-15551,response,CWE-95,5.6,2.2,1.0,0.0,0.0,0,0.0,0.0,MEDIUM
CVE-2026-0521,reflected,CWE-79,6.1,2.8,88.0,,,1,,,MEDIUM
CVE-2025-13523,plugin,CWE-79,7.7,1.3,32.0,,,0,,,HIGH
CVE-2019-25294,contains,CWE-79,6.1,2.8,98.0,,,1,,,MEDIUM
CVE-2019-25301,contains,CWE-79,6.4,3.1,99.0,,,0,,,MEDIUM
CVE-2026-24903,vulnerability,CWE-79,5.4,2.3,175.0,,,1,,,MEDIUM
CVE-2026-25647,structured,CWE-79,4.6,2.1,1.0,0.0,0.0,1,0.0,0.0,MEDIUM
CVE-2026-25520,sandboxing,CWE-74,10.0,3.9,3.0,,,1,,,CRITICAL
CVE-2026-25586,sandboxing,CWE-74,10.0,3.9,4.0,,,1,,,CRITICAL
CVE-2026-25587,sandboxing,CWE-94,10.0,3.9,5.0,,,1,,,CRITICAL
CVE-2026-25641,sandboxing,CWE-367,10.0,3.9,6.0,,,1,,,CRITICAL
CVE-2026-25533,secure,CWE-835,8.8,2.0,2.0,74.0,74.0,1,1.0,0.5,HIGH
CVE-2026-1615,the,CWE-94,9.8,3.9,61.0,0.0,0.0,0,0.0,0.0,CRITICAL
CVE-2025-63354,allows,CWE-79,4.8,1.7,22.0,0.0,0.0,0,0.0,0.0,MEDIUM
CVE-2026-25881,sandboxing,CWE-1321,9.0,2.2,7.0,,,1,,,CRITICAL
CVE-2026-25892,database,CWE-20,7.5,3.9,1.0,,,1,,,HIGH
CVE-2026-25931,basic,CWE-276,7.8,1.8,1.0,,,0,,,HIGH
CVE-2026-23686,vulnerability,CWE-113,3.4,1.7,176.0,,,0,,,LOW
CVE-2026-24325,does,CWE-79,4.8,1.7,5.0,,,0,,,MEDIUM
CVE-2026-0996,plugin,CWE-79,6.4,3.1,33.0,,,0,,,MEDIUM
CVE-2026-2098,developed,CWE-79,6.1,2.8,9.0,,,0,,,MEDIUM
CVE-2026-2099,developed,CWE-79,5.4,2.3,10.0,,,0,,,MEDIUM
CVE-2025-40587,vulnerability,CWE-79,7.6,2.3,177.0,,,0,,,HIGH
CVE-2025-6967,vulnerability,CWE-698,8.7,2.2,177.0,,,0,,,HIGH
CVE-2026-24045,collaborative,CWE-79,7.3,2.1,2.0,0.0,0.0,1,0.0,0.0,HIGH
CVE-2026-1571,input,CWE-79,6.1,2.8,3.0,0.0,0.0,0,0.0,0.0,MEDIUM
CVE-2025-13648,attacker,CWE-79,6.1,2.8,3.0,,,0,,,MEDIUM
CVE-2025-13649,attacker,CWE-79,6.1,2.8,4.0,,,0,,,MEDIUM
CVE-2025-13650,attacker,CWE-79,6.1,2.8,5.0,,,0,,,MEDIUM
CVE-2019-25311,thesystem,CWE-79,6.4,3.1,1.0,,,1,,,MEDIUM
CVE-2019-25312,contains,CWE-79,5.4,2.3,100.0,,,1,,,MEDIUM
CVE-2019-25314,contains,,5.5,2.3,101.0,,,0,,,MEDIUM
CVE-2019-25316,contains,CWE-79,6.4,3.1,102.0,,,0,,,MEDIUM
CVE-2019-25317,contains,CWE-79,6.4,3.1,103.0,,,1,,,MEDIUM
CVE-2025-69873,ajv,CWE-1333,2.9,1.4,1.0,,,0,,,LOW
CVE-2026-25759,and,CWE-79,8.7,2.3,53.0,,,0,,,HIGH
CVE-2026-26023,app,CWE-79,6.1,2.8,2.0,0.0,0.0,1,0.0,0.0,MEDIUM
CVE-2025-41117,traces,CWE-79,6.8,1.6,1.0,0.0,0.0,0,2.0,0.17,MEDIUM
CVE-2025-33042,vulnerability,CWE-94,7.3,3.9,178.0,,,0,,,HIGH
CVE-2026-1306,plugin,CWE-434,9.8,3.9,34.0,,,0,,,CRITICAL
CVE-2019-25367,contains,CWE-79,5.4,2.3,104.0,,,0,,,MEDIUM
CVE-2019-25368,contains,CWE-79,5.4,2.3,105.0,,,1,,,MEDIUM
CVE-2019-25370,contains,CWE-79,6.1,2.8,106.0,,,1,,,MEDIUM
CVE-2019-25371,contains,CWE-79,6.1,2.8,107.0,,,1,,,MEDIUM
CVE-2019-25372,contains,CWE-79,6.1,2.8,108.0,,,1,,,MEDIUM
CVE-2019-25373,contains,CWE-79,6.4,3.1,109.0,,,1,,,MEDIUM
CVE-2019-25374,contains,CWE-79,6.1,2.8,110.0,,,1,,,MEDIUM
CVE-2019-25375,contains,CWE-79,6.1,2.8,111.0,,,1,,,MEDIUM
CVE-2019-25376,contains,CWE-79,6.1,2.8,112.0,,,1,,,MEDIUM
CVE-2019-25377,contains,CWE-79,5.4,2.3,113.0,,,1,,,MEDIUM
CVE-2019-25378,contains,CWE-79,6.1,2.8,114.0,,,1,,,MEDIUM
CVE-2019-25379,contains,CWE-79,7.2,3.9,115.0,,,1,,,HIGH
CVE-2019-25380,contains,CWE-79,6.1,2.8,116.0,,,1,,,MEDIUM
CVE-2019-25381,contains,CWE-79,6.1,2.8,117.0,,,1,,,MEDIUM
CVE-2019-25382,contains,CWE-79,6.1,2.8,118.0,,,1,,,MEDIUM
CVE-2019-25383,contains,CWE-79,6.1,2.8,119.0,,,1,,,MEDIUM
CVE-2019-25384,contains,CWE-79,6.1,2.8,120.0,,,1,,,MEDIUM
CVE-2019-25385,contains,CWE-79,6.1,2.8,121.0,,,1,,,MEDIUM
CVE-2019-25386,contains,CWE-79,6.1,2.8,122.0,,,1,,,MEDIUM
CVE-2019-25387,contains,CWE-79,6.1,2.8,123.0,,,1,,,MEDIUM
CVE-2019-25388,contains,CWE-79,6.1,2.8,124.0,,,1,,,MEDIUM
CVE-2019-25389,contains,CWE-79,6.1,2.8,125.0,,,1,,,MEDIUM
CVE-2019-25390,contains,CWE-79,5.4,2.3,126.0,,,1,,,MEDIUM
CVE-2019-25392,contains,CWE-79,6.1,2.8,127.0,,,1,,,MEDIUM
CVE-2019-25393,contains,CWE-79,6.1,2.8,128.0,,,1,,,MEDIUM
CVE-2019-25394,contains,CWE-79,7.2,3.9,129.0,,,1,,,HIGH
CVE-2026-23861,for,CWE-79,5.4,2.3,40.0,,,0,,,MEDIUM
CVE-2025-36019,through,CWE-79,6.1,2.8,45.0,,,0,,,MEDIUM
CVE-2026-26357,for,CWE-79,5.4,2.3,41.0,,,0,,,MEDIUM
CVE-2025-33135,for,CWE-79,6.1,2.8,42.0,,,0,,,MEDIUM
CVE-2026-1437,vulnerability,CWE-79,6.1,2.8,177.0,,,0,,,MEDIUM
CVE-2026-1438,vulnerability,CWE-79,6.1,2.8,178.0,,,0,,,MEDIUM
CVE-2026-1439,vulnerability,CWE-79,6.1,2.8,179.0,,,0,,,MEDIUM
CVE-2026-1440,vulnerability,CWE-79,6.1,2.8,180.0,,,0,,,MEDIUM
CVE-2026-1441,vulnerability,CWE-79,6.1,2.8,181.0,,,0,,,MEDIUM
CVE-2026-25500,modular,CWE-79,5.4,2.3,1.0,119.0,119.0,1,0.0,0.67,MEDIUM
CVE-2019-25356,now,CWE-79,6.1,2.8,2.0,0.0,0.0,0,0.0,0.0,MEDIUM
CVE-2019-25396,contains,CWE-79,6.1,2.8,130.0,,,1,,,MEDIUM
CVE-2019-25397,contains,CWE-79,6.1,2.8,131.0,,,1,,,MEDIUM
CVE-2019-25398,contains,CWE-79,6.1,2.8,132.0,,,1,,,MEDIUM
CVE-2019-25399,contains,CWE-79,6.4,3.1,133.0,,,1,,,MEDIUM
CVE-2019-25400,contains,CWE-79,5.4,2.3,134.0,,,1,,,MEDIUM
CVE-2026-27176,contains,CWE-79,6.1,2.8,135.0,,,1,,,MEDIUM
CVE-2026-27177,contains,CWE-79,7.2,3.9,136.0,,,1,,,HIGH
CVE-2026-25595,open,CWE-79,4.8,1.7,40.0,,,1,,,MEDIUM
CVE-2026-25596,open,CWE-79,4.8,1.7,41.0,,,1,,,MEDIUM
CVE-2026-26270,open,CWE-79,5.4,2.3,42.0,,,0,,,MEDIUM
CVE-2026-26281,open,CWE-79,4.4,1.3,43.0,,,1,,,MEDIUM
CVE-2026-2736,which,CWE-79,6.1,2.8,1.0,,,0,,,MEDIUM
CVE-2025-15562,server,CWE-79,6.1,2.8,4.0,,,0,,,MEDIUM
CVE-2019-25402,contains,CWE-79,6.1,2.8,137.0,,,1,,,MEDIUM
CVE-2019-25403,contains,CWE-79,6.4,3.1,138.0,,,1,,,MEDIUM
CVE-2019-25405,contains,CWE-79,7.2,3.9,139.0,,,1,,,HIGH
CVE-2019-25406,contains,CWE-79,6.1,2.8,140.0,,,1,,,MEDIUM
CVE-2019-25407,contains,CWE-79,6.1,2.8,141.0,,,1,,,MEDIUM
CVE-2019-25408,contains,CWE-79,6.1,2.8,142.0,,,1,,,MEDIUM
CVE-2019-25409,contains,CWE-79,6.1,2.8,143.0,,,1,,,MEDIUM
CVE-2019-25410,contains,CWE-79,6.1,2.8,144.0,,,1,,,MEDIUM
CVE-2019-25411,contains,CWE-79,6.1,2.8,145.0,,,1,,,MEDIUM
CVE-2019-25412,contains,CWE-79,6.1,2.8,146.0,,,1,,,MEDIUM
CVE-2019-25413,contains,CWE-79,6.1,2.8,147.0,,,1,,,MEDIUM
CVE-2019-25414,contains,CWE-79,6.1,2.8,148.0,,,1,,,MEDIUM
CVE-2019-25415,contains,CWE-79,6.1,2.8,149.0,,,1,,,MEDIUM
CVE-2019-25416,contains,CWE-79,6.1,2.8,150.0,,,1,,,MEDIUM
CVE-2019-25417,contains,CWE-79,6.1,2.8,151.0,,,1,,,MEDIUM
CVE-2019-25418,contains,CWE-79,6.1,2.8,152.0,,,1,,,MEDIUM
CVE-2019-25419,contains,CWE-79,7.2,3.9,153.0,,,1,,,HIGH
CVE-2019-25420,contains,CWE-79,6.1,2.8,154.0,,,1,,,MEDIUM
CVE-2019-25421,contains,CWE-79,6.1,2.8,155.0,,,1,,,MEDIUM
CVE-2019-25422,contains,CWE-79,7.2,3.9,156.0,,,1,,,HIGH
CVE-2019-25423,contains,CWE-79,6.1,2.8,157.0,,,1,,,MEDIUM
CVE-2019-25424,contains,CWE-79,6.1,2.8,158.0,,,1,,,MEDIUM
CVE-2019-25425,contains,CWE-79,6.1,2.8,159.0,,,1,,,MEDIUM
CVE-2019-25426,contains,CWE-79,6.1,2.8,160.0,,,1,,,MEDIUM
CVE-2019-25427,contains,CWE-79,6.1,2.8,161.0,,,1,,,MEDIUM
CVE-2019-25428,contains,CWE-79,6.1,2.8,162.0,,,1,,,MEDIUM
CVE-2019-25429,contains,CWE-79,6.1,2.8,163.0,,,1,,,MEDIUM
CVE-2019-25430,contains,CWE-79,6.1,2.8,164.0,,,1,,,MEDIUM
CVE-2026-25535,library,CWE-400,7.5,3.9,25.0,143.0,143.0,1,7.0,5.83,HIGH
CVE-2026-25755,library,CWE-94,8.1,2.8,26.0,143.0,143.0,1,7.0,5.83,HIGH
CVE-2025-71240,before,CWE-79,5.4,2.3,30.0,0.0,0.0,0,0.0,0.0,MEDIUM
CVE-2026-25940,library,CWE-116,8.1,2.8,27.0,143.0,143.0,0,7.0,5.83,HIGH
CVE-2026-26059,church,CWE-79,5.4,2.3,4.0,,,1,,,MEDIUM
CVE-2026-27013,canvas,CWE-79,7.6,2.8,1.0,161.0,161.0,1,10.0,27.17,HIGH
CVE-2025-13672,vulnerability,CWE-79,5.4,2.3,181.0,,,1,,,MEDIUM
CVE-2026-26952,web,CWE-20,5.4,2.8,24.0,,,0,,,MEDIUM
CVE-2026-27009,personal,CWE-79,5.8,0.6,2.0,0.0,0.0,1,0.0,0.0,MEDIUM
CVE-2026-26993,file,CWE-79,4.6,2.1,3.0,0.0,0.0,1,0.0,0.0,MEDIUM
CVE-2026-26996,minimatch,CWE-1333,7.5,3.9,1.0,,,1,,,HIGH
CVE-2025-67438,vulnerability,CWE-79,6.1,2.8,181.0,,,1,,,MEDIUM
CVE-2025-68846,vulnerability,CWE-79,7.1,2.8,182.0,,,0,,,HIGH
CVE-2026-27502,version,CWE-79,6.1,2.8,26.0,0.0,0.0,0,0.0,0.0,MEDIUM
CVE-2026-27503,version,CWE-79,6.1,2.8,27.0,0.0,0.0,0,0.0,0.0,MEDIUM
CVE-2026-27505,version,CWE-79,6.1,2.8,28.0,0.0,0.0,0,0.0,0.0,MEDIUM
CVE-2026-27506,version,CWE-79,6.1,2.8,29.0,0.0,0.0,0,0.0,0.0,MEDIUM
CVE-2019-25445,contains,CWE-79,6.1,2.8,165.0,,,1,,,MEDIUM
CVE-2026-2472,the,CWE-79,8.1,2.8,60.0,0.0,0.0,0,0.0,0.0,HIGH
CVE-2026-27190,and,CWE-78,8.1,2.2,54.0,,,1,,,HIGH
CVE-2019-25448,contains,CWE-79,6.4,3.1,166.0,,,1,,,MEDIUM
CVE-2019-25449,contains,CWE-79,6.1,2.8,167.0,,,1,,,MEDIUM
CVE-2019-25453,contains,CWE-79,6.1,2.8,168.0,,,1,,,MEDIUM
CVE-2019-25454,contains,CWE-79,6.1,2.8,169.0,,,1,,,MEDIUM
CVE-2026-27147,content,CWE-79,5.4,2.3,2.0,0.0,0.0,1,0.0,0.0,MEDIUM
CVE-2026-27169,study,CWE-79,8.9,2.3,1.0,0.0,0.0,0,0.0,0.0,HIGH
CVE-2026-27191,framework,CWE-601,6.1,2.8,10.0,,,0,,,MEDIUM
CVE-2026-27192,framework,CWE-346,8.1,2.2,11.0,,,0,,,HIGH
CVE-2026-27193,framework,CWE-200,5.3,1.6,12.0,,,0,,,MEDIUM
CVE-2026-27196,and,CWE-79,8.1,1.7,55.0,,,0,,,HIGH
CVE-2026-27210,lightweight,CWE-79,6.1,2.8,7.0,0.0,0.0,0,4.0,0.0,MEDIUM
CVE-2026-27458,archive,CWE-80,5.4,2.3,4.0,0.0,0.0,1,0.0,0.0,MEDIUM
CVE-2025-14339,and,CWE-862,6.5,3.9,56.0,,,0,,,MEDIUM
CVE-2026-27574,solution,CWE-94,9.9,3.1,1.0,0.0,0.0,1,5.0,0.0,CRITICAL
CVE-2026-25747,vulnerability,CWE-502,8.8,2.8,182.0,,,1,,,HIGH
CVE-2026-26464,was,CWE-79,6.1,2.8,9.0,0.0,0.0,1,0.0,0.0,MEDIUM
CVE-2026-25648,the,CWE-79,8.7,2.3,61.0,0.0,0.0,1,0.0,0.0,HIGH
CVE-2026-27742,version,CWE-79,5.4,2.3,30.0,0.0,0.0,1,0.0,0.0,MEDIUM
CVE-2026-27126,content,CWE-79,4.8,1.7,3.0,0.0,0.0,0,0.0,0.0,MEDIUM
CVE-2025-11165,sandbox,CWE-89,9.9,3.1,2.0,,,0,,,CRITICAL
CVE-2026-2758,the,CWE-416,9.8,3.9,62.0,0.0,0.0,0,0.0,0.0,CRITICAL
CVE-2026-2762,overflow,CWE-190,9.8,3.9,1.0,0.0,0.0,0,0.0,0.0,CRITICAL
CVE-2026-2763,the,CWE-416,9.8,3.9,63.0,0.0,0.0,0,0.0,0.0,CRITICAL
CVE-2026-2764,miscompilation,CWE-416,9.8,3.9,6.0,,,0,,,CRITICAL
CVE-2026-2765,the,CWE-416,9.8,3.9,64.0,0.0,0.0,0,0.0,0.0,CRITICAL
CVE-2026-2766,the,CWE-416,9.8,3.9,65.0,0.0,0.0,0,0.0,0.0,CRITICAL
CVE-2026-2767,the,CWE-416,9.8,3.9,66.0,0.0,0.0,0,0.0,0.0,CRITICAL
CVE-2026-2783,disclosure,CWE-843,7.5,3.9,1.0,,,0,,,HIGH
CVE-2026-2785,pointer,CWE-824,9.8,3.9,3.0,0.0,0.0,0,0.0,0.0,CRITICAL
CVE-2026-2786,the,CWE-416,9.8,3.9,67.0,0.0,0.0,0,0.0,0.0,CRITICAL
CVE-2026-2795,the,CWE-416,9.8,3.9,68.0,0.0,0.0,0,0.0,0.0,CRITICAL
CVE-2026-2796,miscompilation,CWE-843,9.8,3.9,7.0,,,0,,,CRITICAL
CVE-2026-2797,the,CWE-416,9.8,3.9,69.0,0.0,0.0,0,0.0,0.0,CRITICAL
CVE-2026-2801,boundary,CWE-754,7.5,3.9,4.0,0.0,0.0,0,0.0,0.0,HIGH
CVE-2026-2802,condition,CWE-362,4.2,1.6,1.0,0.0,0.0,0,0.0,0.0,MEDIUM
CVE-2026-2804,the,CWE-416,5.4,2.8,70.0,0.0,0.0,0,0.0,0.0,MEDIUM
CVE-2026-27568,open,CWE-79,6.1,2.8,44.0,,,0,,,MEDIUM
CVE-2026-27517,network,CWE-79,6.1,2.8,2.0,0.0,0.0,0,0.0,0.0,MEDIUM
CVE-2026-27519,network,CWE-321,7.5,3.9,3.0,0.0,0.0,0,0.0,0.0,HIGH
CVE-2026-26351,versions,CWE-79,4.8,1.7,412.0,0.0,0.0,0,1.0,0.0,MEDIUM
CVE-2025-69231,free,CWE-79,8.7,2.3,16.0,0.0,0.0,1,0.0,0.0,HIGH
CVE-2026-21443,free,CWE-116,6.1,2.8,17.0,0.0,0.0,0,0.0,0.0,MEDIUM
CVE-2026-27606,module,CWE-22,9.8,3.9,3.0,,,1,,,CRITICAL
CVE-2026-27612,component,CWE-79,6.1,2.8,4.0,0.0,0.0,1,0.0,0.0,MEDIUM
CVE-2026-27614,error,CWE-79,9.3,2.8,1.0,,,1,,,CRITICAL
CVE-2026-27621,multilingual,CWE-79,5.4,2.3,1.0,0.0,0.0,1,0.0,0.0,MEDIUM
CVE-2026-27822,distributed,CWE-79,9.0,2.3,2.0,138.0,138.0,1,10.0,2.67,CRITICAL
CVE-2026-27597,secure,CWE-94,10.0,3.9,3.0,56.0,56.0,1,1.0,0.5,CRITICAL
CVE-2026-27639,open,CWE-79,5.4,2.3,45.0,,,0,,,MEDIUM
CVE-2026-27645,free,CWE-79,6.1,2.8,18.0,0.0,0.0,1,0.0,0.0,MEDIUM
CVE-2025-69771,vulnerability,CWE-434,9.6,2.8,183.0,,,0,,,CRITICAL
CVE-2026-27700,application,CWE-290,8.2,3.9,16.0,0.0,0.0,0,0.0,0.0,HIGH
CVE-2026-27702,low,CWE-20,9.9,3.1,2.0,0.0,0.0,1,0.0,0.0,CRITICAL
CVE-2026-27727,library,CWE-74,9.8,3.9,28.0,137.0,137.0,1,7.0,5.83,CRITICAL
CVE-2026-25743,free,CWE-79,4.8,1.7,19.0,0.0,0.0,1,0.0,0.0,MEDIUM
CVE-2026-25733,software,CWE-79,7.3,2.1,4.0,0.0,0.0,1,0.0,0.0,HIGH
CVE-2026-25734,software,CWE-79,6.1,0.9,5.0,0.0,0.0,1,0.0,0.0,MEDIUM
CVE-2026-25735,software,CWE-79,6.1,0.9,6.0,0.0,0.0,1,0.0,0.0,MEDIUM
CVE-2026-25736,software,CWE-79,6.1,0.9,7.0,0.0,0.0,1,0.0,0.0,MEDIUM
CVE-2026-27616,task,CWE-79,7.3,2.1,1.0,0.0,0.0,1,1.0,0.0,HIGH
CVE-2026-27495,open,CWE-94,9.9,3.1,47.0,,,0,,,CRITICAL
CVE-2026-27830,pooling,CWE-94,8.0,2.1,1.0,0.0,0.0,0,1.0,0.17,HIGH
CVE-2026-27837,provides,CWE-1321,6.3,2.8,16.0,0.0,0.0,1,0.0,0.0,MEDIUM
CVE-2026-27903,minimatch,CWE-407,7.5,3.9,2.0,,,1,,,HIGH
CVE-2026-27904,minimatch,CWE-1333,7.5,3.9,3.0,,,1,,,HIGH
CVE-2026-27970,development,CWE-79,6.1,2.8,2.0,,,0,,,MEDIUM
CVE-2026-27973,audiobook,CWE-79,4.0,1.0,2.0,0.0,0.0,0,1.0,0.0,MEDIUM
CVE-2026-27963,audiobook,CWE-79,4.8,1.7,3.0,0.0,0.0,1,1.0,0.0,MEDIUM
CVE-2026-27974,audiobook,CWE-79,4.8,1.7,4.0,0.0,0.0,0,1.0,0.0,MEDIUM
CVE-2025-64999,neutralization,CWE-79,5.4,2.3,1.0,,,0,,,MEDIUM
CVE-2025-56605,reflected,CWE-79,5.4,2.8,87.0,,,0,,,MEDIUM
CVE-2026-28208,open,CWE-22,5.9,2.2,48.0,,,1,,,MEDIUM
CVE-2026-28274,project,CWE-79,8.7,2.3,6.0,,,1,,,HIGH
CVE-2026-28280,osctrl,CWE-79,6.1,0.9,1.0,,,0,,,MEDIUM
CVE-2026-2362,plugin,CWE-79,6.4,3.1,35.0,,,0,,,MEDIUM
CVE-2026-1434,vulnerable,CWE-79,6.1,2.8,38.0,,,0,,,MEDIUM
CVE-2025-69437,and,CWE-79,8.7,2.3,57.0,,,1,,,HIGH
CVE-2026-27756,firmware,CWE-79,6.1,2.8,5.0,,,0,,,MEDIUM
CVE-2026-28338,extensible,CWE-79,6.8,1.6,2.0,0.0,0.0,1,0.0,0.0,MEDIUM
CVE-2026-28426,and,CWE-79,8.7,2.3,58.0,,,0,,,HIGH
CVE-2026-28558,contains,CWE-79,6.4,3.1,170.0,,,0,,,MEDIUM
CVE-2026-28560,contains,CWE-79,5.5,2.3,171.0,,,0,,,MEDIUM
CVE-2026-28561,contains,CWE-79,5.5,2.3,172.0,,,0,,,MEDIUM
CVE-2025-50186,learning,CWE-79,4.8,1.7,6.0,0.0,0.0,1,0.0,0.0,MEDIUM
CVE-2025-52482,learning,CWE-79,8.3,1.7,7.0,0.0,0.0,1,0.0,0.0,HIGH
CVE-2025-52470,learning,CWE-79,4.8,1.7,8.0,0.0,0.0,1,0.0,0.0,MEDIUM
CVE-2025-52475,learning,CWE-79,6.1,2.8,9.0,0.0,0.0,0,0.0,0.0,MEDIUM
CVE-2026-3455,the,CWE-79,6.1,2.8,68.0,0.0,0.0,1,0.0,0.0,MEDIUM
CVE-2026-3343,reflected,CWE-79,6.1,2.8,87.0,,,0,,,MEDIUM
CVE-2021-35483,component,CWE-79,4.1,1.5,5.0,0.0,0.0,0,0.0,0.0,MEDIUM
CVE-2025-15599,through,CWE-79,6.1,2.8,42.0,,,0,,,MEDIUM
CVE-2026-0540,through,CWE-79,6.1,2.8,43.0,,,0,,,MEDIUM
CVE-2026-26266,password,CWE-79,9.3,2.8,1.0,0.0,0.0,0,0.0,0.0,CRITICAL
CVE-2026-26272,home,CWE-79,4.6,2.1,1.0,0.0,0.0,0,1.0,0.0,MEDIUM
CVE-2026-27601,library,CWE-770,5.9,2.2,30.0,131.0,131.0,1,7.0,5.83,MEDIUM
CVE-2026-27971,performance,CWE-502,9.8,3.9,6.0,,,0,,,CRITICAL
CVE-2026-3244,below,CWE-79,4.8,1.7,1.0,,,1,,,MEDIUM
CVE-2026-3241,below,CWE-79,4.8,1.7,2.0,,,1,,,MEDIUM
CVE-2026-28771,vulnerability,CWE-79,6.1,2.8,182.0,,,1,,,MEDIUM
CVE-2019-25502,contains,CWE-79,6.1,2.8,173.0,,,1,,,MEDIUM
CVE-2026-20066,products,CWE-400,5.8,3.9,1.0,0.0,0.0,0,0.0,0.0,MEDIUM
CVE-2026-20131,vulnerability,CWE-502,10.0,3.9,182.0,,,0,,,CRITICAL
CVE-2026-3125,vulnerability,CWE-706,6.5,3.9,182.0,,,0,,,MEDIUM
CVE-2025-66024,blog,CWE-79,9.0,2.3,2.0,0.0,0.0,1,0.0,0.0,CRITICAL
CVE-2026-29045,application,CWE-177,7.5,3.9,17.0,0.0,0.0,0,0.0,0.0,HIGH
CVE-2026-29085,application,CWE-74,6.5,3.9,18.0,0.0,0.0,0,0.0,0.0,MEDIUM
CVE-2026-29086,application,CWE-1113,5.4,2.8,19.0,0.0,0.0,0,0.0,0.0,MEDIUM
CVE-2026-26022,open,CWE-79,8.7,2.3,49.0,,,1,,,HIGH
CVE-2026-28222,open,CWE-79,6.1,0.9,50.0,,,0,,,MEDIUM
CVE-2026-28223,open,CWE-79,6.1,0.9,51.0,,,0,,,MEDIUM
CVE-2026-28343,modern,CWE-79,6.4,3.1,1.0,,,0,,,MEDIUM
CVE-2026-0848,versions,CWE-20,10.0,3.9,413.0,0.0,0.0,1,1.0,0.0,CRITICAL
CVE-2026-28393,versions,CWE-22,7.7,2.5,414.0,0.0,0.0,0,1.0,0.0,HIGH
CVE-2026-28458,version,CWE-306,8.1,2.8,34.0,0.0,0.0,0,0.0,0.0,HIGH
CVE-2026-28468,versions,CWE-306,7.7,2.5,415.0,0.0,0.0,0,1.0,0.0,HIGH
CVE-2025-55289,learning,CWE-79,8.8,2.8,10.0,0.0,0.0,0,0.0,0.0,HIGH
CVE-2025-59540,learning,CWE-79,5.4,2.3,11.0,0.0,0.0,0,0.0,0.0,MEDIUM
CVE-2025-59542,learning,CWE-79,9.0,2.3,12.0,0.0,0.0,0,0.0,0.0,CRITICAL
CVE-2025-59543,learning,CWE-79,9.0,2.3,13.0,0.0,0.0,0,0.0,0.0,CRITICAL
CVE-2026-27605,web,CWE-79,6.3,2.1,27.0,,,1,,,MEDIUM
CVE-2026-29038,free,CWE-79,6.1,2.8,20.0,0.0,0.0,1,0.0,0.0,MEDIUM
CVE-2026-29062,contains,CWE-770,7.5,3.9,174.0,,,0,,,HIGH
CVE-2026-29074,short,CWE-776,7.5,3.9,1.0,0.0,0.0,1,0.0,0.0,HIGH
CVE-2026-29183,personal,CWE-79,9.3,2.8,3.0,0.0,0.0,1,0.0,0.0,CRITICAL
CVE-2026-29091,brings,CWE-95,8.1,2.2,2.0,,,1,,,HIGH
CVE-2025-69653,crafted,CWE-617,6.5,2.8,1.0,,,1,,,MEDIUM
CVE-2025-69654,crafted,CWE-400,7.5,3.9,2.0,,,1,,,HIGH
CVE-2026-30238,enterprise,CWE-79,6.1,2.8,8.0,0.0,0.0,1,0.0,0.0,MEDIUM
CVE-2026-2433,and,CWE-79,6.1,2.8,58.0,,,0,,,MEDIUM
CVE-2026-29779,serverless,CWE-200,7.5,3.9,1.0,,,0,,,HIGH
CVE-2025-40638,reflected,CWE-79,6.1,2.8,88.0,,,0,,,MEDIUM
CVE-2026-30918,modular,CWE-79,7.6,2.1,2.0,99.0,99.0,1,0.0,0.67,HIGH
CVE-2026-30925,open,CWE-1333,7.5,3.9,53.0,,,0,,,HIGH
CVE-2025-13902,vulnerability,CWE-79,5.4,2.3,182.0,,,0,,,MEDIUM
CVE-2026-30974,portable,CWE-79,4.6,2.1,1.0,0.0,0.0,0,0.0,0.0,MEDIUM
CVE-2025-36226,through,CWE-79,5.4,2.3,44.0,,,0,,,MEDIUM
CVE-2025-70128,vulnerability,CWE-79,6.1,2.8,183.0,,,1,,,MEDIUM
CVE-2026-29175,ecommerce,CWE-79,5.4,2.3,9.0,,,1,,,MEDIUM
CVE-2026-29176,ecommerce,CWE-79,4.8,1.7,10.0,,,0,,,MEDIUM
CVE-2026-29177,ecommerce,CWE-79,5.4,2.3,11.0,,,1,,,MEDIUM
CVE-2026-29792,framework,CWE-287,9.8,3.9,13.0,,,0,,,CRITICAL
CVE-2026-29793,framework,CWE-943,9.8,3.9,14.0,,,0,,,CRITICAL
CVE-2026-30948,open,CWE-79,5.4,2.3,54.0,,,0,,,MEDIUM
CVE-2026-30952,liquidjs,CWE-22,7.5,3.9,1.0,,,0,,,HIGH
CVE-2026-31807,personal,CWE-79,6.1,2.8,4.0,0.0,0.0,1,0.0,0.0,MEDIUM
CVE-2026-31809,personal,CWE-79,6.1,2.8,5.0,0.0,0.0,1,0.0,0.0,MEDIUM
CVE-2026-31822,scripting,CWE-79,6.1,2.8,82.0,,,0,,,MEDIUM
CVE-2026-31823,authenticated,CWE-79,4.8,1.7,5.0,,,0,,,MEDIUM
CVE-2026-27223,versions,CWE-79,5.4,2.3,416.0,0.0,0.0,0,1.0,0.0,MEDIUM
CVE-2026-27224,versions,CWE-79,5.4,2.3,417.0,0.0,0.0,0,1.0,0.0,MEDIUM
CVE-2026-27225,versions,CWE-79,5.4,2.3,418.0,0.0,0.0,0,1.0,0.0,MEDIUM
CVE-2026-27226,versions,CWE-79,5.4,2.3,419.0,0.0,0.0,0,1.0,0.0,MEDIUM
CVE-2026-27228,versions,CWE-79,5.4,2.3,420.0,0.0,0.0,0,1.0,0.0,MEDIUM
CVE-2026-27229,versions,CWE-79,5.4,2.3,421.0,0.0,0.0,0,1.0,0.0,MEDIUM
CVE-2026-27230,versions,CWE-79,5.4,2.3,422.0,0.0,0.0,0,1.0,0.0,MEDIUM
CVE-2026-27231,versions,CWE-79,5.4,2.3,423.0,0.0,0.0,0,1.0,0.0,MEDIUM
CVE-2026-27232,versions,CWE-79,5.4,2.3,424.0,0.0,0.0,0,1.0,0.0,MEDIUM
CVE-2026-27233,versions,CWE-79,5.4,2.3,425.0,0.0,0.0,0,1.0,0.0,MEDIUM
CVE-2026-27234,versions,CWE-79,5.4,2.3,426.0,0.0,0.0,0,1.0,0.0,MEDIUM
CVE-2026-27235,versions,CWE-79,5.4,2.3,427.0,0.0,0.0,0,1.0,0.0,MEDIUM
CVE-2026-27236,versions,CWE-79,5.4,2.3,428.0,0.0,0.0,0,1.0,0.0,MEDIUM
CVE-2026-27237,versions,CWE-79,5.4,2.3,429.0,0.0,0.0,0,1.0,0.0,MEDIUM
CVE-2026-27239,versions,CWE-79,5.4,2.3,430.0,0.0,0.0,0,1.0,0.0,MEDIUM
CVE-2026-27240,versions,CWE-79,5.4,2.3,431.0,0.0,0.0,0,1.0,0.0,MEDIUM
CVE-2026-27241,versions,CWE-79,5.4,2.3,432.0,0.0,0.0,0,1.0,0.0,MEDIUM
CVE-2026-27242,versions,CWE-79,5.4,2.3,433.0,0.0,0.0,0,1.0,0.0,MEDIUM
CVE-2026-27244,versions,CWE-79,5.4,2.3,434.0,0.0,0.0,0,1.0,0.0,MEDIUM
CVE-2026-27247,versions,CWE-79,5.4,2.3,435.0,0.0,0.0,0,1.0,0.0,MEDIUM
CVE-2026-27248,versions,CWE-79,5.4,2.3,436.0,0.0,0.0,0,1.0,0.0,MEDIUM
CVE-2026-27249,versions,CWE-79,5.4,2.3,437.0,0.0,0.0,0,1.0,0.0,MEDIUM
CVE-2026-27250,versions,CWE-79,5.4,2.3,438.0,0.0,0.0,0,1.0,0.0,MEDIUM
CVE-2026-27251,versions,CWE-79,5.4,2.3,439.0,0.0,0.0,0,1.0,0.0,MEDIUM
CVE-2026-27252,versions,CWE-79,5.4,2.3,440.0,0.0,0.0,0,1.0,0.0,MEDIUM
CVE-2026-27253,versions,CWE-79,5.4,2.3,441.0,0.0,0.0,0,1.0,0.0,MEDIUM
CVE-2026-27254,versions,CWE-79,5.4,2.3,442.0,0.0,0.0,0,1.0,0.0,MEDIUM
CVE-2026-27255,versions,CWE-79,5.4,2.3,443.0,0.0,0.0,0,1.0,0.0,MEDIUM
CVE-2026-27256,versions,CWE-79,5.4,2.3,444.0,0.0,0.0,0,1.0,0.0,MEDIUM
CVE-2026-27257,versions,CWE-79,5.4,2.3,445.0,0.0,0.0,0,1.0,0.0,MEDIUM
CVE-2026-27262,versions,CWE-79,5.4,2.3,446.0,0.0,0.0,0,1.0,0.0,MEDIUM
CVE-2026-27265,versions,CWE-79,5.4,2.3,447.0,0.0,0.0,0,1.0,0.0,MEDIUM
CVE-2026-27266,versions,CWE-79,5.4,2.3,448.0,0.0,0.0,0,1.0,0.0,MEDIUM
CVE-2026-21284,versions,CWE-79,8.1,1.7,449.0,0.0,0.0,0,1.0,0.0,HIGH
CVE-2026-21290,versions,CWE-79,8.7,2.3,450.0,0.0,0.0,0,1.0,0.0,HIGH
CVE-2026-21311,versions,CWE-79,8.0,1.6,451.0,0.0,0.0,0,1.0,0.0,HIGH
CVE-2026-21361,versions,CWE-79,8.1,1.7,452.0,0.0,0.0,0,1.0,0.0,HIGH
CVE-2026-3884,the,CWE-79,6.1,2.8,69.0,0.0,0.0,0,0.0,0.0,MEDIUM
CVE-2026-3825,developed,CWE-79,6.1,2.8,11.0,,,0,,,MEDIUM
CVE-2026-2918,for,CWE-639,6.4,3.1,41.0,,,0,,,MEDIUM
CVE-2026-3492,plugin,CWE-79,6.4,3.1,36.0,,,0,,,MEDIUM
CVE-2026-1090,has,CWE-79,8.7,2.3,4.0,0.0,0.0,0,0.0,0.0,HIGH
CVE-2026-20162,versions,CWE-79,6.3,2.1,453.0,0.0,0.0,0,1.0,0.0,MEDIUM
CVE-2026-30235,project,CWE-79,6.5,2.8,7.0,,,0,,,MEDIUM
CVE-2026-30226,devalue,CWE-1321,7.5,3.9,3.0,,,0,,,HIGH
CVE-2026-31859,content,CWE-79,6.1,2.8,4.0,0.0,0.0,0,0.0,0.0,MEDIUM
CVE-2026-31868,open,CWE-79,6.1,2.8,55.0,,,0,,,MEDIUM
CVE-2026-32094,simple,CWE-200,6.5,3.9,1.0,,,1,,,MEDIUM
CVE-2026-32095,email,CWE-79,5.4,2.3,1.0,0.0,0.0,0,0.0,0.0,MEDIUM
CVE-2026-32101,native,CWE-863,7.6,2.8,1.0,,,1,,,HIGH
CVE-2026-32109,portable,CWE-79,3.7,1.2,2.0,0.0,0.0,0,0.0,0.0,LOW
CVE-2026-32118,free,CWE-79,5.4,2.3,22.0,0.0,0.0,1,0.0,0.0,MEDIUM
CVE-2026-32117,plugin,CWE-79,7.6,2.3,37.0,,,0,,,HIGH
CVE-2026-3968,vulnerability,CWE-74,6.3,2.8,178.0,,,0,,,MEDIUM
CVE-2026-3226,plugin,CWE-862,4.3,2.8,38.0,,,0,,,MEDIUM
CVE-2026-3990,security,CWE-79,4.3,2.8,4.0,0.0,0.0,0,0.0,0.0,MEDIUM
CVE-2026-25529,open,CWE-79,8.1,2.8,56.0,,,0,,,HIGH
CVE-2026-32260,and,CWE-78,8.1,2.2,59.0,,,1,,,HIGH
CVE-2023-40693,and,CWE-79,5.4,2.3,60.0,,,0,,,MEDIUM
CVE-2025-13702,through,CWE-79,6.1,2.8,44.0,,,0,,,MEDIUM
CVE-2025-14504,and,CWE-79,5.4,2.3,61.0,,,0,,,MEDIUM
CVE-2026-0835,and,CWE-79,5.4,2.3,62.0,,,0,,,MEDIUM
CVE-2026-22183,before,CWE-79,6.1,2.8,30.0,0.0,0.0,0,0.0,0.0,MEDIUM
CVE-2026-22191,contains,CWE-1336,5.2,2.1,175.0,,,0,,,MEDIUM
CVE-2026-22209,before,CWE-79,5.5,2.3,31.0,0.0,0.0,0,0.0,0.0,MEDIUM
CVE-2026-22210,before,CWE-79,4.4,1.3,32.0,0.0,0.0,0,0.0,0.0,MEDIUM
CVE-2026-26954,sandboxing,CWE-94,10.0,3.9,8.0,,,1,,,CRITICAL
CVE-2026-2888,plugin,CWE-639,5.3,3.9,39.0,,,0,,,MEDIUM
CVE-2026-32304,brings,CWE-94,9.8,3.9,3.0,,,1,,,CRITICAL
CVE-2026-32308,solution,CWE-79,7.6,2.3,2.0,0.0,0.0,1,5.0,0.0,HIGH
CVE-2026-32612,and,CWE-79,5.4,2.3,63.0,,,1,,,MEDIUM
CVE-2013-20006,contains,CWE-79,7.5,3.9,176.0,,,0,,,HIGH
CVE-2015-20115,fails,CWE-79,7.2,3.9,2.0,,,1,,,HIGH
CVE-2015-20116,fails,CWE-79,6.1,2.8,3.0,,,1,,,MEDIUM
CVE-2015-20118,contains,CWE-79,7.2,3.9,177.0,,,1,,,HIGH
CVE-2016-20036,contains,CWE-79,6.1,2.8,178.0,,,1,,,MEDIUM
CVE-2025-69242,vulnerable,CWE-79,6.1,2.8,38.0,,,0,,,MEDIUM
CVE-2025-69245,vulnerable,CWE-79,6.1,2.8,39.0,,,0,,,MEDIUM
CVE-2026-32774,contains,CWE-79,6.4,3.1,179.0,,,0,,,MEDIUM
CVE-2026-29510,firmware,CWE-79,5.4,2.3,6.0,,,0,,,MEDIUM
CVE-2026-29513,firmware,CWE-79,5.4,2.3,7.0,,,0,,,MEDIUM
CVE-2026-29520,firmware,CWE-79,6.1,2.8,8.0,,,0,,,MEDIUM
CVE-2026-25534,updated,CWE-918,9.1,3.1,1.0,,,0,,,CRITICAL
CVE-2026-3207,issue,CWE-306,9.8,3.9,17.0,0.0,0.0,0,0.0,0.0,CRITICAL
CVE-2026-31898,library,CWE-116,8.1,2.8,38.0,117.0,117.0,0,7.0,5.83,HIGH
CVE-2026-31938,library,CWE-79,9.6,2.8,39.0,117.0,117.0,0,7.0,5.83,CRITICAL
CVE-2026-3278,neutralization,CWE-79,6.1,2.8,2.0,,,0,,,MEDIUM
CVE-2026-30048,stored,CWE-79,5.4,2.3,61.0,,,0,,,MEDIUM
CVE-2026-32723,sandboxing,CWE-362,4.7,1.0,9.0,,,1,,,MEDIUM
CVE-2026-32886,open,CWE-1321,7.5,3.9,57.0,,,0,,,HIGH
CVE-2025-15051,through,CWE-79,5.4,2.3,45.0,,,0,,,MEDIUM
CVE-2026-1276,through,CWE-79,5.4,2.3,46.0,,,0,,,MEDIUM
CVE-2026-4120,and,CWE-79,6.4,3.1,64.0,,,0,,,MEDIUM
CVE-2026-32119,free,CWE-79,4.4,1.3,23.0,0.0,0.0,1,0.0,0.0,MEDIUM
CVE-2026-33299,free,CWE-79,5.4,2.3,24.0,0.0,0.0,1,0.0,0.0,MEDIUM
CVE-2026-33346,free,CWE-79,8.7,2.3,25.0,0.0,0.0,1,0.0,0.0,HIGH
CVE-2026-32040,versions,CWE-79,4.6,1.5,453.0,0.0,0.0,1,1.0,0.0,MEDIUM
CVE-2026-32751,personal,CWE-79,9.0,2.3,6.0,0.0,0.0,1,0.0,0.0,CRITICAL
CVE-2026-32753,free,CWE-80,5.4,2.3,26.0,0.0,0.0,1,0.0,0.0,MEDIUM
CVE-2026-32754,free,CWE-79,9.3,2.8,27.0,0.0,0.0,1,0.0,0.0,CRITICAL
CVE-2026-33395,discussion,CWE-79,4.4,1.3,1.0,0.0,0.0,0,0.0,0.0,MEDIUM
CVE-2026-22737,scripting,CWE-22,5.9,2.2,82.0,,,0,,,MEDIUM
CVE-2026-32757,user,CWE-79,5.4,2.3,1.0,,,1,,,MEDIUM
CVE-2026-32880,church,CWE-79,6.4,0.9,5.0,,,1,,,MEDIUM
CVE-2026-32890,bot,CWE-79,9.6,2.8,1.0,,,0,,,CRITICAL
CVE-2026-32891,bot,CWE-80,9.0,2.3,2.0,,,0,,,CRITICAL
CVE-2026-32939,open,CWE-178,8.1,2.2,58.0,,,1,,,HIGH
CVE-2026-32940,personal,CWE-79,9.3,2.8,7.0,0.0,0.0,1,0.0,0.0,CRITICAL
CVE-2026-33012,full,CWE-770,7.5,3.9,1.0,0.0,0.0,0,0.0,0.0,HIGH
CVE-2026-33013,full,CWE-835,7.5,3.9,2.0,0.0,0.0,1,0.0,0.0,HIGH
CVE-2026-33035,open,CWE-79,6.1,2.8,59.0,,,1,,,MEDIUM
CVE-2026-33061,customisable,CWE-79,5.8,0.6,1.0,,,1,,,MEDIUM
CVE-2026-32701,prior,CWE-843,7.5,3.9,3.0,0.0,0.0,0,2.0,0.0,HIGH
CVE-2026-33066,personal,CWE-79,9.0,2.3,8.0,0.0,0.0,1,0.0,0.0,CRITICAL
CVE-2026-33080,collection,CWE-79,7.3,2.1,1.0,0.0,0.0,0,0.0,0.0,HIGH
CVE-2026-33081,standalone,CWE-918,5.8,3.9,1.0,0.0,0.0,1,0.0,0.0,MEDIUM
CVE-2026-33135,web,CWE-79,9.3,2.8,29.0,,,1,,,CRITICAL
CVE-2026-33136,web,CWE-79,9.3,2.8,30.0,,,1,,,CRITICAL
CVE-2026-33368,and,CWE-79,6.1,2.8,66.0,,,0,,,MEDIUM
CVE-2026-33370,issue,CWE-79,6.1,2.8,18.0,0.0,0.0,0,0.0,0.0,MEDIUM
CVE-2026-32986,version,CWE-79,6.1,2.8,30.0,0.0,0.0,1,0.0,0.0,MEDIUM
CVE-2026-30578,vulnerable,CWE-79,6.5,2.3,38.0,,,0,,,MEDIUM
CVE-2026-30579,vulnerable,CWE-79,6.5,2.3,39.0,,,0,,,MEDIUM
CVE-2026-32844,through,CWE-79,6.1,2.8,47.0,,,0,,,MEDIUM
CVE-2026-33172,and,CWE-79,8.7,2.3,67.0,,,0,,,HIGH
CVE-2026-33180,complete,CWE-200,7.5,3.9,1.0,0.0,0.0,0,0.0,0.0,HIGH
CVE-2026-33209,framework,CWE-79,6.1,2.8,17.0,,,0,,,MEDIUM
CVE-2026-33228,flatted,CWE-1321,9.8,3.9,1.0,,,1,,,CRITICAL
CVE-2026-4083,for,CWE-79,6.4,3.1,42.0,,,0,,,MEDIUM
CVE-2026-4084,fyyd,CWE-79,6.4,3.1,1.0,,,0,,,MEDIUM
CVE-2026-33295,open,CWE-79,5.4,2.3,60.0,,,1,,,MEDIUM
CVE-2026-33296,open,CWE-601,6.1,2.8,61.0,,,1,,,MEDIUM
CVE-2026-33499,open,CWE-79,6.1,2.8,62.0,,,1,,,MEDIUM
CVE-2026-33683,open,CWE-79,5.4,2.3,63.0,,,1,,,MEDIUM
CVE-2024-46878,vulnerability,CWE-79,5.4,2.3,158.0,,,1,,,MEDIUM
CVE-2024-46879,vulnerability,CWE-79,5.4,2.3,159.0,,,1,,,MEDIUM
CVE-2026-32850,versions,CWE-79,6.1,2.8,454.0,0.0,0.0,1,1.0,0.0,MEDIUM
CVE-2026-32851,versions,CWE-79,6.1,2.8,455.0,0.0,0.0,1,1.0,0.0,MEDIUM
CVE-2026-32852,versions,CWE-79,6.1,2.8,456.0,0.0,0.0,1,1.0,0.0,MEDIUM
CVE-2026-33517,open,CWE-79,6.1,2.8,64.0,,,0,,,MEDIUM
CVE-2026-33548,open,CWE-79,6.1,2.8,65.0,,,0,,,MEDIUM
CVE-2025-60948,allows,CWE-79,4.6,2.1,21.0,0.0,0.0,0,0.0,0.0,MEDIUM
CVE-2026-33306,binding,CWE-190,7.5,3.9,1.0,0.0,0.0,0,0.0,0.0,HIGH
CVE-2026-4698,miscompilation,CWE-843,9.8,3.9,8.0,,,0,,,CRITICAL
CVE-2026-4701,the,CWE-416,9.8,3.9,73.0,0.0,0.0,0,0.0,0.0,CRITICAL
CVE-2026-4702,miscompilation,CWE-843,9.8,3.9,9.0,,,0,,,CRITICAL
CVE-2026-4716,boundary,CWE-908,9.1,3.9,5.0,0.0,0.0,0,0.0,0.0,CRITICAL
CVE-2026-4723,the,CWE-416,9.8,3.9,74.0,0.0,0.0,0,0.0,0.0,CRITICAL
CVE-2026-33336,task,CWE-94,8.8,2.8,2.0,0.0,0.0,1,1.0,0.0,HIGH
CVE-2026-33400,personal,CWE-79,5.4,2.3,9.0,0.0,0.0,1,0.0,0.0,MEDIUM
CVE-2026-32948,sbt,CWE-78,7.8,1.8,1.0,0.0,0.0,1,0.0,0.0,HIGH
CVE-2026-33331,tool,CWE-79,8.2,2.8,11.0,0.0,0.0,1,0.0,0.0,HIGH
CVE-2026-33349,allows,CWE-1284,5.9,2.2,22.0,0.0,0.0,1,0.0,0.0,MEDIUM
CVE-2026-4816,vulnerability,CWE-79,5.4,2.3,160.0,,,0,,,MEDIUM
CVE-2026-2973,has,CWE-79,5.4,2.3,5.0,0.0,0.0,0,0.0,0.0,MEDIUM
CVE-2026-27496,open,CWE-908,6.5,2.8,66.0,,,0,,,MEDIUM
CVE-2026-30587,vulnerabilities,CWE-79,8.7,2.3,3.0,0.0,0.0,1,0.0,0.0,HIGH
CVE-2026-33749,open,CWE-79,9.0,2.3,67.0,,,0,,,CRITICAL
CVE-2026-2483,through,CWE-79,5.4,2.3,46.0,,,0,,,MEDIUM
CVE-2026-2485,through,CWE-79,4.8,1.7,47.0,,,0,,,MEDIUM
CVE-2026-33348,free,CWE-79,8.7,2.3,32.0,0.0,0.0,1,0.0,0.0,HIGH
CVE-2026-33911,free,CWE-79,5.4,2.3,33.0,0.0,0.0,0,0.0,0.0,MEDIUM
CVE-2026-33912,free,CWE-79,5.4,2.3,34.0,0.0,0.0,0,0.0,0.0,MEDIUM
CVE-2026-33932,free,CWE-79,7.6,2.3,35.0,0.0,0.0,0,0.0,0.0,HIGH
CVE-2026-33933,free,CWE-79,6.1,2.8,36.0,0.0,0.0,1,0.0,0.0,MEDIUM
CVE-2026-33285,compatible,CWE-20,7.5,3.9,1.0,,,1,,,HIGH
CVE-2026-33287,compatible,CWE-20,7.5,3.9,2.0,,,1,,,HIGH
CVE-2026-4335,plugin,CWE-79,5.4,2.3,40.0,,,0,,,MEDIUM
CVE-2025-41026,vulnerabilities,CWE-79,6.1,2.8,4.0,0.0,0.0,0,0.0,0.0,MEDIUM
CVE-2025-41027,vulnerabilities,CWE-79,6.1,2.8,5.0,0.0,0.0,0,0.0,0.0,MEDIUM
CVE-2026-29933,reflected,CWE-79,6.1,2.8,86.0,,,1,,,MEDIUM
CVE-2026-29934,reflected,CWE-79,6.1,2.8,87.0,,,1,,,MEDIUM
CVE-2026-34071,locally,CWE-79,5.4,2.8,1.0,,,1,,,MEDIUM
CVE-2026-29969,scripting,CWE-79,6.1,2.8,83.0,,,1,,,MEDIUM
CVE-2026-33506,formerly,CWE-87,8.8,2.8,1.0,,,1,,,HIGH
CVE-2026-33525,authentication,CWE-79,6.1,2.8,2.0,0.0,0.0,1,0.0,0.0,MEDIUM
CVE-2026-33532,parser,CWE-674,4.3,2.8,3.0,,,1,,,MEDIUM
CVE-2026-33622,standalone,CWE-94,8.8,2.8,2.0,0.0,0.0,1,0.0,0.0,HIGH
CVE-2026-33738,free,CWE-79,5.4,2.3,37.0,0.0,0.0,1,0.0,0.0,MEDIUM
CVE-2026-33653,file,CWE-79,4.6,2.1,4.0,0.0,0.0,1,0.0,0.0,MEDIUM
CVE-2026-33664,orchestration,CWE-79,7.3,2.1,3.0,0.0,0.0,1,1.0,0.0,HIGH
CVE-2026-33671,glob,CWE-1333,7.5,3.9,1.0,,,0,,,HIGH
CVE-2026-33672,glob,CWE-1321,5.3,3.9,2.0,,,0,,,MEDIUM
CVE-2026-33701,provides,CWE-502,9.8,3.9,19.0,0.0,0.0,0,0.0,0.0,CRITICAL
CVE-2026-33728,client,CWE-502,9.8,3.9,7.0,,,0,,,CRITICAL
CVE-2026-5026,endpoint,CWE-79,5.4,2.3,3.0,,,0,,,MEDIUM
CVE-2026-30527,vulnerability,CWE-79,5.4,2.3,161.0,,,1,,,MEDIUM
CVE-2026-34375,open,CWE-79,8.2,2.8,65.0,,,1,,,HIGH
CVE-2026-33881,developer,CWE-94,7.2,1.2,1.0,,,1,,,HIGH
CVE-2026-33883,and,CWE-79,6.1,2.8,68.0,,,0,,,MEDIUM
CVE-2026-33891,called,CWE-835,7.5,3.9,4.0,0.0,0.0,1,0.0,0.0,HIGH
CVE-2026-33894,called,CWE-20,7.5,3.9,5.0,0.0,0.0,0,0.0,0.0,HIGH
CVE-2026-33895,called,CWE-347,7.5,3.9,6.0,0.0,0.0,0,0.0,0.0,HIGH
CVE-2026-33896,called,CWE-295,7.4,2.2,7.0,0.0,0.0,1,0.0,0.0,HIGH
CVE-2026-33937,provides,CWE-94,9.8,3.9,20.0,0.0,0.0,1,0.0,0.0,CRITICAL
CVE-2026-33938,provides,CWE-94,8.1,2.2,21.0,0.0,0.0,1,0.0,0.0,HIGH
CVE-2026-33940,provides,CWE-94,8.1,2.2,22.0,0.0,0.0,1,0.0,0.0,HIGH
CVE-2026-33941,provides,CWE-79,8.2,1.5,23.0,0.0,0.0,1,0.0,0.0,HIGH
CVE-2026-33943,implementation,CWE-94,8.8,2.8,6.0,,,1,,,HIGH
CVE-2026-34226,implementation,CWE-201,7.5,3.9,7.0,,,1,,,HIGH
CVE-2026-33993,brings,CWE-1321,9.8,3.9,4.0,,,1,,,CRITICAL
CVE-2026-33994,brings,CWE-1321,9.8,3.9,5.0,,,1,,,CRITICAL
CVE-2017-20227,and,CWE-787,9.8,3.9,69.0,,,1,,,CRITICAL
CVE-2026-26352,versions,CWE-79,5.4,2.3,457.0,0.0,0.0,0,1.0,0.0,MEDIUM
CVE-2026-27508,versions,CWE-79,5.4,2.8,458.0,0.0,0.0,0,1.0,0.0,MEDIUM
CVE-2026-28228,open,CWE-1336,8.8,2.8,66.0,,,0,,,HIGH
CVE-2026-34557,skeleton,CWE-79,9.1,3.1,1.0,0.0,0.0,1,0.0,0.0,CRITICAL
CVE-2026-34558,skeleton,CWE-79,9.1,3.1,2.0,0.0,0.0,1,0.0,0.0,CRITICAL
CVE-2026-34043,superset,CWE-400,5.9,2.2,1.0,0.0,0.0,0,2.0,0.0,MEDIUM
CVE-2025-41355,vulnerability,CWE-79,6.1,2.8,159.0,,,0,,,MEDIUM
CVE-2025-41356,vulnerability,CWE-79,6.1,2.8,160.0,,,0,,,MEDIUM
CVE-2025-41357,vulnerability,CWE-79,6.1,2.8,161.0,,,0,,,MEDIUM
CVE-2026-3106,versions,CWE-79,5.4,2.3,459.0,0.0,0.0,0,1.0,0.0,MEDIUM
CVE-2026-3107,versions,CWE-79,5.4,2.3,460.0,0.0,0.0,0,1.0,0.0,MEDIUM
CVE-2026-34156,platform,CWE-913,9.9,3.1,10.0,,,1,,,CRITICAL
CVE-2026-20915,scripting,CWE-79,5.4,2.3,84.0,,,0,,,MEDIUM
CVE-2026-33276,scripting,CWE-79,5.4,2.3,85.0,,,0,,,MEDIUM
CVE-2026-34221,for,CWE-1321,9.1,3.9,43.0,,,0,,,CRITICAL
CVE-2026-34231,component,CWE-79,6.1,2.8,6.0,0.0,0.0,1,0.0,0.0,MEDIUM
CVE-2026-34237,the,CWE-942,6.1,2.8,72.0,0.0,0.0,0,0.0,0.0,MEDIUM
CVE-2026-34240,and,CWE-347,7.5,3.9,70.0,,,0,,,HIGH
CVE-2026-34359,complete,CWE-346,7.4,2.2,2.0,0.0,0.0,1,0.0,0.0,HIGH
CVE-2026-34360,complete,CWE-918,5.8,3.9,3.0,0.0,0.0,1,0.0,0.0,MEDIUM
CVE-2026-34361,complete,CWE-552,9.3,3.9,4.0,0.0,0.0,1,0.0,0.0,CRITICAL
CVE-2026-32243,discussion,CWE-79,5.4,2.3,2.0,0.0,0.0,0,0.0,0.0,MEDIUM
CVE-2026-34396,open,CWE-79,6.1,2.8,67.0,,,1,,,MEDIUM
CVE-2026-34739,open,CWE-79,6.1,2.8,68.0,,,1,,,MEDIUM
CVE-2026-3468,stored,CWE-79,4.8,1.7,52.0,,,0,,,MEDIUM
CVE-2026-34448,personal,CWE-79,9.0,2.3,10.0,0.0,0.0,1,0.0,0.0,CRITICAL
CVE-2026-34449,personal,CWE-942,9.6,2.8,11.0,0.0,0.0,1,0.0,0.0,CRITICAL
CVE-2026-34451,for,CWE-22,5.4,2.2,45.0,,,0,,,MEDIUM
CVE-2026-34585,personal,CWE-79,8.6,1.8,12.0,0.0,0.0,1,0.0,0.0,HIGH
CVE-2026-3774,application,CWE-200,4.7,1.0,20.0,0.0,0.0,0,0.0,0.0,MEDIUM
CVE-2026-3777,application,CWE-416,5.5,1.8,21.0,0.0,0.0,0,0.0,0.0,MEDIUM
CVE-2026-3778,application,CWE-674,6.2,2.5,22.0,0.0,0.0,0,0.0,0.0,MEDIUM
CVE-2026-3877,reflected,CWE-79,6.1,2.8,88.0,,,1,,,MEDIUM
CVE-2025-13535,for,CWE-79,6.4,3.1,47.0,,,0,,,MEDIUM
CVE-2026-34076,the,CWE-918,7.4,2.2,72.0,0.0,0.0,0,0.0,0.0,HIGH
CVE-2026-34529,file,CWE-79,7.6,2.3,5.0,0.0,0.0,1,0.0,0.0,HIGH
CVE-2026-34530,file,CWE-79,6.9,1.7,6.0,0.0,0.0,1,0.0,0.0,MEDIUM
CVE-2026-4364,through,CWE-79,5.4,2.3,48.0,,,0,,,MEDIUM
CVE-2026-34559,skeleton,CWE-79,9.1,3.1,3.0,0.0,0.0,1,0.0,0.0,CRITICAL
CVE-2026-34563,skeleton,CWE-79,9.1,3.1,4.0,0.0,0.0,1,0.0,0.0,CRITICAL
CVE-2026-34566,skeleton,CWE-79,9.1,3.1,5.0,0.0,0.0,1,0.0,0.0,CRITICAL
CVE-2026-34567,skeleton,CWE-79,9.1,3.1,6.0,0.0,0.0,1,0.0,0.0,CRITICAL
CVE-2026-34568,skeleton,CWE-79,9.1,3.1,7.0,0.0,0.0,1,0.0,0.0,CRITICAL
CVE-2026-34569,skeleton,CWE-79,9.9,3.1,8.0,0.0,0.0,1,0.0,0.0,CRITICAL
CVE-2026-34571,skeleton,CWE-79,9.9,3.1,9.0,0.0,0.0,1,0.0,0.0,CRITICAL
CVE-2025-66484,through,CWE-79,5.5,2.3,49.0,,,0,,,MEDIUM
CVE-2026-1243,and,CWE-79,5.4,2.3,72.0,,,0,,,MEDIUM
CVE-2026-33533,system,CWE-942,6.5,2.8,1.0,,,1,,,MEDIUM
CVE-2026-34798,version,CWE-79,6.4,3.1,31.0,0.0,0.0,0,0.0,0.0,MEDIUM
CVE-2026-34799,version,CWE-79,6.4,3.1,32.0,0.0,0.0,0,0.0,0.0,MEDIUM
CVE-2026-34800,version,CWE-79,6.4,3.1,33.0,0.0,0.0,0,0.0,0.0,MEDIUM
CVE-2026-34801,version,CWE-79,6.4,3.1,34.0,0.0,0.0,0,0.0,0.0,MEDIUM
CVE-2026-34802,version,CWE-79,6.4,3.1,35.0,0.0,0.0,0,0.0,0.0,MEDIUM
CVE-2026-34803,version,CWE-79,6.4,3.1,36.0,0.0,0.0,0,0.0,0.0,MEDIUM
CVE-2026-34804,version,CWE-79,6.4,3.1,37.0,0.0,0.0,0,0.0,0.0,MEDIUM
CVE-2026-34805,version,CWE-79,6.4,3.1,38.0,0.0,0.0,0,0.0,0.0,MEDIUM
CVE-2026-34806,version,CWE-79,6.4,3.1,39.0,0.0,0.0,0,0.0,0.0,MEDIUM
CVE-2026-34807,version,CWE-79,6.4,3.1,40.0,0.0,0.0,0,0.0,0.0,MEDIUM
CVE-2026-34808,version,CWE-79,6.4,3.1,41.0,0.0,0.0,0,0.0,0.0,MEDIUM
CVE-2026-34809,version,CWE-79,6.4,3.1,42.0,0.0,0.0,0,0.0,0.0,MEDIUM
CVE-2026-34810,version,CWE-79,6.4,3.1,43.0,0.0,0.0,0,0.0,0.0,MEDIUM
CVE-2026-34811,version,CWE-79,6.4,3.1,44.0,0.0,0.0,0,0.0,0.0,MEDIUM
CVE-2026-34812,version,CWE-79,6.4,3.1,45.0,0.0,0.0,0,0.0,0.0,MEDIUM
CVE-2026-34813,version,CWE-79,6.4,3.1,46.0,0.0,0.0,0,0.0,0.0,MEDIUM
CVE-2026-34814,version,CWE-79,6.4,3.1,47.0,0.0,0.0,0,0.0,0.0,MEDIUM
CVE-2026-34815,version,CWE-79,6.4,3.1,48.0,0.0,0.0,0,0.0,0.0,MEDIUM
CVE-2026-34816,version,CWE-79,6.4,3.1,49.0,0.0,0.0,0,0.0,0.0,MEDIUM
CVE-2026-34817,version,CWE-79,6.4,3.1,50.0,0.0,0.0,0,0.0,0.0,MEDIUM
CVE-2026-34818,version,CWE-79,6.4,3.1,51.0,0.0,0.0,0,0.0,0.0,MEDIUM
CVE-2026-34819,version,CWE-79,6.4,3.1,52.0,0.0,0.0,0,0.0,0.0,MEDIUM
CVE-2026-34820,version,CWE-79,6.4,3.1,53.0,0.0,0.0,0,0.0,0.0,MEDIUM
CVE-2026-34821,version,CWE-79,6.4,3.1,54.0,0.0,0.0,0,0.0,0.0,MEDIUM
CVE-2026-34822,version,CWE-79,6.4,3.1,55.0,0.0,0.0,0,0.0,0.0,MEDIUM
CVE-2026-34823,version,CWE-79,6.4,3.1,56.0,0.0,0.0,0,0.0,0.0,MEDIUM
CVE-2026-34974,open,CWE-79,5.4,2.3,70.0,,,1,,,MEDIUM
CVE-2026-34598,wiki,CWE-79,6.1,2.8,2.0,120.0,120.0,1,6.0,0.5,MEDIUM
CVE-2026-34601,xmldom,CWE-91,7.5,3.9,1.0,,,0,,,HIGH
CVE-2026-35053,monitoring,CWE-306,9.8,3.9,1.0,0.0,0.0,1,0.0,0.0,CRITICAL
CVE-2026-30251,reflected,CWE-79,6.1,2.8,89.0,,,0,,,MEDIUM
CVE-2026-30252,reflected,CWE-79,6.1,2.8,90.0,,,0,,,MEDIUM
CVE-2026-34766,framework,CWE-862,3.3,0.8,18.0,,,0,,,LOW
CVE-2026-34767,framework,CWE-74,5.9,1.6,19.0,,,0,,,MEDIUM
CVE-2026-34768,framework,CWE-428,3.9,0.5,20.0,,,0,,,LOW
CVE-2026-34769,framework,CWE-88,7.7,1.0,21.0,,,0,,,HIGH
CVE-2026-34770,framework,CWE-416,7.0,1.0,22.0,,,0,,,HIGH
CVE-2026-34771,framework,CWE-416,7.5,1.6,23.0,,,0,,,HIGH
CVE-2026-34772,framework,CWE-416,5.8,1.0,24.0,,,0,,,MEDIUM
CVE-2026-34773,framework,CWE-20,4.7,1.0,25.0,,,0,,,MEDIUM
CVE-2026-34774,framework,CWE-416,8.1,2.2,26.0,,,0,,,HIGH
CVE-2026-34775,framework,CWE-653,6.8,1.6,27.0,,,0,,,MEDIUM
CVE-2026-34776,framework,CWE-125,5.3,1.0,28.0,,,0,,,MEDIUM
CVE-2026-34777,framework,CWE-346,5.4,2.8,29.0,,,0,,,MEDIUM
CVE-2026-34778,framework,CWE-290,5.9,1.6,30.0,,,0,,,MEDIUM
CVE-2026-34779,framework,CWE-78,6.5,1.0,31.0,,,0,,,MEDIUM
CVE-2026-34780,framework,CWE-668,8.3,1.6,32.0,,,0,,,HIGH
CVE-2018-25249,contains,CWE-79,6.4,3.1,182.0,,,1,,,MEDIUM
CVE-2026-33406,web,CWE-79,5.4,2.8,29.0,,,1,,,MEDIUM
CVE-2026-33510,vulnerability,CWE-87,8.8,2.8,161.0,,,1,,,HIGH
CVE-2026-33405,web,CWE-79,3.1,0.6,30.0,,,0,,,LOW
CVE-2026-34208,sandboxing,CWE-693,10.0,3.9,10.0,,,1,,,CRITICAL
CVE-2026-34211,sandboxing,CWE-674,7.5,3.9,11.0,,,1,,,HIGH
CVE-2026-34217,sandboxing,CWE-668,7.2,3.9,12.0,,,1,,,HIGH
CVE-2026-34764,framework,CWE-416,2.3,0.8,33.0,,,0,,,LOW
CVE-2026-34986,provides,CWE-248,7.5,3.9,24.0,0.0,0.0,0,0.0,0.0,HIGH
CVE-2026-34989,skeleton,CWE-79,9.0,2.3,10.0,0.0,0.0,1,0.0,0.0,CRITICAL
CVE-2026-35390,webmail,CWE-79,5.4,2.3,1.0,,,0,,,MEDIUM
CVE-2026-22675,version,CWE-79,5.4,2.3,57.0,0.0,0.0,0,0.0,0.0,MEDIUM
CVE-2026-35404,enables,CWE-601,4.7,2.8,1.0,,,1,,,MEDIUM
CVE-2025-15611,plugin,CWE-918,5.4,2.3,39.0,,,1,,,MEDIUM
CVE-2026-4420,vulnerable,CWE-79,5.4,2.3,40.0,,,0,,,MEDIUM
CVE-2026-35554,race,CWE-362,8.7,2.2,1.0,0.0,0.0,0,0.0,0.0,HIGH
CVE-2026-35534,church,CWE-79,7.6,2.3,6.0,,,0,,,HIGH
CVE-2026-35571,based,CWE-79,4.8,1.7,13.0,,,1,,,MEDIUM
CVE-2025-14944,plugin,CWE-862,5.3,3.9,40.0,,,0,,,MEDIUM
CVE-2025-70844,yaffa,CWE-94,6.1,2.8,1.0,,,0,,,MEDIUM
CVE-2026-35574,church,CWE-79,7.3,2.1,7.0,,,1,,,HIGH
CVE-2026-35608,file,CWE-79,6.1,2.8,7.0,0.0,0.0,1,0.0,0.0,MEDIUM
CVE-2026-35575,church,CWE-79,8.0,2.1,8.0,,,0,,,HIGH
CVE-2026-35576,church,CWE-79,8.7,2.3,9.0,,,0,,,HIGH
CVE-2026-39328,church,CWE-79,8.9,2.3,10.0,,,0,,,HIGH
CVE-2026-39332,church,CWE-79,8.7,2.3,11.0,,,0,,,HIGH
CVE-2026-39333,church,CWE-79,8.7,2.3,12.0,,,0,,,HIGH
CVE-2026-39338,church,CWE-79,6.1,2.8,13.0,,,1,,,MEDIUM
CVE-2026-39344,church,CWE-79,8.1,2.8,14.0,,,0,,,HIGH
CVE-2026-39363,frontend,CWE-200,7.5,3.9,4.0,0.0,0.0,1,0.0,0.0,HIGH
CVE-2026-39364,frontend,CWE-180,7.5,3.9,5.0,0.0,0.0,1,0.0,0.0,HIGH
CVE-2026-39365,frontend,CWE-22,5.3,3.9,6.0,0.0,0.0,1,0.0,0.0,MEDIUM
CVE-2026-39367,open,CWE-79,5.4,2.3,72.0,,,0,,,MEDIUM
CVE-2026-39380,web,CWE-79,5.4,2.3,32.0,,,1,,,MEDIUM
CVE-2026-32712,web,CWE-79,5.4,2.3,33.0,,,1,,,MEDIUM
CVE-2026-33439,access,CWE-502,9.8,3.9,4.0,0.0,0.0,1,1.0,0.5,CRITICAL
CVE-2026-39400,task,CWE-79,6.1,2.8,3.0,0.0,0.0,1,1.0,0.0,MEDIUM
CVE-2026-34765,framework,CWE-668,6.0,1.8,34.0,,,0,,,MEDIUM
CVE-2026-34781,framework,CWE-476,2.8,1.3,35.0,,,0,,,LOW
CVE-2026-35568,the,CWE-346,5.7,2.1,74.0,0.0,0.0,0,0.0,0.0,MEDIUM
CVE-2026-39846,personal,CWE-79,9.0,2.3,13.0,0.0,0.0,1,0.0,0.0,CRITICAL
CVE-2026-4655,for,CWE-79,6.4,3.1,47.0,,,0,,,MEDIUM
CVE-2026-4300,plugin,CWE-79,6.4,3.1,41.0,,,0,,,MEDIUM
CVE-2026-5301,log,CWE-79,7.6,2.8,1.0,,,0,,,HIGH
CVE-2026-39390,skeleton,CWE-79,5.5,2.3,11.0,0.0,0.0,0,0.0,0.0,MEDIUM
CVE-2026-39391,skeleton,CWE-79,4.8,1.7,12.0,0.0,0.0,1,0.0,0.0,MEDIUM
CVE-2026-39392,skeleton,CWE-79,5.5,2.3,13.0,0.0,0.0,1,0.0,0.0,MEDIUM
CVE-2026-39407,application,CWE-22,5.3,3.9,23.0,0.0,0.0,0,0.0,0.0,MEDIUM
CVE-2026-39408,application,CWE-22,7.5,3.9,24.0,0.0,0.0,1,0.0,0.0,HIGH
CVE-2026-39409,application,CWE-180,5.3,3.9,25.0,0.0,0.0,0,0.0,0.0,MEDIUM
CVE-2026-39410,application,CWE-20,4.8,2.2,26.0,0.0,0.0,0,0.0,0.0,MEDIUM
CVE-2026-34166,compatible,CWE-400,3.7,2.2,3.0,,,1,,,LOW
CVE-2026-35455,immich,CWE-79,7.3,1.3,1.0,0.0,0.0,1,1.0,3.17,HIGH
CVE-2026-35525,compatible,CWE-61,7.5,3.9,4.0,,,1,,,HIGH
CVE-2026-39412,compatible,CWE-200,5.3,3.9,5.0,,,1,,,MEDIUM
CVE-2026-39859,compatible,CWE-22,7.5,3.9,6.0,,,0,,,HIGH
CVE-2026-39416,framework,CWE-79,6.1,2.8,36.0,,,0,,,MEDIUM
CVE-2026-39890,teams,CWE-502,9.8,3.9,6.0,0.0,0.0,0,0.0,0.17,CRITICAL
CVE-2026-40028,versions,CWE-79,5.4,2.3,461.0,0.0,0.0,0,1.0,0.0,MEDIUM
CVE-2026-4332,has,CWE-79,5.4,2.3,6.0,0.0,0.0,0,0.0,0.0,MEDIUM
CVE-2025-70365,stored,CWE-79,5.4,2.3,53.0,,,0,,,MEDIUM
CVE-2026-35041,provides,CWE-1333,4.2,0.5,24.0,0.0,0.0,1,0.0,0.0,MEDIUM
CVE-2026-39941,church,CWE-79,6.1,2.8,15.0,,,1,,,MEDIUM
CVE-2026-39911,through,CWE-668,8.8,2.8,49.0,,,0,,,HIGH
CVE-2026-39980,open,CWE-1336,9.1,2.3,73.0,,,0,,,CRITICAL
CVE-2023-54358,adivaha,CWE-79,6.1,2.8,1.0,,,0,,,MEDIUM
CVE-2023-54360,contains,CWE-79,6.1,2.8,183.0,,,0,,,MEDIUM
CVE-2023-54361,contains,CWE-79,6.1,2.8,184.0,,,0,,,MEDIUM
CVE-2023-54362,contains,CWE-79,6.1,2.8,185.0,,,0,,,MEDIUM
CVE-2023-54363,contains,CWE-79,6.1,2.8,186.0,,,0,,,MEDIUM
CVE-2026-40112,teams,CWE-79,5.4,2.8,7.0,0.0,0.0,1,0.0,0.17,MEDIUM
CVE-2026-1115,vulnerability,CWE-79,9.6,2.8,160.0,,,1,,,CRITICAL
CVE-2026-34477,fix,CWE-297,5.9,2.2,1.0,0.0,0.0,0,0.0,0.0,MEDIUM
CVE-2026-35643,before,CWE-940,8.8,2.8,32.0,0.0,0.0,0,0.0,0.0,HIGH
CVE-2026-32893,learning,CWE-79,5.4,2.3,14.0,0.0,0.0,0,0.0,0.0,MEDIUM
CVE-2026-40190,provide,CWE-1321,5.6,2.2,2.0,0.0,0.0,1,0.0,0.0,MEDIUM
CVE-2026-4895,and,CWE-79,6.4,3.1,71.0,,,0,,,MEDIUM
CVE-2026-5226,plugin,CWE-79,6.1,2.8,42.0,,,0,,,MEDIUM
CVE-2026-31845,reflected,CWE-79,9.3,2.8,91.0,,,0,,,CRITICAL
CVE-2026-1116,vulnerability,CWE-79,6.1,2.8,161.0,,,1,,,MEDIUM
CVE-2017-20239,contains,CWE-79,6.1,2.8,187.0,,,1,,,MEDIUM
CVE-2026-25204,untrusted,CWE-502,6.2,2.5,2.0,0.0,0.0,0,0.0,0.0,MEDIUM
CVE-2026-35337,vulnerability,CWE-502,8.8,2.8,162.0,,,0,,,HIGH
CVE-2026-35565,via,CWE-79,5.4,2.3,3.0,0.0,0.0,0,0.0,0.0,MEDIUM
CVE-2025-63743,vulnerability,CWE-79,5.4,2.8,163.0,,,0,,,MEDIUM
CVE-2025-69624,before,CWE-476,7.5,3.9,33.0,0.0,0.0,0,0.0,0.0,HIGH
CVE-2025-69627,for,CWE-416,8.4,2.5,48.0,,,0,,,HIGH
CVE-2026-28291,enables,CWE-78,8.1,2.2,2.0,,,1,,,HIGH
CVE-2026-27674,vulnerability,CWE-94,6.1,2.8,164.0,,,0,,,MEDIUM
CVE-2026-27683,application,CWE-79,4.1,2.3,27.0,0.0,0.0,0,0.0,0.0,MEDIUM
CVE-2026-39422,assistant,CWE-79,5.4,2.3,6.0,13.0,13.0,1,4.0,1.67,MEDIUM
CVE-2026-39423,assistant,CWE-79,5.4,2.3,7.0,13.0,13.0,0,4.0,1.67,MEDIUM
CVE-2026-39425,assistant,CWE-80,5.4,2.3,9.0,13.0,13.0,0,4.0,1.67,MEDIUM
CVE-2026-39426,assistant,CWE-79,5.4,2.3,10.0,13.0,13.0,0,4.0,1.67,MEDIUM
CVE-2026-4388,plugin,CWE-79,7.2,3.9,43.0,,,0,,,HIGH
CVE-2025-69993,versions,CWE-79,6.1,2.8,465.0,0.0,0.0,1,1.0,0.0,MEDIUM
CVE-2026-37980,flaw,CWE-79,6.9,1.7,5.0,,,0,,,MEDIUM
CVE-2025-65132,vulnerable,CWE-79,6.1,2.8,40.0,,,0,,,MEDIUM
CVE-2026-21331,versions,CWE-79,6.1,2.8,466.0,0.0,0.0,0,1.0,0.0,MEDIUM
CVE-2026-24906,and,CWE-79,5.4,2.3,72.0,,,0,,,MEDIUM
CVE-2026-24907,and,CWE-79,5.4,2.3,73.0,,,0,,,MEDIUM
CVE-2026-27288,versions,CWE-79,5.4,2.3,467.0,0.0,0.0,0,1.0,0.0,MEDIUM
CVE-2026-34614,versions,CWE-79,6.1,2.8,468.0,0.0,0.0,0,1.0,0.0,MEDIUM
CVE-2026-5752,allows,,9.3,2.5,24.0,0.0,0.0,0,0.0,0.0,CRITICAL
CVE-2026-34623,versions,CWE-79,5.4,2.3,469.0,0.0,0.0,0,1.0,0.0,MEDIUM
CVE-2026-34624,versions,CWE-79,5.4,2.3,470.0,0.0,0.0,0,1.0,0.0,MEDIUM
CVE-2026-34625,versions,CWE-79,5.4,2.3,471.0,0.0,0.0,0,1.0,0.0,MEDIUM
CVE-2026-25133,and,CWE-79,4.8,1.7,74.0,,,0,,,MEDIUM
CVE-2026-34161,learning,CWE-79,5.4,2.3,15.0,0.0,0.0,0,0.0,0.0,MEDIUM
CVE-2026-34212,collaborative,CWE-79,5.4,2.3,3.0,0.0,0.0,1,0.0,0.0,MEDIUM
CVE-2026-39842,and,CWE-94,9.9,3.1,75.0,,,1,,,CRITICAL
CVE-2026-40105,generic,CWE-80,6.1,2.8,9.0,0.0,0.0,0,1.0,0.33,MEDIUM
CVE-2026-5160,the,CWE-79,6.1,2.8,75.0,0.0,0.0,0,0.0,0.0,MEDIUM
CVE-2025-40899,vulnerability,CWE-79,8.9,2.3,165.0,,,0,,,HIGH
CVE-2026-3643,plugin,CWE-79,7.2,3.9,44.0,,,0,,,HIGH
CVE-2026-4005,plugin,CWE-79,6.4,3.1,45.0,,,0,,,MEDIUM
CVE-2026-5758,vulnerable,,6.5,3.9,41.0,,,0,,,MEDIUM
CVE-2026-33889,content,CWE-79,5.4,2.3,5.0,0.0,0.0,1,0.0,0.0,MEDIUM
CVE-2026-35569,content,CWE-79,8.7,2.3,6.0,0.0,0.0,1,0.0,0.0,HIGH
CVE-2026-40179,monitoring,CWE-79,6.1,2.8,2.0,0.0,0.0,0,0.0,0.0,MEDIUM
CVE-2026-40322,personal,CWE-79,9.0,2.3,14.0,0.0,0.0,0,0.0,0.0,CRITICAL
CVE-2026-40262,versions,CWE-79,8.7,2.3,471.0,0.0,0.0,0,1.0,0.0,HIGH
CVE-2026-4666,plugin,CWE-862,6.5,2.8,46.0,,,0,,,MEDIUM
CVE-2026-40283,web,CWE-79,6.8,2.3,35.0,,,1,,,MEDIUM
CVE-2026-33436,locally,CWE-20,3.1,1.6,2.0,,,1,,,LOW
CVE-2026-40284,web,CWE-79,6.8,2.3,36.0,,,0,,,MEDIUM
CVE-2026-40302,zrok,CWE-79,6.1,2.8,1.0,0.0,0.0,0,3.0,1.67,MEDIUM
CVE-2026-40353,wger,CWE-79,5.4,2.3,1.0,0.0,0.0,1,1.0,0.0,MEDIUM
CVE-2026-40477,template,CWE-917,9.0,2.2,3.0,0.0,0.0,0,0.0,0.0,CRITICAL
CVE-2026-40478,template,CWE-917,9.0,2.2,4.0,0.0,0.0,0,0.0,0.0,CRITICAL
CVE-2026-40479,time,CWE-79,5.4,2.3,1.0,,,1,,,MEDIUM
CVE-2026-40490,library,CWE-200,6.8,2.2,42.0,86.0,86.0,0,7.0,5.83,MEDIUM
CVE-2026-41242,protobufjs,CWE-94,9.8,3.9,1.0,,,1,,,CRITICAL
CVE-2026-34429,prior,CWE-79,5.4,2.3,4.0,0.0,0.0,0,2.0,0.0,MEDIUM
CVE-2026-41245,open,CWE-22,5.9,2.2,74.0,,,0,,,MEDIUM
CVE-2026-23752,before,CWE-79,4.8,1.7,36.0,0.0,0.0,0,0.0,0.0,MEDIUM
CVE-2026-23753,before,CWE-79,4.8,1.7,37.0,0.0,0.0,0,0.0,0.0,MEDIUM
CVE-2026-23756,before,CWE-79,5.4,2.3,38.0,0.0,0.0,0,0.0,0.0,MEDIUM
CVE-2026-23757,before,CWE-79,5.4,2.3,39.0,0.0,0.0,0,0.0,0.0,MEDIUM
CVE-2026-23758,before,CWE-79,5.4,2.3,40.0,0.0,0.0,0,0.0,0.0,MEDIUM
CVE-2026-39112,vulnerability,CWE-79,5.4,2.3,166.0,,,0,,,MEDIUM
CVE-2026-32613,open,CWE-94,9.9,3.1,75.0,,,0,,,CRITICAL
CVE-2026-34403,web,CWE-1385,8.1,2.8,37.0,,,1,,,HIGH
CVE-2026-6754,the,CWE-416,7.5,3.9,72.0,0.0,0.0,0,0.0,0.0,HIGH
CVE-2026-6757,pointer,CWE-824,6.3,2.8,4.0,0.0,0.0,0,0.0,0.0,MEDIUM
CVE-2026-6758,the,CWE-416,7.5,3.9,73.0,0.0,0.0,0,0.0,0.0,HIGH
CVE-2026-6779,issue,CWE-20,5.3,3.9,18.0,0.0,0.0,0,0.0,0.0,MEDIUM
CVE-2026-31013,has,CWE-79,6.1,2.8,7.0,0.0,0.0,0,0.0,0.0,MEDIUM
CVE-2026-35451,open,CWE-79,5.7,2.1,76.0,,,0,,,MEDIUM
CVE-2026-40568,free,CWE-79,8.5,3.1,46.0,0.0,0.0,0,0.0,0.0,HIGH
CVE-2026-40608,web,CWE-770,6.2,2.5,38.0,,,1,,,MEDIUM
CVE-2026-22003,the,CWE-400,6.0,0.8,74.0,0.0,0.0,0,0.0,0.0,MEDIUM
CVE-2026-22007,the,CWE-200,2.9,1.4,75.0,0.0,0.0,0,0.0,0.0,LOW
CVE-2026-22008,supported,CWE-250,3.7,2.2,2.0,,,0,,,LOW
CVE-2026-22013,the,CWE-693,5.3,1.6,76.0,0.0,0.0,0,0.0,0.0,MEDIUM
CVE-2026-22016,the,CWE-200,7.5,3.9,77.0,0.0,0.0,0,0.0,0.0,HIGH
CVE-2026-22018,the,CWE-770,3.7,2.2,78.0,0.0,0.0,0,0.0,0.0,LOW
CVE-2026-22021,the,CWE-400,5.3,3.9,79.0,0.0,0.0,0,0.0,0.0,MEDIUM
CVE-2026-34268,the,CWE-200,2.9,1.4,80.0,0.0,0.0,0,0.0,0.0,LOW
CVE-2026-34282,the,CWE-400,7.5,3.9,81.0,0.0,0.0,0,0.0,0.0,HIGH
CVE-2026-35229,the,CWE-284,7.5,3.9,82.0,0.0,0.0,0,0.0,0.0,HIGH
CVE-2026-40911,open,CWE-94,10.0,3.9,77.0,,,1,,,CRITICAL
CVE-2026-40927,collaborative,CWE-79,5.4,2.3,4.0,0.0,0.0,0,0.0,0.0,MEDIUM
CVE-2026-4074,plugin,CWE-79,6.4,3.1,47.0,,,0,,,MEDIUM
CVE-2026-4089,plugin,CWE-79,6.4,3.1,48.0,,,0,,,MEDIUM
CVE-2026-4279,plugin,CWE-79,6.4,3.1,49.0,,,0,,,MEDIUM
CVE-2024-58344,contains,CWE-79,6.4,3.1,188.0,,,0,,,MEDIUM
CVE-2026-30139,reflected,CWE-79,6.1,2.8,92.0,,,0,,,MEDIUM
CVE-2026-5816,has,CWE-41,8.0,1.6,8.0,0.0,0.0,0,0.0,0.0,HIGH
CVE-2026-41468,embeds,CWE-1104,8.7,2.1,1.0,,,0,,,HIGH
CVE-2026-41469,does,CWE-693,5.2,2.1,4.0,,,0,,,MEDIUM
CVE-2026-3673,authenticated,CWE-79,5.4,2.3,5.0,,,1,,,MEDIUM
CVE-2026-6019,returns,CWE-150,6.1,2.8,1.0,101.0,101.0,1,3.0,0.5,MEDIUM
CVE-2026-4918,vulnerable,CWE-79,5.5,2.3,41.0,,,0,,,MEDIUM
CVE-2026-4919,vulnerable,CWE-79,4.8,1.7,42.0,,,0,,,MEDIUM
CVE-2026-41180,open,CWE-22,7.5,1.6,78.0,,,0,,,HIGH
CVE-2026-3007,exploitation,CWE-79,5.4,2.3,2.0,,,0,,,MEDIUM
CVE-2026-4512,plugin,CWE-79,3.5,0.9,50.0,,,0,,,LOW
CVE-2026-40470,critical,CWE-79,9.9,3.1,6.0,,,0,,,CRITICAL
CVE-2026-41241,pretalx,CWE-79,8.7,2.3,1.0,75.0,75.0,0,3.0,1.33,HIGH
CVE-2026-41247,file,CWE-78,9.8,3.9,8.0,0.0,0.0,0,0.0,0.0,CRITICAL
CVE-2026-41269,drag,CWE-434,7.1,2.8,6.0,0.0,0.0,1,0.0,0.0,HIGH
CVE-2026-31953,open,CWE-79,6.4,3.1,79.0,,,0,,,MEDIUM
CVE-2026-4078,plugin,CWE-79,6.4,3.1,50.0,,,0,,,MEDIUM
CVE-2026-39920,versions,CWE-1188,9.8,3.9,472.0,0.0,0.0,0,1.0,0.0,CRITICAL
CVE-2026-40897,extensive,CWE-915,8.8,2.8,1.0,,,0,,,HIGH
CVE-2026-42041,promise,CWE-287,4.8,2.2,1.0,0.0,0.0,1,1.0,0.0,MEDIUM
CVE-2026-42042,promise,CWE-183,5.4,2.8,2.0,0.0,0.0,1,1.0,0.0,MEDIUM
CVE-2026-41421,personal,CWE-78,8.8,2.0,15.0,0.0,0.0,0,0.0,0.0,HIGH
CVE-2026-41433,provides,CWE-22,8.4,2.0,25.0,0.0,0.0,1,0.0,0.0,HIGH
CVE-2026-41248,the,CWE-436,9.1,3.9,83.0,0.0,0.0,0,0.0,0.0,CRITICAL
CVE-2026-41472,versions,CWE-79,6.1,2.8,473.0,0.0,0.0,1,1.0,0.0,MEDIUM
CVE-2026-40048,class,CWE-502,7.8,1.8,1.0,0.0,0.0,0,0.0,0.0,HIGH
CVE-2026-40473,type,CWE-502,8.8,2.8,1.0,,,0,,,HIGH
CVE-2026-40860,and,CWE-502,9.8,3.9,76.0,,,0,,,CRITICAL
CVE-2026-40858,remote,CWE-502,8.8,2.8,3.0,,,0,,,HIGH
CVE-2026-27172,the,CWE-502,8.8,2.8,84.0,0.0,0.0,0,0.0,0.0,HIGH
CVE-2026-41467,versions,CWE-79,5.4,2.3,474.0,0.0,0.0,0,1.0,0.0,MEDIUM
CVE-2026-29971,reflected,CWE-79,6.1,2.8,93.0,,,0,,,MEDIUM
CVE-2026-7191,use,CWE-94,7.2,1.2,1.0,0.0,0.0,0,0.0,0.0,HIGH
CVE-2026-37750,reflected,CWE-79,6.1,2.8,94.0,,,0,,,MEDIUM
CVE-2025-10503,authentication,CWE-79,6.1,2.8,3.0,0.0,0.0,0,0.0,0.0,MEDIUM
CVE-2026-42523,and,CWE-79,9.0,2.3,79.0,,,0,,,CRITICAL
CVE-2026-40230,contains,CWE-79,5.4,2.3,189.0,,,1,,,MEDIUM
CVE-2018-25309,threads,CWE-79,7.2,3.9,1.0,,,1,,,HIGH
CVE-2026-6498,plugin,CWE-345,5.3,3.9,51.0,,,0,,,MEDIUM
CVE-2026-1493,vulnerable,CWE-79,5.4,2.3,42.0,,,0,,,MEDIUM
CVE-2026-7429,contains,CWE-79,4.6,2.1,191.0,,,0,,,MEDIUM
CVE-2026-3346,through,CWE-89,6.4,3.1,46.0,,,0,,,MEDIUM
CVE-2026-37503,thru,CWE-79,6.9,1.7,5.0,0.0,0.0,1,0.0,0.0,MEDIUM
CVE-2025-69606,vulnerability,CWE-79,6.1,2.8,160.0,,,0,,,MEDIUM
CVE-2026-5109,plugin,CWE-79,7.2,3.9,52.0,,,0,,,HIGH
CVE-2026-5110,plugin,CWE-79,7.2,3.9,53.0,,,0,,,HIGH
CVE-2026-4024,for,CWE-862,5.3,3.9,49.0,,,0,,,MEDIUM
CVE-2026-42366,reflected,CWE-79,7.4,2.8,95.0,,,0,,,HIGH
CVE-2026-7371,reflected,CWE-79,7.4,2.8,96.0,,,0,,,HIGH
CVE-2026-42077,engine,CWE-1321,5.2,0.5,2.0,,,0,,,MEDIUM
CVE-2026-41686,for,CWE-732,4.4,1.8,49.0,,,0,,,MEDIUM
CVE-2026-42231,open,CWE-1321,8.8,2.8,80.0,,,0,,,HIGH
CVE-2026-42235,open,CWE-79,9.6,2.8,82.0,,,0,,,CRITICAL
CVE-2026-4665,plugin,CWE-79,6.4,3.1,54.0,,,0,,,MEDIUM
CVE-2023-54342,versions,CWE-306,9.8,3.9,476.0,0.0,0.0,0,1.0,0.0,CRITICAL
CVE-2023-54349,contains,CWE-79,6.1,2.8,192.0,,,0,,,MEDIUM
CVE-2026-7411,versions,CWE-22,10.0,3.9,477.0,0.0,0.0,0,1.0,0.0,CRITICAL
CVE-2026-7412,versions,CWE-918,8.6,3.9,478.0,0.0,0.0,0,1.0,0.0,HIGH
CVE-2026-38432,and,CWE-79,6.1,2.8,79.0,,,1,,,MEDIUM
CVE-2026-35453,library,CWE-79,5.4,2.3,44.0,68.0,68.0,1,7.0,5.83,MEDIUM
CVE-2026-39852,framework,CWE-863,8.2,3.9,38.0,,,0,,,HIGH
CVE-2026-6222,plugin,CWE-862,5.3,1.6,55.0,,,0,,,MEDIUM
CVE-2026-41661,user,CWE-79,6.1,2.8,2.0,,,0,,,MEDIUM
CVE-2026-41672,xmldom,CWE-91,7.5,3.9,2.0,,,0,,,HIGH
CVE-2026-41673,xmldom,CWE-674,7.5,3.9,3.0,,,0,,,HIGH
CVE-2026-41674,xmldom,CWE-91,7.5,3.9,4.0,,,0,,,HIGH
CVE-2026-41675,xmldom,CWE-91,7.5,3.9,5.0,,,0,,,HIGH
CVE-2026-41139,extensive,CWE-915,8.8,2.8,2.0,,,0,,,HIGH
CVE-2026-41650,allows,CWE-91,6.1,2.8,23.0,0.0,0.0,1,0.0,0.0,MEDIUM
CVE-2026-42239,version,CWE-1004,8.1,1.7,58.0,0.0,0.0,1,0.0,0.0,HIGH
CVE-2026-41691,library,CWE-22,6.5,3.9,45.0,66.0,66.0,0,7.0,5.83,MEDIUM
CVE-2026-41692,library,CWE-79,4.7,1.6,46.0,66.0,66.0,0,7.0,5.83,MEDIUM
CVE-2026-41929,before,CWE-79,6.1,2.8,40.0,0.0,0.0,0,0.0,0.0,MEDIUM
CVE-2026-41646,vulnerability,CWE-284,5.5,1.8,161.0,,,0,,,MEDIUM
CVE-2026-43940,electerm,CWE-22,8.4,2.5,1.0,,,0,,,HIGH
CVE-2026-43942,electerm,CWE-200,5.5,1.8,2.0,,,0,,,MEDIUM
CVE-2026-41512,model,CWE-94,9.9,3.1,1.0,,,1,,,CRITICAL
CVE-2026-41524,commit,CWE-79,8.7,2.3,1.0,0.0,0.0,0,0.0,0.0,HIGH
CVE-2026-41575,from,CWE-79,6.1,2.8,3.0,,,0,,,MEDIUM
CVE-2026-41576,commit,CWE-79,7.1,2.8,2.0,0.0,0.0,0,0.0,0.0,HIGH
CVE-2026-42794,vulnerability,CWE-79,6.1,2.8,162.0,,,0,,,MEDIUM
CVE-2026-42224,set,CWE-79,7.6,1.0,1.0,,,0,,,HIGH
CVE-2026-42451,digital,CWE-79,6.3,0.8,1.0,0.0,0.0,0,0.0,0.0,MEDIUM
CVE-2026-41311,compatible,CWE-674,7.5,3.9,7.0,,,1,,,HIGH
CVE-2026-8216,vulnerability,CWE-287,7.3,3.9,162.0,,,0,,,HIGH
CVE-2026-6735,versions,CWE-79,6.1,2.8,479.0,0.0,0.0,1,1.0,0.0,MEDIUM
CVE-2021-47910,contains,CWE-79,6.4,3.1,193.0,,,0,,,MEDIUM
CVE-2021-47922,contains,CWE-79,6.4,3.1,194.0,,,0,,,MEDIUM
CVE-2021-47926,contains,CWE-79,6.4,3.1,195.0,,,0,,,MEDIUM
CVE-2021-47927,contains,CWE-79,6.4,3.1,196.0,,,0,,,MEDIUM
CVE-2021-47929,contains,CWE-79,6.4,3.1,197.0,,,0,,,MEDIUM
CVE-2021-47931,contains,CWE-79,6.4,3.1,198.0,,,0,,,MEDIUM
CVE-2021-47947,contains,CWE-79,6.4,3.1,199.0,,,0,,,MEDIUM
CVE-2021-47950,contains,CWE-79,6.4,3.1,200.0,,,0,,,MEDIUM
CVE-2021-47951,contains,CWE-79,6.4,3.1,201.0,,,0,,,MEDIUM
CVE-2022-50943,contains,CWE-79,6.1,2.8,202.0,,,1,,,MEDIUM
CVE-2022-50945,plugin,CWE-79,6.4,3.1,56.0,,,0,,,MEDIUM
CVE-2022-50947,and,CWE-79,6.4,3.1,80.0,,,0,,,MEDIUM
CVE-2022-50949,sync,CWE-79,6.4,3.1,1.0,0.0,0.0,0,0.0,0.0,MEDIUM
CVE-2022-50957,contains,CWE-79,6.1,2.8,203.0,,,1,,,MEDIUM
CVE-2022-50958,contains,CWE-79,6.1,2.8,204.0,,,0,,,MEDIUM
CVE-2022-50959,contains,CWE-79,6.1,2.8,205.0,,,0,,,MEDIUM
CVE-2022-50960,for,CWE-79,6.1,2.8,50.0,,,0,,,MEDIUM
CVE-2022-50961,contains,CWE-79,6.4,3.1,206.0,,,0,,,MEDIUM
CVE-2022-50970,contains,CWE-79,5.4,2.3,207.0,,,0,,,MEDIUM
CVE-2025-61305,reflected,CWE-79,6.1,2.8,96.0,,,0,,,MEDIUM
CVE-2025-61306,reflected,CWE-79,6.1,2.8,97.0,,,0,,,MEDIUM
CVE-2025-61307,reflected,CWE-79,6.1,2.8,98.0,,,0,,,MEDIUM
CVE-2025-61308,reflected,CWE-79,6.1,2.8,99.0,,,0,,,MEDIUM
CVE-2025-61309,reflected,CWE-79,6.1,2.8,100.0,,,0,,,MEDIUM
CVE-2025-61310,reflected,CWE-79,6.1,2.8,101.0,,,0,,,MEDIUM
CVE-2025-61311,reflected,CWE-79,7.3,2.1,102.0,,,0,,,HIGH
CVE-2025-61312,reflected,CWE-79,7.3,2.1,103.0,,,0,,,HIGH
CVE-2025-61313,reflected,CWE-79,7.3,2.1,104.0,,,0,,,HIGH
CVE-2025-61314,reflected,CWE-79,7.3,2.1,105.0,,,0,,,HIGH
CVE-2026-42612,stored,CWE-79,8.5,3.1,53.0,,,1,,,HIGH
CVE-2026-42841,authenticated,CWE-79,4.8,1.7,7.0,,,1,,,MEDIUM
CVE-2026-7814,scripting,CWE-79,4.8,1.7,85.0,,,1,,,MEDIUM
CVE-2026-42349,the,CWE-754,8.1,2.8,86.0,0.0,0.0,0,0.0,0.0,HIGH
CVE-2026-42842,form,CWE-79,5.4,2.3,1.0,0.0,0.0,0,0.0,0.0,MEDIUM
CVE-2026-45004,before,CWE-427,7.8,1.8,39.0,0.0,0.0,0,0.0,0.0,HIGH
CVE-2026-42872,web,CWE-79,6.1,2.8,39.0,,,0,,,MEDIUM
CVE-2026-45025,web,CWE-79,6.8,2.3,40.0,,,0,,,MEDIUM
CVE-2026-45026,web,CWE-79,6.8,2.3,41.0,,,0,,,MEDIUM
CVE-2026-42188,bridge,CWE-918,2.4,0.9,1.0,,,0,,,LOW
CVE-2026-43878,open,CWE-79,6.1,2.8,83.0,,,0,,,MEDIUM
CVE-2026-43887,service,CWE-79,7.3,2.1,2.0,0.0,0.0,0,0.0,0.0,HIGH
CVE-2026-43900,artificial,CWE-79,9.3,2.8,4.0,0.0,0.0,0,0.0,0.0,CRITICAL
CVE-2026-45392,scripting,CWE-79,8.7,2.3,86.0,,,0,,,HIGH
CVE-2026-7626,for,CWE-200,5.3,3.9,51.0,,,0,,,MEDIUM
CVE-2026-25789,devices,CWE-79,7.1,1.2,1.0,,,0,,,HIGH
CVE-2026-45091,secret,CWE-200,9.1,3.9,1.0,0.0,0.0,0,1.0,0.0,CRITICAL
CVE-2026-8388,boundary,CWE-119,6.5,3.9,6.0,0.0,0.0,0,0.0,0.0,MEDIUM
CVE-2026-8389,miscompilation,CWE-119,8.8,2.8,10.0,,,0,,,HIGH
CVE-2026-8390,the,CWE-416,7.3,3.9,87.0,0.0,0.0,0,0.0,0.0,HIGH
CVE-2026-8391,issue,CWE-20,5.3,3.9,19.0,0.0,0.0,0,0.0,0.0,MEDIUM
CVE-2025-70842,vulnerability,CWE-79,5.4,2.3,159.0,,,0,,,MEDIUM
CVE-2026-33117,library,CWE-287,9.1,3.9,47.0,61.0,61.0,0,7.0,5.83,CRITICAL
CVE-2026-23819,vulnerability,CWE-79,8.8,2.1,160.0,,,0,,,HIGH
CVE-2026-34655,versions,CWE-79,4.8,1.7,482.0,0.0,0.0,0,1.0,0.0,MEDIUM
CVE-2026-34658,versions,CWE-79,4.8,1.7,483.0,0.0,0.0,0,1.0,0.0,MEDIUM
CVE-2026-34686,versions,CWE-79,8.7,2.3,484.0,0.0,0.0,0,1.0,0.0,HIGH
CVE-2026-42338,library,CWE-79,6.1,2.8,48.0,61.0,61.0,1,7.0,5.83,MEDIUM
CVE-2026-44225,lightweight,CWE-22,9.3,2.8,8.0,0.0,0.0,0,4.0,0.0,CRITICAL
CVE-2026-44241,full,CWE-400,7.5,3.9,3.0,0.0,0.0,0,0.0,0.0,HIGH
CVE-2026-44242,full,CWE-400,3.7,2.2,4.0,0.0,0.0,0,0.0,0.0,LOW
CVE-2026-44259,for,CWE-80,4.6,2.1,52.0,,,0,,,MEDIUM
CVE-2026-41901,template,CWE-917,9.0,2.2,6.0,0.0,0.0,0,0.0,0.0,CRITICAL
CVE-2026-8336,invoking,CWE-416,7.5,1.6,1.0,0.0,0.0,0,0.0,0.08,HIGH
CVE-2020-37174,for,CWE-79,5.5,2.3,53.0,,,0,,,MEDIUM
CVE-2020-37222,contains,CWE-79,7.2,3.9,208.0,,,0,,,HIGH
CVE-2020-37225,contains,CWE-79,6.4,3.1,209.0,,,0,,,MEDIUM
CVE-2026-44288,protobufjs,CWE-176,5.3,3.9,2.0,,,0,,,MEDIUM
CVE-2026-44289,protobufjs,CWE-674,7.5,3.9,3.0,,,0,,,HIGH
CVE-2026-44290,protobufjs,CWE-1321,7.5,3.9,4.0,,,0,,,HIGH
CVE-2026-44291,protobufjs,CWE-94,8.1,2.2,5.0,,,0,,,HIGH
CVE-2026-44292,protobufjs,CWE-1321,5.3,3.9,6.0,,,0,,,MEDIUM
CVE-2026-44293,protobufjs,CWE-94,8.8,2.8,7.0,,,0,,,HIGH
CVE-2026-44294,protobufjs,CWE-20,5.3,3.9,8.0,,,0,,,MEDIUM
CVE-2026-44295,the,CWE-94,8.7,2.3,88.0,0.0,0.0,0,0.0,0.0,HIGH
CVE-2026-44455,application,CWE-74,4.7,1.6,32.0,0.0,0.0,0,0.0,0.0,MEDIUM
CVE-2026-44456,application,CWE-400,6.5,3.9,33.0,0.0,0.0,0,0.0,0.0,MEDIUM
CVE-2026-44457,application,CWE-524,5.3,3.9,34.0,0.0,0.0,0,0.0,0.0,MEDIUM
CVE-2026-44458,application,CWE-74,4.3,2.8,35.0,0.0,0.0,0,0.0,0.0,MEDIUM
CVE-2026-44459,application,CWE-1284,3.8,1.2,36.0,0.0,0.0,0,0.0,0.0,LOW
CVE-2026-45740,protobufjs,CWE-674,5.3,3.9,9.0,,,0,,,MEDIUM
CVE-2026-44005,open,CWE-94,10.0,3.9,84.0,,,1,,,CRITICAL
CVE-2026-44580,framework,CWE-79,6.1,2.8,41.0,,,0,,,MEDIUM
CVE-2026-0256,stored,CWE-79,4.8,1.7,54.0,,,0,,,MEDIUM
CVE-2026-8496,scripting,,6.1,2.8,87.0,,,0,,,MEDIUM
CVE-2025-27852,locally,CWE-79,5.0,1.8,3.0,,,0,,,MEDIUM
CVE-2026-39428,ecommerce,CWE-79,4.8,1.7,12.0,,,0,,,MEDIUM
CVE-2026-44376,ecommerce,CWE-79,6.1,2.8,13.0,,,0,,,MEDIUM
CVE-2026-45228,before,CWE-79,5.4,2.3,41.0,0.0,0.0,0,0.0,0.0,MEDIUM
CVE-2026-46419,before,CWE-253,7.5,1.6,42.0,0.0,0.0,0,0.0,0.0,HIGH
CVE-2026-5361,plugin,CWE-79,6.4,3.1,56.0,,,0,,,MEDIUM
CVE-2025-12669,has,CWE-94,5.4,2.3,9.0,0.0,0.0,0,0.0,0.0,MEDIUM
CVE-2026-6073,has,CWE-79,8.7,2.3,11.0,0.0,0.0,0,0.0,0.0,HIGH
CVE-2026-7377,has,CWE-79,8.7,2.3,12.0,0.0,0.0,0,0.0,0.0,HIGH
CVE-2026-7481,has,CWE-79,8.7,2.3,13.0,0.0,0.0,0,0.0,0.0,HIGH
CVE-2026-44501,metadata,CWE-502,4.3,2.8,1.0,0.0,0.0,0,0.0,0.0,MEDIUM
CVE-2026-42555,business,CWE-94,9.1,2.3,1.0,,,0,,,CRITICAL
CVE-2026-22707,open,CWE-434,5.4,2.8,85.0,,,0,,,MEDIUM
CVE-2026-44633,application,CWE-863,8.1,2.8,37.0,0.0,0.0,0,0.0,0.0,HIGH
CVE-2026-6415,plugin,CWE-79,6.4,3.1,55.0,,,0,,,MEDIUM
CVE-2026-41553,used,CWE-78,10.0,3.9,2.0,,,0,,,CRITICAL
CVE-2026-35194,injection,CWE-94,8.1,2.8,9.0,,,0,,,HIGH
CVE-2026-45772,build,CWE-426,9.8,3.9,3.0,54.0,54.0,0,3.0,1.33,CRITICAL
CVE-2026-45773,build,CWE-352,6.5,2.8,4.0,54.0,54.0,0,3.0,1.33,MEDIUM
CVE-2026-46508,build,CWE-77,7.8,1.8,5.0,54.0,54.0,0,3.0,1.33,HIGH
CVE-2026-23695,through,CWE-79,5.4,2.3,47.0,,,0,,,MEDIUM
CVE-2026-41258,open,CWE-94,9.1,2.3,86.0,,,0,,,CRITICAL
CVE-2026-44714,bitcoinj,CWE-347,7.5,3.9,1.0,,,0,,,HIGH
CVE-2021-47962,contains,CWE-79,6.4,3.1,210.0,,,0,,,MEDIUM
CVE-2021-47963,contains,CWE-79,7.2,3.9,211.0,,,0,,,HIGH
CVE-2021-47967,contains,CWE-79,6.1,2.8,212.0,,,0,,,MEDIUM
CVE-2021-47968,vulnerable,CWE-79,6.4,3.1,42.0,,,0,,,MEDIUM
CVE-2026-46360,before,CWE-79,5.4,2.3,43.0,0.0,0.0,0,0.0,0.0,MEDIUM
CVE-2026-46361,before,CWE-79,6.9,1.7,44.0,0.0,0.0,0,0.0,0.0,MEDIUM
CVE-2026-46367,before,CWE-79,7.6,2.3,45.0,0.0,0.0,0,0.0,0.0,HIGH
CVE-2026-44568,artificial,CWE-79,4.8,1.7,5.0,0.0,0.0,1,0.0,0.0,MEDIUM
CVE-2026-44721,artificial,CWE-79,7.3,2.1,6.0,0.0,0.0,1,0.0,0.0,HIGH
CVE-2020-37235,contains,CWE-79,6.4,3.1,213.0,,,0,,,MEDIUM
CVE-2020-37236,contains,CWE-79,6.4,3.1,214.0,,,0,,,MEDIUM
CVE-2020-37238,contains,CWE-79,6.4,3.1,215.0,,,0,,,MEDIUM
CVE-2020-37240,contains,CWE-79,6.4,3.1,216.0,,,0,,,MEDIUM
CVE-2021-47955,contains,CWE-79,5.4,2.3,217.0,,,0,,,MEDIUM
CVE-2021-47975,contains,CWE-79,7.2,3.9,218.0,,,0,,,HIGH
CVE-2021-47981,contains,CWE-79,5.4,2.3,219.0,,,0,,,MEDIUM
CVE-2018-25331,contains,CWE-79,6.1,2.8,220.0,,,0,,,MEDIUM
CVE-2026-26462,allows,CWE-917,7.3,3.9,23.0,0.0,0.0,0,0.0,0.0,HIGH
CVE-2026-29964,contains,CWE-79,6.1,2.8,221.0,,,0,,,MEDIUM
CVE-2026-29965,vulnerable,CWE-79,6.1,2.8,43.0,,,0,,,MEDIUM
CVE-2026-45231,through,CWE-79,6.1,2.8,48.0,,,0,,,MEDIUM
CVE-2026-8830,flaw,CWE-603,4.3,2.8,8.0,,,0,,,MEDIUM
CVE-2026-7504,flaw,CWE-601,8.1,2.8,9.0,,,0,,,HIGH
CVE-2026-47100,for,CWE-862,7.5,3.9,54.0,,,0,,,HIGH
CVE-2026-8711,has,CWE-122,8.1,2.2,14.0,0.0,0.0,0,0.0,0.0,HIGH
CVE-2026-33741,open,CWE-79,6.8,2.1,85.0,,,0,,,MEDIUM
CVE-2026-34241,billing,CWE-79,8.7,2.3,1.0,,,0,,,HIGH
CVE-2026-5090,versions,CWE-79,6.1,2.8,482.0,0.0,0.0,0,1.0,0.0,MEDIUM
CVE-2026-5293,plugin,CWE-79,6.4,3.1,54.0,,,0,,,MEDIUM
CVE-2026-6395,plugin,CWE-352,6.1,2.8,55.0,,,0,,,MEDIUM
CVE-2026-4293,affected,CWE-79,5.3,3.9,3.0,0.0,0.0,0,0.0,1.25,MEDIUM
CVE-2026-30691,vulnerability,CWE-79,6.1,2.8,160.0,,,0,,,MEDIUM
CVE-2026-35007,before,CWE-79,4.6,2.1,46.0,0.0,0.0,0,0.0,0.0,MEDIUM
CVE-2026-35008,before,CWE-79,4.6,2.1,47.0,0.0,0.0,0,0.0,0.0,MEDIUM
CVE-2026-35009,before,CWE-79,4.6,2.1,48.0,0.0,0.0,0,0.0,0.0,MEDIUM
CVE-2026-35010,before,CWE-79,4.6,2.1,49.0,0.0,0.0,0,0.0,0.0,MEDIUM
CVE-2026-35011,before,CWE-79,4.6,2.1,50.0,0.0,0.0,0,0.0,0.0,MEDIUM
CVE-2026-35012,before,CWE-79,4.6,2.1,51.0,0.0,0.0,0,0.0,0.0,MEDIUM
CVE-2026-35013,before,CWE-79,4.6,2.1,52.0,0.0,0.0,0,0.0,0.0,MEDIUM
CVE-2026-35014,before,CWE-79,4.6,2.1,53.0,0.0,0.0,0,0.0,0.0,MEDIUM
CVE-2026-35015,before,CWE-79,4.6,2.1,54.0,0.0,0.0,0,0.0,0.0,MEDIUM
CVE-2026-35016,before,CWE-79,4.6,2.1,55.0,0.0,0.0,0,0.0,0.0,MEDIUM
CVE-2026-47099,prior,CWE-79,6.1,2.8,5.0,0.0,0.0,0,2.0,0.0,MEDIUM
CVE-2026-9139,and,CWE-798,9.8,3.9,81.0,,,0,,,CRITICAL
CVE-2026-9144,and,CWE-79,7.6,2.1,82.0,,,0,,,HIGH
CVE-2026-39960,open,CWE-79,5.4,2.3,86.0,,,0,,,MEDIUM
CVE-2026-6279,plugin,CWE-74,9.8,3.9,56.0,,,0,,,CRITICAL
CVE-2026-6841,vulnerable,CWE-79,6.1,2.8,44.0,,,0,,,MEDIUM
CVE-2026-48213,before,CWE-79,5.4,2.3,56.0,0.0,0.0,0,0.0,0.0,MEDIUM
CVE-2026-48214,before,CWE-79,5.4,2.3,57.0,0.0,0.0,0,0.0,0.0,MEDIUM
CVE-2026-48215,before,CWE-79,5.4,2.3,58.0,0.0,0.0,0,0.0,0.0,MEDIUM
CVE-2026-48216,before,CWE-79,5.4,2.3,59.0,0.0,0.0,0,0.0,0.0,MEDIUM
CVE-2026-48217,before,CWE-79,5.4,2.3,60.0,0.0,0.0,0,0.0,0.0,MEDIUM
CVE-2026-48218,before,CWE-79,5.4,2.3,61.0,0.0,0.0,0,0.0,0.0,MEDIUM
CVE-2026-48219,before,CWE-79,5.4,2.3,62.0,0.0,0.0,0,0.0,0.0,MEDIUM
CVE-2026-48220,before,CWE-79,5.4,2.3,63.0,0.0,0.0,0,0.0,0.0,MEDIUM
CVE-2026-48221,before,CWE-79,5.4,2.3,64.0,0.0,0.0,0,0.0,0.0,MEDIUM
CVE-2026-48222,before,CWE-79,5.4,2.3,65.0,0.0,0.0,0,0.0,0.0,MEDIUM
CVE-2026-48223,before,CWE-79,5.4,2.3,66.0,0.0,0.0,0,0.0,0.0,MEDIUM
CVE-2026-48224,before,CWE-79,5.4,2.3,67.0,0.0,0.0,0,0.0,0.0,MEDIUM
CVE-2026-48225,before,CWE-79,5.4,2.3,68.0,0.0,0.0,0,0.0,0.0,MEDIUM
CVE-2026-48226,before,CWE-79,5.4,2.3,69.0,0.0,0.0,0,0.0,0.0,MEDIUM
CVE-2026-48227,before,CWE-79,5.4,2.3,70.0,0.0,0.0,0,0.0,0.0,MEDIUM
CVE-2026-48228,before,CWE-79,5.4,2.3,71.0,0.0,0.0,0,0.0,0.0,MEDIUM
CVE-2026-48229,before,CWE-79,5.4,2.3,72.0,0.0,0.0,0,0.0,0.0,MEDIUM
CVE-2026-48230,before,CWE-79,5.4,2.3,73.0,0.0,0.0,0,0.0,0.0,MEDIUM
CVE-2026-8203,and,CWE-79,5.4,2.3,83.0,,,0,,,MEDIUM
CVE-2026-22678,before,CWE-79,5.4,2.3,74.0,0.0,0.0,0,0.0,0.0,MEDIUM
CVE-2026-3481,plugin,CWE-79,6.1,2.8,57.0,,,0,,,MEDIUM
CVE-2026-9277,function,CWE-77,8.1,2.2,4.0,0.0,0.0,0,0.0,0.0,HIGH
CVE-2026-8353,version,CWE-79,4.8,1.7,59.0,0.0,0.0,0,0.0,0.0,MEDIUM
CVE-2026-39964,chatbot,CWE-79,5.4,2.3,3.0,0.0,0.0,0,1.0,0.0,MEDIUM
CVE-2026-42785,contains,CWE-94,7.2,1.2,222.0,,,0,,,HIGH
CVE-2025-36126,and,CWE-79,6.4,3.1,84.0,,,0,,,MEDIUM
CVE-2025-36148,for,CWE-79,5.4,2.3,55.0,,,0,,,MEDIUM
CVE-2026-44729,open,CWE-79,8.7,2.3,87.0,,,1,,,HIGH
CVE-2026-46431,small,CWE-942,4.3,2.8,1.0,,,0,,,MEDIUM
CVE-2026-44667,and,CWE-79,8.7,2.3,85.0,,,0,,,HIGH
CVE-2026-44669,and,CWE-79,8.7,2.3,86.0,,,0,,,HIGH
CVE-2026-44728,compiler,CWE-94,8.2,1.5,1.0,0.0,0.0,0,0.0,0.0,HIGH
CVE-2026-46624,open,CWE-78,9.9,3.1,88.0,,,1,,,CRITICAL
CVE-2026-9566,vulnerability,CWE-79,4.3,2.8,158.0,,,0,,,MEDIUM
CVE-2025-68709,for,CWE-79,5.2,2.1,56.0,,,0,,,MEDIUM
CVE-2026-45575,the,CWE-347,7.4,2.2,92.0,0.0,0.0,0,0.0,0.0,HIGH
CVE-2026-47672,the,CWE-306,6.5,2.8,93.0,0.0,0.0,0,0.0,0.0,MEDIUM
CVE-2026-44900,the,CWE-295,8.1,2.8,94.0,0.0,0.0,0,0.0,0.0,HIGH
CVE-2026-44903,monitoring,CWE-79,6.1,2.8,3.0,0.0,0.0,0,0.0,0.0,MEDIUM
CVE-2026-44966,implementation,CWE-1321,8.3,3.9,8.0,,,1,,,HIGH
CVE-2026-45574,the,CWE-295,8.1,2.8,95.0,0.0,0.0,0,0.0,0.0,HIGH
CVE-2026-48999,carefully,CWE-79,5.7,0.9,3.0,,,0,,,MEDIUM
CVE-2026-3375,plugin,CWE-79,7.2,3.9,58.0,,,0,,,HIGH
CVE-2025-3633,and,CWE-79,5.4,2.3,87.0,,,0,,,MEDIUM
CVE-2026-42280,library,CWE-863,7.1,2.8,49.0,46.0,46.0,0,7.0,5.83,HIGH
CVE-2026-44902,the,CWE-755,7.5,3.9,96.0,0.0,0.0,0,0.0,0.0,HIGH
CVE-2026-47119,before,CWE-79,6.1,2.8,75.0,0.0,0.0,0,0.0,0.0,MEDIUM
CVE-2026-38945,injection,CWE-77,7.8,1.8,10.0,,,0,,,HIGH
CVE-2026-44521,file,CWE-89,8.8,2.8,9.0,0.0,0.0,0,0.0,0.0,HIGH
CVE-2026-45719,the,CWE-94,6.5,1.2,97.0,0.0,0.0,0,0.0,0.0,MEDIUM
CVE-2026-46426,the,CWE-79,7.6,2.3,98.0,0.0,0.0,0,0.0,0.0,HIGH
CVE-2026-42877,open,CWE-79,5.4,2.3,89.0,,,0,,,MEDIUM
CVE-2026-5737,plugin,CWE-918,6.5,3.9,59.0,,,0,,,MEDIUM
CVE-2026-9801,flaw,CWE-1284,4.9,1.2,10.0,,,0,,,MEDIUM
CVE-2026-7797,plugin,CWE-89,7.5,3.9,60.0,,,0,,,HIGH
CVE-2026-47760,open,CWE-79,8.7,2.3,90.0,,,0,,,HIGH
CVE-2026-45292,the,CWE-770,5.3,3.9,99.0,0.0,0.0,0,0.0,0.0,MEDIUM
CVE-2026-47673,application,CWE-285,4.8,2.2,38.0,0.0,0.0,0,0.0,0.0,MEDIUM
CVE-2026-47674,application,CWE-185,5.3,3.9,39.0,0.0,0.0,0,0.0,0.0,MEDIUM
CVE-2026-47675,application,CWE-113,4.3,2.8,40.0,0.0,0.0,0,0.0,0.0,MEDIUM
CVE-2026-47676,application,CWE-444,5.3,3.9,41.0,0.0,0.0,0,0.0,0.0,MEDIUM
CVE-2026-43898,sandboxing,CWE-94,10.0,3.9,13.0,,,1,,,CRITICAL
CVE-2026-45323,provides,CWE-79,9.6,2.8,28.0,0.0,0.0,1,0.0,0.0,CRITICAL
CVE-2026-46509,deepobj,CWE-1321,8.2,3.9,1.0,,,0,,,HIGH
CVE-2026-9645,methods,CWE-78,9.9,3.1,1.0,,,0,,,CRITICAL
CVE-2026-7430,plugin,CWE-79,4.4,1.3,61.0,,,0,,,MEDIUM
CVE-2026-6275,plugin,CWE-79,6.4,3.1,62.0,,,0,,,MEDIUM
CVE-2026-8732,plugin,CWE-306,9.8,3.9,63.0,,,0,,,CRITICAL
CVE-2026-10057,developed,CWE-79,4.8,1.7,12.0,,,0,,,MEDIUM
CVE-2026-10058,developed,CWE-79,4.8,1.7,13.0,,,0,,,MEDIUM
CVE-2026-44698,open,CWE-94,8.3,1.6,91.0,,,0,,,HIGH
CVE-2026-45580,open,CWE-79,5.4,2.3,92.0,,,0,,,MEDIUM
CVE-2026-47694,open,CWE-79,5.4,2.3,93.0,,,1,,,MEDIUM
CVE-2026-41150,tool,CWE-835,5.3,3.9,16.0,0.0,0.0,0,0.0,0.0,MEDIUM
CVE-2026-41159,tool,CWE-94,5.3,3.9,17.0,0.0,0.0,0,0.0,0.0,MEDIUM
CVE-2018-25384,contains,CWE-79,5.4,2.3,223.0,,,0,,,MEDIUM
CVE-2026-45627,interface,CWE-79,8.2,2.8,3.0,0.0,0.0,0,0.0,0.0,HIGH
CVE-2026-45628,free,CWE-20,9.6,3.1,56.0,0.0,0.0,0,0.0,0.0,CRITICAL
CVE-2026-44287,building,CWE-94,6.3,2.8,3.0,0.0,0.0,0,0.0,0.0,MEDIUM
CVE-2026-48208,improper,CWE-400,6.5,2.8,3.0,,,0,,,MEDIUM
CVE-2026-48209,improper,CWE-79,7.1,2.8,4.0,,,0,,,HIGH
CVE-2026-9308,for,CWE-79,5.4,2.8,57.0,,,0,,,MEDIUM
CVE-2026-9309,for,CWE-79,5.4,2.8,58.0,,,0,,,MEDIUM
CVE-2026-48559,though,CWE-79,5.4,2.3,1.0,,,0,,,MEDIUM
CVE-2026-24751,private,CWE-79,8.2,2.8,1.0,0.0,0.0,0,0.0,0.0,HIGH
CVE-2026-24752,private,CWE-79,8.2,2.8,2.0,0.0,0.0,0,0.0,0.0,HIGH
CVE-2026-24754,private,CWE-79,5.4,2.3,3.0,0.0,0.0,0,0.0,0.0,MEDIUM
CVE-2026-10510,component,CWE-79,6.1,2.8,7.0,0.0,0.0,0,0.0,0.0,MEDIUM
CVE-2026-32250,website,CWE-79,4.3,2.8,1.0,0.0,0.0,0,0.0,0.0,MEDIUM
CVE-2026-45682,provides,CWE-401,5.1,1.4,30.0,0.0,0.0,1,0.0,0.0,MEDIUM
CVE-2026-45683,provides,CWE-127,3.8,2.0,31.0,0.0,0.0,1,0.0,0.0,LOW
CVE-2025-64390,privilege,CWE-367,7.4,1.4,1.0,,,0,,,HIGH
CVE-2026-10702,miscompilation,CWE-843,4.3,2.8,11.0,,,0,,,MEDIUM
CVE-2026-31942,enhanced,CWE-862,7.1,2.8,1.0,0.0,0.0,0,0.0,0.0,HIGH
CVE-2026-35482,open,CWE-863,8.0,1.3,94.0,,,0,,,HIGH
CVE-2026-7421,plugin,CWE-79,4.4,1.3,64.0,,,0,,,MEDIUM
CVE-2026-47065,via,CWE-502,9.8,3.9,4.0,0.0,0.0,0,0.0,0.0,CRITICAL
CVE-2026-36460,before,CWE-79,4.8,1.7,76.0,0.0,0.0,0,0.0,0.0,MEDIUM
CVE-2026-39107,vulnerability,CWE-79,6.3,2.8,158.0,,,0,,,MEDIUM
CVE-2026-8888,the,CWE-917,7.5,3.9,98.0,0.0,0.0,0,0.0,0.0,HIGH
CVE-2025-52611,was,CWE-209,3.1,1.6,9.0,0.0,0.0,0,0.0,0.0,LOW
CVE-2019-25731,contains,CWE-79,6.1,2.8,224.0,,,0,,,MEDIUM
CVE-2019-25739,contains,CWE-79,5.4,2.3,225.0,,,0,,,MEDIUM
CVE-2019-25742,contains,CWE-79,5.4,2.3,226.0,,,0,,,MEDIUM
CVE-2026-50076,the,CWE-502,9.1,3.9,99.0,0.0,0.0,0,0.0,0.0,CRITICAL
CVE-2026-41207,netty,CWE-330,5.3,3.9,1.0,0.0,0.0,0,0.0,0.0,MEDIUM
CVE-2026-48040,netty,CWE-125,9.1,3.9,2.0,0.0,0.0,0,0.0,0.0,CRITICAL
CVE-2025-65640,vulnerability,CWE-79,6.3,2.1,157.0,,,0,,,MEDIUM
CVE-2026-41518,web,CWE-79,7.6,2.3,41.0,,,0,,,HIGH
CVE-2026-21825,affected,CWE-79,6.1,2.8,4.0,0.0,0.0,0,0.0,1.25,MEDIUM
CVE-2026-50230,contains,CWE-79,6.1,2.8,227.0,,,0,,,MEDIUM
CVE-2026-50235,contains,CWE-79,6.1,2.8,228.0,,,0,,,MEDIUM
CVE-2026-38579,reflected,CWE-79,6.1,2.8,102.0,,,0,,,MEDIUM
CVE-2026-50733,before,CWE-95,8.8,2.8,76.0,0.0,0.0,0,0.0,0.0,HIGH
CVE-2026-46392,helps,CWE-178,8.7,2.3,1.0,,,0,,,HIGH
CVE-2026-45300,library,CWE-200,7.4,2.8,53.0,37.0,37.0,1,7.0,5.83,HIGH
CVE-2026-45778,open,CWE-79,5.4,2.3,95.0,,,0,,,MEDIUM
CVE-2026-11422,with,CWE-95,7.1,1.8,6.0,0.0,0.0,0,0.0,0.0,HIGH
CVE-2026-8438,and,CWE-79,7.2,3.9,81.0,,,0,,,HIGH
CVE-2026-7795,plugin,CWE-79,6.4,3.1,65.0,,,0,,,MEDIUM
CVE-2026-9280,plugin,CWE-79,6.1,2.8,66.0,,,0,,,MEDIUM
CVE-2026-9016,and,CWE-117,5.3,3.9,82.0,,,0,,,MEDIUM
CVE-2021-47983,contains,CWE-79,6.4,3.1,229.0,,,0,,,MEDIUM
CVE-2021-47984,contains,CWE-79,6.4,3.1,230.0,,,0,,,MEDIUM
CVE-2023-54351,contains,CWE-79,7.2,3.9,231.0,,,0,,,HIGH
CVE-2026-11569,flaw,CWE-79,5.4,2.3,11.0,,,0,,,MEDIUM
CVE-2026-7186,scripting,CWE-79,5.4,2.3,86.0,,,0,,,MEDIUM
CVE-2026-8078,scripting,CWE-79,4.8,1.7,87.0,,,0,,,MEDIUM
CVE-2026-8833,neutralization,CWE-79,5.4,2.3,3.0,,,0,,,MEDIUM
CVE-2026-9549,scripting,CWE-79,4.8,1.7,88.0,,,0,,,MEDIUM
CVE-2026-25558,through,CWE-79,4.8,1.7,47.0,,,0,,,MEDIUM
CVE-2026-46442,drag,CWE-94,9.9,3.1,7.0,0.0,0.0,1,0.0,0.0,CRITICAL
CVE-2026-45581,based,CWE-532,5.5,1.8,17.0,,,0,,,MEDIUM
CVE-2026-40128,allows,CWE-35,9.0,2.2,24.0,0.0,0.0,0,0.0,0.0,CRITICAL
CVE-2026-44746,reflected,CWE-79,6.1,2.8,103.0,,,0,,,MEDIUM
CVE-2026-41845,incorrect,CWE-79,7.1,2.8,1.0,,,0,,,HIGH
CVE-2026-7662,plugin,CWE-79,6.4,3.1,67.0,,,0,,,MEDIUM
CVE-2026-8907,plugin,CWE-352,6.1,2.8,68.0,,,0,,,MEDIUM
CVE-2026-8981,plugin,CWE-79,3.5,0.9,69.0,,,0,,,LOW
CVE-2026-41031,vulnerability,CWE-79,8.7,2.3,158.0,,,0,,,HIGH
CVE-2026-34692,versions,CWE-79,5.4,2.3,482.0,0.0,0.0,0,1.0,0.0,MEDIUM
CVE-2026-42570,devalue,CWE-770,7.5,3.9,4.0,,,0,,,HIGH
CVE-2026-42599,performance,CWE-79,6.1,2.8,7.0,,,0,,,MEDIUM
CVE-2026-46492,allows,CWE-80,7.2,3.9,25.0,0.0,0.0,0,0.0,0.0,HIGH
CVE-2026-47935,versions,CWE-79,5.4,2.3,483.0,0.0,0.0,0,1.0,0.0,MEDIUM
CVE-2026-47936,versions,CWE-79,5.4,2.3,484.0,0.0,0.0,0,1.0,0.0,MEDIUM
CVE-2026-47939,versions,CWE-79,5.4,2.3,485.0,0.0,0.0,0,1.0,0.0,MEDIUM
CVE-2026-47941,versions,CWE-79,5.4,2.3,486.0,0.0,0.0,0,1.0,0.0,MEDIUM
CVE-2026-47942,versions,CWE-79,5.4,2.3,487.0,0.0,0.0,0,1.0,0.0,MEDIUM
CVE-2026-47943,versions,CWE-79,5.4,2.3,488.0,0.0,0.0,0,1.0,0.0,MEDIUM
CVE-2026-47944,versions,CWE-79,5.4,2.3,489.0,0.0,0.0,0,1.0,0.0,MEDIUM
CVE-2026-47945,versions,CWE-79,5.4,2.3,490.0,0.0,0.0,0,1.0,0.0,MEDIUM
CVE-2026-47946,versions,CWE-79,5.4,2.3,491.0,0.0,0.0,0,1.0,0.0,MEDIUM
CVE-2026-47947,versions,CWE-79,5.4,2.3,492.0,0.0,0.0,0,1.0,0.0,MEDIUM
CVE-2026-47948,versions,CWE-79,5.4,2.3,493.0,0.0,0.0,0,1.0,0.0,MEDIUM
CVE-2026-47949,versions,CWE-79,5.4,2.3,494.0,0.0,0.0,0,1.0,0.0,MEDIUM
CVE-2026-47950,versions,CWE-79,5.4,2.3,495.0,0.0,0.0,0,1.0,0.0,MEDIUM
CVE-2026-47951,versions,CWE-79,5.4,2.3,496.0,0.0,0.0,0,1.0,0.0,MEDIUM
CVE-2026-47953,versions,CWE-79,5.4,2.3,497.0,0.0,0.0,0,1.0,0.0,MEDIUM
CVE-2026-47954,versions,CWE-79,5.4,2.3,498.0,0.0,0.0,0,1.0,0.0,MEDIUM
CVE-2026-47956,versions,CWE-79,5.4,2.3,499.0,0.0,0.0,0,1.0,0.0,MEDIUM
CVE-2026-47957,versions,CWE-79,5.4,2.3,500.0,0.0,0.0,0,1.0,0.0,MEDIUM
CVE-2026-47958,versions,CWE-79,5.4,2.3,501.0,0.0,0.0,0,1.0,0.0,MEDIUM
CVE-2026-47962,versions,CWE-79,5.4,2.3,502.0,0.0,0.0,0,1.0,0.0,MEDIUM
CVE-2026-47966,versions,CWE-79,5.4,2.3,503.0,0.0,0.0,0,1.0,0.0,MEDIUM
CVE-2026-47970,versions,CWE-79,5.4,2.3,504.0,0.0,0.0,0,1.0,0.0,MEDIUM
CVE-2026-47972,versions,CWE-79,5.4,2.3,505.0,0.0,0.0,0,1.0,0.0,MEDIUM
CVE-2026-47973,versions,CWE-79,5.4,2.3,506.0,0.0,0.0,0,1.0,0.0,MEDIUM
CVE-2026-47974,versions,CWE-79,5.4,2.3,507.0,0.0,0.0,0,1.0,0.0,MEDIUM
CVE-2026-47975,versions,CWE-79,5.4,2.3,508.0,0.0,0.0,0,1.0,0.0,MEDIUM
CVE-2026-47977,versions,CWE-79,5.4,2.3,509.0,0.0,0.0,0,1.0,0.0,MEDIUM
CVE-2026-47978,versions,CWE-79,5.4,2.3,510.0,0.0,0.0,0,1.0,0.0,MEDIUM
CVE-2026-47980,versions,CWE-79,5.4,2.3,511.0,0.0,0.0,0,1.0,0.0,MEDIUM
CVE-2026-47981,versions,CWE-79,5.4,2.3,512.0,0.0,0.0,0,1.0,0.0,MEDIUM
CVE-2026-47982,versions,CWE-79,5.4,2.3,513.0,0.0,0.0,0,1.0,0.0,MEDIUM
CVE-2026-47983,versions,CWE-79,5.4,2.3,514.0,0.0,0.0,0,1.0,0.0,MEDIUM
CVE-2026-47985,versions,CWE-79,5.4,2.3,515.0,0.0,0.0,0,1.0,0.0,MEDIUM
CVE-2026-47986,versions,CWE-79,5.4,2.3,516.0,0.0,0.0,0,1.0,0.0,MEDIUM
CVE-2026-47987,versions,CWE-79,5.4,2.3,517.0,0.0,0.0,0,1.0,0.0,MEDIUM
CVE-2026-47989,versions,CWE-79,5.4,2.3,518.0,0.0,0.0,0,1.0,0.0,MEDIUM
CVE-2026-47990,versions,CWE-79,5.4,2.3,519.0,0.0,0.0,0,1.0,0.0,MEDIUM
CVE-2026-47993,versions,CWE-79,5.4,2.3,520.0,0.0,0.0,0,1.0,0.0,MEDIUM
CVE-2026-48250,versions,CWE-79,5.4,2.3,521.0,0.0,0.0,0,1.0,0.0,MEDIUM
CVE-2026-48251,versions,CWE-79,5.4,2.3,522.0,0.0,0.0,0,1.0,0.0,MEDIUM
CVE-2026-48256,versions,CWE-79,5.4,2.3,523.0,0.0,0.0,0,1.0,0.0,MEDIUM
CVE-2026-48258,versions,CWE-79,5.4,2.3,524.0,0.0,0.0,0,1.0,0.0,MEDIUM
CVE-2026-48264,versions,CWE-79,5.4,2.3,525.0,0.0,0.0,0,1.0,0.0,MEDIUM
CVE-2026-48265,versions,CWE-79,5.4,2.3,526.0,0.0,0.0,0,1.0,0.0,MEDIUM
CVE-2026-48266,versions,CWE-79,5.4,2.3,527.0,0.0,0.0,0,1.0,0.0,MEDIUM
CVE-2026-48268,versions,CWE-79,5.4,2.3,528.0,0.0,0.0,0,1.0,0.0,MEDIUM
CVE-2026-48271,versions,CWE-79,5.4,2.3,529.0,0.0,0.0,0,1.0,0.0,MEDIUM
CVE-2026-48280,versions,CWE-79,5.4,2.3,530.0,0.0,0.0,0,1.0,0.0,MEDIUM
CVE-2026-48297,versions,CWE-79,5.4,2.3,531.0,0.0,0.0,0,1.0,0.0,MEDIUM
CVE-2026-48299,versions,CWE-79,5.4,2.3,532.0,0.0,0.0,0,1.0,0.0,MEDIUM
CVE-2026-48300,versions,CWE-79,5.4,2.3,533.0,0.0,0.0,0,1.0,0.0,MEDIUM
CVE-2026-48301,versions,CWE-79,5.4,2.3,534.0,0.0,0.0,0,1.0,0.0,MEDIUM
CVE-2026-48304,versions,CWE-79,5.4,2.3,535.0,0.0,0.0,0,1.0,0.0,MEDIUM
CVE-2026-34691,versions,CWE-79,9.3,2.8,536.0,0.0,0.0,0,1.0,0.0,CRITICAL
CVE-2026-34694,versions,CWE-79,4.8,1.7,537.0,0.0,0.0,0,1.0,0.0,MEDIUM
CVE-2026-32856,before,CWE-79,6.1,2.8,77.0,0.0,0.0,0,0.0,0.0,MEDIUM
CVE-2026-47106,before,CWE-79,5.4,2.3,78.0,0.0,0.0,0,0.0,0.0,MEDIUM
CVE-2026-25557,through,CWE-79,5.4,2.8,48.0,,,0,,,MEDIUM
CVE-2026-34416,contains,CWE-79,6.1,2.8,231.0,,,0,,,MEDIUM
CVE-2026-47933,versions,CWE-79,4.8,1.7,538.0,0.0,0.0,0,1.0,0.0,MEDIUM
CVE-2026-25860,contains,CWE-79,6.1,2.8,232.0,,,0,,,MEDIUM
CVE-2026-34417,contains,CWE-79,6.1,2.8,233.0,,,0,,,MEDIUM
CVE-2026-46518,free,CWE-79,7.7,1.3,53.0,0.0,0.0,1,0.0,0.0,HIGH
CVE-2026-53473,flaw,CWE-79,7.3,2.1,12.0,,,0,,,HIGH
CVE-2026-20258,versions,CWE-79,7.1,1.2,539.0,0.0,0.0,0,1.0,0.0,HIGH
CVE-2026-46642,configurable,CWE-79,6.1,2.8,1.0,0.0,0.0,1,0.0,0.0,MEDIUM
CVE-2026-0266,scripting,CWE-79,4.8,1.7,89.0,,,0,,,MEDIUM
CVE-2026-45783,networking,CWE-20,7.5,3.9,1.0,0.0,0.0,0,0.0,0.0,HIGH
CVE-2026-46625,for,CWE-1321,7.5,3.9,62.0,,,0,,,HIGH
CVE-2026-46679,networking,CWE-20,7.5,3.9,2.0,0.0,0.0,0,0.0,0.0,HIGH
CVE-2026-53741,through,CWE-79,5.4,2.3,49.0,,,0,,,MEDIUM
CVE-2026-40986,renders,CWE-79,4.8,1.2,1.0,,,0,,,MEDIUM
CVE-2026-40992,does,CWE-295,5.0,1.6,8.0,,,0,,,MEDIUM
CVE-2026-44495,promise,CWE-94,7.0,2.2,3.0,0.0,0.0,0,1.0,0.0,HIGH
CVE-2026-46489,invoicing,CWE-79,8.1,1.7,1.0,0.0,0.0,0,0.0,0.0,HIGH
CVE-2026-11933,vulnerability,CWE-787,8.8,2.8,153.0,,,0,,,HIGH
CVE-2026-9125,plugin,CWE-79,6.4,3.1,70.0,,,0,,,MEDIUM
CVE-2026-45536,network,CWE-200,4.0,2.5,4.0,0.0,0.0,0,0.0,0.0,MEDIUM
CVE-2026-53722,web,CWE-79,5.4,2.8,41.0,,,0,,,MEDIUM
CVE-2026-44990,content,CWE-79,9.3,2.8,8.0,0.0,0.0,0,0.0,0.0,CRITICAL
CVE-2026-45011,content,CWE-79,7.3,2.1,9.0,0.0,0.0,0,0.0,0.0,HIGH
CVE-2026-53608,content,CWE-79,8.7,2.3,10.0,0.0,0.0,0,0.0,0.0,HIGH
CVE-2026-9109,for,CWE-79,7.2,3.9,65.0,,,0,,,HIGH
CVE-2026-9134,plugin,CWE-79,6.4,3.1,71.0,,,0,,,MEDIUM
CVE-2026-12057,the,CWE-829,8.6,1.8,100.0,0.0,0.0,0,0.0,0.0,HIGH
CVE-2016-20066,contains,CWE-79,7.2,3.9,236.0,,,0,,,HIGH
CVE-2016-20070,contains,CWE-79,6.4,3.1,237.0,,,0,,,MEDIUM
CVE-2016-20084,contains,CWE-79,7.2,3.9,238.0,,,0,,,HIGH
CVE-2026-49294,open,CWE-79,6.1,2.8,97.0,,,0,,,MEDIUM
CVE-2026-48017,database,CWE-94,8.8,2.8,2.0,,,0,,,HIGH
CVE-2026-12321,miscompilation,CWE-670,5.4,2.8,12.0,,,0,,,MEDIUM
CVE-2026-53841,before,CWE-83,6.1,2.8,79.0,0.0,0.0,0,0.0,0.0,MEDIUM
CVE-2026-12425,vulnerability,CWE-79,6.1,2.8,153.0,,,0,,,MEDIUM
CVE-2026-46771,the,CWE-284,4.1,0.5,101.0,0.0,0.0,0,0.0,0.0,MEDIUM
CVE-2026-44587,framework,CWE-79,4.7,2.8,43.0,,,1,,,MEDIUM
CVE-2026-9570,plugin,CWE-79,7.1,2.8,72.0,,,0,,,HIGH
CVE-2026-48822,personal,CWE-79,5.8,0.6,16.0,0.0,0.0,0,0.0,0.0,MEDIUM
CVE-2026-48823,personal,CWE-79,4.8,0.6,17.0,0.0,0.0,0,0.0,0.0,MEDIUM
CVE-2026-48821,personal,CWE-79,5.8,0.6,18.0,0.0,0.0,0,0.0,0.0,MEDIUM
CVE-2026-48991,versions,CWE-287,5.5,1.8,319.0,0.0,0.0,0,1.0,0.0,MEDIUM
CVE-2026-50196,open,CWE-20,7.5,3.9,98.0,,,0,,,HIGH
CVE-2026-54386,marimo,CWE-79,6.1,2.8,2.0,43.0,43.0,0,10.0,11.08,MEDIUM
CVE-2026-44644,compatible,CWE-79,6.1,2.8,8.0,,,0,,,MEDIUM
CVE-2026-44645,compatible,CWE-400,6.5,2.8,9.0,,,0,,,MEDIUM
CVE-2026-44646,compatible,CWE-693,5.3,3.9,10.0,,,0,,,MEDIUM
CVE-2026-45357,compatible,CWE-400,7.5,3.9,11.0,,,0,,,HIGH
CVE-2026-45617,compatible,CWE-1333,7.5,3.9,12.0,,,0,,,HIGH
CVE-2026-9860,with,CWE-434,8.8,2.8,7.0,0.0,0.0,0,0.0,0.0,HIGH
CVE-2026-55237,workflow,CWE-87,8.8,2.8,3.0,0.0,0.0,0,0.0,0.0,HIGH
CVE-2026-22674,through,CWE-79,4.8,1.7,50.0,,,0,,,MEDIUM
CVE-2026-12047,injection,CWE-79,3.5,2.1,11.0,,,0,,,LOW
CVE-2026-12048,scripting,CWE-79,9.3,2.8,88.0,,,0,,,CRITICAL
CVE-2026-49293,parser,CWE-400,7.5,3.9,9.0,,,1,,,HIGH
CVE-2026-50559,framework,CWE-287,7.5,3.9,44.0,,,1,,,HIGH
CVE-2025-71331,before,CWE-80,6.1,2.8,82.0,0.0,0.0,1,0.0,0.0,MEDIUM
CVE-2026-56347,plugin,CWE-79,6.1,2.8,73.0,,,0,,,MEDIUM
CVE-2026-56381,from,CWE-79,4.8,1.7,4.0,,,0,,,MEDIUM
CVE-2026-56383,contains,CWE-79,4.8,1.7,239.0,,,0,,,MEDIUM
CVE-2026-56393,and,CWE-79,4.8,1.7,87.0,,,0,,,MEDIUM
CVE-2026-56395,before,CWE-79,9.6,2.8,83.0,0.0,0.0,0,0.0,0.0,CRITICAL
CVE-2026-56397,before,CWE-79,9.6,2.8,84.0,0.0,0.0,0,0.0,0.0,CRITICAL
CVE-2023-45795,scripting,CWE-79,7.8,1.8,89.0,,,0,,,HIGH
CVE-2026-12580,developed,CWE-79,5.4,2.3,14.0,,,0,,,MEDIUM
CVE-2025-33128,through,CWE-79,5.4,2.3,51.0,,,0,,,MEDIUM
CVE-2026-11372,through,CWE-79,5.4,2.8,53.0,,,0,,,MEDIUM
CVE-2026-50178,provides,CWE-79,8.8,2.8,32.0,0.0,0.0,0,0.0,0.0,HIGH
CVE-2026-53550,parser,CWE-407,5.3,3.9,10.0,,,1,,,MEDIUM
CVE-2026-8059,and,CWE-79,6.1,1.8,88.0,,,0,,,MEDIUM
CVE-2026-48712,protobufjs,CWE-674,7.5,3.9,10.0,,,0,,,HIGH
CVE-2026-49356,compiler,CWE-22,3.2,1.4,2.0,0.0,0.0,0,0.0,0.0,LOW
CVE-2026-50555,development,CWE-79,6.1,2.8,3.0,,,0,,,MEDIUM
CVE-2026-53571,frontend,CWE-22,7.5,3.9,6.0,0.0,0.0,1,0.0,0.0,HIGH
CVE-2026-54269,protobufjs,CWE-674,5.3,3.9,11.0,,,0,,,MEDIUM
CVE-2026-54270,protobufjs,CWE-770,5.3,3.9,12.0,,,0,,,MEDIUM
CVE-2026-54271,the,CWE-94,8.2,1.6,103.0,0.0,0.0,0,0.0,0.0,HIGH
CVE-2026-54285,the,CWE-770,5.3,3.9,104.0,0.0,0.0,0,0.0,0.0,MEDIUM
CVE-2026-54286,application,CWE-22,5.9,2.2,45.0,0.0,0.0,0,0.0,0.0,MEDIUM
CVE-2026-54287,application,CWE-116,5.3,3.9,46.0,0.0,0.0,0,0.0,0.0,MEDIUM
CVE-2026-54289,application,CWE-348,4.8,2.2,47.0,0.0,0.0,0,0.0,0.0,MEDIUM
CVE-2026-54290,application,CWE-942,7.1,2.8,48.0,0.0,0.0,0,0.0,0.0,HIGH
CVE-2026-54288,application,CWE-345,6.5,3.9,49.0,0.0,0.0,0,0.0,0.0,MEDIUM
CVE-2026-44311,canvas,CWE-79,5.4,2.8,2.0,38.0,38.0,1,10.0,27.17,MEDIUM
CVE-2026-48167,collection,CWE-79,6.4,3.1,2.0,0.0,0.0,0,0.0,0.0,MEDIUM
CVE-2026-55409,collection,CWE-79,7.6,2.3,3.0,0.0,0.0,0,0.0,0.0,HIGH
CVE-2026-56698,versions,CWE-79,6.1,2.8,320.0,0.0,0.0,0,1.0,0.0,MEDIUM
CVE-2026-12866,versions,CWE-94,9.8,3.9,321.0,0.0,0.0,0,1.0,0.0,CRITICAL
CVE-2026-54309,open,CWE-306,10.0,3.9,100.0,,,0,,,CRITICAL
CVE-2026-44956,users,CWE-79,0.0,3.9,1.0,0.0,0.0,0,0.0,0.0,NONE
CVE-2026-44960,stored,CWE-79,0.0,3.9,48.0,,,0,,,NONE
CVE-2026-54301,open,CWE-79,5.4,2.3,102.0,,,0,,,MEDIUM
CVE-2026-54302,open,CWE-79,5.4,2.3,103.0,,,0,,,MEDIUM
CVE-2026-44726,and,CWE-319,7.4,2.2,89.0,,,1,,,HIGH
CVE-2026-49401,and,CWE-41,7.3,2.0,90.0,,,1,,,HIGH
CVE-2026-49402,and,CWE-78,8.1,2.2,91.0,,,1,,,HIGH
CVE-2026-49406,and,CWE-22,5.5,1.8,92.0,,,1,,,MEDIUM
CVE-2026-49411,and,CWE-284,6.5,2.0,93.0,,,1,,,MEDIUM
CVE-2026-49440,and,CWE-325,7.4,2.2,94.0,,,0,,,HIGH
CVE-2026-49859,and,CWE-693,5.2,2.0,95.0,,,0,,,MEDIUM
CVE-2026-49860,and,CWE-918,5.2,2.0,96.0,,,0,,,MEDIUM
CVE-2026-49983,and,CWE-863,5.2,2.0,97.0,,,0,,,MEDIUM
CVE-2026-53662,immich,CWE-79,9.6,2.8,2.0,0.0,0.0,0,1.0,3.17,CRITICAL
CVE-2026-54011,artificial,CWE-79,8.7,2.3,9.0,0.0,0.0,1,0.0,0.0,HIGH
CVE-2026-55517,and,CWE-248,4.3,2.8,98.0,,,0,,,MEDIUM
CVE-2026-54325,minimal,CWE-829,4.4,1.8,1.0,0.0,0.0,0,0.0,0.0,MEDIUM
CVE-2026-46547,software,CWE-79,6.1,2.8,8.0,0.0,0.0,0,0.0,0.0,MEDIUM
CVE-2026-54512,contains,CWE-184,8.1,2.2,240.0,,,1,,,HIGH
CVE-2026-56785,contains,CWE-79,8.2,2.8,241.0,,,0,,,HIGH
CVE-2026-10091,plugin,CWE-79,7.2,3.9,74.0,,,0,,,HIGH
CVE-2026-9183,live,CWE-200,4.3,2.8,1.0,0.0,0.0,0,0.0,0.0,MEDIUM
CVE-2026-44016,simplifies,CWE-94,8.2,1.6,1.0,,,0,,,HIGH
CVE-2026-49220,open,CWE-79,5.7,2.1,103.0,,,0,,,MEDIUM
CVE-2026-53950,client,CWE-79,7.5,1.6,8.0,,,0,,,HIGH
CVE-2026-11998,flaw,CWE-791,7.6,2.8,13.0,,,0,,,HIGH
CVE-2026-47733,secure,CWE-79,4.4,1.3,4.0,0.0,0.0,0,1.0,0.5,MEDIUM
CVE-2026-52798,open,CWE-79,8.9,2.3,104.0,,,0,,,HIGH
CVE-2026-49979,platform,CWE-209,2.7,1.2,9.0,,,1,,,LOW
CVE-2026-54067,personal,CWE-79,9.9,3.1,19.0,0.0,0.0,0,0.0,0.0,CRITICAL
CVE-2026-54070,personal,CWE-79,7.1,1.6,20.0,0.0,0.0,0,0.0,0.0,HIGH
CVE-2026-54158,personal,CWE-79,9.9,3.1,21.0,0.0,0.0,0,0.0,0.0,CRITICAL
CVE-2026-39900,open,CWE-79,6.1,2.8,105.0,,,0,,,MEDIUM
CVE-2026-10712,has,CWE-79,8.0,1.6,15.0,0.0,0.0,0,0.0,0.0,HIGH
CVE-2026-12992,flaw,CWE-918,7.4,3.1,14.0,,,0,,,HIGH
CVE-2026-8661,the,CWE-79,4.8,2.2,106.0,0.0,0.0,0,0.0,0.0,MEDIUM
CVE-2026-6658,vulnerability,CWE-79,5.4,2.3,149.0,,,0,,,MEDIUM
CVE-2026-57527,before,CWE-502,8.8,2.8,86.0,0.0,0.0,0,0.0,0.0,HIGH
CVE-2026-10083,plugin,,7.5,1.6,75.0,,,0,,,HIGH
CVE-2026-12856,flaw,CWE-88,8.8,2.8,16.0,,,0,,,HIGH
CVE-2026-57948,through,CWE-614,6.8,1.6,52.0,,,0,,,MEDIUM
CVE-2026-57958,through,CWE-79,6.1,2.8,53.0,,,0,,,MEDIUM
CVE-2026-56017,versions,CWE-125,7.5,3.9,322.0,0.0,0.0,0,1.0,0.0,HIGH
CVE-2026-56018,versions,CWE-400,7.5,3.9,323.0,0.0,0.0,0,1.0,0.0,HIGH
CVE-2026-11581,plugin,,5.9,1.7,76.0,,,0,,,MEDIUM
CVE-2026-11589,plugin,,8.8,2.8,77.0,,,0,,,HIGH
CVE-2026-13773,through,CWE-918,6.0,1.8,55.0,,,0,,,MEDIUM
CVE-2025-36320,intelligence,CWE-79,6.4,3.1,1.0,0.0,0.0,0,0.0,0.0,MEDIUM
CVE-2025-36323,intelligence,CWE-79,5.4,2.3,2.0,0.0,0.0,0,0.0,0.0,MEDIUM
CVE-2026-10585,stored,CWE-79,5.4,2.3,48.0,,,0,,,MEDIUM
CVE-2026-56264,before,CWE-94,8.1,2.2,89.0,0.0,0.0,0,0.0,0.0,HIGH
CVE-2026-56356,contains,CWE-79,5.4,2.3,242.0,,,0,,,MEDIUM
CVE-2026-53907,vulnerable,CWE-79,5.4,2.3,45.0,,,0,,,MEDIUM
CVE-2026-14265,untrusted,CWE-502,7.5,1.6,6.0,0.0,0.0,0,0.0,0.0,HIGH
CVE-2026-55688,library,CWE-1275,4.0,2.2,56.0,11.0,11.0,0,7.0,5.83,MEDIUM
CVE-2026-58592,contains,CWE-787,8.3,1.6,243.0,,,0,,,HIGH
CVE-2026-54074,headless,CWE-94,7.8,1.8,1.0,0.0,0.0,0,6.0,0.0,HIGH
CVE-2026-55153,library,CWE-470,7.1,1.2,57.0,11.0,11.0,0,7.0,5.83,HIGH
CVE-2026-54704,provides,CWE-532,6.5,2.8,33.0,0.0,0.0,0,0.0,0.0,MEDIUM
CVE-2026-54712,provides,CWE-400,5.3,3.9,34.0,0.0,0.0,0,0.0,0.0,MEDIUM
CVE-2026-58579,before,CWE-79,5.4,2.3,91.0,0.0,0.0,0,0.0,0.0,MEDIUM
CVE-2026-59102,before,CWE-79,5.4,2.3,92.0,0.0,0.0,0,0.0,0.0,MEDIUM
CVE-2026-9756,plugin,CWE-79,6.4,3.1,78.0,,,0,,,MEDIUM
CVE-2026-14621,vulnerability,CWE-488,3.1,1.6,147.0,,,0,,,LOW
CVE-2026-11766,plugin,,8.0,2.1,79.0,,,0,,,HIGH
CVE-2026-24012,vulnerability,CWE-400,7.5,3.9,148.0,,,0,,,HIGH
CVE-2026-40047,vulnerability,CWE-88,9.1,3.9,149.0,,,0,,,CRITICAL
CVE-2026-40859,vulnerability,CWE-502,8.1,2.2,150.0,,,0,,,HIGH
CVE-2026-42527,vulnerability,CWE-502,8.1,2.2,151.0,,,0,,,HIGH
CVE-2026-43865,vulnerability,CWE-502,8.1,2.2,152.0,,,0,,,HIGH
CVE-2026-43866,vulnerability,CWE-502,7.3,3.9,153.0,,,0,,,HIGH
CVE-2026-43867,vulnerability,CWE-502,9.8,3.9,154.0,,,0,,,CRITICAL
CVE-2026-46453,vulnerability,CWE-20,5.3,3.9,155.0,,,0,,,MEDIUM
CVE-2026-46584,vulnerability,CWE-20,3.7,2.2,156.0,,,0,,,LOW
CVE-2026-46590,vulnerability,CWE-502,8.8,2.8,157.0,,,0,,,HIGH
CVE-2026-49365,vulnerability,CWE-209,5.3,3.9,158.0,,,0,,,MEDIUM
CVE-2026-56139,vulnerability,CWE-209,5.3,3.9,159.0,,,0,,,MEDIUM
CVE-2026-43825,before,CWE-502,7.3,3.9,94.0,0.0,0.0,0,0.0,0.0,HIGH
CVE-2026-59711,showdown,CWE-79,6.1,2.8,1.0,0.0,0.0,0,0.0,0.0,MEDIUM
CVE-2024-56141,client,CWE-329,5.0,1.6,9.0,,,0,,,MEDIUM
CVE-2026-13356,malicious,CWE-451,6.3,2.8,3.0,,,0,,,MEDIUM
CVE-2026-56812,for,CWE-754,7.5,3.9,65.0,,,1,,,HIGH
CVE-2026-55592,personal,CWE-79,3.9,1.3,22.0,0.0,0.0,0,0.0,0.0,LOW
CVE-2026-36162,authenticated,CWE-79,5.4,2.3,8.0,,,0,,,MEDIUM
CVE-2026-36163,injection,CWE-79,5.4,2.3,12.0,,,0,,,MEDIUM
CVE-2026-55430,allows,CWE-345,5.8,1.3,23.0,0.0,0.0,0,0.0,0.0,MEDIUM
CVE-2026-13126,embedded,CWE-416,7.8,1.8,1.0,,,0,,,HIGH
CVE-2026-13127,application,CWE-416,7.8,1.8,50.0,0.0,0.0,0,0.0,0.0,HIGH
CVE-2026-13128,within,CWE-416,7.8,1.8,1.0,,,0,,,HIGH
CVE-2026-13129,the,CWE-416,7.8,1.8,106.0,0.0,0.0,0,0.0,0.0,HIGH
CVE-2026-57237,the,CWE-416,7.8,1.8,107.0,0.0,0.0,0,0.0,0.0,HIGH
CVE-2026-57238,the,CWE-416,7.8,1.8,108.0,0.0,0.0,0,0.0,0.0,HIGH
CVE-2026-57240,the,CWE-416,7.8,1.8,109.0,0.0,0.0,0,0.0,0.0,HIGH
CVE-2026-57241,application,CWE-125,6.1,1.8,51.0,0.0,0.0,0,0.0,0.0,MEDIUM
CVE-2026-57242,application,CWE-416,7.8,1.8,52.0,0.0,0.0,0,0.0,0.0,HIGH
CVE-2026-57243,the,CWE-125,6.1,1.8,110.0,0.0,0.0,0,0.0,0.0,MEDIUM
CVE-2026-57244,resetting,CWE-416,7.8,1.8,1.0,,,0,,,HIGH
CVE-2026-57246,dealing,CWE-120,7.8,1.8,1.0,0.0,0.0,0,0.0,0.0,HIGH
CVE-2026-57248,the,CWE-763,7.8,1.8,111.0,0.0,0.0,0,0.0,0.0,HIGH
CVE-2026-57250,the,CWE-416,7.8,1.8,112.0,0.0,0.0,0,0.0,0.0,HIGH
CVE-2026-57252,the,CWE-416,7.8,1.8,113.0,0.0,0.0,0,0.0,0.0,HIGH
CVE-2026-57256,the,CWE-416,7.8,1.8,114.0,0.0,0.0,0,0.0,0.0,HIGH
CVE-2026-41042,callers,CWE-20,9.1,3.9,1.0,,,0,,,CRITICAL
CVE-2026-56359,before,CWE-79,5.4,2.3,95.0,0.0,0.0,0,0.0,0.0,MEDIUM
CVE-2026-58654,plugin,CWE-434,4.3,2.8,80.0,,,0,,,MEDIUM
CVE-2026-58657,before,CWE-79,4.8,1.7,96.0,0.0,0.0,0,0.0,0.0,MEDIUM
CVE-2026-57439,web,CWE-79,5.0,1.8,40.0,,,0,,,MEDIUM
CVE-2026-59868,parser,CWE-407,5.3,3.9,12.0,,,1,,,MEDIUM
CVE-2026-59869,parser,CWE-407,7.5,3.9,13.0,,,1,,,HIGH
CVE-2026-59870,parser,CWE-407,5.3,3.9,14.0,,,1,,,MEDIUM
CVE-2026-59871,tar,CWE-704,5.3,3.9,1.0,,,1,,,MEDIUM
CVE-2026-59876,protobufjs,CWE-1321,4.8,2.2,13.0,,,0,,,MEDIUM
CVE-2026-59877,protobufjs,CWE-835,5.3,3.9,14.0,,,0,,,MEDIUM
CVE-2026-59892,the,CWE-248,7.5,3.9,115.0,0.0,0.0,0,0.0,0.0,HIGH
CVE-2026-59895,application,CWE-79,6.1,2.8,53.0,0.0,0.0,0,0.0,0.0,MEDIUM
CVE-2026-59896,application,CWE-362,6.5,2.2,54.0,0.0,0.0,0,0.0,0.0,MEDIUM
CVE-2026-59897,application,CWE-348,4.8,2.2,55.0,0.0,0.0,0,0.0,0.0,MEDIUM
CVE-2026-55760,provides,CWE-22,7.5,3.9,35.0,0.0,0.0,0,0.0,0.0,HIGH
CVE-2026-59802,before,CWE-183,8.2,2.8,98.0,0.0,0.0,0,0.0,0.0,HIGH
CVE-2026-49866,networking,CWE-770,7.5,3.9,3.0,0.0,0.0,0,0.0,0.0,HIGH
CVE-2026-54527,extension,CWE-79,9.0,2.3,4.0,0.0,0.0,1,0.0,0.0,CRITICAL
CVE-2026-55596,editor,CWE-79,8.7,2.3,1.0,0.0,0.0,0,2.0,0.33,HIGH
CVE-2026-58191,automation,CWE-79,6.5,2.8,1.0,0.0,0.0,1,1.0,0.0,MEDIUM
CVE-2026-55470,complete,CWE-1333,7.5,3.9,5.0,0.0,0.0,1,0.0,0.0,HIGH
CVE-2026-55471,complete,CWE-611,9.1,3.9,6.0,0.0,0.0,1,0.0,0.0,CRITICAL
CVE-2026-55877,ecosystem,CWE-79,6.1,2.8,1.0,,,0,,,MEDIUM
CVE-2026-55878,ecosystem,CWE-22,7.8,1.8,2.0,,,0,,,HIGH
CVE-2026-12406,plugin,CWE-862,5.3,3.9,81.0,,,0,,,MEDIUM
CVE-2026-14245,and,CWE-862,9.8,3.9,97.0,,,0,,,CRITICAL
CVE-2026-13461,coupled,,9.6,2.8,1.0,,,0,,,CRITICAL
CVE-2026-59826,business,CWE-94,9.1,2.3,3.0,,,0,,,CRITICAL
CVE-2026-59827,business,CWE-502,9.9,3.1,4.0,,,0,,,CRITICAL
CVE-2026-0279,cross,CWE-79,6.1,2.8,2.0,0.0,0.0,0,0.0,0.0,MEDIUM
CVE-2026-60120,before,CWE-79,5.4,2.3,99.0,0.0,0.0,0,0.0,0.0,MEDIUM
CVE-2026-55424,discussion,CWE-79,5.4,2.3,3.0,0.0,0.0,0,0.0,0.0,MEDIUM
CVE-2026-40008,vulnerability,CWE-470,9.8,3.9,155.0,,,0,,,CRITICAL
CVE-2026-15026,and,CWE-862,4.3,2.8,98.0,,,0,,,MEDIUM
CVE-2026-29519,versions,CWE-79,8.2,2.8,316.0,0.0,0.0,0,1.0,0.0,HIGH
CVE-2026-61456,plugin,CWE-79,4.6,2.1,82.0,,,0,,,MEDIUM
CVE-2026-56667,open,CWE-79,7.3,1.0,105.0,,,0,,,HIGH
CVE-2026-55464,management,CWE-79,5.4,2.3,1.0,,,0,,,MEDIUM
CVE-2026-55466,management,CWE-79,8.7,2.3,2.0,,,1,,,HIGH
CVE-2026-55405,library,CWE-89,7.6,2.8,59.0,2.0,2.0,0,7.0,5.83,HIGH
CVE-2026-57213,messaging,CWE-79,4.8,1.7,1.0,0.0,0.0,1,0.0,0.0,MEDIUM
CVE-2026-57214,messaging,CWE-79,5.4,2.3,2.0,0.0,0.0,0,0.0,0.0,MEDIUM
CVE-2026-44795,open,CWE-470,8.8,2.8,106.0,,,0,,,HIGH
CVE-2026-3367,calendars,CWE-79,4.4,1.3,1.0,,,0,,,MEDIUM
CVE-2026-56763,before,CWE-1321,4.8,2.2,100.0,0.0,0.0,0,0.0,0.0,MEDIUM
CVE-2026-61454,plugin,CWE-200,5.3,3.9,83.0,,,0,,,MEDIUM
CVE-2026-61875,contains,CWE-79,8.8,2.1,245.0,,,0,,,HIGH
CVE-2026-15552,developed,CWE-79,6.1,2.8,15.0,,,0,,,MEDIUM
CVE-2026-61501,through,CWE-79,6.1,2.8,53.0,,,0,,,MEDIUM
CVE-2026-49971,before,CWE-79,6.1,2.8,102.0,0.0,0.0,0,0.0,0.0,MEDIUM
CVE-2026-55772,open,CWE-843,8.8,2.8,107.0,,,0,,,HIGH
CVE-2026-55771,open,CWE-94,8.8,2.8,108.0,,,0,,,HIGH
CVE-2026-55773,open,CWE-94,8.8,2.8,109.0,,,0,,,HIGH
CVE-2026-58500,server,CWE-79,8.2,2.8,7.0,,,0,,,HIGH
CVE-2026-44752,allows,CWE-79,8.2,2.8,24.0,0.0,0.0,0,0.0,0.0,HIGH
CVE-2026-44760,vulnerability,CWE-79,4.7,1.6,155.0,,,0,,,MEDIUM
CVE-2026-57898,versions,CWE-22,9.0,2.2,318.0,0.0,0.0,0,1.0,0.0,CRITICAL
CVE-2026-58475,through,CWE-79,6.1,2.8,54.0,,,1,,,MEDIUM
CVE-2026-52838,self,CWE-79,2.6,1.0,1.0,,,0,,,LOW
CVE-2026-60119,before,CWE-862,5.4,2.3,104.0,0.0,0.0,0,0.0,0.0,MEDIUM
CVE-2026-36214,versions,CWE-79,5.4,2.3,319.0,0.0,0.0,0,1.0,0.0,MEDIUM
CVE-2026-54433,before,CWE-79,7.2,3.9,105.0,0.0,0.0,0,0.0,0.0,HIGH
CVE-2026-59888,contains,CWE-915,6.5,3.9,246.0,,,0,,,MEDIUM
CVE-2026-59891,provides,CWE-522,9.6,2.8,36.0,0.0,0.0,0,0.0,0.0,CRITICAL
CVE-2026-45753,framework,CWE-79,6.1,2.8,46.0,,,0,,,MEDIUM
CVE-2026-47428,testing,CWE-79,9.6,2.8,3.0,,,0,,,CRITICAL
CVE-2026-47994,affected,CWE-79,8.7,2.3,5.0,0.0,0.0,0,0.0,1.25,HIGH
CVE-2026-47995,affected,CWE-79,8.1,1.7,6.0,0.0,0.0,0,0.0,1.25,HIGH
CVE-2026-47999,affected,CWE-79,4.8,1.7,7.0,0.0,0.0,0,0.0,1.25,MEDIUM
CVE-2026-48038,joi,CWE-248,5.3,3.9,1.0,0.0,0.0,0,0.0,0.0,MEDIUM
CVE-2026-48068,implements,CWE-248,7.5,3.9,2.0,0.0,0.0,0,0.0,0.0,HIGH
CVE-2026-48069,implements,CWE-248,7.5,3.9,3.0,0.0,0.0,0,0.0,0.0,HIGH
CVE-2026-48253,affected,CWE-79,5.4,2.3,8.0,0.0,0.0,0,0.0,1.25,MEDIUM
CVE-2026-48254,affected,CWE-79,5.4,2.3,9.0,0.0,0.0,0,0.0,1.25,MEDIUM
CVE-2026-48255,affected,CWE-79,5.4,2.3,10.0,0.0,0.0,0,0.0,1.25,MEDIUM
CVE-2026-48257,affected,CWE-79,5.4,2.3,11.0,0.0,0.0,0,0.0,1.25,MEDIUM
CVE-2026-48260,affected,CWE-79,5.4,2.3,12.0,0.0,0.0,0,0.0,1.25,MEDIUM
CVE-2026-48261,affected,CWE-79,5.4,2.3,13.0,0.0,0.0,0,0.0,1.25,MEDIUM
CVE-2026-48262,affected,CWE-79,5.4,2.3,14.0,0.0,0.0,0,0.0,1.25,MEDIUM
CVE-2026-48263,affected,CWE-79,5.4,2.3,15.0,0.0,0.0,0,0.0,1.25,MEDIUM
CVE-2026-48355,affected,CWE-79,5.4,2.3,16.0,0.0,0.0,0,0.0,1.25,MEDIUM
CVE-2026-48371,affected,CWE-79,5.4,2.3,17.0,0.0,0.0,0,0.0,1.25,MEDIUM
CVE-2026-48761,framework,CWE-79,6.1,2.8,47.0,,,0,,,MEDIUM
CVE-2026-48125,library,CWE-400,5.3,3.9,60.0,0.0,0.0,0,7.0,5.83,MEDIUM
CVE-2026-48758,provides,CWE-347,5.4,2.8,37.0,0.0,0.0,0,0.0,0.0,MEDIUM
CVE-2026-48815,provides,CWE-347,7.5,3.9,38.0,0.0,0.0,0,0.0,0.0,HIGH
CVE-2026-48816,provides,CWE-345,6.5,2.8,39.0,0.0,0.0,0,0.0,0.0,MEDIUM
CVE-2026-49978,scripting,CWE-79,6.1,2.8,89.0,,,1,,,MEDIUM
CVE-2026-42447,jadx,CWE-79,3.6,1.8,1.0,,,1,,,LOW
CVE-2026-46637,template,CWE-116,5.4,2.3,7.0,0.0,0.0,0,0.0,0.0,MEDIUM
CVE-2026-54684,jadx,CWE-22,7.0,1.0,2.0,,,0,,,HIGH
CVE-2026-61453,contains,CWE-79,6.1,2.8,247.0,,,0,,,MEDIUM
CVE-2026-41580,locally,CWE-79,6.1,2.8,4.0,,,1,,,MEDIUM
CVE-2026-45805,design,CWE-749,8.8,2.8,1.0,0.0,0.0,0,0.0,0.0,HIGH
CVE-2026-40501,versions,CWE-829,8.8,2.8,320.0,0.0,0.0,0,1.0,0.0,HIGH
CVE-2026-45738,declarative,CWE-79,7.3,2.1,1.0,0.0,0.0,1,1.0,0.0,HIGH
CVE-2026-50182,open,CWE-79,6.1,2.8,110.0,,,0,,,MEDIUM
CVE-2026-50183,open,CWE-79,4.7,1.6,111.0,,,0,,,MEDIUM
CVE-2026-54458,open,CWE-79,9.6,2.8,112.0,,,0,,,CRITICAL
CVE-2026-14987,and,CWE-79,6.4,3.1,98.0,,,0,,,MEDIUM
CVE-2026-12869,for,CWE-79,6.1,2.8,67.0,,,0,,,MEDIUM
CVE-2026-15099,plugin,CWE-79,6.4,3.1,84.0,,,0,,,MEDIUM
CVE-2026-44632,mission,CWE-94,9.1,2.3,1.0,0.0,0.0,1,0.0,0.0,CRITICAL
CVE-2026-45367,complete,CWE-1333,7.5,3.9,7.0,0.0,0.0,0,0.0,0.0,HIGH
CVE-2026-46562,mission,CWE-94,9.8,3.9,2.0,0.0,0.0,1,0.0,0.0,CRITICAL
CVE-2026-63397,before,CWE-116,6.4,0.5,108.0,0.0,0.0,0,0.0,0.0,MEDIUM
CVE-2026-62387,plugin,CWE-942,7.1,2.8,85.0,,,0,,,HIGH
CVE-2026-9656,plugin,CWE-200,4.3,2.8,86.0,,,0,,,MEDIUM
CVE-2026-49208,ecosystem,CWE-20,5.3,3.9,3.0,,,0,,,MEDIUM
CVE-2026-49209,ecosystem,CWE-770,6.5,2.8,4.0,,,0,,,MEDIUM
CVE-2026-49210,ecosystem,CWE-79,6.1,2.8,5.0,,,0,,,MEDIUM
CVE-2026-49211,ecosystem,CWE-200,7.5,3.9,6.0,,,0,,,HIGH
CVE-2026-49212,ecosystem,CWE-345,7.5,3.9,7.0,,,0,,,HIGH
CVE-2026-49215,ecosystem,CWE-352,5.4,2.8,8.0,,,0,,,MEDIUM
CVE-2026-49216,ecosystem,CWE-79,5.4,2.3,9.0,,,0,,,MEDIUM
CVE-2026-48015,open,CWE-79,4.9,1.2,112.0,,,0,,,MEDIUM
CVE-2026-45799,provides,CWE-129,7.5,3.9,40.0,0.0,0.0,0,0.0,0.0,HIGH
CVE-2026-49485,complete,CWE-400,7.5,3.9,8.0,0.0,0.0,0,0.0,0.0,HIGH
CVE-2026-54335,framework,CWE-1321,3.7,2.2,48.0,,,0,,,LOW
CVE-2026-56740,library,CWE-400,7.5,3.9,62.0,0.0,0.0,0,7.0,5.83,HIGH
CVE-2026-56741,library,CWE-400,7.5,3.9,63.0,0.0,0.0,0,7.0,5.83,HIGH
CVE-2026-12228,stored,CWE-79,8.7,2.3,49.0,,,0,,,HIGH
CVE-2026-57857,plugin,CWE-79,4.3,2.8,87.0,,,0,,,MEDIUM
CVE-2026-9833,the,CWE-79,7.1,2.8,109.0,0.0,0.0,0,0.0,0.0,HIGH
CVE-2026-2445,affected,CWE-79,6.1,2.8,18.0,0.0,0.0,0,0.0,1.25,MEDIUM
CVE-2026-63762,before,CWE-476,6.5,2.8,109.0,0.0,0.0,0,0.0,0.0,MEDIUM
CVE-2026-32822,data,CWE-80,6.1,2.8,4.0,0.0,0.0,0,0.0,0.0,MEDIUM
CVE-2026-35198,form,CWE-79,9.0,2.3,2.0,0.0,0.0,0,0.0,0.0,CRITICAL
CVE-2026-26483,and,CWE-79,6.1,2.8,99.0,,,0,,,MEDIUM
CVE-2026-39878,versions,CWE-79,9.3,2.8,319.0,0.0,0.0,0,1.0,0.0,CRITICAL
CVE-2026-44227,open,CWE-79,6.1,2.8,114.0,,,0,,,MEDIUM
CVE-2026-44228,open,CWE-79,5.4,2.3,115.0,,,0,,,MEDIUM
CVE-2026-44229,open,CWE-79,5.4,2.3,116.0,,,0,,,MEDIUM
CVE-2026-44230,open,CWE-79,6.1,2.8,117.0,,,0,,,MEDIUM
CVE-2026-56452,traversal,CWE-22,7.5,3.9,1.0,,,0,,,HIGH
CVE-2026-56623,traversal,CWE-22,7.1,2.8,2.0,,,0,,,HIGH
CVE-2026-56624,certificate,CWE-295,7.3,2.1,1.0,,,0,,,HIGH
CVE-2026-58624,input,CWE-20,5.4,2.8,4.0,0.0,0.0,0,0.0,0.0,MEDIUM
CVE-2026-16266,the,CWE-1321,4.0,2.2,110.0,0.0,0.0,0,0.0,0.0,MEDIUM
CVE-2026-64606,untrusted,CWE-502,9.8,3.9,7.0,0.0,0.0,0,0.0,0.0,CRITICAL
CVE-2026-64628,contains,CWE-79,5.4,2.3,248.0,,,0,,,MEDIUM
CVE-2026-16355,miscompilation,CWE-843,9.8,3.9,13.0,,,0,,,CRITICAL
CVE-2026-16363,miscompilation,CWE-682,9.8,3.9,14.0,,,0,,,CRITICAL
CVE-2026-16368,boundary,CWE-119,9.8,3.9,6.0,0.0,0.0,0,0.0,0.0,CRITICAL
CVE-2026-16369,overflow,CWE-190,9.8,3.9,2.0,0.0,0.0,0,0.0,0.0,CRITICAL
CVE-2026-16392,miscompilation,CWE-670,9.1,3.9,15.0,,,0,,,CRITICAL
CVE-2026-16410,miscompilation,CWE-843,9.8,3.9,16.0,,,0,,,CRITICAL
CVE-2026-47687,free,CWE-79,7.3,2.1,54.0,0.0,0.0,0,0.0,0.0,HIGH
CVE-2026-46917,the,CWE-284,5.3,3.9,111.0,0.0,0.0,0,0.0,0.0,MEDIUM
CVE-2026-46968,versions,CWE-284,5.9,2.2,320.0,0.0,0.0,0,1.0,0.0,MEDIUM
CVE-2026-47010,the,CWE-284,3.7,2.2,112.0,0.0,0.0,0,0.0,0.0,LOW
CVE-2026-47013,supported,CWE-770,5.3,3.9,2.0,,,0,,,MEDIUM
CVE-2026-47021,the,CWE-400,5.3,3.9,113.0,0.0,0.0,0,0.0,0.0,MEDIUM
CVE-2026-47027,versions,CWE-284,5.3,3.9,321.0,0.0,0.0,0,1.0,0.0,MEDIUM
CVE-2026-47030,supported,CWE-284,3.1,1.6,3.0,,,0,,,LOW
CVE-2026-47034,supported,CWE-284,3.1,1.6,4.0,,,0,,,LOW
CVE-2026-47035,supported,CWE-284,3.1,1.6,5.0,,,0,,,LOW
CVE-2026-47039,the,CWE-284,6.5,2.8,114.0,0.0,0.0,0,0.0,0.0,MEDIUM
CVE-2026-47057,versions,CWE-400,7.5,3.9,322.0,0.0,0.0,0,1.0,0.0,HIGH
CVE-2026-47058,versions,CWE-502,7.4,2.2,323.0,0.0,0.0,0,1.0,0.0,HIGH
CVE-2026-47059,the,CWE-284,3.7,2.2,115.0,0.0,0.0,0,0.0,0.0,LOW
CVE-2026-47063,the,CWE-284,7.5,3.9,116.0,0.0,0.0,0,0.0,0.0,HIGH
CVE-2026-55851,network,CWE-400,7.5,3.9,5.0,0.0,0.0,0,0.0,0.0,HIGH
CVE-2026-60147,the,CWE-284,6.5,3.9,118.0,0.0,0.0,0,0.0,0.0,MEDIUM
CVE-2026-60164,supported,CWE-693,3.1,1.6,6.0,,,0,,,LOW
CVE-2026-60166,supported,CWE-693,3.1,1.6,7.0,,,0,,,LOW
CVE-2026-60349,the,CWE-200,5.9,1.6,119.0,0.0,0.0,0,0.0,0.0,MEDIUM
CVE-2026-60526,versions,CWE-20,6.7,0.8,324.0,0.0,0.0,0,1.0,0.0,MEDIUM
CVE-2026-62574,the,CWE-284,7.8,1.8,120.0,0.0,0.0,0,0.0,0.0,HIGH
CVE-2026-65592,before,CWE-79,5.4,2.3,111.0,0.0,0.0,0,0.0,0.0,MEDIUM
CVE-2026-65598,before,CWE-367,7.5,1.6,112.0,0.0,0.0,0,0.0,0.0,HIGH
CVE-2026-64828,through,CWE-79,6.1,2.8,59.0,,,0,,,MEDIUM
CVE-2026-13066,handling,CWE-843,6.5,2.8,1.0,0.0,0.0,0,0.0,0.08,MEDIUM
CVE-2026-13071,authenticated,CWE-416,6.5,2.8,9.0,,,0,,,MEDIUM
CVE-2026-13078,vulnerability,CWE-862,7.7,3.1,157.0,,,0,,,HIGH
CVE-2026-64795,vectors,CWE-79,5.4,2.3,1.0,0.0,0.0,0,0.0,0.0,MEDIUM
CVE-2026-64796,various,CWE-284,9.8,3.9,2.0,,,0,,,CRITICAL
CVE-2026-60366,the,CWE-269,10.0,3.9,121.0,0.0,0.0,0,0.0,0.0,CRITICAL
CVE-2026-60367,the,CWE-269,9.8,3.9,122.0,0.0,0.0,0,0.0,0.0,CRITICAL
CVE-2026-60368,the,CWE-1104,8.8,2.8,123.0,0.0,0.0,0,0.0,0.0,HIGH
CVE-2026-60369,the,CWE-269,9.9,3.1,124.0,0.0,0.0,0,0.0,0.0,CRITICAL
CVE-2026-60370,the,CWE-1021,7.5,1.6,125.0,0.0,0.0,0,0.0,0.0,HIGH
CVE-2026-60371,the,CWE-200,8.0,1.3,126.0,0.0,0.0,0,0.0,0.0,HIGH
CVE-2026-60372,the,CWE-269,9.8,3.9,127.0,0.0,0.0,0,0.0,0.0,CRITICAL
CVE-2026-60373,the,CWE-269,8.8,2.8,128.0,0.0,0.0,0,0.0,0.0,HIGH
CVE-2026-60439,the,CWE-269,8.8,2.8,129.0,0.0,0.0,0,0.0,0.0,HIGH
CVE-2026-60455,the,CWE-269,8.8,2.8,130.0,0.0,0.0,0,0.0,0.0,HIGH
CVE-2026-61246,the,CWE-269,8.8,2.8,131.0,0.0,0.0,0,0.0,0.0,HIGH
CVE-2026-9066,plugin,CWE-79,6.1,2.8,88.0,,,0,,,MEDIUM
CVE-2026-15404,plugin,CWE-79,6.4,3.1,89.0,,,0,,,MEDIUM
CVE-2026-65756,vector,CWE-79,6.1,2.8,1.0,0.0,0.0,0,3.0,0.5,MEDIUM
CVE-2026-65606,before,CWE-79,9.6,2.8,113.0,0.0,0.0,0,0.0,0.0,CRITICAL
CVE-2026-65912,before,CWE-79,6.1,2.8,115.0,0.0,0.0,0,0.0,0.0,MEDIUM
CVE-2026-65914,before,CWE-79,6.1,2.8,116.0,0.0,0.0,1,0.0,0.0,MEDIUM
CVE-2026-65697,through,CWE-79,6.1,2.8,60.0,,,0,,,MEDIUM
CVE-2026-47668,database,CWE-20,10.0,3.9,3.0,,,0,,,CRITICAL
CVE-2026-15687,security,CWE-22,2.4,0.9,5.0,0.0,0.0,0,0.0,0.0,LOW
CVE-2026-12353,unauthenticated,CWE-772,5.3,3.9,3.0,,,0,,,MEDIUM
CVE-2026-15100,plugin,CWE-79,6.4,3.1,90.0,,,0,,,MEDIUM
CVE-2026-6454,plugin,CWE-79,6.4,3.1,91.0,,,0,,,MEDIUM
CVE-2026-57530,before,CWE-79,5.4,2.3,117.0,0.0,0.0,0,0.0,0.0,MEDIUM
CVE-2026-57531,before,CWE-79,5.4,2.3,118.0,0.0,0.0,0,0.0,0.0,MEDIUM
CVE-2026-17496,before,CWE-79,8.1,2.8,120.0,0.0,0.0,0,0.0,0.0,HIGH
CVE-2026-14190,for,CWE-79,6.1,2.8,68.0,,,0,,,MEDIUM
CVE-2026-14203,plugin,CWE-79,4.8,1.7,92.0,,,0,,,MEDIUM
CVE-2026-14827,plugin,CWE-79,6.8,0.9,93.0,,,0,,,MEDIUM
CVE-2026-45112,vulnerability,CWE-770,7.5,3.9,157.0,,,0,,,HIGH
CVE-2026-66029,through,CWE-79,5.4,2.3,63.0,,,0,,,MEDIUM
CVE-2026-66030,through,CWE-79,5.4,2.3,64.0,,,0,,,MEDIUM
CVE-2026-66031,through,CWE-79,5.4,2.3,65.0,,,0,,,MEDIUM
CVE-2026-56747,control,CWE-94,8.8,2.8,1.0,0.0,0.0,0,1.0,0.0,HIGH
CVE-2026-66713,the,CWE-502,9.8,3.9,131.0,0.0,0.0,0,0.0,0.0,CRITICAL
CVE-2026-43910,the,CWE-441,8.2,2.8,132.0,0.0,0.0,0,0.0,0.0,HIGH
CVE-2026-54545,wakaru,CWE-22,7.1,1.8,1.0,0.0,0.0,0,0.0,0.0,HIGH
CVE-2026-7775,through,CWE-79,5.5,2.3,66.0,,,0,,,MEDIUM
CVE-2026-13605,plugin,CWE-79,6.8,0.9,94.0,,,0,,,MEDIUM
CVE-2026-16597,plugin,CWE-79,7.2,3.9,95.0,,,0,,,HIGH
CVE-2026-8791,plugin,CWE-79,6.4,3.1,96.0,,,0,,,MEDIUM
CVE-2026-54666,generates,CWE-74,8.3,1.6,12.0,0.0,0.0,0,0.0,0.0,HIGH
CVE-2026-54705,provides,CWE-116,6.3,2.8,41.0,0.0,0.0,0,0.0,0.0,MEDIUM
CVE-2026-3093,has,CWE-79,4.7,1.6,17.0,0.0,0.0,0,0.0,0.0,MEDIUM
CVE-2026-67595,versions,CWE-506,8.1,2.2,322.0,0.0,0.0,0,1.0,0.0,HIGH
CVE-2026-13330,for,CWE-79,6.1,2.8,69.0,,,0,,,MEDIUM
CVE-2026-13344,for,CWE-79,4.8,1.7,70.0,,,0,,,MEDIUM
CVE-2026-14207,plugin,CWE-79,6.1,2.8,97.0,,,0,,,MEDIUM
CVE-2026-14592,plugin,CWE-79,6.1,2.8,98.0,,,0,,,MEDIUM
CVE-2026-59328,for,CWE-79,4.2,1.6,72.0,,,0,,,MEDIUM
CVE-2025-36298,through,CWE-79,5.4,2.3,68.0,,,0,,,MEDIUM
CVE-2025-36431,through,CWE-79,5.4,2.3,69.0,,,0,,,MEDIUM
CVE-2026-48910,carefully,CWE-80,6.5,2.8,4.0,,,0,,,MEDIUM
CVE-2025-0152,and,CWE-79,6.1,2.8,100.0,,,0,,,MEDIUM
CVE-2025-51684,vulnerable,CWE-79,6.1,2.8,44.0,,,0,,,MEDIUM
CVE-2026-61526,package,CWE-79,6.1,2.8,18.0,0.0,0.0,0,0.0,0.0,MEDIUM
CVE-2026-66421,contains,CWE-79,9.3,2.8,249.0,,,0,,,CRITICAL
CVE-2026-13393,plugin,CWE-79,3.5,0.9,99.0,,,0,,,LOW
CVE-2026-14833,with,CWE-79,6.8,0.9,9.0,0.0,0.0,0,0.0,0.0,MEDIUM
CVE-2026-62324,editor,CWE-79,5.4,2.3,2.0,0.0,0.0,0,2.0,0.33,MEDIUM
CVE-2026-2916,for,CWE-200,4.3,2.8,72.0,,,0,,,MEDIUM
CVE-2026-15964,plugin,CWE-620,9.8,3.9,100.0,,,0,,,CRITICAL
CVE-2026-17580,and,CWE-862,6.5,2.8,101.0,,,0,,,MEDIUM
CVE-2026-18059,smart,CWE-200,5.3,3.9,3.0,,,0,,,MEDIUM
CVE-2026-67333,before,CWE-79,7.2,3.9,122.0,0.0,0.0,0,0.0,0.0,HIGH
CVE-2026-67340,before,CWE-94,9.8,3.9,124.0,0.0,0.0,0,0.0,0.0,CRITICAL
CVE-2026-67341,versions,CWE-863,9.8,3.9,322.0,0.0,0.0,0,1.0,0.0,CRITICAL
CVE-2026-67352,contains,CWE-79,7.6,2.3,251.0,,,0,,,HIGH
CVE-2026-8457,plugin,CWE-289,9.8,3.9,101.0,,,0,,,CRITICAL
CVE-2016-3956,npm,CWE-200,7.5,3.9,1.0,0.0,0.0,0,0.0,0.0,HIGH
CVE-2016-3012,before,CWE-200,7.5,3.9,31.0,2567.0,2567.0,0,0.0,0.0,HIGH
CVE-2017-8914,sinopia,NVD-CWE-noinfo,8.3,3.9,1.0,3313.0,3313.0,0,0.0,0.17,HIGH
CVE-2017-1000219,all,CWE-78,9.8,3.9,1.0,,,1,,,CRITICAL
CVE-2016-10703,regular,CWE-20,7.5,3.9,1.0,,,1,,,HIGH
CVE-2018-7408,issue,CWE-732,7.8,1.8,29.0,1455.0,1455.0,0,0.0,0.0,HIGH
CVE-2018-7560,the,CWE-20,7.5,3.9,92.0,0.0,0.0,0,0.0,0.0,HIGH
CVE-2016-10601,webdrvr,CWE-311,8.1,2.2,1.0,,,0,,,HIGH
CVE-2016-10658,the,CWE-311,8.1,2.2,101.0,0.0,0.0,0,0.0,0.0,HIGH
CVE-2017-16003,module,CWE-311,8.1,2.2,2.0,,,0,,,HIGH
CVE-2017-16047,mysqljs,CWE-506,7.5,3.9,1.0,,,0,,,HIGH
CVE-2017-16061,tkinter,CWE-506,7.5,3.9,1.0,,,0,,,HIGH
CVE-2017-16062,was,CWE-506,7.5,3.9,4.0,879.0,879.0,0,0.0,0.0,HIGH
CVE-2016-10541,npm,CWE-78,9.8,3.9,1.0,0.0,0.0,1,0.0,0.0,CRITICAL
CVE-2016-10562,iedriver,CWE-311,8.1,2.2,1.0,,,0,,,HIGH
CVE-2018-3746,pdfinfojs,CWE-77,9.8,3.9,1.0,,,1,,,CRITICAL
CVE-2016-10579,wrapper,CWE-311,8.1,2.2,1.0,0.0,0.0,0,0.0,0.0,HIGH
CVE-2016-10603,wrapper,CWE-311,8.1,2.2,2.0,0.0,0.0,0,0.0,0.0,HIGH
CVE-2016-10625,minimal,CWE-311,8.1,2.2,2.0,0.0,0.0,0,0.0,0.0,HIGH
CVE-2016-10639,npm,CWE-311,8.1,2.2,2.0,0.0,0.0,0,0.0,0.0,HIGH
CVE-2016-10644,npm,CWE-311,8.1,2.2,3.0,0.0,0.0,0,0.0,0.0,HIGH
CVE-2016-10695,module,CWE-311,8.1,2.2,3.0,,,0,,,HIGH
CVE-2017-16044,was,CWE-506,7.5,3.9,5.0,873.0,873.0,0,0.0,0.0,HIGH
CVE-2017-16045,was,CWE-506,7.5,3.9,6.0,873.0,873.0,0,0.0,0.0,HIGH
CVE-2017-16046,was,CWE-506,7.5,3.9,7.0,873.0,873.0,0,0.0,0.0,HIGH
CVE-2017-16048,was,CWE-506,7.5,3.9,8.0,873.0,873.0,0,0.0,0.0,HIGH
CVE-2017-16049,was,CWE-506,7.5,3.9,9.0,873.0,873.0,0,0.0,0.0,HIGH
CVE-2017-16050,was,CWE-506,7.5,3.9,10.0,873.0,873.0,0,0.0,0.0,HIGH
CVE-2017-16051,was,CWE-506,7.5,3.9,11.0,873.0,873.0,0,0.0,0.0,HIGH
CVE-2017-16052,was,CWE-506,7.5,3.9,12.0,873.0,873.0,0,0.0,0.0,HIGH
CVE-2017-16053,was,CWE-506,7.5,3.9,13.0,873.0,873.0,0,0.0,0.0,HIGH
CVE-2017-16054,was,CWE-506,7.5,3.9,14.0,873.0,873.0,0,0.0,0.0,HIGH
CVE-2017-16055,was,CWE-506,7.5,3.9,15.0,873.0,873.0,0,0.0,0.0,HIGH
CVE-2017-16056,was,CWE-506,7.5,3.9,16.0,871.0,871.0,0,0.0,0.0,HIGH
CVE-2017-16057,nodemssql,CWE-506,7.5,3.9,1.0,,,0,,,HIGH
CVE-2017-16058,gruntcli,CWE-506,7.5,3.9,1.0,,,0,,,HIGH
CVE-2017-16059,was,CWE-506,7.5,3.9,17.0,871.0,871.0,0,0.0,0.0,HIGH
CVE-2017-16060,babelcli,CWE-506,7.5,3.9,1.0,,,0,,,HIGH
CVE-2017-16063,was,CWE-506,7.5,3.9,18.0,871.0,871.0,0,0.0,0.0,HIGH
CVE-2017-16064,was,CWE-506,7.5,3.9,19.0,871.0,871.0,0,0.0,0.0,HIGH
CVE-2017-16065,was,CWE-506,7.5,3.9,20.0,871.0,871.0,0,0.0,0.0,HIGH
CVE-2017-16066,was,CWE-506,7.5,3.9,21.0,871.0,871.0,0,0.0,0.0,HIGH
CVE-2017-16067,was,CWE-506,7.5,3.9,22.0,871.0,871.0,0,0.0,0.0,HIGH
CVE-2017-16068,ffmepg,CWE-506,7.5,3.9,1.0,,,0,,,HIGH
CVE-2017-16069,nodeffmpeg,CWE-506,7.5,3.9,1.0,,,0,,,HIGH
CVE-2017-16070,nodecaffe,CWE-506,7.5,3.9,1.0,,,0,,,HIGH
CVE-2017-16071,was,CWE-506,7.5,3.9,23.0,871.0,871.0,0,0.0,0.0,HIGH
CVE-2017-16072,was,CWE-506,7.5,3.9,24.0,871.0,871.0,0,0.0,0.0,HIGH
CVE-2017-16073,noderequest,CWE-506,7.5,3.9,1.0,,,0,,,HIGH
CVE-2017-16074,crossenv,CWE-506,7.5,3.9,1.0,2696.0,2696.0,0,1.0,0.33,HIGH
CVE-2017-16075,was,CWE-506,7.5,3.9,25.0,871.0,871.0,0,0.0,0.0,HIGH
CVE-2017-16076,was,CWE-506,7.5,3.9,26.0,871.0,871.0,0,0.0,0.0,HIGH
CVE-2017-16077,mongose,CWE-506,7.5,3.9,1.0,,,1,,,HIGH
CVE-2017-16078,shadowsock,CWE-506,7.5,3.9,1.0,,,0,,,HIGH
CVE-2017-16079,smb,CWE-506,7.5,3.9,1.0,,,0,,,HIGH
CVE-2017-16080,nodesass,CWE-506,7.5,3.9,1.0,,,0,,,HIGH
CVE-2017-16081,was,CWE-506,7.5,3.9,27.0,871.0,871.0,0,0.0,0.0,HIGH
CVE-2017-16126,module,CWE-200,5.3,3.9,4.0,,,0,,,MEDIUM
CVE-2017-16128,module,CWE-506,9.8,3.9,5.0,,,0,,,CRITICAL
CVE-2017-16132,local,CWE-22,7.5,3.9,1.0,1661.0,1661.0,1,0.0,0.0,HIGH
CVE-2018-1002203,unzipper,CWE-22,5.5,1.8,1.0,0.0,0.0,1,0.0,0.0,MEDIUM
CVE-2018-1002204,npm,CWE-22,5.5,1.8,4.0,0.0,0.0,1,0.0,0.0,MEDIUM
CVE-2018-3772,unsanitized,CWE-77,9.8,3.9,1.0,,,1,,,CRITICAL
CVE-2018-3773,stored,CWE-79,6.1,2.8,3.0,,,1,,,MEDIUM
CVE-2018-11615,vulnerability,CWE-20,7.5,3.9,71.0,,,0,,,HIGH
CVE-2018-16462,command,CWE-77,10.0,3.9,1.0,0.0,0.0,1,0.0,0.0,CRITICAL
CVE-2019-8917,before,NVD-CWE-noinfo,9.8,3.9,21.0,1758.0,1758.0,0,0.0,0.0,CRITICAL
CVE-2019-5413,attacker,CWE-94,9.8,3.9,2.0,,,1,,,CRITICAL
CVE-2019-5416,path,CWE-22,7.5,3.9,1.0,2320.0,2320.0,1,3.0,0.0,HIGH
CVE-2019-5417,path,CWE-22,7.5,3.9,2.0,2320.0,2320.0,1,3.0,0.0,HIGH
CVE-2019-5422,buttle,CWE-79,6.1,2.8,1.0,,,0,,,MEDIUM
CVE-2019-5423,traversal,CWE-22,7.5,3.9,2.0,,,0,,,HIGH
CVE-2019-5437,exposure,CWE-548,5.3,3.9,2.0,665.0,665.0,1,0.0,0.0,MEDIUM
CVE-2019-5438,traversal,CWE-22,5.3,3.9,3.0,,,1,,,MEDIUM
CVE-2019-5444,traversal,CWE-22,5.3,3.9,4.0,,,1,,,MEDIUM
CVE-2019-5447,path,CWE-22,5.3,3.9,3.0,2204.0,2204.0,1,3.0,0.0,MEDIUM
CVE-2019-5480,path,CWE-22,5.3,3.9,4.0,2154.0,2154.0,1,3.0,0.0,MEDIUM
CVE-2019-5485,package,CWE-78,10.0,3.9,3.0,0.0,0.0,1,0.0,0.0,CRITICAL
CVE-2019-16761,specially,CWE-20,5.7,0.5,1.0,,,0,,,MEDIUM
CVE-2019-16762,specially,CWE-20,5.7,0.5,2.0,,,1,,,MEDIUM
CVE-2019-16769,npm,CWE-79,4.2,1.6,1.0,0.0,0.0,0,0.0,0.0,MEDIUM
CVE-2019-10769,npm,CWE-94,9.8,3.9,2.0,0.0,0.0,1,0.0,0.0,CRITICAL
CVE-2019-16772,package,CWE-79,3.1,1.6,3.0,0.0,0.0,0,0.0,0.0,LOW
CVE-2019-16775,the,CWE-61,7.7,1.3,58.0,0.0,0.0,0,0.0,0.0,HIGH
CVE-2019-16776,the,CWE-22,7.7,1.3,59.0,0.0,0.0,0,0.0,0.0,HIGH
CVE-2019-16777,the,CWE-22,7.7,1.3,60.0,0.0,0.0,0,0.0,0.0,HIGH
CVE-2020-7596,npm,CWE-78,8.8,2.8,3.0,0.0,0.0,1,0.0,0.0,HIGH
CVE-2019-15607,stored,CWE-79,5.4,2.3,42.0,,,1,,,MEDIUM
CVE-2019-10783,versions,CWE-78,9.8,3.9,28.0,1488.0,1488.0,1,1.0,0.0,CRITICAL
CVE-2020-8124,validation,CWE-20,5.3,3.9,1.0,918.0,918.0,1,0.0,0.0,MEDIUM
CVE-2020-8125,input,CWE-20,9.8,3.9,1.0,0.0,0.0,1,0.0,0.0,CRITICAL
CVE-2020-8129,unintended,CWE-94,9.8,3.9,1.0,,,1,,,CRITICAL
CVE-2019-12954,allows,CWE-79,5.4,2.3,16.0,0.0,0.0,1,0.0,0.0,MEDIUM
CVE-2020-7597,npm,CWE-78,8.8,2.8,4.0,0.0,0.0,1,0.0,0.0,HIGH
CVE-2019-10790,taffydb,CWE-668,7.5,3.9,1.0,,,1,,,HIGH
CVE-2020-8132,input,CWE-94,9.8,3.9,2.0,0.0,0.0,1,0.0,0.0,CRITICAL
CVE-2019-17636,versions,CWE-345,8.1,2.8,30.0,1447.0,1447.0,1,1.0,0.0,HIGH
CVE-2020-8135,uppy,CWE-918,9.8,3.9,1.0,1143.0,1143.0,1,0.0,0.0,CRITICAL
CVE-2020-10953,through,CWE-22,7.5,3.9,43.0,,,0,,,HIGH
CVE-2020-8147,input,CWE-471,9.8,3.9,3.0,0.0,0.0,1,0.0,0.0,CRITICAL
CVE-2020-7614,through,CWE-20,9.8,3.9,44.0,,,1,,,CRITICAL
CVE-2020-8149,output,CWE-94,9.8,3.9,1.0,0.0,0.0,1,0.0,0.0,CRITICAL
CVE-2020-11059,greater,CWE-200,9.6,2.8,2.0,,,0,,,CRITICAL
CVE-2020-7662,npm,NVD-CWE-Other,7.5,3.9,5.0,0.0,0.0,1,0.0,0.0,HIGH
CVE-2020-4038,before,CWE-79,7.4,2.8,43.0,1282.0,1282.0,0,0.0,0.0,HIGH
CVE-2020-4059,mversion,CWE-77,7.3,3.9,1.0,,,0,,,HIGH
CVE-2020-14005,and,NVD-CWE-noinfo,8.8,2.8,58.0,,,0,,,HIGH
CVE-2020-14006,and,CWE-79,5.4,2.3,59.0,,,1,,,MEDIUM
CVE-2020-14007,and,CWE-79,5.4,2.3,60.0,,,1,,,MEDIUM
CVE-2020-15095,the,CWE-532,4.4,0.8,74.0,0.0,0.0,0,0.0,0.0,MEDIUM
CVE-2020-8178,input,CWE-78,9.8,3.9,4.0,0.0,0.0,1,0.0,0.0,CRITICAL
CVE-2020-8205,uppy,CWE-918,7.5,3.9,2.0,1021.0,1021.0,1,0.0,0.0,HIGH
CVE-2020-15125,versions,CWE-209,7.7,3.1,41.0,1306.0,1306.0,0,1.0,0.0,HIGH
CVE-2020-15152,npm,CWE-918,9.1,3.9,6.0,0.0,0.0,0,0.0,0.0,CRITICAL
CVE-2020-8237,pollution,CWE-400,7.5,3.9,2.0,,,1,,,HIGH
CVE-2020-15228,the,CWE-20,3.5,1.8,75.0,0.0,0.0,1,0.0,0.0,LOW
CVE-2020-7754,affects,NVD-CWE-noinfo,7.5,3.9,4.0,,,1,,,HIGH
CVE-2020-28168,package,CWE-918,5.9,2.2,3.0,0.0,0.0,1,0.0,0.0,MEDIUM
CVE-2020-8268,pollution,CWE-471,7.5,3.9,3.0,,,1,,,HIGH
CVE-2020-26226,the,CWE-116,8.1,2.8,63.0,0.0,0.0,0,0.0,0.0,HIGH
CVE-2020-28360,npm,CWE-918,9.8,3.9,7.0,0.0,0.0,0,0.0,0.0,CRITICAL
CVE-2020-26245,npm,CWE-78,8.1,2.2,8.0,0.0,0.0,0,0.0,0.0,HIGH
CVE-2020-26256,npm,CWE-400,5.7,2.1,7.0,0.0,0.0,1,0.0,0.0,MEDIUM
CVE-2020-26289,npm,CWE-400,7.5,3.9,8.0,0.0,0.0,0,0.0,0.0,HIGH
CVE-2020-26288,open,CWE-312,7.7,3.1,2.0,,,0,,,HIGH
CVE-2021-21252,provides,CWE-400,5.3,3.9,2.0,301.0,301.0,0,0.0,0.0,MEDIUM
CVE-2020-27869,vulnerability,CWE-89,8.8,2.8,37.0,,,0,,,HIGH
CVE-2021-21317,npm,CWE-400,5.3,3.9,9.0,0.0,0.0,0,0.0,0.0,MEDIUM
CVE-2021-20327,specific,CWE-295,6.4,1.2,1.0,0.0,0.0,0,0.0,0.0,MEDIUM
CVE-2021-26700,,NVD-CWE-noinfo,7.8,1.8,,,,0,,,HIGH
CVE-2021-21321,npm,CWE-20,10.0,3.9,10.0,0.0,0.0,0,0.0,0.0,CRITICAL
CVE-2021-21322,npm,CWE-20,10.0,3.9,11.0,0.0,0.0,0,0.0,0.0,CRITICAL
CVE-2021-21353,npm,CWE-74,6.8,2.2,12.0,0.0,0.0,1,0.0,0.0,MEDIUM
CVE-2021-3377,npm,CWE-79,6.1,2.8,13.0,0.0,0.0,1,0.0,0.0,MEDIUM
CVE-2021-21412,for,CWE-78,6.4,3.1,12.0,,,0,,,MEDIUM
CVE-2021-28918,input,CWE-704,9.1,3.9,7.0,0.0,0.0,1,0.0,0.0,CRITICAL
CVE-2021-29443,jose,CWE-203,5.9,2.2,1.0,0.0,0.0,0,0.0,0.0,MEDIUM
CVE-2021-29444,npm,CWE-203,5.9,2.2,14.0,0.0,0.0,0,0.0,0.0,MEDIUM
CVE-2021-29445,npm,CWE-203,5.9,2.2,15.0,0.0,0.0,0,0.0,0.0,MEDIUM
CVE-2021-29446,npm,CWE-203,5.9,2.2,16.0,0.0,0.0,0,0.0,0.0,MEDIUM
CVE-2021-29452,npm,CWE-269,8.1,2.8,17.0,0.0,0.0,0,0.0,0.0,HIGH
CVE-2021-21391,provides,CWE-400,6.5,2.8,3.0,196.0,196.0,0,0.0,0.0,MEDIUM
CVE-2021-29486,open,CWE-20,7.5,3.9,8.0,,,1,,,HIGH
CVE-2021-32696,npm,CWE-79,3.7,2.2,17.0,0.0,0.0,0,0.0,0.0,LOW
CVE-2021-32803,npm,CWE-22,8.2,1.8,18.0,0.0,0.0,0,0.0,0.0,HIGH
CVE-2021-32804,npm,CWE-22,8.2,1.8,19.0,0.0,0.0,0,0.0,0.0,HIGH
CVE-2021-32822,npm,CWE-538,4.0,2.2,21.0,0.0,0.0,1,0.0,0.0,MEDIUM
CVE-2021-32830,npm,CWE-78,3.9,0.8,22.0,0.0,0.0,1,0.0,0.0,LOW
CVE-2021-37701,npm,CWE-22,8.2,1.8,22.0,0.0,0.0,0,0.0,0.0,HIGH
CVE-2021-37712,npm,CWE-22,8.2,1.8,23.0,0.0,0.0,0,0.0,0.0,HIGH
CVE-2021-37713,npm,CWE-22,8.2,1.8,24.0,0.0,0.0,0,0.0,0.0,HIGH
CVE-2021-39134,the,CWE-61,8.2,1.8,44.0,0.0,0.0,0,0.0,0.0,HIGH
CVE-2021-39135,the,CWE-61,8.2,1.8,45.0,0.0,0.0,0,0.0,0.0,HIGH
CVE-2020-26300,systeminformation,CWE-77,5.9,1.4,1.0,,,0,,,MEDIUM
CVE-2021-43616,npm,CWE-345,9.0,2.2,25.0,0.0,0.0,1,0.0,0.0,CRITICAL
CVE-2021-39942,denial,CWE-400,4.3,2.8,1.0,1555.0,1555.0,0,1.0,2.33,MEDIUM
CVE-2022-0355,prior,CWE-212,8.8,2.8,3.0,229.0,229.0,1,2.0,0.0,HIGH
CVE-2022-0401,prior,CWE-22,9.8,3.9,4.0,223.0,223.0,1,2.0,0.0,CRITICAL
CVE-2022-0437,karma,CWE-79,6.1,2.8,1.0,,,1,,,MEDIUM
CVE-2022-0520,prior,CWE-416,7.8,1.8,5.0,216.0,216.0,1,2.0,0.0,HIGH
CVE-2022-0522,prior,CWE-786,7.1,1.8,6.0,216.0,216.0,1,2.0,0.0,HIGH
CVE-2022-0536,prior,CWE-212,2.6,1.2,7.0,215.0,215.0,0,2.0,0.0,LOW
CVE-2022-0512,prior,CWE-639,5.3,3.9,8.0,210.0,210.0,1,2.0,0.0,MEDIUM
CVE-2022-0613,urijs,CWE-639,6.5,3.9,1.0,,,1,,,MEDIUM
CVE-2022-0639,prior,CWE-639,5.3,3.9,9.0,207.0,207.0,1,2.0,0.0,MEDIUM
CVE-2022-0686,prior,CWE-639,9.1,3.9,10.0,204.0,204.0,1,2.0,0.0,CRITICAL
CVE-2022-0691,prior,CWE-639,9.8,3.9,11.0,203.0,203.0,1,2.0,0.0,CRITICAL
CVE-2021-23632,versions,CWE-78,6.6,0.7,63.0,711.0,711.0,1,1.0,0.0,MEDIUM
CVE-2022-29080,package,CWE-78,9.8,3.9,4.0,0.0,0.0,1,0.0,0.0,CRITICAL
CVE-2021-43306,exponential,CWE-1333,5.9,2.2,1.0,508.0,508.0,1,0.0,0.0,MEDIUM
CVE-2021-43307,exponential,CWE-1333,5.9,2.2,2.0,508.0,508.0,1,0.0,0.0,MEDIUM
CVE-2021-43308,exponential,CWE-1333,5.9,2.2,3.0,508.0,508.0,1,0.0,0.0,MEDIUM
CVE-2022-1929,exponential,CWE-1333,5.9,2.2,4.0,508.0,508.0,1,0.0,0.0,MEDIUM
CVE-2022-31051,open,CWE-200,4.4,0.7,25.0,,,0,,,MEDIUM
CVE-2022-29244,npm,CWE-200,7.5,3.9,11.0,0.0,0.0,0,0.0,0.0,HIGH
CVE-2022-31069,module,CWE-200,5.8,0.6,3.0,,,0,,,MEDIUM
CVE-2022-25852,versions,CWE-704,7.5,3.9,70.0,618.0,618.0,1,1.0,0.0,HIGH
CVE-2021-40663,npm,CWE-1321,9.8,3.9,11.0,0.0,0.0,1,0.0,0.0,CRITICAL
CVE-2020-28445,affects,CWE-77,9.8,3.9,5.0,,,1,,,CRITICAL
CVE-2021-43309,exponential,CWE-1333,5.9,2.2,6.0,425.0,425.0,1,0.0,0.0,MEDIUM
CVE-2022-37257,pollution,CWE-1321,9.8,3.9,1.0,,,0,,,CRITICAL
CVE-2022-37258,pollution,CWE-1321,9.8,3.9,2.0,,,1,,,CRITICAL
CVE-2022-40764,before,CWE-78,7.8,1.8,31.0,435.0,435.0,1,0.0,0.0,HIGH
CVE-2023-24057,before,CWE-22,8.1,2.2,29.0,320.0,320.0,1,0.0,0.0,HIGH
CVE-2023-30543,framework,CWE-362,5.2,0.9,5.0,,,0,,,MEDIUM
CVE-2023-1767,website,CWE-79,4.3,2.8,2.0,0.0,0.0,1,0.0,0.0,MEDIUM
CVE-2023-0508,issue,CWE-113,3.1,1.6,46.0,0.0,0.0,0,0.0,0.0,LOW
CVE-2023-36821,monitoring,CWE-20,8.8,2.8,1.0,0.0,0.0,1,0.0,0.0,HIGH
CVE-2023-37478,pnpm,CWE-284,7.5,1.6,1.0,0.0,0.0,0,6.0,0.0,HIGH
CVE-2023-40340,and,NVD-CWE-noinfo,7.5,3.9,43.0,,,0,,,HIGH
CVE-2023-41896,assistant,CWE-345,7.1,1.2,2.0,920.0,920.0,0,4.0,1.67,HIGH
CVE-2023-39619,allows,CWE-1333,7.5,3.9,7.0,0.0,0.0,1,0.0,0.0,HIGH
CVE-2023-49210,openssl,CWE-77,9.8,3.9,1.0,,,1,,,CRITICAL
CVE-2023-48711,npm,CWE-918,3.7,2.2,1.0,0.0,0.0,1,0.0,0.0,LOW
CVE-2023-46493,vulnerability,CWE-22,5.3,3.9,84.0,,,0,,,MEDIUM
CVE-2023-46494,vulnerability,CWE-79,6.1,2.8,85.0,,,0,,,MEDIUM
CVE-2023-46495,vulnerability,CWE-79,6.1,2.8,86.0,,,0,,,MEDIUM
CVE-2023-46496,vulnerability,CWE-22,8.3,2.8,87.0,,,0,,,HIGH
CVE-2023-46497,vulnerability,CWE-22,5.4,2.8,88.0,,,0,,,MEDIUM
CVE-2023-46498,issue,NVD-CWE-noinfo,9.8,3.9,48.0,0.0,0.0,0,0.0,0.0,CRITICAL
CVE-2023-46499,vulnerability,CWE-79,6.1,2.8,89.0,,,0,,,MEDIUM
CVE-2023-49803,npm,CWE-346,8.6,3.9,2.0,0.0,0.0,0,0.0,0.0,HIGH
CVE-2023-39655,host,CWE-74,9.6,2.8,1.0,,,0,,,CRITICAL
CVE-2023-46942,authentication,CWE-287,7.5,3.9,1.0,0.0,0.0,0,0.0,0.0,HIGH
CVE-2023-46943,issue,CWE-798,9.1,3.9,48.0,0.0,0.0,0,0.0,0.0,CRITICAL
CVE-2024-23841,the,CWE-80,8.2,3.9,39.0,0.0,0.0,0,0.0,0.0,HIGH
CVE-2024-24558,supplies,CWE-79,8.2,3.9,1.0,138.0,138.0,0,0.0,0.0,HIGH
CVE-2024-4067,package,CWE-1333,5.3,3.9,6.0,0.0,0.0,1,0.0,0.0,MEDIUM
CVE-2024-37150,issue,CWE-200,7.6,2.8,57.0,0.0,0.0,0,0.0,0.0,HIGH
CVE-2024-6595,issue,CWE-451,3.0,1.3,54.0,0.0,0.0,1,0.0,0.0,LOW
CVE-2024-53866,package,CWE-426,9.8,3.9,22.0,0.0,0.0,1,0.0,0.0,CRITICAL
CVE-2024-57177,host,CWE-1336,7.3,3.9,1.0,,,0,,,HIGH
CVE-2025-25285,turns,CWE-1333,5.3,3.9,2.0,454.0,454.0,0,0.0,0.17,MEDIUM
CVE-2025-25288,the,CWE-1333,5.3,3.9,61.0,0.0,0.0,0,0.0,0.0,MEDIUM
CVE-2025-4759,the,CWE-179,8.3,3.9,47.0,0.0,0.0,1,0.0,0.0,HIGH
CVE-2025-48068,framework,CWE-1385,4.3,2.8,10.0,,,0,,,MEDIUM
CVE-2025-52879,before,CWE-79,4.8,1.7,21.0,0.0,0.0,0,0.0,0.0,MEDIUM
CVE-2025-54594,library,CWE-94,9.1,3.9,10.0,341.0,341.0,0,7.0,5.83,CRITICAL
CVE-2025-58374,autonomous,CWE-78,7.8,1.8,1.0,0.0,0.0,0,0.0,0.0,HIGH
CVE-2025-59046,npm,CWE-77,9.8,3.9,1.0,0.0,0.0,0,0.0,0.0,CRITICAL
CVE-2025-59436,package,CWE-918,3.2,1.4,21.0,0.0,0.0,0,0.0,0.0,LOW
CVE-2025-59437,package,CWE-918,3.2,1.4,22.0,0.0,0.0,0,0.0,0.0,LOW
CVE-2025-59333,and,CWE-284,8.1,2.8,42.0,,,1,,,HIGH
CVE-2025-56648,npm,CWE-346,6.5,2.8,2.0,0.0,0.0,1,0.0,0.0,MEDIUM
CVE-2025-59717,the,CWE-843,5.4,2.2,53.0,0.0,0.0,1,0.0,0.0,MEDIUM
CVE-2025-10894,code,CWE-506,9.6,2.8,7.0,,,0,,,CRITICAL
CVE-2025-65025,nobuild,CWE-22,8.2,3.9,1.0,0.0,0.0,1,0.0,0.0,HIGH
CVE-2025-68619,server,CWE-94,7.2,1.2,2.0,,,1,,,HIGH
CVE-2026-22037,plugin,CWE-177,8.4,1.8,28.0,,,0,,,HIGH
CVE-2026-23950,for,CWE-176,8.8,2.8,44.0,,,1,,,HIGH
CVE-2026-0775,npm,CWE-732,7.0,1.0,4.0,0.0,0.0,0,0.0,0.0,HIGH
CVE-2026-23890,pnpm,CWE-23,6.5,2.8,1.0,0.0,0.0,1,6.0,0.0,MEDIUM
CVE-2026-24131,pnpm,CWE-22,5.5,1.8,2.0,0.0,0.0,1,6.0,0.0,MEDIUM
CVE-2026-25047,provides,CWE-1321,8.8,2.0,14.0,0.0,0.0,1,0.0,0.0,HIGH
CVE-2026-26021,provides,CWE-1321,9.8,3.9,15.0,0.0,0.0,1,0.0,0.0,CRITICAL
CVE-2026-2391,option,CWE-20,3.7,2.2,1.0,0.0,0.0,1,2.0,0.0,LOW
CVE-2025-56647,npm,CWE-1385,6.5,2.8,5.0,0.0,0.0,0,0.0,0.0,MEDIUM
CVE-2025-68467,accessibility,CWE-200,3.4,1.6,1.0,0.0,0.0,0,0.0,0.0,LOW
CVE-2026-33290,provides,CWE-862,4.3,2.8,18.0,0.0,0.0,0,0.0,0.0,MEDIUM
CVE-2026-26832,npm,CWE-78,9.8,3.9,6.0,0.0,0.0,0,0.0,0.0,CRITICAL
CVE-2026-34841,open,CWE-494,9.8,3.9,71.0,,,0,,,CRITICAL
CVE-2026-35641,before,CWE-349,7.8,1.8,31.0,0.0,0.0,1,0.0,0.0,HIGH
CVE-2026-42994,from,CWE-78,9.8,3.9,2.0,,,0,,,CRITICAL
CVE-2025-63705,package,CWE-78,8.8,2.8,13.0,0.0,0.0,0,0.0,0.0,HIGH
CVE-2025-63706,package,CWE-94,9.8,3.9,14.0,0.0,0.0,0,0.0,0.0,CRITICAL
CVE-2025-63703,npm,CWE-1321,9.8,3.9,7.0,0.0,0.0,0,0.0,0.0,CRITICAL
CVE-2025-63704,package,CWE-1321,9.8,3.9,15.0,0.0,0.0,0,0.0,0.0,CRITICAL
CVE-2025-65122,npm,CWE-400,7.5,3.9,8.0,0.0,0.0,0,0.0,0.0,HIGH
CVE-2026-45321,between,CWE-506,9.6,2.8,1.0,0.0,0.0,1,0.0,0.0,CRITICAL
CVE-2026-44594,content,CWE-22,7.5,3.9,7.0,0.0,0.0,0,0.0,0.0,HIGH
CVE-2026-44705,tmp,CWE-22,8.2,3.9,1.0,0.0,0.0,1,0.0,0.0,HIGH
CVE-2026-53846,before,CWE-426,7.1,1.8,81.0,0.0,0.0,0,0.0,0.0,HIGH
CVE-2026-54328,minimal,CWE-379,7.3,1.3,2.0,0.0,0.0,0,0.0,0.0,HIGH
CVE-2026-50017,pnpm,CWE-200,6.5,2.8,3.0,0.0,0.0,1,6.0,0.0,MEDIUM
CVE-2026-50021,pnpm,CWE-354,6.8,1.6,4.0,0.0,0.0,1,6.0,0.0,MEDIUM
CVE-2026-15697,vulnerability,CWE-94,6.3,2.8,157.0,,,0,,,MEDIUM
CVE-2026-15895,command,CWE-78,7.8,1.8,3.0,0.0,0.0,0,0.0,0.0,HIGH
CVE-2026-62241,clawvet,CWE-306,9.1,3.9,1.0,,,0,,,CRITICAL
CVE-2026-46412,authentication,CWE-506,10.0,3.9,5.0,0.0,0.0,0,0.0,0.0,CRITICAL
CVE-2008-7261,component,CWE-255,2.1,3.9,1.0,1048.0,1048.0,0,0.0,0.0,LOW
CVE-2012-5616,and,CWE-255,1.5,2.7,5.0,,,0,,,LOW
CVE-2014-0722,web,CWE-287,5.0,10.0,2.0,,,0,,,MEDIUM
CVE-2017-5645,before,CWE-502,9.8,3.9,30.0,2430.0,2430.0,0,0.0,0.0,CRITICAL
CVE-2019-17571,class,CWE-502,9.8,3.9,2.0,0.0,0.0,0,0.0,0.0,CRITICAL
CVE-2020-9488,validation,CWE-295,3.7,2.2,2.0,835.0,835.0,0,0.0,0.0,LOW
CVE-2021-44228,through,CWE-20,10.0,3.9,35.0,,,1,,,CRITICAL
CVE-2021-4104,vulnerable,CWE-502,7.5,1.6,37.0,,,0,,,HIGH
CVE-2021-45046,was,CWE-917,9.0,2.2,6.0,0.0,0.0,0,0.0,0.0,CRITICAL
CVE-2021-45105,versions,CWE-20,5.9,2.2,58.0,800.0,800.0,0,1.0,0.0,MEDIUM
CVE-2022-23302,all,CWE-502,8.8,2.8,2.0,,,0,,,HIGH
CVE-2022-23305,design,CWE-89,9.8,3.9,1.0,0.0,0.0,0,0.0,0.0,CRITICAL
CVE-2022-23307,identified,CWE-502,8.8,2.8,1.0,,,0,,,HIGH
CVE-2022-21704,port,CWE-276,5.5,1.8,1.0,,,0,,,MEDIUM
CVE-2022-23848,before,NVD-CWE-noinfo,9.8,3.9,28.0,660.0,660.0,0,0.0,0.0,CRITICAL
CVE-2021-3100,hotpatch,CWE-250,8.8,2.0,1.0,0.0,0.0,1,0.0,0.0,HIGH
CVE-2022-29615,version,CWE-502,3.4,0.8,16.0,0.0,0.0,0,0.0,0.0,LOW
CVE-2021-4125,was,CWE-20,8.1,2.2,6.0,0.0,0.0,0,0.0,0.0,HIGH
CVE-2023-26464,using,CWE-502,7.5,3.9,5.0,,,0,,,HIGH
CVE-2024-23049,issue,CWE-77,9.8,3.9,48.0,0.0,0.0,1,0.0,0.0,CRITICAL
CVE-2023-50780,allows,CWE-285,8.8,2.8,10.0,0.0,0.0,0,0.0,0.0,HIGH
CVE-2026-34478,versions,CWE-117,7.5,3.9,462.0,0.0,0.0,0,1.0,0.0,HIGH
CVE-2026-34479,from,CWE-116,7.5,3.9,2.0,,,1,,,HIGH
CVE-2026-34480,versions,CWE-116,7.5,3.9,463.0,0.0,0.0,0,1.0,0.0,HIGH
CVE-2026-34481,versions,CWE-116,7.5,3.9,464.0,0.0,0.0,0,1.0,0.0,HIGH
CVE-2026-49844,encoding,CWE-116,5.9,2.2,1.0,,,0,,,MEDIUM
CVE-2001-1438,and,NVD-CWE-Other,5.0,10.0,8.0,,,1,,,MEDIUM
CVE-2004-0278,game,NVD-CWE-Other,5.0,10.0,1.0,5768.0,5768.0,1,0.0,0.0,MEDIUM
CVE-2009-2898,scripting,CWE-79,3.5,6.8,29.0,,,1,,,LOW
CVE-2009-2907,scripting,CWE-79,4.3,8.6,23.0,,,1,,,MEDIUM
CVE-2010-1226,client,CWE-20,5.0,10.0,2.0,,,1,,,MEDIUM
CVE-2010-1454,and,CWE-287,6.8,8.6,28.0,,,0,,,MEDIUM
CVE-2010-1622,before,CWE-94,6.0,6.8,13.0,4922.0,4922.0,1,0.0,0.0,MEDIUM
CVE-2010-3700,before,CWE-264,5.0,10.0,17.0,4792.0,4792.0,0,0.0,0.0,MEDIUM
CVE-2011-0527,before,CWE-287,5.0,10.0,21.0,4502.0,4502.0,0,0.0,0.0,MEDIUM
CVE-2012-1833,before,CWE-264,5.0,10.0,17.0,4092.0,4092.0,1,0.0,0.0,MEDIUM
CVE-2009-2899,monitor,CWE-200,2.1,3.9,1.0,,,0,,,LOW
CVE-2011-2730,before,CWE-16,7.5,10.0,25.0,4024.0,4024.0,0,0.0,0.0,HIGH
CVE-2011-2731,condition,CWE-362,5.1,4.9,2.0,3038.0,3038.0,0,0.0,0.0,MEDIUM
CVE-2011-2732,injection,CWE-94,4.3,8.6,1.0,,,0,,,MEDIUM
CVE-2012-5055,before,CWE-200,5.0,10.0,26.0,4024.0,4024.0,0,0.0,0.0,MEDIUM
CVE-2013-5153,before,CWE-264,2.1,3.9,33.0,3736.0,3736.0,0,0.0,0.0,LOW
CVE-2013-5979,traversal,CWE-22,5.0,10.0,2.0,,,1,,,MEDIUM
CVE-2013-4152,wrapper,CWE-264,6.8,8.6,1.0,1188.0,1188.0,1,0.0,0.0,MEDIUM
CVE-2013-7315,before,CWE-264,6.8,8.6,16.0,3610.0,3610.0,1,0.0,0.0,MEDIUM
CVE-2013-6429,before,CWE-352,6.8,8.6,17.0,3607.0,3607.0,0,0.0,0.0,MEDIUM
CVE-2014-1285,before,CWE-264,5.8,8.6,18.0,3560.0,3560.0,0,0.0,0.0,MEDIUM
CVE-2014-1286,before,NVD-CWE-Other,5.0,10.0,19.0,3560.0,3560.0,0,0.0,0.0,MEDIUM
CVE-2014-1904,scripting,CWE-79,4.3,8.6,13.0,,,0,,,MEDIUM
CVE-2014-0054,before,CWE-352,6.8,8.6,21.0,3526.0,3526.0,0,0.0,0.0,MEDIUM
CVE-2014-5859,application,CWE-310,5.4,5.5,5.0,1623.0,1623.0,0,0.0,0.0,MEDIUM
CVE-2014-3625,traversal,CWE-22,5.0,10.0,2.0,,,0,,,MEDIUM
CVE-2014-7291,scripting,CWE-79,4.3,8.6,6.0,,,0,,,MEDIUM
CVE-2014-4494,before,CWE-20,6.8,8.6,40.0,3238.0,3238.0,0,0.0,0.0,MEDIUM
CVE-2014-3578,traversal,CWE-22,5.0,10.0,3.0,,,0,,,MEDIUM
CVE-2015-1064,before,CWE-200,1.9,3.4,40.0,3197.0,3197.0,0,0.0,0.0,LOW
CVE-2015-5838,before,CWE-284,4.3,8.6,38.0,3007.0,3007.0,0,0.0,0.0,MEDIUM
CVE-2015-5861,before,CWE-284,2.1,3.9,39.0,3007.0,3007.0,0,0.0,0.0,LOW
CVE-2015-3192,before,CWE-119,5.5,1.8,49.0,2709.0,2709.0,0,0.0,0.0,MEDIUM
CVE-2016-6652,injection,CWE-89,5.6,2.2,2.0,,,0,,,MEDIUM
CVE-2016-9878,issue,CWE-22,7.5,3.9,5.0,1875.0,1875.0,0,0.0,0.0,HIGH
CVE-2016-9879,issue,CWE-417,7.5,3.9,6.0,1867.0,1867.0,0,0.0,0.0,HIGH
CVE-2016-2173,before,CWE-20,9.8,3.9,31.0,2426.0,2426.0,0,0.0,0.0,CRITICAL
CVE-2017-7661,ships,CWE-352,8.8,2.8,1.0,2653.0,2653.0,0,2.0,0.0,HIGH
CVE-2014-0097,and,CWE-287,7.3,3.9,42.0,,,0,,,HIGH
CVE-2014-0225,processing,CWE-611,8.8,2.8,1.0,0.0,0.0,0,2.0,0.0,HIGH
CVE-2014-3527,using,CWE-287,9.8,3.9,1.0,,,0,,,CRITICAL
CVE-2015-5211,some,CWE-552,9.6,2.8,1.0,1049.0,1049.0,1,0.0,0.0,CRITICAL
CVE-2016-4977,processing,CWE-19,8.8,2.8,2.0,0.0,0.0,0,2.0,0.0,HIGH
CVE-2016-5007,and,CWE-264,7.5,3.9,43.0,,,0,,,HIGH
CVE-2017-4971,issue,CWE-1188,5.9,2.2,16.0,1709.0,1709.0,0,0.0,0.0,MEDIUM
CVE-2017-9787,using,NVD-CWE-noinfo,7.5,3.9,2.0,,,0,,,HIGH
CVE-2017-12881,request,CWE-352,8.8,2.8,1.0,,,0,,,HIGH
CVE-2015-5258,request,CWE-352,8.8,2.8,2.0,,,0,,,HIGH
CVE-2017-4995,issue,CWE-502,8.1,2.2,22.0,1542.0,1542.0,0,0.0,0.0,HIGH
CVE-2017-8028,versions,CWE-287,8.1,2.2,12.0,2282.0,2282.0,0,1.0,0.0,HIGH
CVE-2017-8039,issue,CWE-1188,5.9,2.2,23.0,1542.0,1542.0,0,0.0,0.0,MEDIUM
CVE-2017-8045,versions,CWE-502,9.8,3.9,13.0,2282.0,2282.0,0,1.0,0.0,CRITICAL
CVE-2017-12631,ships,CWE-352,8.8,2.8,2.0,2455.0,2455.0,0,2.0,0.0,HIGH
CVE-2017-17485,through,CWE-502,9.8,3.9,18.0,,,0,,,CRITICAL
CVE-2018-1199,before,CWE-20,5.3,3.9,31.0,2097.0,2097.0,0,0.0,0.0,MEDIUM
CVE-2018-1196,supports,CWE-59,5.9,2.2,1.0,,,0,,,MEDIUM
CVE-2018-1229,all,CWE-79,6.1,2.8,2.0,,,0,,,MEDIUM
CVE-2018-1230,all,CWE-352,8.8,2.8,3.0,,,0,,,HIGH
CVE-2018-1270,versions,CWE-94,9.8,3.9,21.0,2151.0,2151.0,0,1.0,0.0,CRITICAL
CVE-2018-1271,versions,CWE-22,5.9,2.2,22.0,2151.0,2151.0,0,1.0,0.0,MEDIUM
CVE-2018-1272,versions,NVD-CWE-noinfo,7.5,1.6,23.0,2151.0,2151.0,0,1.0,0.0,HIGH
CVE-2018-1273,versions,CWE-94,9.8,3.9,24.0,2146.0,2146.0,0,1.0,0.0,CRITICAL
CVE-2018-1275,versions,CWE-94,9.8,3.9,25.0,2146.0,2146.0,0,1.0,0.0,CRITICAL
CVE-2018-5430,web,CWE-22,8.8,2.8,3.0,,,1,,,HIGH
CVE-2018-1274,versions,CWE-770,7.5,3.9,22.0,2139.0,2139.0,0,1.0,0.0,HIGH
CVE-2018-1256,version,NVD-CWE-noinfo,8.1,2.2,28.0,0.0,0.0,0,0.0,0.0,HIGH
CVE-2018-1257,versions,NVD-CWE-noinfo,6.5,2.8,24.0,2116.0,2116.0,0,1.0,0.0,MEDIUM
CVE-2018-1258,version,CWE-863,8.8,2.8,29.0,0.0,0.0,0,0.0,0.0,HIGH
CVE-2018-1259,versions,CWE-611,7.5,3.9,25.0,2116.0,2116.0,0,1.0,0.0,HIGH
CVE-2018-1260,versions,CWE-94,9.8,3.9,26.0,2116.0,2116.0,0,1.0,0.0,CRITICAL
CVE-2018-1261,versions,CWE-22,4.7,1.0,27.0,2116.0,2116.0,0,1.0,0.0,MEDIUM
CVE-2018-1263,partial,CWE-22,4.7,1.0,1.0,0.0,0.0,0,0.0,0.0,MEDIUM
CVE-2018-11315,and,CWE-20,6.5,2.8,141.0,,,1,,,MEDIUM
CVE-2018-11039,prior,NVD-CWE-noinfo,5.9,2.2,3.0,1540.0,1540.0,0,2.0,0.0,MEDIUM
CVE-2018-11040,versions,CWE-829,7.5,3.9,34.0,2071.0,2071.0,0,1.0,0.0,HIGH
CVE-2018-11087,versions,CWE-295,5.9,2.2,37.0,1990.0,1990.0,0,1.0,0.0,MEDIUM
CVE-2018-11240,issue,CWE-732,9.8,3.9,34.0,1244.0,1244.0,0,0.0,0.0,CRITICAL
CVE-2018-11241,issue,NVD-CWE-noinfo,9.8,3.9,35.0,1244.0,1244.0,0,0.0,0.0,CRITICAL
CVE-2018-17369,issue,CWE-79,4.8,1.7,37.0,1242.0,1242.0,1,0.0,0.0,MEDIUM
CVE-2018-15756,version,NVD-CWE-noinfo,7.5,3.9,35.0,0.0,0.0,0,0.0,0.0,HIGH
CVE-2018-15758,versions,NVD-CWE-noinfo,9.6,3.1,40.0,1956.0,1956.0,0,1.0,0.0,CRITICAL
CVE-2018-15801,versions,CWE-345,7.4,2.2,43.0,1894.0,1894.0,0,1.0,0.0,HIGH
CVE-2019-3772,and,CWE-611,9.8,3.9,102.0,,,0,,,CRITICAL
CVE-2019-3773,versions,CWE-611,9.8,3.9,45.0,1864.0,1864.0,0,1.0,0.0,CRITICAL
CVE-2019-3774,versions,CWE-611,9.8,3.9,46.0,1864.0,1864.0,0,1.0,0.0,CRITICAL
CVE-2019-3778,versions,CWE-601,6.5,3.9,45.0,1816.0,1816.0,0,1.0,0.0,MEDIUM
CVE-2019-10907,uses,CWE-326,9.8,3.9,1.0,,,0,,,CRITICAL
CVE-2019-3795,versions,CWE-330,5.3,3.9,41.0,1783.0,1783.0,0,1.0,0.0,MEDIUM
CVE-2019-3797,affects,CWE-89,3.5,2.1,1.0,,,0,,,LOW
CVE-2019-3799,versions,CWE-22,6.5,2.8,41.0,1756.0,1756.0,0,1.0,0.0,MEDIUM
CVE-2019-3802,affects,CWE-155,5.3,3.9,2.0,,,0,,,MEDIUM
CVE-2019-11269,versions,CWE-601,5.4,2.8,38.0,1719.0,1719.0,0,1.0,0.0,MEDIUM
CVE-2019-11272,versions,CWE-287,7.3,3.9,34.0,1705.0,1705.0,0,1.0,0.0,HIGH
CVE-2019-9186,several,CWE-668,9.8,3.9,1.0,,,0,,,CRITICAL
CVE-2019-11276,included,CWE-319,5.4,2.8,1.0,,,0,,,MEDIUM
CVE-2019-10158,flaw,CWE-384,9.8,3.9,4.0,,,0,,,CRITICAL
CVE-2020-5398,versions,CWE-79,7.5,1.6,28.0,1501.0,1501.0,0,1.0,0.0,HIGH
CVE-2020-5397,versions,CWE-352,5.3,3.9,29.0,1500.0,1500.0,1,1.0,0.0,MEDIUM
CVE-2020-5405,versions,CWE-23,6.5,2.8,30.0,1452.0,1452.0,0,1.0,0.0,MEDIUM
CVE-2020-1957,before,NVD-CWE-noinfo,9.8,3.9,39.0,1357.0,1357.0,0,0.0,0.0,CRITICAL
CVE-2020-11619,before,CWE-502,8.1,2.2,41.0,1344.0,1344.0,0,0.0,0.0,HIGH
CVE-2020-5407,versions,CWE-347,8.8,2.8,31.0,1383.0,1383.0,0,1.0,0.0,HIGH
CVE-2020-5408,versions,CWE-329,6.5,2.8,32.0,1382.0,1382.0,0,1.0,0.0,MEDIUM
CVE-2020-5410,versions,CWE-23,7.5,3.9,34.0,1363.0,1363.0,0,1.0,0.0,HIGH
CVE-2020-5411,configured,CWE-502,8.1,2.2,1.0,,,0,,,HIGH
CVE-2020-11989,before,NVD-CWE-noinfo,9.8,3.9,47.0,1268.0,1268.0,0,0.0,0.0,CRITICAL
CVE-2020-16165,implementation,CWE-89,9.8,3.9,7.0,,,1,,,CRITICAL
CVE-2020-5412,versions,CWE-441,6.5,2.8,42.0,1297.0,1297.0,0,1.0,0.0,MEDIUM
CVE-2020-5421,versions,NVD-CWE-noinfo,6.5,1.3,41.0,1255.0,1255.0,0,1.0,0.0,MEDIUM
CVE-2020-17510,before,CWE-287,9.8,3.9,52.0,1132.0,1132.0,0,0.0,0.0,CRITICAL
CVE-2020-5427,versions,CWE-89,7.2,1.2,53.0,1124.0,1124.0,0,1.0,0.0,HIGH
CVE-2020-5428,applications,CWE-89,6.0,1.2,1.0,,,0,,,MEDIUM
CVE-2020-17523,before,CWE-287,9.8,3.9,46.0,1042.0,1042.0,0,0.0,0.0,CRITICAL
CVE-2021-22113,using,CWE-863,5.3,3.9,1.0,,,0,,,MEDIUM
CVE-2021-22112,prior,NVD-CWE-noinfo,8.8,2.8,2.0,566.0,566.0,0,2.0,0.0,HIGH
CVE-2021-22114,partial,CWE-22,5.3,3.9,1.0,0.0,0.0,0,0.0,0.0,MEDIUM
CVE-2021-26987,for,NVD-CWE-noinfo,9.8,3.9,12.0,,,0,,,CRITICAL
CVE-2021-31408,helper,CWE-613,6.3,1.0,1.0,0.0,0.0,0,0.0,0.0,MEDIUM
CVE-2021-22118,versions,CWE-269,7.8,1.8,55.0,1004.0,1004.0,0,1.0,0.0,HIGH
CVE-2021-22119,versions,CWE-400,7.5,3.9,50.0,971.0,971.0,0,1.0,0.0,HIGH
CVE-2021-37694,generates,CWE-94,8.7,2.3,1.0,0.0,0.0,1,0.0,0.0,HIGH
CVE-2020-19704,stored,CWE-79,5.4,2.3,14.0,,,1,,,MEDIUM
CVE-2021-41303,before,CWE-287,9.8,3.9,50.0,816.0,816.0,0,0.0,0.0,CRITICAL
CVE-2020-12083,elevated,NVD-CWE-noinfo,9.9,3.1,1.0,,,0,,,CRITICAL
CVE-2021-22044,and,CWE-200,7.5,3.9,43.0,,,0,,,HIGH
CVE-2021-22047,versions,CWE-200,5.3,3.9,53.0,850.0,850.0,0,1.0,0.0,MEDIUM
CVE-2021-22096,versions,CWE-117,4.3,2.8,54.0,850.0,850.0,0,1.0,0.0,MEDIUM
CVE-2021-22051,using,CWE-863,6.5,2.8,2.0,,,0,,,MEDIUM
CVE-2021-22053,using,CWE-94,8.8,2.8,3.0,,,0,,,HIGH
CVE-2021-22095,versions,CWE-502,6.5,2.8,63.0,817.0,817.0,0,1.0,0.0,MEDIUM
CVE-2021-23258,users,CWE-913,4.2,0.5,1.0,0.0,0.0,0,0.0,0.0,MEDIUM
CVE-2021-39052,and,NVD-CWE-noinfo,9.8,3.9,50.0,,,0,,,CRITICAL
CVE-2021-22060,versions,NVD-CWE-noinfo,4.3,2.8,61.0,776.0,776.0,0,1.0,0.0,MEDIUM
CVE-2022-22947,spring,CWE-94,10.0,3.9,1.0,0.0,0.0,1,4.0,0.0,CRITICAL
CVE-2022-22946,spring,CWE-295,5.5,1.8,2.0,0.0,0.0,0,4.0,0.0,MEDIUM
CVE-2022-27772,versions,CWE-668,7.8,1.8,65.0,697.0,697.0,1,1.0,0.0,HIGH
CVE-2022-22950,versions,CWE-770,6.5,2.8,66.0,695.0,695.0,0,1.0,0.0,MEDIUM
CVE-2022-22963,versions,CWE-94,9.8,3.9,67.0,695.0,695.0,1,1.0,0.0,CRITICAL
CVE-2022-22965,application,CWE-94,9.8,3.9,3.0,0.0,0.0,1,0.0,0.0,CRITICAL
CVE-2022-24815,development,CWE-89,8.1,2.2,1.0,,,1,,,HIGH
CVE-2022-22968,versions,CWE-178,5.3,3.9,66.0,682.0,682.0,0,1.0,0.0,MEDIUM
CVE-2022-22969,versions,NVD-CWE-noinfo,6.5,2.8,67.0,675.0,675.0,0,1.0,0.0,MEDIUM
CVE-2022-28588,when,CWE-79,5.4,2.3,1.0,1262.0,1262.0,1,0.0,0.17,MEDIUM
CVE-2022-29001,the,CWE-434,7.2,1.2,52.0,0.0,0.0,1,0.0,0.0,HIGH
CVE-2022-27360,and,CWE-89,9.8,3.9,55.0,,,1,,,CRITICAL
CVE-2022-22971,spring,CWE-770,6.5,2.8,4.0,0.0,0.0,0,4.0,0.0,MEDIUM
CVE-2022-22976,versions,CWE-190,5.3,3.9,69.0,647.0,647.0,0,1.0,0.0,MEDIUM
CVE-2022-22978,spring,CWE-863,9.8,3.9,5.0,0.0,0.0,0,4.0,0.0,CRITICAL
CVE-2022-22979,versions,CWE-770,7.5,3.9,73.0,614.0,614.0,0,1.0,0.0,HIGH
CVE-2022-22980,application,CWE-917,9.8,3.9,5.0,0.0,0.0,0,0.0,0.0,CRITICAL
CVE-2022-32430,access,NVD-CWE-Other,7.5,3.9,1.0,1240.0,1240.0,1,1.0,0.5,HIGH
CVE-2022-31679,that,NVD-CWE-noinfo,3.7,2.2,1.0,0.0,0.0,0,0.0,0.0,LOW
CVE-2022-23464,solution,CWE-918,4.3,2.8,2.0,0.0,0.0,1,5.0,0.0,MEDIUM
CVE-2022-23726,versions,CWE-200,5.4,1.0,79.0,513.0,513.0,0,1.0,0.0,MEDIUM
CVE-2022-31690,versions,NVD-CWE-noinfo,8.1,2.2,79.0,482.0,482.0,0,1.0,0.0,HIGH
CVE-2022-31692,versions,NVD-CWE-noinfo,9.8,3.9,80.0,482.0,482.0,0,1.0,0.0,CRITICAL
CVE-2022-31691,for,NVD-CWE-noinfo,9.8,3.9,42.0,,,0,,,CRITICAL
CVE-2022-41923,plugin,CWE-269,9.1,3.9,22.0,,,0,,,CRITICAL
CVE-2022-4282,vulnerability,CWE-707,4.7,1.2,69.0,,,1,,,MEDIUM
CVE-2022-46166,boot,CWE-94,8.0,1.3,1.0,0.0,0.0,0,0.0,0.0,HIGH
CVE-2022-46687,and,CWE-79,5.4,2.3,55.0,,,0,,,MEDIUM
CVE-2023-22602,using,CWE-436,7.5,3.9,4.0,,,0,,,HIGH
CVE-2023-20859,versions,CWE-532,5.5,1.8,64.0,339.0,339.0,0,1.0,0.0,MEDIUM
CVE-2023-20861,versions,NVD-CWE-noinfo,6.5,2.8,65.0,339.0,339.0,0,1.0,0.0,MEDIUM
CVE-2023-20860,running,NVD-CWE-noinfo,7.5,3.9,1.0,1052.0,1052.0,0,0.0,0.5,HIGH
CVE-2022-43769,prior,CWE-74,8.8,2.8,5.0,0.0,0.0,1,2.0,0.0,HIGH
CVE-2023-20863,spring,CWE-400,6.5,2.8,4.0,0.0,0.0,0,4.0,0.0,MEDIUM
CVE-2023-20866,version,CWE-200,6.5,2.8,42.0,0.0,0.0,0,0.0,0.0,MEDIUM
CVE-2023-20862,versions,CWE-459,6.3,2.8,63.0,312.0,312.0,0,1.0,0.0,MEDIUM
CVE-2023-20873,versions,NVD-CWE-noinfo,9.8,3.9,63.0,311.0,311.0,0,1.0,0.0,CRITICAL
CVE-2023-29986,allows,CWE-22,5.3,3.9,10.0,0.0,0.0,0,0.0,0.0,MEDIUM
CVE-2023-20883,versions,CWE-400,7.5,3.9,60.0,275.0,275.0,0,1.0,0.0,HIGH
CVE-2022-42009,injection,CWE-917,8.0,2.1,5.0,,,0,,,HIGH
CVE-2022-45855,injection,CWE-917,8.0,2.1,6.0,,,0,,,HIGH
CVE-2023-38286,through,CWE-77,7.5,1.6,20.0,,,1,,,HIGH
CVE-2023-34036,web,CWE-644,5.3,3.9,1.0,,,0,,,MEDIUM
CVE-2023-34035,versions,CWE-863,7.3,3.9,57.0,222.0,222.0,1,1.0,0.0,HIGH
CVE-2023-34034,pattern,NVD-CWE-noinfo,9.1,3.9,1.0,523.0,523.0,0,0.0,0.0,CRITICAL
CVE-2023-38493,microservice,CWE-863,7.5,3.9,1.0,0.0,0.0,0,1.0,0.0,HIGH
CVE-2023-39106,issue,CWE-502,8.8,2.8,41.0,0.0,0.0,1,0.0,0.0,HIGH
CVE-2023-34040,for,CWE-502,5.3,1.8,62.0,,,0,,,MEDIUM
CVE-2023-40787,when,CWE-89,9.8,3.9,1.0,779.0,779.0,0,0.0,0.17,CRITICAL
CVE-2023-40788,vulnerable,CWE-668,5.3,3.9,29.0,,,1,,,MEDIUM
CVE-2023-34047,batch,NVD-CWE-noinfo,3.1,1.6,1.0,,,0,,,LOW
CVE-2023-43192,injection,CWE-89,8.8,2.8,4.0,,,1,,,HIGH
CVE-2023-43191,foreground,CWE-79,5.4,2.3,1.0,0.0,0.0,1,0.0,0.0,MEDIUM
CVE-2023-45669,provides,CWE-287,4.8,2.2,4.0,0.0,0.0,0,0.0,0.0,MEDIUM
CVE-2023-34050,spring,CWE-502,5.0,0.7,2.0,0.0,0.0,0,4.0,0.0,MEDIUM
CVE-2023-43961,issue,CWE-863,8.8,2.8,47.0,0.0,0.0,1,0.0,0.0,HIGH
CVE-2023-34053,versions,NVD-CWE-noinfo,5.3,3.9,35.0,90.0,90.0,0,1.0,0.0,MEDIUM
CVE-2023-34055,versions,NVD-CWE-noinfo,5.3,3.9,36.0,90.0,90.0,0,1.0,0.0,MEDIUM
CVE-2023-51650,open,CWE-862,7.5,3.9,47.0,,,1,,,HIGH
CVE-2023-47458,issue,CWE-862,9.8,3.9,50.0,0.0,0.0,0,0.0,0.0,CRITICAL
CVE-2024-22233,versions,NVD-CWE-noinfo,7.5,3.9,243.0,34.0,34.0,0,1.0,0.0,HIGH
CVE-2024-22236,versions,CWE-732,3.3,1.8,244.0,26.0,26.0,0,1.0,0.0,LOW
CVE-2024-24059,vulnerable,CWE-79,5.4,2.3,31.0,,,1,,,MEDIUM
CVE-2024-24060,vulnerable,CWE-79,5.4,2.3,32.0,,,1,,,MEDIUM
CVE-2024-24061,vulnerable,CWE-79,5.4,2.3,33.0,,,1,,,MEDIUM
CVE-2024-24062,vulnerable,CWE-79,5.4,2.3,34.0,,,1,,,MEDIUM
CVE-2023-34042,file,CWE-732,4.1,0.5,3.0,0.0,0.0,0,0.0,0.0,MEDIUM
CVE-2024-22234,versions,CWE-284,7.4,2.2,245.0,6.0,6.0,0,1.0,0.0,HIGH
CVE-2024-22259,that,CWE-601,8.1,2.8,1.0,0.0,0.0,0,0.0,0.0,HIGH
CVE-2024-22257,versions,CWE-862,8.2,3.9,245.0,0.0,0.0,0,1.0,0.0,HIGH
CVE-2024-22258,versions,CWE-470,6.1,2.8,288.0,0.0,0.0,0,1.0,0.0,MEDIUM
CVE-2022-4963,vulnerability,CWE-89,5.5,2.1,103.0,,,0,,,MEDIUM
CVE-2024-33332,issue,CWE-89,7.5,3.9,50.0,0.0,0.0,1,0.0,0.0,HIGH
CVE-2024-29466,vulnerability,CWE-26,8.8,2.8,99.0,,,0,,,HIGH
CVE-2024-22263,and,CWE-434,8.8,2.8,47.0,,,0,,,HIGH
CVE-2024-6539,vulnerability,CWE-79,3.5,2.1,120.0,,,1,,,LOW
CVE-2024-22271,framework,CWE-20,8.2,3.9,8.0,,,0,,,HIGH
CVE-2024-6834,vulnerability,CWE-250,9.0,2.2,121.0,,,0,,,CRITICAL
CVE-2024-41600,vulnerability,NVD-CWE-noinfo,7.5,3.9,117.0,,,0,,,HIGH
CVE-2024-37084,versions,NVD-CWE-noinfo,9.8,3.9,433.0,0.0,0.0,0,1.0,0.0,CRITICAL
CVE-2024-38810,and,CWE-287,6.5,2.8,45.0,,,0,,,MEDIUM
CVE-2024-38808,versions,CWE-770,4.3,2.8,439.0,0.0,0.0,0,1.0,0.0,MEDIUM
CVE-2024-8023,vulnerability,CWE-89,6.3,2.8,120.0,,,1,,,MEDIUM
CVE-2024-38807,that,CWE-290,6.3,1.0,3.0,0.0,0.0,0,0.0,0.0,MEDIUM
CVE-2024-38816,serving,CWE-22,7.5,3.9,1.0,,,0,,,HIGH
CVE-2024-38821,applications,CWE-770,9.1,3.9,1.0,,,0,,,CRITICAL
CVE-2024-38828,controller,CWE-400,5.3,3.9,1.0,0.0,0.0,0,0.0,0.0,MEDIUM
CVE-2024-53730,vulnerability,CWE-352,7.1,2.8,115.0,,,0,,,HIGH
CVE-2024-38829,vulnerability,CWE-178,3.7,2.2,116.0,,,0,,,LOW
CVE-2024-38819,serving,CWE-22,7.5,3.9,2.0,,,0,,,HIGH
CVE-2024-13200,vulnerability,CWE-266,7.3,3.9,113.0,,,1,,,HIGH
CVE-2024-13201,vulnerability,CWE-284,4.7,1.2,114.0,,,1,,,MEDIUM
CVE-2024-13202,vulnerability,CWE-79,2.4,0.9,115.0,,,1,,,LOW
CVE-2025-2206,vulnerability,CWE-79,2.4,0.9,125.0,,,1,,,LOW
CVE-2025-2207,vulnerability,CWE-79,2.4,0.9,126.0,,,1,,,LOW
CVE-2025-2208,vulnerability,CWE-79,2.4,0.9,127.0,,,1,,,LOW
CVE-2025-2209,vulnerability,CWE-79,2.4,0.9,128.0,,,1,,,LOW
CVE-2025-2210,vulnerability,CWE-79,2.4,0.9,129.0,,,1,,,LOW
CVE-2025-2211,vulnerability,CWE-79,2.4,0.9,130.0,,,1,,,LOW
CVE-2025-2320,vulnerability,CWE-266,7.3,3.9,131.0,,,1,,,HIGH
CVE-2025-2321,vulnerability,CWE-840,6.3,2.8,132.0,,,1,,,MEDIUM
CVE-2025-2322,vulnerability,CWE-259,7.3,3.9,133.0,,,1,,,HIGH
CVE-2025-2323,vulnerability,CWE-840,4.3,2.8,134.0,,,1,,,MEDIUM
CVE-2025-26553,vulnerability,CWE-79,7.1,2.8,135.0,,,0,,,HIGH
CVE-2025-2334,vulnerability,CWE-266,5.4,2.8,136.0,,,1,,,MEDIUM
CVE-2025-22223,may,CWE-290,5.3,3.9,1.0,0.0,0.0,0,0.0,0.0,MEDIUM
CVE-2025-3393,vulnerability,CWE-79,3.5,2.1,152.0,,,0,,,LOW
CVE-2025-3413,vulnerability,CWE-20,6.3,2.8,153.0,,,0,,,MEDIUM
CVE-2025-22232,may,CWE-287,5.3,3.9,2.0,0.0,0.0,0,0.0,0.0,MEDIUM
CVE-2025-3849,vulnerability,CWE-620,4.3,2.8,153.0,,,1,,,MEDIUM
CVE-2025-3850,vulnerability,CWE-287,3.7,2.2,154.0,,,1,,,LOW
CVE-2025-32950,set,CWE-22,6.5,2.8,1.0,,,0,,,MEDIUM
CVE-2025-32952,set,CWE-770,6.5,2.8,3.0,,,0,,,MEDIUM
CVE-2025-46511,vulnerability,CWE-918,6.4,3.1,154.0,,,0,,,MEDIUM
CVE-2025-3957,vulnerability,CWE-74,6.3,2.8,154.0,,,1,,,MEDIUM
CVE-2025-22235,creates,CWE-20,7.3,3.9,1.0,,,0,,,HIGH
CVE-2025-4175,vulnerability,CWE-22,6.3,2.8,155.0,,,0,,,MEDIUM
CVE-2025-4328,vulnerability,CWE-601,3.5,2.1,149.0,,,0,,,LOW
CVE-2025-4511,vulnerability,CWE-22,6.3,2.8,152.0,,,0,,,MEDIUM
CVE-2025-22233,ensured,CWE-20,3.1,1.6,1.0,,,0,,,LOW
CVE-2025-41232,may,CWE-693,9.1,3.9,3.0,0.0,0.0,0,0.0,0.0,CRITICAL
CVE-2025-48927,service,CWE-1188,5.3,3.9,1.0,0.0,0.0,0,0.0,0.0,MEDIUM
CVE-2025-41235,forwards,CWE-444,8.6,3.9,1.0,,,0,,,HIGH
CVE-2025-43697,vulnerability,CWE-281,7.5,3.9,157.0,,,0,,,HIGH
CVE-2025-43698,vulnerability,CWE-281,9.1,3.9,158.0,,,0,,,CRITICAL
CVE-2025-43699,vulnerability,CWE-602,5.3,3.9,159.0,,,0,,,MEDIUM
CVE-2025-43700,vulnerability,CWE-281,7.5,3.9,160.0,,,0,,,HIGH
CVE-2025-41234,versions,CWE-113,6.5,1.3,501.0,0.0,0.0,0,1.0,0.0,MEDIUM
CVE-2025-6108,vulnerability,CWE-22,6.3,2.8,161.0,,,0,,,MEDIUM
CVE-2025-6509,vulnerability,CWE-79,3.5,2.1,165.0,,,0,,,LOW
CVE-2025-53602,through,CWE-1188,5.3,3.9,40.0,,,0,,,MEDIUM
CVE-2025-7487,vulnerability,CWE-284,6.3,2.8,170.0,,,0,,,MEDIUM
CVE-2025-7488,vulnerability,CWE-22,4.3,2.8,171.0,,,0,,,MEDIUM
CVE-2025-8525,vulnerability,CWE-200,5.3,3.9,171.0,,,1,,,MEDIUM
CVE-2025-8738,vulnerability,CWE-200,5.3,3.9,167.0,,,0,,,MEDIUM
CVE-2025-8752,vulnerability,CWE-74,7.3,3.9,168.0,,,1,,,HIGH
CVE-2025-41242,applications,CWE-22,5.9,2.2,2.0,,,0,,,MEDIUM
CVE-2024-53494,access,CWE-284,7.5,3.9,1.0,112.0,112.0,0,1.0,0.5,HIGH
CVE-2025-58059,platform,CWE-78,9.1,2.3,3.0,,,0,,,CRITICAL
CVE-2025-41248,annotation,CWE-289,7.5,3.9,1.0,,,0,,,HIGH
CVE-2025-41249,annotation,CWE-285,7.5,3.9,2.0,,,0,,,HIGH
CVE-2025-41243,may,CWE-94,10.0,3.9,4.0,0.0,0.0,0,0.0,0.0,CRITICAL
CVE-2025-41253,following,CWE-917,7.5,3.9,1.0,,,0,,,HIGH
CVE-2025-41254,over,CWE-352,4.3,2.8,1.0,,,0,,,MEDIUM
CVE-2025-15251,vulnerability,CWE-610,5.6,2.2,177.0,,,0,,,MEDIUM
CVE-2026-22718,extension,CWE-78,6.8,1.3,6.0,0.0,0.0,0,0.0,0.0,MEDIUM
CVE-2025-70983,access,CWE-284,9.9,3.1,2.0,0.0,0.0,0,1.0,0.5,CRITICAL
CVE-2025-70982,access,CWE-284,9.9,3.1,3.0,0.0,0.0,1,1.0,0.5,CRITICAL
CVE-2026-2817,insecure,CWE-378,4.4,1.8,1.0,,,0,,,MEDIUM
CVE-2026-2818,path,CWE-23,8.2,2.8,2.0,0.0,0.0,0,3.0,0.0,HIGH
CVE-2026-3788,security,CWE-918,6.3,2.8,3.0,0.0,0.0,1,0.0,0.0,MEDIUM
CVE-2026-3789,vulnerability,CWE-918,6.3,2.8,183.0,,,1,,,MEDIUM
CVE-2026-2742,authentication,CWE-284,5.3,3.9,1.0,0.0,0.0,0,0.0,0.0,MEDIUM
CVE-2026-22729,injection,CWE-917,8.6,3.9,4.0,,,0,,,HIGH
CVE-2026-22730,critical,CWE-89,8.8,2.8,5.0,,,0,,,HIGH
CVE-2026-22731,applications,CWE-288,8.2,3.9,2.0,,,0,,,HIGH
CVE-2026-22732,applications,CWE-425,9.1,3.9,3.0,,,1,,,CRITICAL
CVE-2026-22733,applications,CWE-288,8.2,3.9,4.0,,,0,,,HIGH
CVE-2026-22735,and,CWE-667,2.6,1.2,65.0,,,0,,,LOW
CVE-2026-22739,when,CWE-22,8.6,3.9,1.0,0.0,0.0,0,0.0,0.17,HIGH
CVE-2026-22738,injection,CWE-917,9.8,3.9,5.0,,,0,,,CRITICAL
CVE-2026-22742,contains,CWE-918,8.6,3.9,180.0,,,0,,,HIGH
CVE-2026-22743,contains,CWE-89,7.5,3.9,181.0,,,0,,,HIGH
CVE-2026-22744,when,NVD-CWE-noinfo,7.5,3.9,2.0,0.0,0.0,0,0.0,0.17,HIGH
CVE-2026-34197,vulnerability,CWE-20,8.8,2.8,162.0,,,0,,,HIGH
CVE-2026-22751,that,CWE-367,4.8,2.2,2.0,0.0,0.0,0,0.0,0.0,MEDIUM
CVE-2026-22746,application,CWE-208,3.7,2.2,27.0,0.0,0.0,0,0.0,0.0,LOW
CVE-2026-22747,does,CWE-297,6.8,1.6,3.0,,,0,,,MEDIUM
CVE-2026-22748,application,CWE-20,5.3,1.6,28.0,0.0,0.0,0,0.0,0.0,MEDIUM
CVE-2026-22753,application,CWE-693,7.5,3.9,29.0,0.0,0.0,0,0.0,0.0,HIGH
CVE-2026-22754,application,CWE-284,7.5,3.9,30.0,0.0,0.0,0,0.0,0.0,HIGH
CVE-2026-40466,vulnerability,CWE-20,8.8,2.8,163.0,,,0,,,HIGH
CVE-2026-41044,vulnerability,CWE-20,8.8,2.8,164.0,,,0,,,HIGH
CVE-2026-40970,configured,CWE-295,5.0,1.6,1.0,,,0,,,MEDIUM
CVE-2026-40971,configured,CWE-295,5.0,1.6,2.0,,,0,,,MEDIUM
CVE-2026-40972,attacker,CWE-208,7.5,1.6,6.0,,,0,,,HIGH
CVE-2026-40973,local,CWE-377,7.0,1.0,1.0,0.0,0.0,0,0.0,0.0,HIGH
CVE-2026-40974,does,CWE-295,5.0,1.6,5.0,,,0,,,MEDIUM
CVE-2026-40975,produced,CWE-330,4.8,2.2,1.0,,,0,,,MEDIUM
CVE-2026-40976,certain,CWE-862,9.1,3.9,1.0,0.0,0.0,0,0.0,0.0,CRITICAL
CVE-2026-40977,application,CWE-59,4.7,0.5,31.0,0.0,0.0,0,0.0,0.0,MEDIUM
CVE-2026-40967,various,CWE-94,8.6,3.9,1.0,,,0,,,HIGH
CVE-2026-40966,attacker,CWE-284,5.9,2.2,7.0,,,0,,,MEDIUM
CVE-2026-40978,injection,CWE-89,8.8,2.8,6.0,,,0,,,HIGH
CVE-2026-40979,having,CWE-377,6.1,1.8,1.0,,,0,,,MEDIUM
CVE-2026-40980,malicious,CWE-400,6.5,2.8,1.0,,,0,,,MEDIUM
CVE-2026-40968,authenticated,CWE-653,4.2,1.6,6.0,,,0,,,MEDIUM
CVE-2026-40969,raw,CWE-209,3.7,2.2,1.0,,,0,,,LOW
CVE-2026-22741,and,CWE-524,3.1,1.6,77.0,,,0,,,LOW
CVE-2026-22745,and,CWE-400,5.3,3.9,78.0,,,0,,,MEDIUM
CVE-2026-36764,the,CWE-918,5.0,3.1,85.0,0.0,0.0,0,0.0,0.0,MEDIUM
CVE-2026-36763,stored,CWE-79,6.1,2.8,52.0,,,0,,,MEDIUM
CVE-2026-36765,external,CWE-611,8.8,2.8,1.0,0.0,0.0,0,0.0,0.0,HIGH
CVE-2026-7676,vulnerability,CWE-22,4.3,2.8,160.0,,,0,,,MEDIUM
CVE-2026-7677,vulnerability,CWE-79,3.5,2.1,161.0,,,0,,,LOW
CVE-2026-40981,using,CWE-639,7.5,3.9,1.0,,,0,,,HIGH
CVE-2026-40982,allows,CWE-22,9.1,3.9,22.0,0.0,0.0,0,0.0,0.0,CRITICAL
CVE-2026-41002,base,CWE-367,7.2,0.8,1.0,0.0,0.0,0,0.0,0.0,HIGH
CVE-2026-41004,enabling,CWE-532,4.4,0.8,1.0,,,0,,,MEDIUM
CVE-2026-41705,implementation,CWE-917,8.6,3.9,7.0,,,0,,,HIGH
CVE-2026-34263,improper,CWE-459,9.6,2.8,2.0,,,0,,,CRITICAL
CVE-2026-41712,chat,CWE-276,7.5,3.9,2.0,0.0,0.0,0,3.0,0.0,HIGH
CVE-2026-44516,business,CWE-532,7.6,2.3,2.0,,,0,,,HIGH
CVE-2026-41863,support,CWE-22,6.5,2.8,1.0,0.0,0.0,0,0.0,0.0,MEDIUM
CVE-2026-45609,provides,CWE-918,7.2,3.9,29.0,0.0,0.0,0,0.0,0.0,HIGH
CVE-2026-42588,vulnerability,CWE-20,8.1,2.8,156.0,,,0,,,HIGH
CVE-2026-45505,vulnerability,CWE-20,8.8,2.8,157.0,,,0,,,HIGH
CVE-2026-40989,infinite,CWE-674,5.7,0.5,1.0,0.0,0.0,0,0.0,0.0,MEDIUM
CVE-2026-40990,error,CWE-770,5.7,0.5,3.0,,,0,,,MEDIUM
CVE-2026-41006,internal,CWE-284,7.5,3.9,1.0,49.0,49.0,0,10.0,20.08,HIGH
CVE-2026-41007,maintains,CWE-770,7.5,3.9,1.0,,,0,,,HIGH
CVE-2026-41710,attacker,CWE-770,5.9,2.2,6.0,,,0,,,MEDIUM
CVE-2026-41720,implementations,CWE-287,7.4,2.2,1.0,,,0,,,HIGH
CVE-2026-41838,for,CWE-330,4.8,1.2,60.0,,,0,,,MEDIUM
CVE-2026-41839,application,CWE-384,4.2,1.6,42.0,0.0,0.0,0,0.0,0.0,MEDIUM
CVE-2026-41840,applications,CWE-401,5.9,2.2,5.0,,,0,,,MEDIUM
CVE-2026-41841,and,CWE-524,5.9,2.2,83.0,,,0,,,MEDIUM
CVE-2026-41842,and,CWE-400,7.5,3.9,84.0,,,0,,,HIGH
CVE-2026-41843,and,CWE-22,5.9,2.2,85.0,,,0,,,MEDIUM
CVE-2026-41844,application,CWE-601,4.2,1.6,43.0,0.0,0.0,0,0.0,0.0,MEDIUM
CVE-2026-41846,applications,CWE-79,5.9,1.6,6.0,,,0,,,MEDIUM
CVE-2026-41847,applications,CWE-284,4.8,2.2,7.0,,,0,,,MEDIUM
CVE-2026-41848,may,CWE-1333,3.7,2.2,2.0,0.0,0.0,0,0.0,0.0,LOW
CVE-2026-41849,integer,CWE-190,7.5,3.9,2.0,0.0,0.0,0,0.0,0.0,HIGH
CVE-2026-41850,that,CWE-407,7.5,3.9,3.0,0.0,0.0,0,0.0,0.0,HIGH
CVE-2026-41851,which,CWE-770,5.3,3.9,2.0,,,0,,,MEDIUM
CVE-2026-41852,vulnerability,CWE-863,3.7,2.2,158.0,,,0,,,LOW
CVE-2026-41853,and,CWE-444,5.3,3.9,86.0,,,0,,,MEDIUM
CVE-2026-41854,incorrect,CWE-918,4.2,1.6,2.0,,,0,,,MEDIUM
CVE-2026-41855,untrusted,CWE-502,8.1,2.2,5.0,0.0,0.0,0,0.0,0.0,HIGH
CVE-2026-40988,application,CWE-400,7.5,3.9,44.0,0.0,0.0,0,0.0,0.0,HIGH
CVE-2026-40991,using,CWE-611,5.9,1.6,2.0,,,0,,,MEDIUM
CVE-2026-40993,attacker,CWE-502,7.3,1.0,7.0,,,0,,,HIGH
CVE-2026-41003,attacker,CWE-79,7.6,2.3,8.0,,,0,,,HIGH
CVE-2026-41008,authorization,CWE-601,6.1,2.8,1.0,,,0,,,MEDIUM
CVE-2026-41694,decrypts,CWE-347,3.7,2.2,1.0,,,0,,,LOW
CVE-2026-41695,applications,CWE-400,7.5,3.9,8.0,,,0,,,HIGH
CVE-2026-41696,repository,CWE-943,5.9,2.2,2.0,,,0,,,MEDIUM
CVE-2026-41697,does,CWE-943,4.8,2.2,6.0,,,0,,,MEDIUM
CVE-2026-41701,for,CWE-330,4.4,1.3,61.0,,,0,,,MEDIUM
CVE-2026-41706,and,CWE-601,6.1,2.8,87.0,,,0,,,MEDIUM
CVE-2026-41711,using,CWE-400,5.9,2.2,3.0,,,0,,,MEDIUM
CVE-2026-41714,that,CWE-295,4.0,2.2,4.0,0.0,0.0,0,0.0,0.0,MEDIUM
CVE-2026-41716,internal,CWE-770,7.5,3.9,2.0,48.0,48.0,0,10.0,20.08,HIGH
CVE-2026-41717,contains,CWE-917,8.1,2.2,234.0,,,0,,,HIGH
CVE-2026-41719,vulnerability,CWE-917,6.4,1.6,157.0,,,0,,,MEDIUM
CVE-2026-41721,contains,CWE-400,5.9,2.2,235.0,,,0,,,MEDIUM
CVE-2026-41726,application,CWE-770,6.5,2.8,45.0,0.0,0.0,0,0.0,0.0,MEDIUM
CVE-2026-41727,retry,CWE-20,6.5,2.8,1.0,0.0,0.0,0,1.0,0.0,MEDIUM
CVE-2026-41728,implementation,CWE-284,7.5,3.9,14.0,,,0,,,HIGH
CVE-2026-41729,vulnerable,CWE-917,8.1,2.8,45.0,,,0,,,HIGH
CVE-2026-41730,serializes,CWE-209,5.3,3.9,1.0,,,0,,,MEDIUM
CVE-2026-41731,and,CWE-502,8.1,2.2,88.0,,,0,,,HIGH
CVE-2026-41732,matched,CWE-502,8.1,2.2,1.0,43.0,43.0,0,0.0,0.5,HIGH
CVE-2026-41837,integration,CWE-284,5.3,3.9,1.0,0.0,0.0,0,0.0,0.0,MEDIUM
CVE-2026-47838,does,CWE-287,6.8,1.6,7.0,,,0,,,MEDIUM
CVE-2026-40985,that,CWE-917,6.4,1.2,5.0,0.0,0.0,0,0.0,0.0,MEDIUM
CVE-2026-40987,malicious,CWE-22,7.1,1.3,2.0,,,0,,,HIGH
CVE-2026-40994,initialized,CWE-1188,8.2,3.9,1.0,,,0,,,HIGH
CVE-2026-40995,could,CWE-287,5.4,2.8,2.0,0.0,0.0,0,0.0,0.0,MEDIUM
CVE-2026-40996,defaulted,CWE-327,4.8,2.2,1.0,,,0,,,MEDIUM
CVE-2026-40997,integration,CWE-209,5.3,3.9,2.0,0.0,0.0,0,0.0,0.0,MEDIUM
CVE-2026-40998,evaluated,CWE-611,8.2,3.9,1.0,,,0,,,HIGH
CVE-2026-40999,used,CWE-918,8.6,3.9,3.0,,,0,,,HIGH
CVE-2026-41000,did,CWE-294,3.7,2.2,1.0,0.0,0.0,0,0.0,0.08,LOW
CVE-2026-41001,uses,CWE-377,5.3,1.8,1.0,,,0,,,MEDIUM
CVE-2026-41699,for,CWE-502,8.1,2.2,63.0,,,0,,,HIGH
CVE-2026-41700,for,CWE-346,8.1,2.8,64.0,,,0,,,HIGH
CVE-2026-41856,annotation,CWE-284,7.5,3.9,3.0,,,0,,,HIGH
CVE-2026-41708,possible,CWE-400,7.5,3.9,1.0,0.0,0.0,0,0.0,0.0,HIGH
CVE-2026-47835,special,CWE-943,8.6,3.9,1.0,0.0,0.0,0,3.0,0.0,HIGH
CVE-2026-47825,forwards,CWE-346,8.6,3.9,1.0,,,0,,,HIGH
CVE-2026-50201,open,CWE-269,6.5,2.8,99.0,,,0,,,MEDIUM
CVE-2026-41862,persistence,CWE-502,8.8,2.8,1.0,0.0,0.0,0,10.0,7.67,HIGH
CVE-2026-62242,before,CWE-918,8.6,3.9,103.0,0.0,0.0,0,0.0,0.0,HIGH
CVE-2026-50338,authentication,CWE-287,8.2,1.8,4.0,0.0,0.0,0,0.0,0.0,HIGH
CVE-2026-22752,bypass,CWE-287,9.6,3.1,1.0,0.0,0.0,0,0.0,0.0,CRITICAL
CVE-2026-47858,applications,CWE-306,8.0,2.1,9.0,,,0,,,HIGH
CVE-2026-47873,integration,CWE-1327,8.0,2.1,3.0,0.0,0.0,0,0.0,0.0,HIGH
CVE-2026-47882,enabling,CWE-338,8.3,1.6,2.0,,,0,,,HIGH
CVE-2026-59326,language,CWE-532,3.3,1.8,1.0,0.0,0.0,0,0.0,0.0,LOW
CVE-2026-59327,for,CWE-312,4.4,0.8,71.0,,,0,,,MEDIUM
